gender,SeniorCitizen,Partner,Dependents,tenure,PhoneService,MultipleLines,OnlineSecurity,OnlineBackup,DeviceProtection,TechSupport,StreamingTV,StreamingMovies,PaperlessBilling,MonthlyCharges,TotalCharges,Contract_One year,Contract_Two year,InternetService_Fiber optic,InternetService_No,PaymentMethod_Credit card (automatic),PaymentMethod_Electronic check,PaymentMethod_Mailed check
1,0,1,1,0.8810778611533472,1,1,0,1,0,1,1,0,1,0.19592677420943067,0.6545034356038762,1,0,0,0,0,1,0
1,0,0,0,-1.2842626174135892,1,0,0,0,0,0,1,0,1,0.5227546323250617,-0.9740418970882849,0,0,1,0,0,1,0
1,0,0,0,-0.7939968486814527,1,0,0,0,0,0,0,0,0,-1.5095505767695994,-0.8949860841391555,1,0,0,1,1,0,0
0,1,1,1,-0.34458656067699417,1,0,0,0,1,0,1,1,1,1.0536425236804017,-0.01049675980936308,0,1,1,0,0,1,0
0,1,0,0,-1.079985213775199,1,0,1,0,0,0,0,0,1,0.30874045112244014,-0.8105671884020196,0,0,1,0,0,1,0
1,1,1,0,0.22739016951049848,1,1,0,1,1,0,1,1,1,1.2543845075991396,0.7600877485990286,0,0,1,0,0,1,0
0,0,0,0,-0.8348523294091307,1,0,1,0,0,0,1,0,1,0.6753849010897223,-0.57743861437029,1,0,1,0,1,0,0
1,0,0,0,-0.26287559922163806,0,0,1,1,0,0,0,1,1,-0.6684250739034825,-0.49908905100641227,0,0,0,0,0,0,0
0,0,1,1,-1.079985213775199,0,0,0,1,1,1,0,0,0,-0.8044650960632884,-0.913591346650634,0,1,0,0,0,0,1
1,0,1,1,1.4121991106131617,1,1,0,1,1,0,0,0,0,0.7500410108115669,1.6029966285971182,1,0,1,0,0,1,0
1,1,1,0,1.2079217069747716,1,1,0,1,1,0,1,1,1,1.292542074790305,1.8080517816150867,1,0,1,0,0,1,0
1,0,1,1,0.7176559382426351,0,0,1,0,0,0,1,0,1,-0.8409636385939679,-0.11736115017778442,0,0,0,0,1,0,0
1,0,1,1,1.616476514251552,0,0,1,1,1,1,1,1,1,0.028365283500401555,1.0493410943587418,0,1,0,0,0,0,0
0,1,1,1,-0.05859819558324785,1,0,0,0,1,1,1,1,1,1.1316166827232177,0.27546811131902116,0,0,1,0,0,1,0
1,0,1,0,1.616476514251552,1,1,1,1,1,1,1,1,1,0.9026712795762271,1.9840844907391113,0,1,0,0,1,0,0
1,0,0,0,0.758511418970313,0,0,1,0,0,1,0,1,1,-0.6750611725454241,-0.04664791045444227,0,0,0,0,1,0,0
0,0,0,0,-1.2842626174135892,1,0,0,0,0,0,0,0,0,-1.4730520342389197,-1.0005924674338469,0,0,0,1,0,0,1
0,0,1,1,1.1262107455194155,1,1,1,1,1,1,1,1,0,1.6741177467019555,1.9736231687575683,0,1,1,0,1,0,0
0,0,0,1,-0.34458656067699417,1,0,0,0,0,0,0,0,0,-1.4946193548252305,-0.7897328256370899,0,1,0,1,0,0,1
0,0,0,0,-1.2434071366859112,1,0,0,0,0,0,1,0,1,0.5260726816460328,-0.9459684760745237,0,0,1,0,0,1,0
0,0,0,0,-1.161696175230555,1,1,0,1,0,0,0,0,0,0.43648534997981914,-0.8747255491622429,0,0,1,0,0,0,0
0,0,1,0,1.4121991106131617,1,1,1,1,1,0,0,0,0,0.028365283500401555,0.8985347376079316,0,1,0,0,0,0,1
0,0,1,0,1.493910072068518,1,0,1,1,0,1,1,1,1,1.3804703817960333,2.1914349549091483,1,0,1,0,1,0,0
0,0,0,0,-1.2842626174135892,1,0,0,0,0,0,0,0,0,0.1577692070182654,-0.9788973629868915,0,0,1,0,0,0,1
1,0,1,0,1.4121991106131617,1,1,0,0,0,0,0,0,0,-1.3253988394557157,-0.31063076324186245,0,1,0,1,1,0,0
1,0,0,0,-1.2842626174135892,1,0,0,0,0,0,1,1,1,0.8329922438358388,-0.9699147510744695,0,0,1,0,0,1,0
1,1,1,0,1.4121991106131617,1,1,1,1,0,0,0,0,0,0.6322502599171005,1.4573326516389231,0,0,1,0,0,0,0
0,1,0,0,-0.22202011849396003,1,1,0,1,1,0,0,0,1,0.7185195422623435,0.05024070452229665,0,0,1,0,0,0,0
0,0,0,0,0.3499566116935326,1,1,1,1,1,1,1,0,1,1.383788431117004,0.8806798652807828,0,0,1,0,0,1,0
1,0,1,1,1.2896326684301276,1,1,0,1,1,1,1,1,1,1.4733757627832176,1.9659868451170326,0,1,1,0,1,0,0
0,0,0,0,-1.2842626174135892,1,0,0,0,0,0,0,0,1,0.15942823167875075,-0.9788752926873525,0,0,1,0,0,1,0
1,0,0,0,-1.079985213775199,1,0,0,0,0,0,0,0,0,-0.6651070245825116,-0.8899981964433142,0,0,0,0,0,1,0
1,0,1,1,1.616476514251552,0,0,1,1,1,1,1,1,1,0.015093086216517863,0.9673940721699875,0,1,0,0,1,0,0
0,0,1,1,1.0036443033363813,1,0,1,0,0,0,1,1,1,0.17601847828360512,0.7177569140829957,1,0,0,0,0,0,0
1,0,1,0,1.5347655527961959,1,1,0,1,1,1,1,0,0,0.2705828839312754,1.3146481651185091,0,1,0,0,0,0,0
1,1,1,0,-0.9165632908644868,1,1,0,0,0,0,0,1,0,0.6886570983736054,-0.6336295969968907,0,0,1,0,0,1,0
1,0,0,0,-1.2842626174135892,1,0,0,0,0,0,0,1,1,-0.30178062393620064,-0.985010835959228,0,0,0,0,0,0,1
0,1,0,0,1.575621033523874,1,1,1,1,1,1,1,1,0,0.831333219175353,1.768369383043748,0,1,0,0,0,0,1
0,0,1,1,-1.2025516559582332,0,0,0,1,0,0,0,1,0,-0.8127602193657156,-0.9687670954984352,0,0,0,0,0,0,1
0,0,0,0,1.2487771877024496,1,1,0,0,0,0,0,0,0,-1.3469661600420264,-0.29531397536171283,0,1,0,1,0,0,1
0,0,1,0,-0.30373107994931614,1,0,0,0,1,0,0,0,1,0.3253306977272945,-0.21605952971673117,0,0,1,0,0,1,0
1,0,0,1,1.2079217069747716,1,1,0,0,0,0,0,0,1,-1.3403300614000848,-0.38589048467026327,0,1,0,1,0,0,1
0,0,1,0,0.9219333418810253,1,0,1,0,0,0,1,1,1,0.9939176359029261,1.3193049983212637,1,0,1,0,0,1,0
1,0,1,1,0.7993668996979911,1,0,1,1,1,0,1,1,0,0.4779609664919551,0.7632217311335838,0,1,0,0,0,1,0
0,0,0,1,-0.6714304064984186,1,0,0,0,0,0,1,0,1,0.5376858542694307,-0.4304062788406693,0,0,1,0,0,1,0
0,0,1,1,-0.14030915703860394,1,0,0,0,0,0,1,1,1,0.7633132080954501,0.14765900668797438,0,0,1,0,1,0,0
0,0,1,0,-1.2434071366859112,0,0,0,0,0,0,0,1,1,-0.985298784056201,-0.9792504877795175,0,0,0,0,0,1,0
1,0,0,0,-0.9982742523198429,1,0,0,0,0,0,0,0,0,0.19592677420943067,-0.7653230743468226,0,0,1,0,0,0,0
0,0,0,0,-1.120840694502877,1,0,0,1,0,0,1,0,1,0.6803619750711782,-0.824008000821344,0,0,1,0,0,0,1
1,0,0,0,-0.9574187715921648,1,0,0,0,0,0,0,0,0,-1.4962783794857157,-0.9298350871114268,0,0,0,1,1,0,0
0,1,0,0,-0.017742714855569806,1,0,0,1,0,0,0,0,1,0.31869459908535314,-0.004537778933800549,0,0,1,0,0,1,0
1,0,1,1,1.616476514251552,1,1,0,0,0,0,0,1,1,0.6538175805034113,1.6965967689425283,0,1,1,0,1,0,0
1,0,1,1,-1.0391297330475209,0,0,1,0,1,1,0,1,0,-0.5025226078549387,-0.8747255491622429,0,1,0,0,1,0,0
1,1,0,0,-0.5897194450430624,1,1,1,1,0,0,0,0,1,-0.21219329226998715,-0.583684509139861,0,0,0,0,1,0,0
0,0,1,0,0.6359449767872789,1,1,0,1,0,1,1,1,1,1.3373357406234114,1.2343122747961106,0,0,1,0,1,0,0
0,1,1,0,1.575621033523874,1,1,1,1,1,1,0,0,1,1.0470064250384599,1.9773751196792189,0,1,1,0,1,0,0
1,0,0,0,-1.2842626174135892,1,0,0,0,0,0,0,0,1,0.17435945362311978,-0.9786766599915002,0,0,1,0,0,1,0
1,0,0,0,1.493910072068518,1,1,0,1,0,1,1,1,1,1.3406537899443827,2.2506495685726087,1,0,1,0,0,0,0
1,0,1,0,1.1262107455194155,1,0,0,0,0,0,0,0,1,-1.469733984917949,-0.48043964789585547,0,1,0,1,0,0,0
1,1,1,0,-1.2842626174135892,0,0,0,0,0,0,0,0,0,-1.318762740813774,-0.9985399295767087,0,0,0,0,0,1,0
1,0,0,0,-1.2842626174135892,1,0,0,0,0,1,0,0,0,-0.5240899284412494,-0.9879682560974701,0,0,0,0,1,0,0
1,0,1,0,0.22739016951049848,1,1,1,0,0,0,1,0,0,0.8927171316133145,0.5260763625857343,0,0,1,0,0,0,0
0,0,0,0,-1.161696175230555,1,0,0,0,0,0,0,0,0,-1.4846652068623178,-0.9728280306136333,0,0,0,1,0,0,1
1,0,0,0,-0.05859819558324785,1,0,0,0,1,1,1,1,0,1.1498659539885574,0.3631313410884077,0,1,1,0,0,0,0
0,1,0,0,-0.7531413679537746,1,0,1,1,0,0,0,0,0,0.46634779386855674,-0.548857576467129,0,0,1,0,0,1,0
0,1,1,0,1.575621033523874,1,0,1,1,1,1,1,1,1,1.489966009388072,2.4793861529960535,0,1,1,0,0,0,0
1,0,0,0,-1.2434071366859112,1,0,0,0,0,0,0,1,1,0.5360268296089454,-0.9340505143233987,0,0,1,0,0,1,0
1,0,1,1,1.2896326684301276,1,1,1,0,1,0,0,1,0,0.9491239700698195,1.5604009504866156,0,1,1,0,0,0,0
0,0,0,0,-0.9574187715921648,1,0,0,1,1,0,0,0,0,0.5227546323250617,-0.7209617722731905,0,0,1,0,0,1,0
0,0,1,0,0.9627888226087032,1,0,1,1,1,0,1,1,1,1.3539259872282658,1.6691413163158622,1,0,1,0,1,0,0
0,0,0,0,-0.8757078101368088,1,0,0,1,1,1,0,1,1,0.9756683646375863,-0.5682352994624766,0,0,1,0,0,1,0
1,0,1,1,1.616476514251552,1,0,0,0,0,0,0,0,0,-1.5062325274486286,-0.4078504327116882,0,1,0,1,1,0,0
0,0,0,0,-1.2842626174135892,1,0,0,0,0,0,0,0,0,-1.4979374041462012,-1.0009235219269337,0,0,0,1,0,0,1
1,0,1,0,1.1262107455194155,1,1,1,0,1,1,1,1,1,1.481670886085645,1.8916982168683534,0,0,1,0,0,0,0
1,1,1,0,0.02311276587210824,0,0,0,1,1,1,1,0,1,-0.4909094352315406,-0.23676147068442624,0,0,0,0,0,1,0
1,0,1,1,1.616476514251552,1,0,0,0,0,0,0,0,0,-1.4879832561832886,-0.42568323473929753,0,1,0,1,0,0,0
0,0,0,0,-0.26287559922163806,1,0,1,0,1,1,0,0,1,0.7417458875091397,-0.005795786007530376,1,0,1,0,1,0,0
0,0,0,0,-1.2025516559582332,1,0,0,0,0,1,0,1,0,0.6969522216760327,-0.8894464389548362,0,0,1,0,0,1,0
0,0,1,1,-0.4262975221323503,0,0,0,1,0,0,1,0,0,-0.849258761896395,-0.6344461980798382,0,0,0,0,0,1,0
0,1,1,0,-0.4262975221323503,1,1,1,1,0,1,0,0,1,-0.041313752239987116,-0.3996623515826745,0,0,0,0,0,0,1
0,0,0,0,-1.2842626174135892,1,0,0,0,0,0,1,0,1,-0.3731186843370746,-0.9859598588394101,0,0,0,0,0,0,1
1,0,1,1,-0.22202011849396003,1,0,1,1,0,0,0,0,1,-0.33330209248542403,-0.34294168176713485,0,0,0,0,1,0,0
0,0,0,0,-1.2842626174135892,1,0,0,0,0,0,0,0,0,0.1627462809997219,-0.9788311520882743,0,0,1,0,0,0,0
0,0,0,0,0.3499566116935326,1,1,0,1,1,0,1,1,1,1.377152332475062,0.95176830009629,0,0,1,0,0,1,0
0,1,0,0,-0.7531413679537746,1,1,0,0,0,0,0,0,1,0.315376549764382,-0.5257058322505915,0,0,1,0,0,1,0
1,0,1,0,-1.0391297330475209,1,0,0,0,0,0,0,0,1,0.15113310837632357,-0.8104789072038632,0,0,1,0,0,1,0
0,0,0,0,-0.017742714855569806,1,1,0,1,0,0,0,0,1,-0.3515513637507638,-0.24172728808072833,0,0,0,0,0,1,0
1,0,1,1,0.3499566116935326,1,1,0,1,1,0,1,0,0,0.12292968914807131,0.2439737938766961,1,0,0,0,0,0,0
0,1,1,1,-1.161696175230555,1,0,0,0,0,0,0,0,0,-0.6236314080703756,-0.9294378217197226,0,0,0,0,0,1,0
1,0,0,0,0.9627888226087032,1,1,0,0,0,0,0,0,1,-1.288900296925036,-0.3721848286564695,0,1,0,1,0,0,0
0,1,0,0,0.02311276587210824,1,1,0,1,1,1,1,1,1,1.5148513792953537,0.6039403793597512,0,0,1,0,0,1,0
1,1,0,0,-1.2434071366859112,1,0,1,0,1,0,1,0,0,0.05325065340768312,-0.9678622132173312,0,0,0,0,0,0,0
1,0,0,0,-0.181164637766282,1,1,0,1,1,0,1,1,1,1.357244036549237,0.3055719998903814,0,0,1,0,0,1,0
0,0,0,1,-1.2842626174135892,1,0,1,0,0,1,0,0,0,-0.34159721578785124,-0.9855405231481668,0,0,0,0,0,1,0
1,0,1,1,-1.2842626174135892,1,0,0,0,0,0,0,0,0,-1.5261408233744538,-1.0012987170190988,1,0,0,1,0,0,1
0,0,0,0,-1.2434071366859112,1,0,0,0,0,0,0,0,0,0.17270042896263443,-0.9420399627565602,0,0,1,0,0,0,0
1,1,1,0,-1.161696175230555,1,1,0,0,0,0,0,0,1,0.31869459908535314,-0.8742620728719214,0,0,1,0,0,0,1
1,0,0,0,0.06396824659978628,1,1,0,1,0,1,1,1,1,1.3456308639258387,0.5532669716179307,0,0,1,0,0,1,0
0,0,1,0,1.2896326684301276,1,1,0,0,1,1,0,0,0,-0.2138523169304725,0.6485223844287745,1,0,0,0,0,0,0
1,0,0,0,-1.0391297330475209,1,0,0,0,0,0,0,0,1,-1.5211637493929973,-0.9519715975491645,0,0,0,1,0,0,1
1,0,1,1,0.758511418970313,1,1,0,1,0,1,0,0,0,0.6438634325404988,0.8883382592208577,1,0,1,0,0,0,0
1,0,0,0,-0.4671530028600283,1,0,0,0,0,0,0,0,1,-1.4747110588994052,-0.8230148373420836,1,0,0,1,0,0,1
0,0,0,0,-0.4671530028600283,1,0,1,1,0,1,1,0,0,0.20753994683282853,-0.33651922460125083,0,1,0,0,1,0,0
1,1,1,0,1.0036443033363813,1,0,0,1,1,0,1,0,1,0.8578776137431204,1.2856257212245656,1,0,1,0,0,1,0
1,0,1,0,-1.079985213775199,1,1,0,0,0,0,0,0,1,0.3551931416160326,-0.8162613256831127,0,0,1,0,0,1,0
0,0,0,0,-0.9982742523198429,1,0,0,0,0,1,0,0,0,-0.510817731157366,-0.8293931539088893,0,0,0,0,0,1,0
1,0,1,1,-0.5897194450430624,0,0,0,0,0,0,0,0,0,-1.3021724942089197,-0.8030853568582578,0,0,0,0,1,0,0
1,1,1,0,-1.0391297330475209,1,0,0,0,0,0,0,0,1,0.17601847828360512,-0.8032177786554925,0,0,1,0,0,0,1
1,0,0,0,0.10482372732746434,1,1,1,0,1,0,0,0,1,-0.17237670041833655,-0.0848957395557381,0,0,0,0,0,1,0
0,0,0,0,-0.017742714855569806,1,1,1,0,0,0,1,1,0,0.33030777170875103,-0.0018893429891060909,1,0,0,0,0,0,1
0,0,0,0,-0.0994536763109259,1,1,0,0,1,0,1,1,0,1.183046447198266,0.3573930632082364,0,0,1,0,0,1,0
1,0,1,1,-0.26287559922163806,1,0,0,0,1,0,0,0,0,-0.4792962626081425,-0.44203732669778584,1,0,0,0,0,0,1
1,0,0,0,0.22739016951049848,1,1,0,1,1,0,0,1,1,1.005530808526324,0.6197206435302223,0,0,1,0,1,0,0
0,1,0,0,0.3499566116935326,1,1,1,1,1,0,1,1,1,1.6060977356220527,1.060376244128302,0,0,1,0,0,1,0
1,0,1,1,0.06396824659978628,0,0,0,0,1,1,1,0,1,-0.6617889752615407,-0.372824867343104,0,0,0,0,0,1,0
1,1,1,0,0.9219333418810253,1,1,1,1,0,0,0,0,0,-0.1591045031344531,0.4541492563877405,1,0,0,0,1,0,0
0,1,1,0,1.0036443033363813,1,1,0,1,1,0,0,1,0,0.9690322659956445,1.3911879639201787,0,0,1,0,1,0,0
0,1,1,0,1.3713436298854838,1,1,0,1,1,0,1,1,0,1.3207454940185572,2.000548934195295,1,0,1,0,1,0,0
1,0,1,0,0.4316675731488887,1,0,1,1,1,0,0,0,1,0.7069063696389452,0.5581224375165371,0,0,1,0,1,0,0
0,0,1,1,-0.017742714855569806,1,0,1,1,1,1,0,1,0,0.3817375361837995,0.05160906309372208,0,0,0,0,0,0,0
1,0,0,0,-1.2842626174135892,1,0,0,0,0,0,0,0,0,-1.478029108220376,-1.0006586783324642,0,0,0,1,0,0,1
0,0,0,0,0.30910113096585456,1,1,0,0,1,1,1,1,1,0.5293907309670035,0.40672018267817067,1,0,0,0,0,0,1
0,0,0,0,0.3499566116935326,1,1,0,0,1,0,1,1,0,1.103413263494965,0.7518775971704758,0,0,1,0,0,0,0
1,1,0,0,-0.0994536763109259,1,1,1,0,0,0,0,1,1,0.8529005397616639,0.13622659152670993,0,0,1,0,1,0,0
0,0,0,0,-1.2025516559582332,1,0,0,0,1,1,0,0,0,0.5078234103806927,-0.9135692763510949,0,0,1,0,1,0,0
0,0,1,1,0.8810778611533472,1,1,1,1,0,0,1,1,1,1.3041552474137028,1.4824927931135203,0,0,1,0,0,0,0
1,0,1,0,-0.9574187715921648,1,0,0,1,1,1,1,0,1,0.9972356852238968,-0.6164809742549942,0,0,1,0,0,0,1
1,1,1,0,-1.0391297330475209,1,1,0,0,0,0,0,0,1,0.3518750922950619,-0.7743056862592447,0,0,1,0,0,1,0
1,0,1,0,1.0444997840640593,1,1,0,0,1,0,1,1,0,1.179728397877295,1.4980744245881394,1,0,1,0,1,0,0
1,0,0,0,0.7993668996979911,1,1,0,0,1,0,0,1,1,0.8180610218914698,1.0110491246583677,0,1,1,0,1,0,0
1,0,0,1,-0.26287559922163806,0,0,0,1,0,0,1,0,1,-0.8243733919891135,-0.5577077665823162,1,0,0,0,0,0,0
0,0,0,0,0.06396824659978628,1,0,0,0,0,0,0,0,0,-1.4747110588994052,-0.71244263665109,0,0,0,1,0,0,1
1,0,0,0,0.8402223804256691,1,0,0,1,0,1,0,0,1,0.5244136569855471,0.9096802388751875,0,0,1,0,0,0,1
1,0,0,0,-0.7122858872260965,1,1,1,0,0,0,1,0,1,0.7616541834349648,-0.46128262789589886,0,0,1,0,0,0,0
1,0,0,1,-1.2842626174135892,1,0,0,0,0,0,0,0,1,-1.504573502788143,-1.0010118031250903,0,0,0,1,0,0,1
0,0,0,0,-1.120840694502877,1,0,1,0,1,0,0,0,0,-0.29846257461522996,-0.8769987900147722,0,0,0,0,1,0,0
0,0,0,1,0.06396824659978628,1,0,1,1,1,0,1,1,1,1.3456308639258387,0.6185729879541881,0,0,1,0,0,0,0
0,0,0,0,-0.017742714855569806,1,1,0,0,1,0,1,1,1,1.2129088910870036,0.4624476890144499,0,0,1,0,0,1,0
0,0,1,1,0.3499566116935326,0,0,1,0,1,0,0,0,0,-0.9753446360932885,-0.3861553282647327,1,0,0,0,1,0,0
0,0,0,0,-0.30373107994931614,0,0,0,0,1,1,1,1,0,-0.3515513637507638,-0.3814102138638218,1,0,0,0,0,1,0
1,0,1,1,-0.6305749257707405,1,1,1,0,0,1,0,0,1,-0.08942546739406466,-0.5255292698542785,1,0,0,0,0,0,1
0,0,0,0,-0.6305749257707405,1,1,0,0,0,0,0,0,0,-1.3270578641162014,-0.799818952526468,0,0,0,1,0,0,1
0,0,0,0,1.5347655527961959,1,1,1,1,1,0,1,1,0,0.6604536791453532,1.6348882114311474,0,1,0,0,0,0,1
1,0,1,1,0.4316675731488887,1,0,0,0,0,0,0,0,1,-1.5128686260905702,-0.6669557493009627,1,0,0,1,0,0,1
1,0,0,1,1.575621033523874,1,1,0,0,0,0,0,0,0,-1.34198908606057,-0.2792467972972332,0,1,0,1,0,0,1
1,1,0,0,-1.2434071366859112,0,0,0,0,0,0,0,0,1,-1.3386710367395993,-0.9886303650836437,0,0,0,0,0,0,1
1,0,0,0,0.676800457514957,1,1,0,0,0,0,0,0,1,0.3253306977272945,0.6325876281615296,0,0,1,0,0,0,0
0,1,1,0,1.616476514251552,1,1,0,1,1,0,1,1,0,1.3340176913024409,2.3353995188028316,1,0,1,0,1,0,0
1,0,0,0,-0.26287559922163806,1,1,0,0,1,1,0,0,1,0.6471814818614695,-0.0024852410766623037,0,0,1,0,0,0,1
0,0,0,0,-0.5897194450430624,1,0,0,0,0,0,0,0,0,-1.4830061822018323,-0.8299228410978283,1,0,0,1,0,0,1
1,0,0,1,-1.2842626174135892,1,1,0,0,0,0,1,1,1,0.9458059207488483,-0.9684139707058093,0,0,1,0,0,1,0
1,0,1,0,-0.9574187715921648,0,0,0,0,0,0,0,0,0,-1.3502842093629972,-0.8949198732405381,1,0,0,0,0,0,0
1,0,1,0,-0.181164637766282,1,0,0,0,0,1,0,0,0,0.3900326594862267,-0.09791721628381919,0,0,1,0,0,0,0
0,0,1,1,1.1262107455194155,1,0,0,0,0,0,0,0,1,-1.5112096014300849,-0.5226159903151146,0,1,0,1,1,0,0
1,0,0,0,-0.3854420414046722,1,0,0,0,0,0,0,0,0,-1.4581208122945508,-0.8004148506140242,0,0,0,1,0,1,0
0,0,0,0,-0.7122858872260965,1,1,0,1,0,0,0,0,1,0.4962102377572948,-0.518819898794386,0,0,1,0,0,1,0
0,0,0,0,-0.14030915703860394,1,1,1,1,0,1,0,0,0,0.08809017127787722,-0.21458081964761014,0,0,0,0,0,0,1
0,0,1,1,0.9627888226087032,1,0,0,0,0,0,0,0,1,-1.4929603301647452,-0.5152665805685875,0,1,0,1,1,0,0
0,0,0,0,-0.8757078101368088,1,0,1,0,0,1,0,0,1,-0.33827916646688033,-0.7368744582408964,1,0,0,0,0,0,1
1,0,0,0,-0.22202011849396003,1,0,1,0,1,1,1,0,0,0.15113310837632357,-0.15887538361087003,1,0,0,0,1,0,0
1,0,1,0,-1.2842626174135892,1,0,0,0,0,0,0,0,0,0.17270042896263443,-0.9786987302910395,0,0,1,0,0,1,0
0,0,1,0,1.3713436298854838,1,1,0,1,1,1,0,0,1,0.8545595644221492,1.6966409095416062,1,0,1,0,0,0,0
0,1,0,0,-1.2434071366859112,1,1,0,1,0,0,0,0,1,-0.2735772047079484,-0.9574008912357882,0,0,0,0,1,0,0
0,0,1,1,-0.5488639643153844,1,0,0,0,0,0,0,0,0,-1.481347157541347,-0.8384640470194679,0,1,0,1,0,0,1
1,0,1,1,1.2079217069747716,1,1,1,1,0,0,1,0,1,1.0005537345448678,1.5469601380672915,1,0,1,0,1,0,0
0,0,1,0,0.758511418970313,1,1,0,1,0,1,1,1,1,0.45971169522661537,0.7343317090368751,1,0,0,0,1,0,0
0,0,1,0,1.616476514251552,1,1,1,1,1,1,0,0,1,0.9773273892980717,2.0139235357160024,0,1,1,0,0,0,0
1,0,0,0,-0.9165632908644868,1,0,0,0,0,0,1,1,1,0.8197200465519552,-0.6286196390015104,0,0,1,0,0,1,0
0,0,1,0,0.18653468878282042,1,1,1,0,1,1,0,0,0,0.10965749186418762,0.084758653001481,1,0,0,0,1,0,0
0,0,0,1,0.10482372732746434,1,1,0,0,0,0,0,0,0,-0.4859323612500844,-0.2789157428041463,0,0,0,0,0,0,1
0,0,0,0,-0.9165632908644868,1,0,0,0,0,1,0,1,1,-0.12758303458522968,-0.7317100081487422,0,0,0,0,0,0,1
1,0,0,0,-1.2842626174135892,1,0,0,0,0,0,0,0,0,-1.481347157541347,-1.0007028189315426,0,0,0,1,0,0,1
0,0,1,1,-0.26287559922163806,1,0,0,0,0,0,0,0,1,-1.478029108220376,-0.7915646604988369,0,0,0,1,1,0,0
1,0,1,0,1.616476514251552,1,1,1,1,1,1,0,1,1,0.580820495442052,1.630253448527932,0,1,0,0,0,0,0
0,1,0,0,0.22739016951049848,1,1,0,0,0,1,1,1,1,1.153184003309528,0.6387231714334051,0,0,1,0,0,1,0
0,0,0,0,-0.5897194450430624,1,1,0,0,0,1,1,1,1,1.1631381512724406,-0.22524077432500528,0,0,1,0,0,0,0
1,0,0,0,0.9627888226087032,1,0,1,0,1,0,0,0,0,-0.4013221035653269,0.32331652071983424,1,0,0,0,0,0,1
0,0,0,0,0.14567920805514237,1,1,1,0,0,0,0,0,0,-0.3432562404483366,-0.17379490609931544,1,0,0,0,0,0,1
1,0,1,1,-0.4262975221323503,1,1,0,0,1,0,1,0,1,0.7948346766446736,-0.17748064612234854,0,0,1,0,0,1,0
1,0,1,1,1.3304881491578058,1,1,0,0,1,1,1,1,1,1.3041552474137028,1.9478450588958758,0,1,1,0,0,0,0
1,0,1,0,-0.22202011849396003,1,0,0,1,0,1,0,0,1,-0.36482356103464747,-0.39610903335687614,0,0,0,0,0,1,0
0,0,0,0,-0.14030915703860394,1,1,0,0,0,0,0,0,1,0.3120585004434113,-0.1297646585187701,0,0,1,0,0,1,0
1,1,0,0,-0.9165632908644868,1,1,0,0,0,0,1,1,1,1.0138259318287512,-0.6130600778264305,0,0,1,0,0,1,0
0,1,0,0,0.7176559382426351,1,1,0,0,1,1,1,1,1,1.3323586666419556,1.295579426316709,0,0,1,0,0,1,0
1,0,0,0,-0.9574187715921648,1,0,0,0,0,1,1,0,0,0.7118834436204017,-0.6694938337479615,0,0,1,0,0,1,0
1,0,1,1,-0.3854420414046722,1,1,0,0,0,0,0,0,0,-1.34198908606057,-0.7719000236094805,1,0,0,1,0,0,1
1,0,1,1,-0.34458656067699417,1,1,1,0,0,0,0,0,0,-0.33330209248542403,-0.4189297230803266,0,0,0,0,0,1,0
1,0,1,0,-1.2842626174135892,1,0,1,0,1,0,0,0,0,-0.30178062393620064,-0.985010835959228,0,0,0,0,0,0,1
1,0,0,0,-0.5080084835877063,1,0,1,0,1,0,0,1,0,-0.013110333011734388,-0.39224673093753004,0,0,0,0,1,0,0
1,0,1,0,1.0444997840640593,1,0,1,1,1,0,0,0,0,-0.14915035517154057,0.5634855203045435,1,0,0,0,1,0,0
0,0,0,0,0.5950894960596009,1,0,0,0,0,0,0,0,0,-1.481347157541347,-0.5477982020892511,0,1,0,1,0,0,1
1,1,1,0,1.616476514251552,1,1,1,1,1,1,0,0,1,0.9375107974464211,1.9632942685732602,0,1,1,0,0,0,0
1,0,1,0,-0.7531413679537746,1,0,0,0,1,0,0,0,0,-0.4842733365895988,-0.7143627527109935,0,0,0,0,1,0,0
0,0,1,1,1.2079217069747716,1,0,1,0,1,0,0,0,0,-0.33330209248542403,0.5023728608807188,1,0,0,0,1,0,0
0,1,1,0,0.18653468878282042,1,1,0,0,0,0,0,0,1,0.38837363482574133,0.25642144281676016,0,0,1,0,0,1,0
1,0,0,0,-0.14030915703860394,0,0,0,1,0,1,0,0,0,-1.011843178623968,-0.566094480407182,0,0,0,0,0,1,0
0,0,0,0,1.2079217069747716,1,0,0,0,0,0,0,0,1,-1.5128686260905702,-0.5136113081031535,0,1,0,1,1,0,0
0,0,0,1,0.5542340153319228,1,0,0,1,1,0,1,1,1,1.1614791266119553,0.9287269073774482,0,0,1,0,0,1,0
1,0,1,0,-1.2434071366859112,1,0,0,0,0,1,1,1,1,0.9756683646375863,-0.9356616461897546,0,0,1,0,0,1,0
0,0,0,0,0.7176559382426351,1,1,0,0,0,0,1,1,1,1.0254391044521496,1.078142835257294,0,0,1,0,0,1,0
1,0,1,0,-0.34458656067699417,1,1,0,1,1,0,1,1,1,1.322404518679043,0.11265551161892921,0,0,1,0,0,1,0
1,1,1,0,0.9219333418810253,1,1,0,1,1,1,1,1,1,1.619369932905936,1.7680383285506611,0,1,1,0,0,1,0
0,0,0,0,1.2896326684301276,1,1,1,1,1,1,1,1,1,1.6691406727204992,2.2276964570519233,0,1,1,0,0,0,0
0,0,0,0,-1.161696175230555,1,1,0,1,0,0,0,1,1,0.8014707752866155,-0.8528097417198962,0,0,1,0,0,1,0
0,0,0,0,-1.079985213775199,0,0,1,0,0,0,0,0,0,-1.1727685706910553,-0.9383321524339882,0,0,0,0,0,0,0
1,1,0,0,-1.2842626174135892,1,1,0,0,0,0,0,0,1,0.386714610165256,-0.975851661650493,0,0,1,0,0,1,0
1,0,1,1,0.18653468878282042,1,1,1,0,1,1,0,0,1,-0.06619912214726868,-0.0037432481503921313,0,1,0,0,1,0,0
1,1,1,0,1.575621033523874,1,1,0,0,0,0,0,0,0,-1.3253988394557157,-0.17048436116844737,0,1,0,1,0,0,0
1,0,1,1,-0.14030915703860394,0,0,1,1,1,1,0,1,1,-0.31339379655959876,-0.2870376130345426,1,0,0,0,1,0,0
1,0,0,0,-1.0391297330475209,1,1,0,0,1,0,1,0,1,0.8147429725704987,-0.7306947743699427,0,0,1,0,1,0,0
1,0,1,0,-0.017742714855569806,1,1,0,1,0,0,1,1,1,1.1299576580627317,0.37902195675657446,0,0,1,0,1,0,0
0,0,1,0,1.0853552647917375,1,1,1,1,0,0,1,0,1,0.9939176359029261,1.461239094657347,0,0,1,0,0,1,0
1,0,1,1,0.30910113096585456,1,1,0,0,1,0,1,1,1,0.32367167306680916,0.3215729670562438,0,0,0,0,0,1,0
1,0,0,0,-0.9165632908644868,0,0,0,0,1,0,0,0,0,-1.17110954603057,-0.896928270498598,0,0,0,0,0,0,1
0,0,0,0,-0.22202011849396003,1,0,0,0,0,0,0,0,0,-1.5145276507510557,-0.7882982561670471,1,0,0,1,0,0,1
0,0,1,0,-1.0391297330475209,1,1,0,0,0,0,1,0,1,0.7201785669228289,-0.7524781600150545,0,0,1,0,0,1,0
1,0,1,1,1.3304881491578058,1,1,0,0,0,0,0,0,0,-1.3287168887766867,-0.2525417348548974,0,1,0,1,1,0,0
0,0,0,0,-0.9165632908644868,1,1,0,1,0,0,0,0,1,0.5376858542694307,-0.6485049788862579,0,0,1,0,1,0,0
0,0,1,1,-0.3854420414046722,1,0,1,1,0,1,0,0,0,0.6504995311824406,-0.15465995639889804,0,0,1,0,0,0,1
0,0,1,1,0.5950894960596009,1,1,1,1,0,1,1,1,1,0.6803619750711782,0.8033676059952439,0,1,0,0,1,0,0
1,0,1,0,-0.8757078101368088,1,0,0,0,0,0,1,0,1,-0.32334794452251153,-0.7411560963514857,0,0,0,0,0,0,0
1,0,0,0,-0.8348523294091307,0,0,0,1,0,1,0,0,0,-1.0217973265868807,-0.814297069024131,0,0,0,0,0,0,1
1,0,0,1,-0.0994536763109259,0,0,0,0,0,0,1,1,1,-0.6734021478849388,-0.4323263949005728,0,0,0,0,0,1,0
0,0,0,0,-1.2842626174135892,1,0,0,1,0,0,0,0,1,0.3618292402579744,-0.9761827161435798,0,0,1,0,0,1,0
0,0,1,0,1.0036443033363813,1,1,0,1,1,1,1,1,1,1.4800118614251596,1.7503820889193646,1,0,1,0,0,0,0
1,1,1,0,-0.8757078101368088,1,0,0,0,0,0,0,0,1,0.1793365276045763,-0.6411555691397308,0,0,1,0,0,1,0
0,0,0,0,-0.9574187715921648,1,0,0,0,0,0,0,0,0,-1.5029144781276575,-0.9432317589316729,0,0,0,1,0,0,0
0,0,0,0,-1.161696175230555,1,0,0,0,0,0,0,0,1,0.17435945362311978,-0.8917858907059829,0,0,1,0,1,0,0
1,0,0,0,-0.7939968486814527,1,0,1,0,0,0,0,0,1,0.29712727849904225,-0.587326108563816,0,0,1,0,1,0,0
0,0,0,0,0.10482372732746434,1,0,0,0,0,0,0,0,0,-1.4614388616155216,-0.7004143234022693,1,0,0,1,0,0,1
1,0,1,0,1.4121991106131617,0,0,1,1,0,1,0,1,1,-0.45938796668231724,0.5449023280926039,0,1,0,0,0,0,0
1,0,0,1,0.758511418970313,1,0,0,0,0,1,0,0,0,-0.5622474956324144,0.03068641913063582,1,0,0,0,1,0,0
1,0,0,0,-1.2842626174135892,1,0,0,0,0,1,0,0,0,-0.4494338187194047,-0.9869750926182096,0,0,0,0,0,0,1
0,0,1,1,1.575621033523874,1,1,1,0,1,1,0,1,0,1.183046447198266,2.15073732255901,0,1,1,0,0,1,0
1,1,1,0,-0.14030915703860394,1,1,0,0,0,1,0,0,1,0.48127901581292576,0.05619968539785918,0,0,1,0,0,1,0
0,0,1,0,0.02311276587210824,1,0,1,0,1,1,1,1,1,1.292542074790305,0.4739904556734099,1,0,1,0,0,1,0
0,0,0,1,-0.8757078101368088,0,0,1,0,0,1,0,0,1,-0.9537773155069779,-0.83188709775681,1,0,0,0,0,0,1
1,0,0,1,-0.7939968486814527,1,0,0,0,0,0,1,0,1,0.44809852260321703,-0.5532054254763357,0,0,1,0,1,0,0
1,0,1,1,0.3908120924212107,1,0,0,0,0,0,0,0,0,-1.5078915521091139,-0.6267657338402243,0,1,0,1,0,0,1
0,0,0,0,-0.9982742523198429,0,0,0,1,0,0,0,0,1,-1.1794046693329974,-0.9094200600377403,0,0,0,0,0,0,1
1,0,0,0,-1.2842626174135892,1,0,0,0,0,0,0,0,0,-0.6767201972059097,-0.9899987236550691,0,0,0,0,0,0,1
1,0,1,0,1.616476514251552,1,1,0,1,1,1,1,1,1,1.440195269573509,2.4512906616827532,0,1,1,0,0,1,0
1,0,1,1,0.5950894960596009,1,1,0,1,0,0,1,0,0,0.7434049121696251,0.7637293480229834,0,0,1,0,0,1,0
1,0,1,1,-0.0994536763109259,1,1,0,0,0,0,1,0,0,0.6853390490526348,0.0983098169185009,0,0,1,0,0,1,0
1,0,1,0,0.758511418970313,1,1,1,0,1,1,1,1,1,1.5513499218260332,1.5153996097263491,1,0,1,0,0,1,0
0,0,1,0,-0.6714304064984186,1,0,0,1,0,0,1,1,1,0.9905995865819555,-0.36463678621409024,0,0,1,0,0,0,0
0,0,1,0,0.06396824659978628,1,1,0,0,1,0,1,1,1,1.183046447198266,0.49764981677934705,0,0,1,0,0,1,0
1,0,0,0,-0.9982742523198429,1,1,0,0,0,0,0,1,1,0.7218375915833142,-0.7228377477340157,0,0,1,0,0,1,0
0,0,1,0,1.616476514251552,1,1,0,0,0,0,0,0,0,-1.3253988394557157,-0.18335134579975465,0,1,0,1,1,0,0
1,1,0,0,1.1262107455194155,1,1,1,1,0,0,0,1,1,0.23076629207962476,0.9213554273313821,1,0,0,0,0,1,0
1,0,1,0,1.616476514251552,1,1,1,1,1,1,1,1,1,1.6923670179672952,2.7092041820969146,0,1,1,0,0,0,0
1,0,1,1,-0.8348523294091307,1,0,0,0,0,0,0,0,0,-1.469733984917949,-0.8968179190009025,0,0,0,1,0,0,1
0,0,1,1,1.3304881491578058,1,1,1,1,0,1,1,1,1,0.5874565940839939,1.2923792328835366,0,1,0,0,0,0,0
1,0,1,1,-0.017742714855569806,1,0,0,0,0,0,0,0,1,-1.504573502788143,-0.7118467385635338,0,0,0,1,1,0,0
0,0,1,1,1.4121991106131617,1,1,1,0,0,1,0,1,1,0.9806454386190424,1.7895568706013034,1,0,1,0,1,0,0
1,0,1,0,0.5133785346042448,1,0,1,1,1,0,1,1,0,0.4646887692080714,0.5783609021939106,1,0,0,0,0,0,0
0,0,1,1,1.1262107455194155,0,0,1,0,1,1,1,1,0,-0.16408157711590937,0.575138638461199,0,1,0,0,1,0,0
0,0,0,0,-1.2842626174135892,1,0,0,0,0,0,0,1,1,-0.31007574723862785,-0.9851211874569236,0,0,0,0,0,1,0
0,0,0,0,1.0444997840640593,1,0,1,1,1,1,0,0,1,0.0034799135931199883,0.6657372180692885,0,1,0,0,1,0,0
0,0,0,0,-0.9574187715921648,1,1,0,0,0,0,1,1,1,0.9939176359029261,-0.6167899584485418,0,0,1,0,0,1,0
0,0,0,0,-1.2842626174135892,1,0,0,1,0,0,0,0,0,0.31703557442486735,-0.976778614231136,0,0,1,0,0,1,0
1,0,1,1,-0.9982742523198429,1,1,0,0,0,0,0,0,0,-1.3403300614000848,-0.9195723978257357,1,0,0,1,0,0,1
1,0,0,0,-1.2434071366859112,1,0,0,0,0,0,0,0,1,-0.6518348272986282,-0.9661186595537408,0,0,0,0,0,1,0
0,0,1,1,0.5950894960596009,1,0,0,0,0,0,0,0,0,-1.478029108220376,-0.6240731572964515,0,1,0,1,1,0,0
0,1,0,0,-1.2842626174135892,1,1,0,0,0,0,0,0,1,0.3203536237458385,-0.9767344736320578,0,0,1,0,0,0,1
0,0,0,0,-1.2842626174135892,0,0,0,0,0,0,0,0,0,-1.292218346246007,-0.9981868047840828,1,0,0,0,0,0,1
0,0,0,0,-0.9165632908644868,1,1,0,0,1,0,1,1,1,1.188023521179722,-0.5416185182182974,0,0,1,0,0,1,0
1,0,0,0,-0.14030915703860394,0,0,0,0,0,0,0,0,1,-1.3253988394557157,-0.6617471586097302,1,0,0,0,0,0,1
0,0,1,1,1.0444997840640593,1,1,1,0,1,1,1,0,0,0.3651472895789451,0.9395413541516173,0,1,0,0,0,0,1
1,0,0,0,-0.7531413679537746,1,0,0,0,0,0,0,0,0,-1.5078915521091139,-0.8662284838396815,1,0,0,1,0,0,1
1,0,0,0,-1.0391297330475209,1,0,0,0,0,0,0,0,0,-1.4614388616155216,-0.9473147643464102,0,0,0,1,0,0,1
0,0,1,1,-1.120840694502877,1,0,0,1,0,0,0,1,1,0.6239551366146733,-0.8311808481715581,0,0,1,0,0,1,0
0,0,0,1,-0.5897194450430624,1,0,0,0,0,0,0,0,0,-1.481347157541347,-0.8370736181485033,1,0,0,1,0,0,0
1,0,1,1,-0.30373107994931614,1,0,0,0,0,0,0,0,0,-1.4896422808437741,-0.7864884916048391,1,0,0,1,0,1,0
0,0,1,0,0.5542340153319228,1,0,0,1,0,1,1,0,1,-0.019746431653676233,0.3188141796138537,0,1,0,0,1,0,0
1,0,0,0,-1.2842626174135892,1,0,0,1,0,0,0,0,0,-0.4643650406637737,-0.9871737253140617,0,0,0,0,0,1,0
0,0,0,0,-1.2842626174135892,1,0,1,0,0,0,0,0,1,-0.5423391997065891,-0.9882110293924005,0,0,0,0,0,0,0
0,0,1,0,1.45305459134084,1,1,1,1,0,0,0,0,1,0.6604536791453532,1.5112945340120727,0,1,1,0,0,0,0
1,0,1,0,-0.5897194450430624,1,0,0,0,0,0,0,0,1,-0.678379221866395,-0.6705752784253785,0,0,0,0,0,0,0
0,0,0,0,-0.9982742523198429,1,0,0,0,0,0,1,0,1,0.504505361059722,-0.7338949678031151,0,0,1,0,0,0,0
1,0,0,0,1.2896326684301276,1,0,0,0,0,0,0,0,0,-1.5012554534671723,-0.46218751017700277,0,1,0,1,0,0,1
0,1,0,0,-1.161696175230555,1,1,0,0,1,0,1,0,1,0.8097658985890426,-0.8567823956369379,0,0,1,0,0,1,0
0,0,0,0,1.2487771877024496,1,1,1,1,1,1,1,0,1,0.49952828707826546,1.1362760042433373,0,1,0,0,1,0,0
1,0,0,1,0.8810778611533472,1,0,1,1,0,1,1,1,1,1.3622211105306932,1.562321066546519,1,0,1,0,0,1,0
1,0,1,0,0.8810778611533472,1,0,1,1,0,0,1,1,1,0.32367167306680916,0.8405339904191227,0,1,0,0,0,0,0
1,0,1,1,1.616476514251552,1,1,1,1,1,1,0,0,0,0.16772335498117794,1.2426107074228199,0,1,0,0,0,0,0
1,1,0,0,-1.161696175230555,0,0,0,1,0,0,1,1,1,-0.45938796668231724,-0.9180716174570756,0,0,0,0,1,0,0
0,0,1,0,1.616476514251552,1,1,1,1,1,1,1,1,1,0.8744678603479747,1.9204116765687487,0,1,0,0,0,0,0
0,1,1,0,1.1262107455194155,0,0,0,1,0,0,1,1,1,-0.5091587064968803,0.27381283885358715,0,1,0,0,1,0,0
1,0,1,1,-0.5080084835877063,1,0,0,0,0,0,1,1,1,0.8429463917987514,-0.22541733672131828,0,0,1,0,0,1,0
0,1,0,0,0.10482372732746434,1,0,0,0,0,0,0,0,0,0.19094970022797417,0.05816394205684082,0,0,1,0,0,1,0
0,0,0,0,-1.2434071366859112,1,0,0,1,0,0,0,0,1,-0.5224309037807641,-0.9693850638855307,0,0,0,0,1,0,0
0,0,0,0,-0.26287559922163806,0,0,0,0,1,0,1,1,1,-0.4792962626081425,-0.4457009964212798,0,0,0,0,1,0,0
1,0,1,0,-0.7531413679537746,1,1,0,1,1,0,0,0,1,0.5924336680654504,-0.4865310505686527,0,0,1,0,0,1,0
1,1,0,0,-1.2842626174135892,1,1,0,0,0,0,0,0,1,0.3286487470482657,-0.9766241221343622,0,0,1,0,0,1,0
0,0,1,1,0.8402223804256691,1,0,0,0,0,0,0,0,1,-1.4913013055042594,-0.5507776925270323,1,0,0,1,0,0,0
1,0,0,0,-1.2842626174135892,1,0,0,0,0,0,0,0,0,-1.5095505767695994,-1.0010780140237074,0,0,0,1,1,0,0
1,0,0,0,1.0444997840640593,1,0,0,0,0,0,0,0,0,-1.4763700835598907,-0.5101462710755116,0,1,0,1,1,0,0
0,0,0,1,-1.120840694502877,1,0,0,0,0,1,0,0,1,-0.4577289420218319,-0.8830019114894131,0,0,0,0,0,0,1
0,0,0,0,0.8402223804256691,1,1,0,1,1,0,1,1,0,1.3522669625677806,1.498582041477539,0,1,1,0,0,1,0
0,0,1,0,-1.161696175230555,1,0,0,0,0,0,0,0,0,-1.481347157541347,-0.9692526420882959,0,0,0,1,0,1,0
1,0,0,0,0.676800457514957,1,1,0,1,0,0,1,1,0,1.1249805840812759,1.1623630982985778,0,0,1,0,0,1,0
1,0,1,1,-1.2434071366859112,1,0,0,0,1,1,0,1,0,0.8363102931568095,-0.9257079410976111,0,0,1,0,1,0,0
1,0,0,0,-1.2434071366859112,1,0,0,0,0,0,0,0,1,0.09804431924078975,-0.95810714082104,0,0,1,0,0,1,0
0,0,1,0,-1.2025516559582332,1,1,0,0,0,0,0,0,1,0.33030777170875103,-0.9082944747612451,0,0,1,0,1,0,0
1,0,0,0,-1.0391297330475209,1,1,0,0,0,0,1,1,1,0.964055192014188,-0.7290395019045086,0,0,1,0,0,1,0
1,0,1,0,-0.7531413679537746,1,0,0,0,0,0,0,0,0,-0.6700840985639679,-0.7265455580565879,1,0,0,0,0,1,0
1,0,1,0,-0.5897194450430624,1,1,1,0,0,0,1,1,1,1.148206929328072,-0.2402485780116072,0,0,1,0,0,1,0
1,0,0,0,-0.22202011849396003,1,1,0,0,1,0,0,0,1,0.5476400022323432,-0.006369613795547388,0,0,1,0,0,1,0
0,0,1,1,1.3713436298854838,1,0,1,0,0,0,1,0,1,-0.16739962643688028,0.7546143143133268,0,1,0,0,0,1,0
0,0,1,0,0.4316675731488887,1,1,1,1,0,1,1,1,0,0.7185195422623435,0.5682085644059152,0,1,0,0,1,0,0
1,0,1,0,1.493910072068518,1,1,1,1,1,1,1,1,1,1.5845304150357418,2.4362387173970728,0,1,1,0,0,0,0
1,0,1,0,1.575621033523874,1,1,0,1,1,0,0,1,1,0.944146896088363,1.9343380355779338,0,0,1,0,0,0,0
0,1,0,0,0.7176559382426351,1,1,1,1,0,0,0,0,1,0.6173190379727319,0.8062146746357904,0,0,1,0,0,1,0
1,0,0,0,0.758511418970313,1,0,0,0,0,0,0,0,0,-1.5161866754115412,-0.5647481921352957,1,0,0,1,0,1,0
1,0,1,0,-0.22202011849396003,1,1,1,0,0,1,1,1,0,0.5327087802879742,-0.03658385386460345,1,0,0,0,0,0,1
1,0,1,1,1.5347655527961959,1,0,0,0,0,0,0,0,0,-1.4846652068623178,-0.4091746506840354,0,1,0,1,1,0,0
0,1,0,0,-1.2434071366859112,1,0,0,0,0,0,0,1,1,0.4912331637758383,-0.923500911143699,0,0,1,0,0,1,0
0,0,0,0,-1.079985213775199,1,0,0,0,0,1,0,0,1,-0.5025226078549387,-0.891587258010131,0,0,0,0,0,0,0
0,0,1,0,1.0853552647917375,1,1,0,1,0,0,1,1,0,1.2046137677845765,1.6564508940808678,0,0,1,0,0,1,0
1,1,1,0,-0.9165632908644868,1,0,0,1,1,1,1,0,1,0.9192615261810814,-0.5972798136559593,0,0,1,0,0,0,1
1,1,1,0,-0.14030915703860394,1,1,0,0,1,0,1,1,1,1.1183444854393338,0.31645265756316787,0,0,1,0,0,1,0
1,0,0,0,-1.120840694502877,1,0,0,0,0,0,0,0,0,-1.4747110588994052,-0.9686567440007396,0,0,0,1,0,0,1
0,1,0,0,-0.4671530028600283,1,1,0,0,0,0,1,1,1,0.9773273892980717,-0.13837207533902707,0,0,1,0,0,1,0
0,0,1,0,1.2079217069747716,1,0,1,0,1,1,1,1,1,1.3107913460556446,1.9097075812922752,1,0,1,0,0,1,0
1,0,1,1,0.14567920805514237,1,0,0,0,0,0,0,0,0,-1.504573502788143,-0.6765563296004801,0,1,0,1,1,0,0
1,0,0,0,-1.2025516559582332,1,0,0,0,0,0,0,0,0,-1.4913013055042594,-0.9811043929408035,0,0,0,1,0,0,1
0,0,1,0,1.493910072068518,1,1,1,1,1,1,1,1,1,1.6990031166092372,2.6023618620280327,0,1,1,0,0,1,0
0,0,0,0,-1.2434071366859112,0,0,0,0,0,1,0,0,1,-1.1246568555369778,-0.9835321258901067,0,0,0,0,0,1,0
0,0,1,0,-0.9982742523198429,1,1,0,0,0,0,0,1,1,0.6770439257502076,-0.7326590310289243,0,0,1,0,1,0,0
0,1,1,0,-1.2025516559582332,0,0,0,1,0,0,0,0,1,-1.129633929518434,-0.9730266633094855,0,0,0,0,0,1,0
1,0,0,0,-1.2842626174135892,1,0,0,0,0,0,0,0,0,-0.6319265313728029,-0.9894028255675129,0,0,0,0,0,1,0
0,0,0,0,-0.8348523294091307,1,0,1,0,0,1,1,1,1,1.1316166827232177,-0.514803104278266,0,0,1,0,0,0,0
1,0,0,0,-0.5897194450430624,1,1,0,0,0,0,0,0,1,0.3585111909370033,-0.39381372220480754,0,0,1,0,0,0,0
0,0,0,0,-0.5080084835877063,0,0,0,0,0,0,0,0,0,-1.3237398147952304,-0.7862677886094479,0,0,0,0,1,0,0
1,0,0,0,-0.4262975221323503,1,1,1,1,0,0,0,0,0,-0.19228499634416185,-0.4557650530111187,0,0,0,0,0,1,0
0,0,0,1,-1.120840694502877,1,0,0,0,0,0,0,0,0,-0.6236314080703756,-0.911737441489348,0,0,0,0,0,0,1
0,0,0,0,-0.34458656067699417,1,1,0,0,0,0,0,0,0,-1.3154446914928033,-0.7654996367431356,0,1,0,1,1,0,0
1,0,1,1,1.2896326684301276,1,0,1,0,1,1,1,0,0,0.1478150590553529,0.9536663458566544,0,1,0,0,0,0,1
1,0,0,0,-0.26287559922163806,1,0,0,0,1,1,1,1,1,1.1233215594207904,0.11024984896916516,0,0,1,0,0,1,0
1,1,1,0,1.45305459134084,1,1,0,1,1,0,1,1,1,1.3439718392653535,2.212512090969008,0,0,1,0,0,1,0
0,0,0,0,1.1262107455194155,1,0,0,0,0,0,0,0,0,-1.466415935596978,-0.5271404017206344,0,1,0,1,0,0,1
1,0,1,1,-0.30373107994931614,1,1,0,0,0,1,0,0,1,-0.3216889198620259,-0.36245182655971736,1,0,0,0,0,0,1
0,0,1,0,0.758511418970313,1,1,0,0,0,0,0,0,0,-1.3038315188694052,-0.44404572395584574,0,1,0,1,0,0,1
0,0,1,0,-1.0391297330475209,1,0,1,0,1,1,1,1,0,0.5459809775718579,-0.7535375343929324,0,0,0,0,0,0,0
1,0,0,1,0.26824565023817654,1,0,0,0,0,0,0,0,0,-1.5078915521091139,-0.6656536016281545,1,0,0,1,0,0,0
0,0,1,1,1.616476514251552,1,0,1,0,1,1,1,1,1,0.519436583004091,1.5888937071916203,0,1,0,0,0,0,0
0,0,1,0,-0.22202011849396003,1,1,0,0,0,0,1,1,0,1.0022127592053534,0.07738717295541485,0,0,1,0,1,0,0
1,0,1,1,0.9627888226087032,1,0,0,1,1,1,0,0,1,0.698611246336518,1.1064148889669074,1,0,1,0,0,0,1
0,0,1,0,1.0036443033363813,1,0,0,0,0,0,0,0,1,-1.4995964288066868,-0.50893240460086,0,1,0,1,0,0,0
1,0,0,0,-0.6305749257707405,1,1,1,1,1,1,1,0,1,1.3887655050984604,-0.271522192458541,0,0,1,0,0,0,0
0,0,0,0,-1.2842626174135892,1,0,0,0,0,0,0,1,1,-0.28353135267086094,-0.9847680626642976,0,0,0,0,0,1,0
1,0,1,1,0.10482372732746434,1,0,0,0,0,0,0,0,0,-1.4995964288066868,-0.7063733042778318,0,1,0,1,0,0,1
1,0,1,1,-0.7939968486814527,1,1,0,1,1,1,1,0,1,0.26560580994981886,-0.5990675079186281,0,0,0,0,0,1,0
0,0,1,1,1.493910072068518,1,0,0,0,0,0,0,0,0,-1.4946193548252305,-0.40248734992368185,0,1,0,1,0,0,0
0,0,1,1,-1.2842626174135892,1,0,0,0,0,0,0,0,0,-1.5112096014300849,-1.0011000843232467,0,0,0,1,0,1,0
1,0,0,0,-1.0391297330475209,1,0,0,0,1,0,0,0,0,0.32698972238778035,-0.769229517365247,0,0,1,0,0,0,1
0,1,1,0,1.616476514251552,1,1,1,1,1,1,1,1,1,1.7238884865165187,2.6439423063597354,0,1,1,0,1,0,0
1,0,0,0,-1.2025516559582332,1,0,0,0,1,1,1,1,1,1.1249805840812759,-0.8799782804525536,0,0,1,0,0,1,0
1,0,0,0,0.8402223804256691,1,0,0,0,1,0,0,1,1,-0.12260596060377342,0.4726000268024453,1,0,0,0,0,1,0
1,0,0,1,0.22739016951049848,1,1,0,1,0,0,0,0,1,0.565889273497683,0.3771680515952882,0,0,1,0,0,0,1
0,0,0,0,-1.161696175230555,1,1,0,1,0,0,0,0,1,0.5144595090226345,-0.8664933274341509,0,0,1,0,0,0,1
0,0,0,0,1.2079217069747716,1,1,0,1,1,1,1,1,0,0.6538175805034113,1.2827124416854017,0,1,0,0,0,0,0
1,0,0,0,-1.2842626174135892,1,0,0,0,0,1,0,0,0,-0.5224309037807641,-0.9879461857979308,0,0,0,0,0,0,1
0,0,0,0,0.5542340153319228,1,1,1,1,0,0,0,0,0,0.6455224572009842,0.6887565404885913,0,0,1,0,0,0,1
1,0,0,0,-0.5488639643153844,1,1,0,0,1,1,0,0,0,-0.17403572507882212,-0.504363852596262,0,0,0,0,0,1,0
0,0,0,0,1.616476514251552,1,1,1,1,1,1,1,1,1,0.8811039589899161,1.9465870518221458,0,1,0,0,0,0,0
1,0,1,1,0.22739016951049848,1,1,0,0,0,0,0,0,0,-1.318762740813774,-0.5841038448311043,0,1,0,1,1,0,0
1,0,1,0,1.575621033523874,1,1,0,1,1,0,1,1,1,1.357244036549237,2.288654624378974,1,0,1,0,0,0,0
0,0,1,0,-0.6714304064984186,1,1,0,1,0,0,1,1,1,1.168115225253897,-0.3321493052925049,0,0,1,0,0,1,0
0,1,1,0,1.3713436298854838,1,1,0,0,1,1,1,1,1,1.3655391598516642,2.069319987559195,1,0,1,0,1,0,0
0,1,0,0,-0.8757078101368088,1,0,0,1,0,0,1,1,1,1.0022127592053534,-0.5150900181722746,0,0,1,0,0,1,0
1,0,1,1,1.3713436298854838,1,1,1,0,1,1,1,1,1,0.637227333898557,1.5127070331825763,0,1,0,0,0,0,1
1,0,0,0,-0.181164637766282,1,0,0,0,1,1,0,1,0,0.8694907863665182,0.14960119304741704,0,0,1,0,0,1,0
0,0,0,0,-1.2842626174135892,0,0,0,0,0,0,0,1,0,-0.9869578087166866,-0.9941258696688846,0,0,0,0,0,0,1
0,0,1,1,1.616476514251552,1,0,1,1,1,1,1,1,1,1.4833299107461302,2.4576027673509415,0,1,1,0,1,0,0
0,0,1,1,-0.5897194450430624,1,0,0,0,0,0,0,0,0,-1.5078915521091139,-0.873092346996348,0,1,0,1,0,0,1
0,0,1,0,0.676800457514957,1,0,0,0,0,0,0,0,0,-1.519504724732512,-0.6040774659140083,1,0,0,1,1,0,0
0,1,0,0,0.3499566116935326,1,1,0,1,1,0,1,1,1,1.3141093953766159,0.8151531459491341,0,0,1,0,0,1,0
1,0,0,1,-1.2842626174135892,1,0,0,0,0,0,0,0,1,0.18763165090700348,-0.9785000975951874,0,0,1,0,0,0,1
1,1,1,0,-0.22202011849396003,1,1,0,0,0,0,0,0,1,0.3551931416160326,-0.17359627340346334,0,0,1,0,0,1,0
1,0,0,0,-1.120840694502877,1,0,0,0,0,0,0,0,0,-1.4647569109364926,-0.9683036192081136,0,0,0,1,0,0,0
1,0,0,0,0.4316675731488887,0,0,1,0,1,0,0,0,1,-0.9819807347352301,-0.3635112009375951,1,0,0,0,1,0,0
1,0,0,1,0.5950894960596009,1,0,1,1,0,0,0,0,1,-0.3150528212200843,0.1619164201902463,0,0,0,0,0,1,0
0,0,0,0,-1.2842626174135892,1,0,1,0,0,0,0,0,0,-0.5058406571759096,-0.9877254828025397,0,0,0,0,0,0,0
0,0,0,0,-0.7122858872260965,1,0,0,0,1,0,0,1,1,-0.1773537743997928,-0.6155760919738901,0,0,0,0,0,1,0
0,0,0,1,-1.0391297330475209,1,0,0,0,0,0,0,0,1,0.20753994683282853,-0.8009666081025022,0,0,1,0,0,1,0
1,0,0,0,-0.7531413679537746,1,0,0,0,0,0,0,0,0,-1.4995964288066868,-0.8769987900147722,0,0,0,1,1,0,0
0,0,1,0,0.4316675731488887,1,1,0,1,0,0,0,0,0,0.519436583004091,0.4906976724245241,0,0,1,0,0,1,0
1,0,1,0,-0.14030915703860394,1,1,1,1,0,0,0,0,1,0.652158555842926,0.07939557021347468,0,0,1,0,0,1,0
0,0,1,0,0.5542340153319228,1,1,0,0,0,0,0,0,1,-1.3386710367395993,-0.538992152573142,1,0,0,1,0,0,0
0,0,0,0,-0.34458656067699417,1,0,0,0,1,0,0,0,1,-0.5141357804783369,-0.4652332115134014,0,0,0,0,1,0,0
1,0,1,1,0.758511418970313,0,0,1,1,1,0,1,1,0,-0.18233084838124933,0.32108742046638317,1,0,0,0,0,1,0
1,0,1,1,1.5347655527961959,0,0,0,1,1,1,1,1,0,-0.14749133051105498,0.8172498244053507,1,0,0,0,0,1,0
0,0,1,0,-0.8348523294091307,1,0,0,0,0,0,0,0,0,-0.6269494573913466,-0.7862677886094479,0,0,0,0,0,0,0
1,0,0,0,-1.2025516559582332,1,0,0,0,0,0,0,0,1,-1.4979374041462012,-0.9794270501758304,0,0,0,1,0,0,1
0,1,0,0,-0.9574187715921648,1,1,0,0,0,0,0,1,1,0.652158555842926,-0.6730250816742208,0,0,1,0,0,1,0
0,0,0,0,-0.7122858872260965,1,0,1,1,1,1,1,1,0,0.652158555842926,-0.4411324444166819,0,0,0,0,0,0,1
0,0,1,1,1.616476514251552,1,1,0,0,0,0,0,0,0,-1.3453071353815411,-0.2219081590945981,0,1,0,1,1,0,0
0,0,0,1,-1.161696175230555,1,0,0,0,0,0,0,0,1,-1.4730520342389197,-0.9721879919269989,1,0,0,1,0,0,1
0,0,1,0,1.616476514251552,1,1,1,1,1,1,1,0,1,1.2991781734322467,2.3260637820977834,0,1,1,0,0,0,0
1,0,0,0,-0.9165632908644868,1,0,0,0,0,0,0,0,0,-1.4747110588994052,-0.9317772734708692,1,0,0,1,0,0,1
0,1,0,0,-1.120840694502877,0,0,0,1,0,0,0,0,0,-1.2059490639007642,-0.9517508945537733,0,0,0,0,0,1,0
1,0,1,0,-0.9982742523198429,1,1,0,0,0,0,0,1,1,0.6919751476945766,-0.7185119690243481,0,0,1,0,0,0,0
0,1,0,0,-0.26287559922163806,1,0,0,0,0,0,1,1,1,0.8777859096689454,0.028501459476262973,0,0,1,0,0,1,0
0,0,1,0,1.45305459134084,1,1,1,1,1,1,0,0,0,0.2025628728513725,1.1583021631833796,0,1,0,0,1,0,0
1,0,1,1,-1.2434071366859112,1,0,0,0,0,0,0,0,0,-1.4796881328808613,-0.9942582914661194,1,0,0,1,0,0,1
1,1,0,0,-0.9982742523198429,1,0,0,1,0,0,0,0,1,0.3220126484063238,-0.7418623459367376,0,0,1,0,0,1,0
0,0,0,0,-1.2025516559582332,1,0,0,0,0,0,0,0,0,-1.4913013055042594,-0.9843487269730544,0,0,0,1,0,0,1
1,0,0,0,-0.7939968486814527,1,1,1,0,0,0,1,1,0,1.106731312815936,-0.46655742948574863,0,0,1,0,0,0,1
1,1,0,0,0.06396824659978628,1,0,0,0,0,0,0,0,0,0.1444970097343822,-0.0053543800167479665,0,0,1,0,1,0,0
0,0,1,1,1.616476514251552,0,0,1,1,1,1,1,1,0,0.030024308160886897,1.00998975028049,0,1,0,0,0,0,0
1,0,0,0,-0.4671530028600283,0,0,1,0,0,1,1,0,1,-0.7049236164341622,-0.5631149899694008,0,0,0,0,0,0,1
0,0,1,1,0.30910113096585456,1,1,0,0,1,1,0,0,1,0.6654307531268092,0.4483889082080302,0,0,1,0,0,1,0
1,0,0,0,-0.6714304064984186,0,0,1,1,1,1,1,0,0,-0.3299840431644531,-0.6052030511905034,0,1,0,0,0,0,1
0,0,0,0,-0.26287559922163806,1,0,0,1,1,0,0,0,1,-0.29016745131280275,-0.3240053647625694,1,0,0,0,0,0,1
1,0,1,0,0.676800457514957,1,1,0,1,0,0,1,1,1,1.1365937567046736,1.1328771781143128,0,0,1,0,0,0,0
1,0,0,0,0.5542340153319228,1,0,0,0,0,0,0,0,0,-1.5128686260905702,-0.6087342991167628,0,1,0,1,1,0,0
1,0,1,1,-0.8757078101368088,1,0,0,0,0,0,1,0,1,0.4879151144548676,-0.6262360466512853,0,0,1,0,0,0,0
1,0,1,0,1.616476514251552,1,0,1,1,1,1,1,1,0,0.652158555842926,1.6534493333435478,0,1,0,0,0,0,1
1,0,0,0,0.5950894960596009,1,0,0,0,0,0,0,0,0,-1.4713930095784342,-0.5933513003379959,0,1,0,1,0,0,0
1,0,0,1,-1.2842626174135892,1,0,0,0,0,0,0,0,0,-1.5112096014300849,-1.0011000843232467,0,0,0,1,0,0,1
0,1,0,0,1.0853552647917375,1,1,1,1,1,0,0,0,1,0.8280151698543823,1.4167674410860194,0,0,1,0,0,1,0
0,0,1,0,1.575621033523874,1,1,1,1,1,1,1,1,0,0.7682902820769066,1.8001064737810033,0,1,0,0,0,0,0
0,0,1,1,-0.30373107994931614,1,0,0,0,0,0,0,0,0,-1.4846652068623178,-0.780021893839877,1,0,0,1,0,0,1
1,0,1,1,1.616476514251552,1,1,1,1,0,1,1,1,1,1.4236050229686545,2.48625001615272,0,1,1,0,1,0,0
1,0,0,0,-1.2434071366859112,1,0,0,0,0,0,0,0,0,-1.4863242315228034,-0.9951631737472234,0,0,0,1,0,0,1
0,0,1,0,0.10482372732746434,1,0,1,0,0,0,1,0,1,-0.08776644273357932,-0.031684247366918744,1,0,0,0,0,0,0
1,0,1,1,1.575621033523874,1,0,1,1,1,0,1,1,1,1.322404518679043,2.207546273572706,1,0,1,0,0,0,0
0,1,1,0,-0.7122858872260965,1,0,0,1,0,0,1,1,1,0.9905995865819555,-0.44236838119087263,0,0,1,0,0,1,0
0,0,0,0,-1.2434071366859112,1,0,0,0,0,0,0,0,0,-1.4713930095784342,-0.9942362211665802,1,0,0,1,0,0,1
0,0,1,0,-0.26287559922163806,1,1,0,1,0,0,0,0,0,0.48127901581292576,-0.11981095342662677,0,0,1,0,0,0,0
0,1,1,1,-1.2025516559582332,1,0,1,0,0,1,1,0,1,0.7799034547003045,-0.8887622596691235,0,0,1,0,0,0,1
1,1,1,0,0.676800457514957,1,0,0,1,0,0,0,0,0,-0.4975455338734825,0.049070978646723225,0,1,0,0,0,0,1
1,0,1,1,-0.22202011849396003,1,1,0,0,0,0,0,0,1,0.36348826491845976,-0.1581249934265399,0,0,1,0,0,0,0
1,0,0,0,-1.2025516559582332,1,0,0,0,0,1,0,0,1,-0.47431918862668626,-0.9443794145077071,0,0,0,0,0,0,1
0,0,1,1,0.5133785346042448,0,0,0,1,1,1,0,1,0,-0.4577289420218319,-0.010033283519041468,1,0,0,0,0,0,0
1,0,0,0,0.18653468878282042,1,1,0,1,0,1,1,1,1,1.3174274446975864,0.6580346835301355,1,0,1,0,1,0,0
0,0,1,1,1.616476514251552,1,1,1,1,1,1,1,1,1,1.7272065358374893,2.7325104184102265,0,1,1,0,0,0,0
0,0,0,0,1.2079217069747716,1,1,1,1,1,0,0,0,1,0.9043303042367123,1.5310474520995854,1,0,1,0,0,1,0
0,0,1,1,0.8810778611533472,1,1,0,1,1,0,0,0,1,-0.16574060177639494,0.4234053291297456,0,1,0,0,0,0,0
1,0,1,1,-0.7122858872260965,1,0,1,0,0,1,1,1,0,1.231158162352344,-0.27366301151383565,1,0,1,0,0,1,0
1,0,0,0,-1.2842626174135892,1,0,0,0,0,0,0,0,0,-1.4846652068623178,-1.0007469595306207,0,0,0,1,0,0,0
0,1,0,0,-1.2842626174135892,0,0,0,0,0,0,0,0,1,-1.3137856668323176,-0.9984737186780915,0,0,0,0,0,1,0
1,0,0,0,1.616476514251552,0,0,1,0,1,1,1,1,1,-0.1192879112828025,0.9282855013866659,0,1,0,0,1,0,0
0,0,0,0,-0.0994536763109259,1,1,1,0,1,0,1,1,1,0.48127901581292576,0.0617393305821783,1,0,0,0,1,0,0
0,0,1,0,0.30910113096585456,1,1,0,0,0,1,0,0,1,0.46634779386855674,0.3706131726321695,0,0,1,0,1,0,0
0,0,1,1,1.575621033523874,1,1,1,1,1,1,0,0,0,0.20919897149331387,1.2967270818927432,0,1,0,0,0,0,1
1,0,0,0,-0.5897194450430624,0,0,0,1,1,0,0,0,1,-1.0383875731917351,-0.7447535551763623,0,0,0,0,1,0,0
1,0,0,0,-0.6305749257707405,0,0,0,0,0,0,0,0,0,-1.3171037161532886,-0.8406269363743017,0,0,0,0,1,0,0
0,0,0,0,0.30910113096585456,1,0,0,0,0,0,0,0,0,-1.481347157541347,-0.6543315379645858,0,1,0,1,0,0,1
0,1,1,0,1.616476514251552,1,1,0,1,1,1,1,1,1,1.5264645519187514,2.46967522119884,0,1,1,0,1,0,0
1,0,0,0,-1.2434071366859112,1,0,0,0,0,0,0,0,0,-1.4946193548252305,-0.9922498942080593,0,0,0,1,0,0,1
1,0,0,0,0.8402223804256691,1,1,0,0,0,0,0,0,0,-1.351943234023483,-0.43493069024618897,1,0,0,1,0,0,0
1,0,1,0,1.575621033523874,1,1,1,1,1,1,1,1,1,1.7072982399116643,2.770934809907835,0,1,1,0,0,1,0
0,0,1,0,-0.5080084835877063,1,0,1,1,0,1,1,0,1,1.0536425236804017,-0.17019744727443878,0,0,1,0,0,1,0
1,0,0,0,-1.0391297330475209,1,0,0,0,0,0,1,0,0,-0.3299840431644531,-0.8461003706600035,0,0,0,0,0,0,1
0,0,0,0,-0.7122858872260965,1,1,1,0,1,0,0,0,1,0.6488405065219549,-0.4345996357531022,0,0,1,0,1,0,0
0,0,1,1,1.616476514251552,1,1,0,0,0,0,0,0,1,-1.351943234023483,-0.2551681005000526,0,1,0,1,0,0,0
1,0,1,1,0.26824565023817654,1,1,0,0,0,0,0,0,1,-1.36023835732591,-0.6106544151766663,0,1,0,1,0,0,1
0,0,1,0,0.5133785346042448,1,1,0,0,0,0,0,0,0,-1.3038315188694052,-0.5147589636791878,0,1,0,1,0,0,1
0,0,0,0,-1.120840694502877,1,1,0,0,0,0,1,0,1,0.637227333898557,-0.8221099550609796,0,0,1,0,0,1,0
0,0,0,0,0.5950894960596009,0,0,1,1,0,1,0,0,0,-0.8343275399520262,-0.21566226432502697,1,0,0,0,1,0,0
1,0,0,0,-1.161696175230555,1,0,0,0,0,0,0,0,1,-1.4913013055042594,-0.9817885722265163,0,0,0,1,0,1,0
1,0,0,0,0.5950894960596009,1,1,1,1,0,1,1,0,0,1.1930005951611786,1.051415702515419,0,0,1,0,0,0,1
1,0,0,1,0.02311276587210824,1,1,1,0,1,0,0,1,1,1.0121669071682657,0.4360736810652009,0,0,1,0,0,0,0
0,0,1,1,-0.7122858872260965,1,1,0,0,0,0,0,0,1,-1.3121266421718323,-0.8353079941853737,0,0,0,1,0,1,0
1,0,0,0,1.3713436298854838,1,1,0,1,0,0,0,1,0,0.8164019972309845,1.628642316661576,0,0,1,0,1,0,0
0,0,0,0,-1.079985213775199,1,1,0,1,0,0,1,0,1,0.8396283424777802,-0.779492206650938,0,0,1,0,0,1,0
0,0,0,0,-0.6305749257707405,1,0,0,0,0,0,0,0,0,-1.4962783794857157,-0.859364620683015,0,0,0,1,1,0,0
0,0,1,1,0.3499566116935326,1,0,0,0,1,0,1,1,1,0.9988947098843826,0.6889331028849042,0,0,1,0,0,0,0
0,0,1,1,0.9627888226087032,1,1,0,0,1,0,1,1,1,1.1614791266119553,1.4249555222150332,1,0,1,0,1,0,0
0,0,0,0,-0.181164637766282,1,1,0,0,0,1,0,0,1,-0.3283250185039678,-0.3452149226196642,0,0,0,0,1,0,0
0,0,1,1,1.616476514251552,0,0,0,1,0,1,1,1,0,-0.3698006350161037,0.66068311947483,0,1,0,0,1,0,0
1,0,0,0,-1.2842626174135892,1,0,1,0,0,0,0,0,0,-0.49920455853396783,-0.9876372016043833,0,0,0,0,0,1,0
0,0,0,0,0.9627888226087032,1,1,1,1,0,0,1,1,1,1.3871064804379747,1.5920276897261751,0,0,1,0,1,0,0
1,0,1,0,1.5347655527961959,1,1,1,1,1,1,1,0,0,0.47630194183146973,1.4342471183210028,0,1,0,0,0,0,1
1,0,1,0,0.47252305387656673,1,0,0,0,0,0,1,1,1,0.8578776137431204,0.7446164686221053,1,0,1,0,0,0,0
1,0,0,0,-1.2434071366859112,1,0,0,0,0,0,0,0,0,-0.678379221866395,-0.9737329128947374,0,0,0,0,0,1,0
1,0,1,1,1.0444997840640593,1,1,1,1,1,1,0,0,0,0.22578921809816827,0.8576605428614803,0,1,0,0,1,0,0
0,0,0,0,0.6359449767872789,1,1,1,1,1,0,1,1,1,0.6189780626332173,0.7065231316175832,1,0,0,0,1,0,0
1,0,0,0,-0.8757078101368088,1,0,0,0,1,0,0,1,0,0.6637717284663239,-0.6172975753379416,0,0,1,0,0,1,0
1,0,1,0,1.616476514251552,1,1,1,1,1,1,1,1,1,1.684071894664868,2.7093807444932274,0,1,1,0,0,1,0
1,0,1,0,1.616476514251552,0,0,1,1,1,0,0,0,0,-0.7530353315882398,0.2978473950516893,0,1,0,0,0,0,0
0,0,1,0,-0.26287559922163806,1,0,0,0,0,1,0,1,0,0.7002702709970038,-0.04007096119178453,0,0,1,0,1,0,0
1,0,1,0,0.7993668996979911,0,0,1,0,0,0,0,1,1,-0.8260324166495991,-0.11755978287363641,0,0,0,0,0,1,0
0,0,1,1,0.7993668996979911,1,0,0,0,0,0,0,0,0,-1.4830061822018323,-0.5334304370892837,0,1,0,1,0,0,0
1,0,0,0,-0.22202011849396003,1,0,1,0,0,1,0,0,0,-0.37643673365804536,-0.3645043644168555,0,0,0,0,0,0,1
1,0,0,0,-1.2842626174135892,1,0,0,0,0,0,1,0,1,0.47298389251049855,-0.9747040060744586,0,0,1,0,0,1,0
1,0,1,0,0.5133785346042448,1,1,0,1,0,0,0,0,0,0.5509580515533145,0.6570856606499533,0,0,1,0,0,0,0
0,0,0,0,1.1670662262470934,1,1,0,0,1,0,0,1,0,0.8097658985890426,1.4184006432519145,0,0,1,0,0,0,1
0,0,0,0,-1.2434071366859112,1,0,1,0,1,0,0,0,1,0.519436583004091,-0.9490803883095398,0,0,1,0,0,1,0
0,0,1,1,-0.8757078101368088,1,1,0,0,0,1,0,1,1,0.051591628747197305,-0.682603591674199,0,0,0,0,0,1,0
0,0,0,0,-0.4671530028600283,1,0,1,0,1,1,0,0,1,-0.1508093798320259,-0.454153921144763,1,0,0,0,0,1,0
0,1,0,0,-1.2842626174135892,1,0,0,0,0,0,0,0,1,0.2108579961537997,-0.9781911134016397,0,0,1,0,0,1,0
0,1,0,0,-1.079985213775199,1,1,0,1,0,0,1,1,1,1.1100493621369067,-0.7621449512131894,0,0,1,0,0,1,0
1,0,1,0,1.575621033523874,1,1,1,1,0,1,1,0,0,0.2888321551966151,1.3553457974686471,0,1,0,0,1,0,0
0,0,1,1,1.616476514251552,1,0,1,1,1,0,1,0,1,0.19426774954894532,1.2023544810634639,0,1,0,0,1,0,0
1,1,1,0,1.4121991106131617,1,0,1,1,0,1,0,0,1,-0.12758303458522968,0.80873068878325,1,0,0,0,0,0,0
0,0,1,1,-0.4671530028600283,1,0,0,1,0,0,1,0,1,-0.19726207032561813,-0.4730902381493283,1,0,0,0,1,0,0
1,0,1,0,1.616476514251552,1,0,0,0,0,0,0,0,0,-1.4962783794857157,-0.3819619713522998,0,1,0,1,1,0,0
1,0,1,1,0.02311276587210824,1,0,0,0,0,0,0,0,0,-1.4830061822018323,-0.7356826620657838,1,0,0,1,1,0,0
0,0,1,0,-1.2025516559582332,1,1,0,0,0,0,1,1,1,1.0088488578472952,-0.8803314052451795,0,0,1,0,0,1,0
1,0,1,0,-0.05859819558324785,1,1,0,1,1,0,1,0,0,0.9623961673537027,0.32322823952167784,0,0,1,0,0,1,0
1,1,0,0,0.9219333418810253,0,0,0,0,1,0,1,1,1,-0.4892504105710553,0.20137811576619355,1,0,0,0,0,0,0
1,0,0,1,-1.2842626174135892,1,1,0,0,0,0,0,0,1,0.31703557442486735,-0.976778614231136,0,0,1,0,0,1,0
0,0,0,0,-0.9165632908644868,1,0,0,0,0,0,0,0,0,-1.5244817987139683,-0.937559691950119,0,0,0,1,0,0,1
1,0,0,0,-1.2842626174135892,1,0,0,0,0,0,0,0,1,-1.4713930095784342,-1.0005703971343078,0,0,0,1,0,0,1
1,1,0,0,-0.7531413679537746,1,1,0,0,0,0,1,1,1,1.0221210551311783,-0.44755490158256594,0,0,1,0,0,1,0
0,0,1,1,1.3713436298854838,1,1,0,0,0,0,0,0,1,0.31371752510389667,1.135304911063616,1,0,1,0,0,0,0
0,0,1,1,1.616476514251552,1,1,1,1,1,1,1,0,0,1.3705162338331203,2.3704250841714156,0,1,1,0,1,0,0
0,0,1,1,-0.8757078101368088,0,0,1,0,0,0,0,0,1,-1.1677914967095993,-0.8566720441392423,0,0,0,0,0,1,0
1,0,0,0,-0.017742714855569806,1,0,1,1,1,0,0,1,1,0.9491239700698195,0.305483718692225,0,0,1,0,1,0,0
1,1,1,0,-1.0391297330475209,1,1,0,0,1,0,1,1,1,1.2328171870128293,-0.7002377610059564,0,0,1,0,0,1,0
1,0,1,1,-0.05859819558324785,0,0,1,0,1,1,1,1,0,-0.16076352779493844,-0.19352575388728918,1,0,0,0,0,1,0
0,0,0,0,1.1670662262470934,0,0,1,1,1,1,0,0,0,-0.6999465424527057,0.1806761747984987,1,0,0,0,1,0,0
0,1,0,0,-1.2842626174135892,1,0,0,0,0,0,0,0,1,0.17767750294409096,-0.978632519392422,0,0,1,0,0,1,0
0,1,0,0,1.575621033523874,1,1,0,0,1,0,1,1,0,1.3024962227532175,2.262788233319125,0,1,1,0,0,0,0
1,0,0,0,-1.2842626174135892,1,0,0,0,0,0,0,0,0,0.1926087248884595,-0.97843388669657,0,0,1,0,0,0,1
1,0,0,0,-1.2025516559582332,1,0,0,0,0,0,1,1,0,0.8595366384036057,-0.9046970159363684,0,0,1,0,0,0,1
1,0,0,0,-1.161696175230555,1,1,0,1,0,0,0,0,0,0.4530755965846735,-0.8639111023880739,0,0,1,0,0,1,0
1,1,1,0,-0.22202011849396003,1,1,1,0,1,0,0,0,1,0.7002702709970038,-0.029631709509780498,1,0,1,0,0,1,0
0,0,0,0,-1.2025516559582332,1,0,0,1,0,0,1,1,0,1.015484956489237,-0.8801989834479447,0,0,1,0,0,1,0
1,0,0,0,-1.2842626174135892,1,0,0,0,0,0,0,0,0,-1.4763700835598907,-1.0006366080329252,0,0,0,1,0,0,1
1,0,1,1,1.616476514251552,1,1,1,1,1,1,1,1,0,0.826356145193897,1.7886078477211216,0,1,0,0,1,0,0
0,0,1,1,1.1670662262470934,0,0,1,1,0,1,0,1,1,-0.4676830899847444,0.35379560438335966,1,0,0,0,0,0,0
1,0,1,1,1.45305459134084,1,1,1,1,1,0,1,1,1,1.5065562559929264,2.286602086521836,0,1,1,0,0,1,0
0,0,0,0,-1.2434071366859112,1,0,0,0,0,0,0,0,1,-1.4630978862760071,-0.9920071209131291,0,0,0,1,0,0,0
0,0,0,0,-0.9574187715921648,1,0,0,0,0,0,0,0,0,-1.481347157541347,-0.9044763129409772,0,0,0,1,0,0,0
1,0,0,0,-0.05859819558324785,1,0,0,0,0,0,0,0,0,-1.4730520342389197,-0.7407367606602424,0,1,0,1,0,0,0
0,0,0,0,-1.2025516559582332,1,1,0,0,0,0,0,0,0,0.31869459908535314,-0.914341736834964,0,0,1,0,0,0,0
1,0,1,1,0.10482372732746434,1,1,0,1,1,1,1,1,1,1.4982611326904993,0.6599768698895782,0,0,1,0,0,1,0
0,0,0,0,-0.7122858872260965,1,0,0,0,0,0,0,0,0,-1.4830061822018323,-0.8760939077336684,1,0,0,1,1,0,0
0,1,0,0,-1.2842626174135892,1,0,0,0,0,0,1,1,1,0.8130839479100133,-0.9701795946689389,0,0,1,0,0,1,0
1,0,1,0,0.3908120924212107,1,1,0,0,1,1,1,1,1,1.372175258493606,0.9823356649579719,0,0,1,0,0,0,0
0,0,0,0,-1.2842626174135892,1,0,0,0,0,0,0,0,1,-0.643539703996201,-0.9895573176642867,0,0,0,0,0,0,1
0,0,1,1,1.575621033523874,1,1,0,1,1,0,0,1,1,1.0270981291126349,2.0137690436192286,0,1,1,0,1,0,0
0,0,1,1,0.7176559382426351,1,0,0,0,0,0,0,0,0,-1.481347157541347,-0.598692312826463,0,1,0,1,0,0,0
0,0,1,1,0.9219333418810253,1,1,0,0,0,0,0,0,1,-1.2988544448879489,-0.39692563443982354,0,1,0,1,1,0,0
0,0,0,0,0.5950894960596009,1,1,1,1,0,1,0,1,0,0.3070814264619548,0.5336906159267308,0,1,0,0,0,0,1
1,0,1,0,-0.22202011849396003,1,0,0,0,0,0,0,0,0,-1.5012554534671723,-0.7798232611440248,0,1,0,1,0,0,0
0,0,0,0,-0.30373107994931614,1,0,0,0,0,0,0,0,0,-1.4896422808437741,-0.776755489508087,1,0,0,1,1,0,0
0,0,0,0,0.14567920805514237,1,1,0,1,0,0,1,1,1,1.1399118060256448,0.5863503506270722,0,0,1,0,0,1,0
1,0,1,1,-0.9574187715921648,1,1,0,0,1,0,1,0,1,0.8479234657802074,-0.6706414893239957,1,0,1,0,0,1,0
0,1,0,0,0.5133785346042448,1,1,0,0,1,0,1,1,1,1.239453285654771,1.0806147088056757,1,0,1,0,0,0,0
1,0,1,0,1.2487771877024496,1,1,0,0,1,1,1,1,0,0.4978692624177801,1.2124626782523813,0,1,0,0,1,0,0
0,0,1,1,-0.9982742523198429,1,0,0,0,0,1,1,1,1,0.12458871380855666,-0.7604896787477553,0,0,0,0,0,1,0
1,0,0,0,1.616476514251552,0,0,1,1,1,1,1,1,1,0.026706258839915738,1.0060833072620656,0,1,0,0,0,0,0
1,0,1,1,-0.6305749257707405,1,0,0,0,0,0,1,0,0,0.5327087802879742,-0.3912535674582696,0,0,1,0,0,1,0
0,1,1,0,0.758511418970313,1,1,1,0,0,0,0,0,1,0.4215541280354501,0.6709899493595992,0,0,1,0,0,1,0
0,0,0,0,-0.9982742523198429,1,0,0,0,0,0,0,0,0,-1.4581208122945508,-0.9382438712358315,0,1,0,1,0,0,1
0,0,0,0,-1.2025516559582332,1,0,0,0,0,0,0,0,0,-1.4946193548252305,-0.9836204070882634,0,0,0,1,0,1,0
0,0,1,1,1.575621033523874,1,1,0,0,0,0,0,0,0,-1.3569203080049392,-0.27531828397926966,0,1,0,1,1,0,0
1,1,1,0,1.3304881491578058,1,1,1,1,0,0,1,0,1,0.9258976248230233,1.6248903657399254,0,1,1,0,1,0,0
1,0,1,1,1.616476514251552,1,1,1,1,1,0,1,1,1,1.4468313682154508,2.418913532258863,0,1,1,0,1,0,0
1,0,1,1,1.616476514251552,0,0,1,1,1,1,1,1,1,0.00016186427214882995,1.0737287753494698,0,1,0,0,1,0,0
1,0,0,0,1.493910072068518,1,1,1,1,1,0,1,1,1,1.50157918201147,2.2703804163605823,0,1,1,0,1,0,0
1,0,0,0,1.2079217069747716,0,0,1,1,1,1,0,0,1,-0.6999465424527057,0.14613615601977514,0,1,0,0,0,0,0
0,1,1,0,0.8810778611533472,1,1,1,1,1,1,1,1,1,1.6857309193253533,1.8291068473754075,1,0,1,0,0,0,0
0,0,1,1,-1.2025516559582332,1,0,0,0,0,0,0,0,0,-1.5161866754115412,-0.9866440381251228,0,1,0,1,0,0,1
1,0,1,0,-0.3854420414046722,1,0,1,0,0,0,0,1,1,-0.16076352779493844,-0.38898032660574017,0,0,0,0,0,0,0
1,0,0,0,0.10482372732746434,1,0,0,0,0,0,0,0,0,-1.4614388616155216,-0.6830008570659032,0,0,0,1,0,0,0
0,0,0,0,0.7993668996979911,1,0,1,0,0,0,0,0,1,-0.49920455853396783,0.10960981028253075,0,0,0,0,0,0,0
0,0,0,0,-1.2434071366859112,1,0,1,1,0,0,1,0,1,0.8744678603479747,-0.9352202401989721,0,0,1,0,0,1,0
1,0,1,1,1.2896326684301276,1,0,0,0,0,0,0,0,1,-1.4962783794857157,-0.44722384708947915,0,1,0,1,0,0,0
1,0,0,0,-1.2842626174135892,0,0,0,0,0,0,0,0,1,-1.3403300614000848,-0.9988268434707173,0,0,0,0,0,1,0
1,0,1,1,1.1262107455194155,1,1,0,0,0,0,0,0,0,0.31703557442486735,0.9561161491054969,0,0,1,0,0,0,0
1,0,1,0,-1.2025516559582332,0,0,0,0,0,0,0,1,1,-0.9836397593957157,-0.9655669020652627,0,0,0,0,0,1,0
0,0,1,0,1.616476514251552,1,1,1,0,1,0,1,1,1,1.3340176913024409,2.3405860391945246,0,1,1,0,1,0,0
1,0,0,0,-1.2025516559582332,1,0,0,0,1,0,0,1,0,0.693634172355062,-0.8962661615124244,0,0,1,0,1,0,0
0,0,1,0,0.06396824659978628,1,1,0,0,0,0,0,0,0,-1.330375913437172,-0.6652121956373721,0,0,0,1,0,1,0
1,0,0,0,0.4316675731488887,1,1,0,0,0,0,0,0,1,0.3502160676345761,0.3858637496137018,0,0,1,0,1,0,0
0,1,0,0,1.3713436298854838,1,1,0,0,1,1,1,1,1,1.2626796309015669,2.0699820965453686,1,0,1,0,1,0,0
1,0,0,1,-0.9165632908644868,1,1,0,0,0,0,0,0,0,-1.3270578641162014,-0.9107663483096265,0,0,0,1,1,0,0
1,0,0,0,0.10482372732746434,1,0,0,1,1,0,1,1,1,1.2460893842967125,0.5909851135302875,1,0,1,0,0,0,0
0,0,0,0,-1.2842626174135892,1,0,0,0,0,0,0,0,1,-1.478029108220376,-1.0006586783324642,0,0,0,1,0,0,1
1,0,0,0,-0.14030915703860394,1,0,0,0,1,0,0,0,0,-0.5257489531017348,-0.42530803964713243,0,0,0,0,0,0,0
0,0,1,1,0.7176559382426351,1,0,0,0,0,0,0,0,1,0.16440530566020725,0.5607929437607706,0,0,1,0,0,0,0
0,0,0,0,-1.2842626174135892,1,1,0,0,0,0,0,0,1,0.3419209443321489,-0.9764475597380492,0,0,1,0,0,1,0
1,0,0,0,-0.3854420414046722,1,0,0,0,0,0,1,1,1,0.0034799135931199883,-0.34316238476252603,1,0,0,0,0,0,0
1,0,1,1,-0.7939968486814527,1,1,0,0,0,0,0,0,1,0.31869459908535314,-0.6137663274116822,0,0,1,0,1,0,0
0,0,0,0,1.45305459134084,1,1,1,0,0,0,0,0,0,-0.3432562404483366,0.618197792862023,0,0,0,0,0,0,1
0,0,0,0,-0.7122858872260965,1,0,0,0,0,0,0,0,0,-1.4995964288066868,-0.8632269231023612,0,1,0,1,0,0,1
1,0,1,0,0.47252305387656673,1,0,0,1,1,1,1,0,1,0.20422189751185785,0.4251709530928752,1,0,0,0,0,1,0
0,0,0,0,0.30910113096585456,1,1,0,0,0,0,0,1,0,0.6322502599171005,0.5495591612953584,0,0,1,0,0,0,0
0,0,0,0,0.6359449767872789,1,1,0,0,0,0,0,0,0,-1.3536022586839682,-0.4873917922506784,0,1,0,1,1,0,0
1,0,0,0,-1.2842626174135892,1,0,0,0,1,1,1,1,1,0.3551931416160326,-0.9762709973417362,0,0,0,0,0,1,0
0,0,0,0,0.8402223804256691,0,0,1,1,1,1,1,0,1,-0.37145965967658906,0.2612989790149057,1,0,0,0,0,1,0
0,0,1,0,-0.5488639643153844,1,0,0,0,0,0,0,0,0,-0.6601299506010553,-0.6389706094853578,0,0,0,0,0,0,1
0,0,0,0,-1.2842626174135892,1,0,0,0,0,0,0,0,0,-0.6850153205083369,-0.9901090751527647,0,0,0,0,0,0,0
1,0,0,0,0.26824565023817654,1,0,0,0,1,1,0,0,0,0.5675482981581688,0.41161978917585534,1,0,1,0,0,1,0
1,0,1,1,0.4316675731488887,1,1,0,0,1,1,1,1,1,1.3107913460556446,0.9554761104188625,1,0,1,0,1,0,0
0,0,0,1,-1.161696175230555,1,1,0,0,1,1,0,0,1,0.740086862848654,-0.8588790740931543,0,0,1,0,0,0,1
1,0,0,0,1.575621033523874,1,1,1,1,1,1,0,1,0,0.5244136569855471,1.5100365269383427,0,1,0,0,0,0,0
0,0,1,0,0.5950894960596009,1,0,0,0,1,0,0,1,1,0.6803619750711782,0.7761769969630475,0,0,1,0,0,1,0
1,0,1,1,-0.14030915703860394,1,0,0,0,0,0,0,0,1,0.197585798869916,-0.13790859904870556,0,0,1,0,0,1,0
0,0,1,0,1.0444997840640593,0,0,1,1,0,0,1,0,1,-0.6451987286566863,0.1116182075405906,1,0,0,0,0,1,0
0,0,0,0,-0.7122858872260965,1,1,0,0,0,0,0,0,1,-0.5207718791202784,-0.7096397086096217,0,0,0,0,0,1,0
0,0,1,0,1.616476514251552,1,1,1,1,0,0,0,0,1,0.6388863585590423,1.6619022580670306,0,1,1,0,0,0,0
0,1,1,0,0.4316675731488887,0,0,0,1,1,0,1,1,0,-0.30675769791765717,0.024263961964751682,0,0,0,0,1,0,0
0,1,1,0,-0.30373107994931614,1,0,0,1,1,0,1,1,1,1.1183444854393338,0.10031821417656095,0,0,1,0,0,1,0
0,0,1,0,-1.2434071366859112,1,0,0,0,0,0,0,0,0,-1.4747110588994052,-0.9911243089315643,0,0,0,1,0,0,1
0,0,0,0,-1.120840694502877,1,0,0,0,0,0,0,0,1,-0.6883333698293078,-0.9203669286091439,0,0,0,0,1,0,0
1,0,1,1,-0.7122858872260965,1,1,0,0,1,1,0,0,1,-0.1707176757578512,-0.6268540150383808,0,0,0,0,0,0,0
1,0,1,1,-0.8757078101368088,1,0,0,0,0,0,0,0,0,-1.4979374041462012,-0.9099497472266792,0,1,0,1,0,0,1
0,0,1,1,0.18653468878282042,1,1,0,0,0,0,0,0,0,-1.2723100503201816,-0.6072114484485636,0,0,0,1,0,0,1
0,0,0,0,-0.8757078101368088,1,1,0,0,1,0,1,1,1,1.1930005951611786,-0.5109187315593808,0,0,1,0,0,1,0
0,0,1,1,-0.6305749257707405,1,0,1,1,0,0,1,1,0,0.32367167306680916,-0.4729357460525545,0,0,0,0,0,0,1
0,1,1,0,1.2079217069747716,1,1,0,1,1,0,1,0,1,1.1000952141739941,1.610831584933506,1,0,1,0,1,0,0
1,0,0,0,-0.22202011849396003,1,1,0,0,0,0,0,0,0,-0.5240899284412494,-0.4395875234489435,0,0,0,0,0,0,1
0,0,1,0,-0.30373107994931614,1,0,0,0,0,0,0,0,1,-1.4796881328808613,-0.7854070469274222,1,0,0,1,0,0,0
1,0,1,0,0.7176559382426351,1,0,0,0,0,0,0,0,0,-1.4929603301647452,-0.5623645997850707,0,1,0,1,0,1,0
1,0,1,1,1.493910072068518,1,1,0,0,1,0,1,1,1,1.1498659539885574,2.0835994713610058,0,0,1,0,1,0,0
0,0,1,0,-0.181164637766282,1,1,0,0,0,0,0,0,0,-1.3021724942089197,-0.7128840426418723,1,0,0,1,0,0,1
1,0,1,1,0.10482372732746434,1,0,0,0,0,0,0,0,0,-1.469733984917949,-0.6744155105451854,0,1,0,1,0,0,0
1,0,0,0,-0.14030915703860394,1,0,0,0,0,0,0,0,0,-1.5161866754115412,-0.7758726775265222,1,0,0,1,0,0,1
1,1,1,0,1.3304881491578058,1,1,0,1,1,0,1,1,1,1.27263377886448,1.9886309724441702,1,0,1,0,0,0,0
1,0,1,1,0.10482372732746434,1,0,0,0,0,0,0,0,0,-1.4896422808437741,-0.7156207597847233,1,0,0,1,0,1,0
1,0,1,1,0.758511418970313,1,0,0,0,0,0,0,0,0,-1.5012554534671723,-0.5298991891630245,0,1,0,1,1,0,0
0,0,0,0,-1.161696175230555,1,0,0,0,0,0,0,0,0,-0.6352445806937738,-0.9252665351068287,0,0,0,0,0,0,1
1,0,1,1,1.3304881491578058,1,1,0,1,1,1,1,1,1,0.6438634325404988,1.340669048275132,0,1,0,0,0,0,0
1,0,0,0,-0.3854420414046722,1,0,1,0,1,0,1,1,1,1.1664562005934118,0.002436435720561604,1,0,1,0,1,0,0
1,1,0,1,0.22739016951049848,1,1,1,0,0,0,0,0,1,0.519436583004091,0.3864155071021798,0,0,1,0,0,0,1
1,1,0,0,0.4316675731488887,1,1,0,0,0,0,1,0,1,0.6654307531268092,0.5995925303505445,0,0,1,0,0,1,0
0,0,1,1,-0.8348523294091307,1,1,0,0,0,0,0,0,0,-1.3121266421718323,-0.8883429239778802,0,1,0,1,1,0,0
0,0,1,0,1.3304881491578058,1,1,1,1,0,1,1,0,1,1.1730922992353536,1.9228835501171304,1,0,1,0,0,0,0
0,1,1,1,-0.7531413679537746,1,1,0,0,0,0,1,1,1,1.0287571537731202,-0.41533226425545006,0,0,1,0,0,1,0
1,0,0,0,-0.5080084835877063,1,1,0,0,0,0,1,0,1,0.678702950410693,-0.2439784586337186,0,0,1,0,0,1,0
0,0,1,1,0.9627888226087032,1,0,1,1,1,0,0,0,1,-0.1159698619618318,0.46770042030476056,0,1,0,0,1,0,0
1,0,1,0,0.3908120924212107,0,0,0,0,0,0,0,0,1,-1.3171037161532886,-0.5253085668588874,0,0,0,0,1,0,0
1,0,0,0,-0.8757078101368088,1,0,0,0,1,0,0,0,0,0.26892385927079004,-0.6483284164899449,0,0,1,0,0,1,0
1,0,0,0,-1.2434071366859112,1,1,0,1,0,0,0,0,1,0.5708663474791394,-0.9280915334478361,0,0,1,0,0,1,0
0,0,1,1,-1.2025516559582332,1,0,0,0,0,0,0,0,0,-1.4979374041462012,-0.982825876304855,0,0,0,1,0,0,1
1,0,0,0,-1.2842626174135892,1,0,0,0,0,0,0,0,1,0.15113310837632357,-0.9789856441850481,0,0,1,0,0,1,0
1,0,0,0,-0.8757078101368088,1,0,0,0,0,0,0,0,0,-1.5012554534671723,-0.9110974028027133,0,1,0,1,1,0,0
1,0,0,0,-1.2025516559582332,1,1,0,0,0,1,1,0,1,0.015093086216517863,-0.9169460321805804,0,0,0,0,0,0,1
0,0,0,0,-1.2842626174135892,1,0,0,0,0,0,0,0,0,-1.5012554534671723,-1.000967662526012,0,0,0,1,0,0,1
1,0,1,1,1.45305459134084,1,0,0,0,0,0,0,0,1,-1.4879832561832886,-0.43433479215863274,0,1,0,1,0,0,0
1,0,1,1,0.8402223804256691,1,0,0,0,0,0,0,0,0,-1.4796881328808613,-0.5381093405915772,1,0,0,1,1,0,0
0,1,0,0,1.1262107455194155,1,1,1,0,0,0,1,1,1,1.2145679157474896,1.7167910930208234,1,0,1,0,0,0,0
0,0,0,0,1.3713436298854838,1,1,0,1,0,0,1,0,1,0.7998117506261301,1.6388829356477281,1,0,1,0,0,0,0
0,0,0,0,-0.181164637766282,1,1,1,0,1,0,0,0,0,-0.19228499634416185,-0.2793130081958505,1,0,0,0,0,0,1
0,1,1,0,-1.120840694502877,1,0,0,0,0,0,0,0,0,0.17435945362311978,-0.876027696835051,0,0,1,0,0,1,0
1,1,1,0,-0.34458656067699417,0,0,1,0,0,0,0,1,0,-0.852576811217366,-0.5808595107988537,0,0,0,0,0,0,0
0,0,1,1,0.5133785346042448,1,0,0,1,0,1,0,0,1,-0.35321038841124935,0.014376467771225865,1,0,0,0,1,0,0
0,0,1,1,-1.079985213775199,1,1,0,1,1,0,1,0,1,0.9706912906561299,-0.7806177919274331,0,0,1,0,0,0,1
1,1,1,0,1.2896326684301276,1,0,1,0,1,0,0,0,0,0.5144595090226345,1.2052456903030888,1,0,1,0,1,0,0
1,0,1,1,1.0444997840640593,1,0,0,1,0,0,1,1,1,0.9308746988044793,1.3320837017544143,0,0,1,0,0,1,0
0,1,0,0,-1.120840694502877,1,1,0,0,0,0,1,0,1,0.6090239146703047,-0.8127080074573143,0,0,1,0,1,0,0
1,0,1,0,-0.05859819558324785,1,1,0,0,0,0,1,0,1,-0.1906259716836765,-0.17851795020068725,0,0,0,0,1,0,0
0,0,0,0,0.10482372732746434,1,1,0,0,1,0,1,1,1,1.1764103485563242,0.5475066234382201,0,0,1,0,0,1,0
1,0,0,1,-1.120840694502877,1,0,0,0,0,0,0,0,0,-1.4796881328808613,-0.9726293979177814,0,0,0,1,0,0,1
1,0,0,0,-0.6714304064984186,1,0,0,0,0,0,0,0,1,0.1710414043021491,-0.4774822277576133,0,0,1,0,1,0,0
0,1,1,0,1.616476514251552,1,1,0,1,1,0,1,1,1,1.3589030612097224,2.3582643491253603,1,0,1,0,1,0,0
0,0,1,1,1.1262107455194155,1,1,1,1,0,0,1,0,0,0.974009339977101,1.5557661875834004,1,0,1,0,0,0,0
1,0,1,1,1.4121991106131617,1,1,0,0,0,0,0,0,0,-1.2772871243016382,-0.2641065718133964,0,1,0,1,0,0,1
0,0,1,1,1.616476514251552,1,1,1,1,0,1,0,0,1,0.8479234657802074,1.8875269302554591,0,1,1,0,0,0,0
0,0,1,0,0.7176559382426351,1,0,0,0,0,0,0,0,1,-1.4913013055042594,-0.5933071597389177,1,0,0,1,0,0,0
1,0,0,0,-0.9165632908644868,1,1,0,0,0,0,0,0,1,-1.3536022586839682,-0.9095966224340531,0,0,0,1,0,1,0
0,0,1,1,-1.161696175230555,1,1,0,1,0,0,1,1,1,1.1000952141739941,-0.8398765461899717,0,0,1,0,0,1,0
0,1,0,0,-1.161696175230555,1,1,0,0,0,0,0,0,1,0.3352848456902075,-0.8675747721115679,0,0,1,0,0,1,0
1,1,1,0,-0.3854420414046722,1,1,0,0,0,0,0,1,0,0.7301327148857414,-0.13744512275838405,0,0,1,0,0,1,0
1,1,0,0,-1.079985213775199,1,0,0,0,0,0,1,0,1,0.49455121309680944,-0.7899535286324811,0,0,1,0,0,1,0
1,0,0,0,-0.8348523294091307,1,1,0,0,1,0,1,1,0,0.33030777170875103,-0.6445323249692162,0,0,0,0,0,0,0
0,0,1,0,-0.9165632908644868,1,0,0,0,0,0,0,0,1,-1.4680749602574634,-0.8980317854755541,0,0,0,1,0,0,1
1,0,1,0,-0.8348523294091307,1,0,1,1,1,0,0,0,1,0.657135629824382,-0.5858915390937731,0,0,1,0,0,1,0
1,0,1,1,-0.4262975221323503,1,0,1,0,1,1,1,0,1,0.08974919593836256,-0.32804422957822854,1,0,0,0,0,0,0
0,0,0,0,0.5950894960596009,1,0,1,0,0,0,0,0,0,0.35353411695554726,0.5552312282769123,0,0,1,0,1,0,0
0,0,0,0,-0.34458656067699417,1,1,0,0,1,0,1,1,1,1.1266396087417612,0.05299949196468671,0,0,1,0,0,1,0
0,0,0,0,0.06396824659978628,1,1,1,1,0,1,0,0,1,-0.013110333011734388,-0.08761038639904997,1,0,0,0,0,0,1
1,1,1,0,-0.9574187715921648,1,0,0,0,0,0,0,0,1,-1.4448486150106672,-0.9193075542312662,0,0,0,1,0,0,1
1,0,0,1,-0.181164637766282,1,0,1,0,0,0,0,0,1,0.3352848456902075,-0.09652678741285456,0,0,1,0,0,0,0
0,0,1,1,1.493910072068518,1,1,1,0,1,1,0,0,1,-0.02140545631416158,0.8681880757416409,0,1,0,0,1,0,0
0,0,0,0,0.26824565023817654,0,0,0,0,1,0,1,1,1,-0.46934211464523,-0.16854217480900474,0,0,0,0,1,0,0
0,1,0,0,-0.22202011849396003,1,1,1,1,1,0,1,1,1,1.516510403955839,0.25176460961400565,1,0,1,0,0,0,0
0,0,0,1,-1.2434071366859112,1,0,0,0,0,0,0,0,0,-1.469733984917949,-0.9927133704983809,1,0,0,1,0,0,0
0,0,0,0,-1.2842626174135892,1,0,0,0,0,0,0,0,1,-1.5062325274486286,-1.0010338734246294,0,0,0,1,0,0,1
1,0,1,0,1.3304881491578058,1,1,1,1,1,0,0,0,0,0.8280151698543823,1.5371388547723828,1,0,1,0,0,1,0
0,0,0,0,-0.181164637766282,1,0,1,0,0,1,0,0,0,-0.3482333144297931,-0.3270510660989681,1,0,0,0,0,0,1
1,0,0,0,-0.8348523294091307,1,1,0,0,0,0,1,0,1,0.652158555842926,-0.541905432112306,0,0,1,0,0,1,0
0,1,1,0,-1.2842626174135892,1,0,0,0,0,0,0,0,1,0.18763165090700348,-0.9785000975951874,0,0,1,0,0,0,1
1,0,0,1,-0.22202011849396003,1,1,0,0,0,1,0,0,1,0.4879151144548676,-0.047089316445224676,0,0,1,0,0,1,0
1,0,1,1,1.3713436298854838,1,1,0,0,0,0,0,0,1,-1.310467617511347,-0.27141184096084536,0,1,0,1,1,0,0
0,0,0,0,1.616476514251552,1,1,1,1,0,0,0,0,0,-0.16739962643688028,0.872999401041169,0,1,0,0,0,0,0
1,1,1,1,1.0444997840640593,1,1,1,1,0,1,0,0,1,0.831333219175353,1.2529396076071282,1,0,1,0,0,0,0
1,0,0,0,-1.0391297330475209,1,1,0,1,0,0,1,1,1,1.1614791266119553,-0.7124205663515508,0,0,1,0,0,1,0
0,0,1,1,-0.6305749257707405,1,1,1,0,1,0,1,0,0,0.9823044632795283,-0.3001694412603193,0,0,1,0,0,1,0
0,0,1,1,1.5347655527961959,1,1,0,0,0,0,0,0,0,-1.330375913437172,-0.26543078978574364,0,1,0,1,0,0,0
1,0,0,0,-1.2842626174135892,1,0,0,0,0,0,0,0,0,-0.636903605354259,-0.9894690364661303,0,0,0,0,0,0,1
0,0,0,0,1.2896326684301276,1,1,0,0,0,0,0,0,0,-1.330375913437172,-0.2844774582880047,1,0,0,1,0,0,1
0,0,1,0,0.9219333418810253,1,1,0,1,0,0,0,0,1,0.42984925133787727,0.8736173694282643,0,0,1,0,1,0,0
1,1,0,0,0.758511418970313,1,1,0,1,0,0,0,0,1,0.4912331637758383,0.7448592419170355,1,0,1,0,0,0,0
0,0,0,0,-1.120840694502877,1,1,0,0,0,0,1,0,1,0.6770439257502076,-0.80001758522232,0,0,1,0,0,1,0
0,0,0,0,0.4316675731488887,1,1,1,1,1,1,1,1,0,1.6674816480600136,1.1511293158331655,0,1,1,0,1,0,0
1,1,1,0,0.8402223804256691,1,1,0,1,0,0,1,1,1,1.231158162352344,1.4399412556020958,0,0,1,0,0,1,0
1,0,1,1,1.2487771877024496,1,0,0,0,0,0,0,0,0,-1.4962783794857157,-0.4464293163060708,0,1,0,1,0,0,1
1,0,0,0,-0.22202011849396003,1,0,0,0,0,0,0,0,0,-1.4747110588994052,-0.7749457249458792,0,1,0,1,1,0,0
0,1,0,0,-0.4262975221323503,1,0,1,0,1,1,0,1,1,0.16440530566020725,-0.3274483314906722,0,0,0,0,0,0,1
1,1,0,0,-1.079985213775199,1,0,1,0,0,0,1,0,1,0.6753849010897223,-0.7873050926877867,0,0,1,0,0,0,0
1,0,1,1,-0.05859819558324785,1,1,1,0,1,1,0,0,0,0.8130839479100133,0.23649196233293432,0,0,1,0,0,1,0
1,0,1,1,1.2896326684301276,1,0,1,1,0,0,0,0,0,0.5393448789299161,1.2571771051186396,0,0,1,0,0,1,0
1,0,1,0,1.575621033523874,1,0,0,0,0,0,0,0,0,-1.4581208122945508,-0.3299422753385929,1,0,0,1,0,1,0
1,0,1,0,1.45305459134084,0,0,1,0,1,0,1,1,1,-0.3548694130717347,0.6653178823780453,0,1,0,0,0,0,0
0,0,1,0,-1.2842626174135892,1,0,1,1,0,0,0,0,1,-0.3731186843370746,-0.9859598588394101,0,0,0,0,0,0,1
1,1,0,0,1.2896326684301276,1,1,1,1,0,0,1,1,1,1.2842469514878776,1.8810161918914188,0,0,1,0,0,0,0
1,0,0,0,-1.2434071366859112,1,0,0,0,0,1,1,1,0,0.18265457692554699,-0.951154996466217,0,0,0,0,0,1,0
1,0,0,1,-1.2842626174135892,1,0,0,0,0,0,0,0,0,-0.6899923944897931,-0.9901752860513822,0,0,0,0,0,1,0
1,0,1,1,-0.181164637766282,1,1,0,1,0,0,0,1,0,-0.013110333011734388,-0.21411734335728852,0,0,0,0,0,1,0
1,0,0,0,-1.2434071366859112,1,0,0,0,0,0,0,0,0,-1.478029108220376,-0.9933534091850154,0,0,0,1,0,0,1
0,1,1,1,1.616476514251552,1,1,1,1,1,1,1,1,1,0.8213790712124405,1.8369638740113345,0,1,0,0,1,0,0
1,0,0,0,-0.181164637766282,1,0,0,1,0,1,1,0,1,0.8777859096689454,0.08670083936092365,1,0,1,0,0,0,0
0,0,1,1,0.9219333418810253,1,1,1,0,0,0,1,1,0,1.1979776691426351,1.3954475317312294,1,0,1,0,0,0,1
0,0,1,0,1.3304881491578058,1,0,1,1,1,0,0,1,0,0.2058809221723432,0.926497807123997,0,1,0,0,0,0,0
1,1,1,1,0.06396824659978628,1,1,0,1,1,1,1,1,1,1.4634216148203052,0.5905878481385832,0,0,1,0,0,1,0
1,1,1,0,0.8402223804256691,1,1,1,0,0,1,0,0,1,-0.15744547847396775,0.41598970848460126,1,0,0,0,0,1,0
1,0,1,1,0.18653468878282042,1,0,0,0,0,0,0,0,0,-1.4929603301647452,-0.6890922597387005,0,1,0,1,0,0,0
0,0,0,1,-0.7122858872260965,1,0,0,1,0,0,0,1,1,0.7002702709970038,-0.44921017404799995,0,0,1,0,0,0,0
1,0,1,0,1.575621033523874,1,0,1,0,1,1,1,1,1,0.5891156187444793,1.5649695024912134,0,1,0,0,0,1,0
1,0,0,0,-1.0391297330475209,1,0,1,0,0,0,0,0,0,0.31703557442486735,-0.7740629129643144,0,0,1,0,0,0,1
1,0,1,1,1.4121991106131617,1,1,0,1,1,1,1,1,1,1.5397367492026353,2.3145430857383626,0,1,1,0,0,0,0
1,0,1,0,0.7993668996979911,1,1,0,1,0,1,0,1,1,1.023780079791664,1.236453093851405,0,0,1,0,1,0,0
0,0,1,1,1.493910072068518,1,1,0,1,1,1,1,1,1,1.4584445408388487,2.2978800095863265,1,0,1,0,0,0,0
1,0,1,1,-0.34458656067699417,1,1,1,0,0,0,1,1,0,0.33196679636923637,-0.20570855923288364,1,0,0,0,0,0,1
0,0,0,0,-1.0391297330475209,1,0,1,1,0,1,1,1,1,0.45473462124515884,-0.7575322586095131,0,0,0,0,0,1,0
1,0,0,1,0.26824565023817654,1,1,0,0,0,0,0,0,0,-1.3054905435298905,-0.5865315777804075,1,0,0,1,0,0,0
1,0,1,0,0.7176559382426351,1,0,0,0,0,0,0,0,0,-1.4680749602574634,-0.5383300435869685,0,1,0,1,0,0,1
1,0,1,0,1.575621033523874,1,1,0,0,1,0,1,1,1,1.1233215594207904,2.063846553273493,1,0,1,0,1,0,0
0,0,1,1,-0.7939968486814527,1,0,0,0,0,0,0,0,0,-1.5012554534671723,-0.8924921402912349,0,1,0,1,0,0,1
0,0,0,0,-1.2842626174135892,1,0,0,0,0,0,0,0,0,-1.5244817987139683,-1.0012766467195597,0,0,0,1,0,1,0
1,0,0,0,-0.14030915703860394,1,0,0,0,0,1,1,1,1,0.9756683646375863,0.14141311191840325,0,0,1,0,0,1,0
0,1,1,0,-0.22202011849396003,1,1,0,1,1,1,1,1,0,0.6322502599171005,0.010138970259714572,0,0,0,0,0,1,0
1,0,1,1,0.6359449767872789,1,0,0,1,1,0,0,0,1,-0.29846257461522996,0.16065841311651627,1,0,0,0,1,0,0
1,0,1,0,-1.079985213775199,1,0,0,1,1,0,0,1,1,0.8694907863665182,-0.7752105685403486,0,0,1,0,0,1,0
1,0,1,1,1.0853552647917375,1,0,0,1,1,1,1,1,0,0.39666875812816854,0.9952247198888181,1,0,0,0,1,0,0
1,1,1,0,-0.0994536763109259,1,1,1,1,1,1,1,0,1,1.357244036549237,0.394868431825663,0,0,1,0,0,0,0
0,0,0,0,-0.017742714855569806,1,0,0,0,0,0,0,0,0,-1.4680749602574634,-0.7206748583791819,1,0,0,1,0,0,0
1,0,0,0,-1.2025516559582332,1,0,0,0,0,0,1,1,1,0.9026712795762271,-0.8918300313050612,0,0,1,0,0,1,0
1,0,1,1,-1.120840694502877,1,1,0,0,0,1,0,0,1,-0.30178062393620064,-0.895096435636851,0,0,0,0,0,0,1
0,0,1,1,1.5347655527961959,1,1,1,1,1,1,1,1,1,0.8031297999471008,1.7682590315460522,0,1,0,0,0,0,0
1,0,0,0,-1.2842626174135892,1,0,0,0,0,0,0,0,1,0.16938237964166375,-0.9787428708901177,0,0,1,0,0,1,0
0,0,1,1,0.8810778611533472,1,1,1,1,1,1,1,1,0,0.8794449343294308,1.1819835945888557,0,1,0,0,1,0,0
1,0,1,1,1.616476514251552,1,1,1,1,1,1,1,0,1,1.3705162338331203,2.3224001123742894,0,1,1,0,1,0,0
1,0,0,1,1.3713436298854838,1,1,1,1,0,1,0,0,0,0.030024308160886897,0.9232755433912854,0,1,0,0,0,0,0
0,0,0,0,-0.9574187715921648,0,0,1,0,1,1,1,1,0,-0.20887524294901622,-0.7713041255219243,0,0,0,0,0,0,1
0,0,1,1,0.3499566116935326,1,0,1,1,0,1,1,1,0,0.4530755965846735,0.37043661023585644,0,1,0,0,0,1,0
0,1,1,0,1.575621033523874,1,1,1,1,1,1,0,1,1,0.5940926927259357,1.564329463804579,0,1,0,0,0,0,0
1,0,1,0,1.616476514251552,1,1,1,0,1,1,1,1,1,1.5297826012397227,2.627963409493413,0,1,1,0,1,0,0
0,0,1,0,1.616476514251552,1,1,0,1,1,1,1,1,1,1.5148513792953537,2.5139261717747767,0,1,1,0,0,0,0
1,1,0,0,-0.8348523294091307,1,0,0,1,1,1,0,0,1,0.6305912352566152,-0.5550593306376218,0,0,1,0,0,0,1
1,0,0,0,0.9219333418810253,1,0,0,1,0,1,0,1,1,-0.019746431653676233,0.5915148007192265,1,0,0,0,0,1,0
1,0,1,0,1.616476514251552,1,1,0,1,1,0,1,1,1,1.292542074790305,2.2330595398399296,0,1,1,0,0,0,0
0,1,1,0,1.3304881491578058,1,1,0,1,1,0,1,1,1,1.460103565499334,2.116638709771069,0,0,1,0,0,0,0
0,0,1,1,-1.079985213775199,1,1,0,0,0,1,0,0,1,0.5210956076645764,-0.7876361471808735,0,0,1,0,0,1,0
0,0,0,0,-1.161696175230555,1,0,0,0,0,0,0,0,1,0.2025628728513725,-0.8890933141622103,0,0,1,0,0,0,0
1,0,0,0,1.2079217069747716,1,1,1,1,0,1,0,1,0,1.2344762116733146,1.87245291567024,1,0,1,0,0,1,0
1,0,1,1,1.4121991106131617,1,1,0,0,0,0,0,0,0,-1.3320349380976575,-0.2943208118824524,0,1,0,1,0,0,0
1,0,0,0,-0.9982742523198429,1,1,0,1,1,0,1,0,1,0.9690322659956445,-0.6681034048769968,0,0,1,0,0,1,0
1,0,0,0,1.616476514251552,1,0,0,0,0,0,0,0,1,-1.4597798369550363,-0.33813035646760653,0,1,0,1,0,0,1
0,1,1,0,1.3713436298854838,0,0,0,1,1,0,1,0,0,-0.6385626300147447,0.3266491359502415,1,0,0,0,0,0,0
1,0,0,0,-0.9165632908644868,1,1,0,0,0,0,1,1,1,0.24403848936350844,-0.6590104414668793,0,0,0,0,1,0,0
0,1,1,0,0.4316675731488887,1,1,1,0,1,1,1,1,1,1.4849889354066155,1.1225041373309261,1,0,1,0,0,0,1
0,0,1,1,-0.4262975221323503,1,0,1,1,1,0,0,0,0,-0.12094693594328808,-0.3818957604536825,0,0,0,0,0,0,1
1,0,0,0,-0.8348523294091307,1,0,0,0,0,0,1,0,1,0.5526170762137997,-0.6070348860522505,0,0,1,0,0,1,0
1,0,0,0,-0.9165632908644868,1,0,0,0,0,0,0,0,1,-0.6302675067123175,-0.817055856466521,0,0,0,0,1,0,0
1,0,1,0,-0.22202011849396003,1,0,1,0,0,0,0,0,0,-0.534044076404162,-0.3820281822509172,1,0,0,0,1,0,0
0,0,0,1,-0.9982742523198429,1,0,0,0,0,0,0,0,0,-1.4846652068623178,-0.937383129553806,0,0,0,1,0,0,1
0,0,1,1,-0.8348523294091307,1,0,0,0,0,0,0,0,0,-1.4763700835598907,-0.9105015047151571,0,1,0,1,0,0,0
1,0,0,0,1.575621033523874,0,0,1,1,1,1,1,0,0,-0.35984648705319094,0.7068762564102092,0,1,0,0,0,0,0
1,0,1,1,0.7176559382426351,1,1,1,0,1,0,1,1,0,1.3655391598516642,1.348305371915668,0,0,1,0,1,0,0
0,0,1,1,1.5347655527961959,1,1,1,1,1,0,1,1,1,1.4385362449130237,2.490995130553631,1,0,1,0,1,0,0
1,0,1,1,-1.0391297330475209,1,0,0,0,0,0,0,0,0,-0.6651070245825116,-0.8623220408212571,0,0,0,0,0,1,0
1,1,1,1,0.5542340153319228,1,1,1,1,1,0,1,0,1,1.1913415705006933,0.9949157356952705,0,0,1,0,0,1,0
0,0,1,1,-1.079985213775199,1,1,0,0,0,0,0,0,1,-0.5257489531017348,-0.8889829626645147,0,0,0,0,1,0,0
0,0,0,0,-1.079985213775199,1,0,0,0,1,1,0,1,1,0.811424923249528,-0.7946103618352355,0,0,1,0,0,1,0
0,0,1,0,0.5950894960596009,1,1,0,0,0,0,0,0,0,-1.257378828375813,-0.45746446607563107,1,0,0,1,0,1,0
1,0,1,0,0.14567920805514237,1,0,1,0,0,0,1,1,1,0.9557600687117609,0.47619748562732195,0,0,1,0,0,1,0
1,0,0,0,-0.9982742523198429,1,0,0,0,1,0,1,1,1,0.9922586112424407,-0.6828242946695903,0,0,1,0,0,1,0
1,0,1,1,0.30910113096585456,0,0,0,1,1,1,1,1,0,-0.14915035517154057,0.0711854187849219,1,0,0,0,0,0,1
1,0,0,0,1.1670662262470934,1,1,1,0,1,0,1,1,0,1.300837198092732,1.7992678023985165,1,0,1,0,0,1,0
1,0,1,0,1.616476514251552,1,1,1,1,1,0,1,0,1,1.1000952141739941,2.13067542027795,0,1,1,0,1,0,0
0,1,1,0,0.26824565023817654,1,0,1,1,0,0,1,1,0,1.138252781365159,0.7021532123088373,1,0,1,0,0,0,1
1,0,1,0,-0.9982742523198429,1,0,0,0,0,0,0,0,1,-1.5012554534671723,-0.9384645742312228,0,0,0,1,0,0,0
1,0,0,0,-1.2842626174135892,1,0,0,0,0,0,1,1,1,0.8064478492680714,-0.9702678758670955,0,0,1,0,0,1,0
0,0,1,0,0.02311276587210824,0,0,1,0,1,1,1,1,0,-0.17403572507882212,-0.11959025043123557,0,1,0,0,0,0,0
0,0,0,1,-0.05859819558324785,1,1,0,0,0,0,1,0,1,0.7218375915833142,0.1810513698906637,0,0,1,0,1,0,0
0,0,1,0,-0.9574187715921648,1,0,0,0,0,0,1,1,0,0.8180610218914698,-0.6330336989093345,0,0,1,0,0,1,0
0,0,1,0,1.5347655527961959,1,0,0,0,0,0,0,0,0,-1.4913013055042594,-0.4232555017899943,0,1,0,1,1,0,0
1,0,1,1,0.9219333418810253,1,0,0,0,0,0,0,0,0,-1.5029144781276575,-0.556560111006282,1,0,0,1,0,0,1
1,0,0,0,-1.161696175230555,1,0,0,0,0,0,0,0,0,-1.5062325274486286,-0.968369830106731,0,0,0,1,0,0,1
1,0,0,1,0.6359449767872789,1,1,1,0,1,0,1,1,1,0.46302974454758605,0.6158583411108762,1,0,0,0,1,0,0
1,0,0,1,1.1670662262470934,1,0,0,0,0,0,0,0,0,-1.4946193548252305,-0.5133685348082232,0,1,0,1,0,0,1
0,1,1,0,-1.2434071366859112,1,0,0,0,0,0,0,0,1,0.14947408371583823,-0.9417089082634734,0,0,1,0,0,1,0
0,0,0,0,-1.079985213775199,1,0,0,0,0,1,0,0,1,-0.4643650406637737,-0.8824501540009351,0,0,0,0,0,0,0
1,0,0,0,-1.2025516559582332,0,0,0,1,0,0,0,0,1,-1.1677914967095993,-0.9745274436781458,0,0,0,0,0,1,0
1,0,0,0,-0.4262975221323503,0,0,0,1,1,0,0,1,1,-0.6982875177922203,-0.6107426963748228,1,0,0,0,0,0,0
0,0,0,0,0.02311276587210824,1,0,0,1,0,1,0,0,1,0.5028463363992366,0.17551172470634438,1,0,1,0,0,0,0
1,0,0,0,-0.8348523294091307,1,1,0,0,0,1,1,1,1,1.1664562005934118,-0.5095945135870336,0,0,1,0,0,0,1
0,1,1,0,1.616476514251552,1,1,1,1,1,1,1,1,1,1.6542094507761305,2.669058307235255,0,1,1,0,0,0,0
0,0,1,0,1.0444997840640593,1,0,1,1,0,0,1,0,1,0.015093086216517863,0.6640378050047763,0,0,0,0,1,0,0
1,0,1,0,1.0853552647917375,1,1,0,0,0,0,0,1,0,0.6886570983736054,1.234797821385971,1,0,1,0,0,1,0
1,0,1,1,0.06396824659978628,1,1,0,0,1,0,1,1,0,0.41159998007253756,0.20594666777079165,1,0,0,0,0,0,0
1,0,1,1,0.7993668996979911,1,1,0,0,0,0,0,0,0,-1.3270578641162014,-0.46706504637514845,0,1,0,1,0,0,1
1,0,0,0,-0.9165632908644868,1,0,0,0,0,0,0,0,1,-0.6385626300147447,-0.83188709775681,0,0,0,0,0,1,0
0,1,0,0,-0.6714304064984186,1,0,0,0,0,1,1,0,0,-0.1790127990602784,-0.5576415556836989,0,0,0,0,0,1,0
1,1,1,0,1.0444997840640593,1,1,1,1,1,0,1,1,1,1.4617625901598192,1.765632665900897,1,0,1,0,0,1,0
1,0,0,0,-0.9165632908644868,1,0,0,0,1,0,1,1,1,0.9988947098843826,-0.5466284762136778,0,0,1,0,0,1,0
1,0,0,0,-1.2025516559582332,1,0,0,0,1,1,1,0,1,0.831333219175353,-0.901695455199048,0,0,1,0,0,0,1
0,0,1,1,1.493910072068518,1,0,0,0,0,0,0,0,0,-1.4929603301647452,-0.37531881119102456,0,1,0,1,1,0,0
0,0,0,0,-0.7939968486814527,0,0,1,0,0,0,0,0,1,-1.1263158801974633,-0.8356390486784605,0,0,0,0,0,0,0
0,0,1,1,-0.30373107994931614,1,0,0,1,1,0,1,0,1,0.8081068739285573,-0.013012773956822734,0,0,1,0,0,0,0
1,1,0,0,-1.2842626174135892,1,0,0,0,0,0,0,0,0,-1.4846652068623178,-1.0007469595306207,0,0,0,1,0,0,1
1,0,0,0,-1.2842626174135892,1,1,0,0,1,1,0,0,0,-0.09108449205455024,-0.9822079079177596,0,0,0,0,0,0,1
1,0,0,0,1.45305459134084,1,1,1,1,1,0,0,1,1,1.2377942609942854,2.1461687705544126,0,1,1,0,0,0,0
1,0,0,0,-1.2842626174135892,1,1,0,1,0,0,0,1,1,0.8645137123850618,-0.9694954153832263,0,0,1,0,1,0,0
1,0,0,0,-0.9982742523198429,1,1,0,1,0,0,1,1,0,1.1963186444821494,-0.6478428699000843,0,0,1,0,0,1,0
0,0,0,0,-1.2842626174135892,0,0,0,0,0,0,0,0,0,-1.3121266421718323,-0.9984516483785523,0,0,0,0,0,1,0
0,0,1,0,0.5542340153319228,1,1,1,0,0,0,0,0,0,-0.3880499062814434,0.07617330648076322,0,0,0,0,0,1,0
1,0,0,0,0.5133785346042448,1,1,0,0,1,1,1,1,1,1.2892240254693341,1.0861322836904557,0,0,1,0,0,0,0
0,0,0,0,-0.9982742523198429,1,1,1,0,0,1,1,1,1,1.2792698775064213,-0.6355938536558724,0,0,1,0,0,0,0
1,0,0,0,-1.120840694502877,1,1,0,0,0,0,1,1,1,0.9972356852238968,-0.805314457111709,0,0,1,0,0,0,0
1,0,0,0,-0.4262975221323503,1,0,0,1,0,0,1,1,1,0.9424878714278776,-0.0573520057309157,0,0,1,0,0,0,1
0,0,0,0,1.0444997840640593,1,0,0,0,0,1,1,1,1,1.0121669071682657,1.5583704829290164,0,0,1,0,0,1,0
0,0,1,0,0.758511418970313,0,0,0,1,0,0,1,1,1,-0.5025226078549387,0.11746683691845752,0,0,0,0,0,1,0
1,0,0,0,0.26824565023817654,0,0,1,1,0,1,1,0,1,-0.5257489531017348,-0.17937869188271297,0,0,0,0,1,0,0
0,0,1,0,-0.26287559922163806,1,1,0,0,0,0,0,0,0,-1.2872412722645508,-0.7076533816511008,1,0,0,1,0,0,1
1,0,0,0,0.8402223804256691,1,1,0,0,0,0,1,0,0,0.6853390490526348,0.9843440622160319,0,0,1,0,0,0,0
1,0,1,1,-1.2842626174135892,1,0,0,0,0,0,0,1,0,0.504505361059722,-0.9742846703832153,0,0,1,0,0,1,0
0,0,0,0,-1.2842626174135892,0,0,0,1,0,0,0,0,0,-1.1561783240862011,-0.996377040221875,0,0,0,0,0,0,0
1,0,1,1,-0.5897194450430624,1,0,0,0,0,1,0,1,1,0.6903161230340908,-0.3026854554077791,0,0,1,0,0,1,0
1,0,0,0,0.5542340153319228,1,0,0,0,0,0,0,0,0,-1.4846652068623178,-0.6114489459600746,0,1,0,1,0,0,0
1,0,0,0,-1.2025516559582332,1,0,0,0,0,0,1,0,0,0.4796199911524404,-0.8914769065124354,0,0,1,0,0,1,0
0,0,0,1,-0.8348523294091307,1,0,0,0,0,0,0,0,1,-0.6717431232244534,-0.7974574304757821,0,0,0,0,0,1,0
1,0,0,0,-0.7531413679537746,0,0,0,0,1,1,1,1,1,-0.3250069691829969,-0.668853795061327,0,0,0,0,0,1,0
1,1,0,0,-1.120840694502877,1,0,0,0,0,0,0,0,1,0.18099555226506164,-0.8630945013051263,0,0,1,0,0,0,1
1,0,1,1,-0.181164637766282,1,0,0,1,1,0,1,1,0,1.179728397877295,0.22589821855415648,1,0,1,0,0,0,0
1,1,1,0,1.0853552647917375,1,1,0,0,0,0,1,1,1,0.964055192014188,1.45113089746843,0,0,1,0,0,0,0
1,0,0,0,-0.9165632908644868,1,0,0,0,0,0,0,0,1,-0.6617889752615407,-0.817408981259147,0,0,0,0,1,0,0
0,0,1,0,-0.4671530028600283,1,0,1,0,1,1,1,1,0,0.53436780494846,-0.2526079457535147,1,0,0,0,0,0,1
0,1,0,0,-1.120840694502877,0,0,0,0,0,0,1,1,0,-0.6335855560332881,-0.922198763470891,0,0,0,0,0,1,0
0,0,1,1,-0.9165632908644868,1,1,0,0,0,0,0,0,0,-1.2839232229435797,-0.9100380284248356,0,1,0,1,1,0,0
1,1,0,0,-1.120840694502877,1,0,0,0,0,0,0,0,1,0.22081214411671224,-0.8455706834710648,0,0,1,0,0,0,1
1,0,1,0,-0.9574187715921648,1,0,0,1,1,0,0,0,1,0.5011873117387513,-0.6822063262824949,0,0,1,0,0,1,0
0,0,0,0,-0.8757078101368088,1,1,0,0,1,0,1,1,1,1.0967771648530231,-0.5216669674349325,0,0,1,0,0,0,0
1,0,1,0,0.5950894960596009,1,0,0,1,1,0,1,1,0,0.2921502045175858,0.5453216637838473,0,1,0,0,0,1,0
1,0,0,0,-1.2025516559582332,0,0,1,0,1,1,0,0,0,-0.7779207014955213,-0.9622563571343947,0,0,0,0,0,0,1
1,0,0,0,-1.2842626174135892,1,0,0,0,0,1,0,0,1,0.3684653388999163,-0.9760944349454233,0,0,1,0,0,1,0
1,0,0,1,-0.3854420414046722,0,0,1,1,0,1,0,0,0,-0.8011470467423175,-0.5914091139785532,1,0,0,0,0,0,0
0,1,0,0,-0.6714304064984186,1,0,0,0,0,1,1,1,1,0.9839634879400135,-0.34254441637543065,0,0,1,0,0,1,0
1,0,0,0,-0.22202011849396003,1,0,1,0,1,1,1,1,0,0.560912199516227,-0.03296432474018757,1,0,0,0,0,1,0
1,0,1,1,1.45305459134084,1,1,0,0,0,0,0,0,0,-1.2955363955669779,-0.2653204382880481,0,1,0,1,0,0,1
0,0,0,0,-1.2434071366859112,0,0,0,1,0,0,1,1,0,-0.44445674473794844,-0.9668690497380708,0,0,0,0,0,1,0
1,0,0,1,-1.120840694502877,1,0,0,0,0,0,0,0,0,-1.4747110588994052,-0.9557456187703541,0,0,0,1,1,0,0
1,1,0,0,1.4121991106131617,1,1,0,0,0,0,0,0,1,0.3618292402579744,1.22429235880535,0,0,1,0,0,0,1
0,0,0,0,0.7993668996979911,1,0,1,0,1,1,0,0,0,-0.22712451421435595,0.3332702258119776,1,0,0,0,1,0,0
1,0,1,0,-0.14030915703860394,1,1,0,1,1,0,0,0,1,0.6969522216760327,0.06754381936096703,0,0,1,0,0,1,0
0,0,0,0,-1.2842626174135892,1,0,0,0,0,0,0,0,0,0.17601847828360512,-0.9786545896919613,0,0,1,0,0,1,0
0,0,0,0,-1.161696175230555,1,0,0,0,0,0,0,0,1,0.17767750294409096,-0.8911458520193486,0,0,1,0,0,1,0
0,0,0,0,1.493910072068518,1,1,1,0,1,1,1,1,1,0.6820209997316636,1.5935505403943744,0,1,0,0,1,0,0
0,0,0,0,-0.6714304064984186,0,0,1,0,0,0,1,0,1,-0.8592129098593079,-0.7163270093699751,0,0,0,0,0,1,0
1,0,1,0,-0.34458656067699417,1,1,0,0,0,0,1,1,1,0.9358517727859358,-0.017294412067412026,0,0,1,0,0,1,0
0,0,0,0,0.3908120924212107,1,0,0,1,1,1,1,1,1,1.2942010994507902,0.9005872754650697,0,0,1,0,0,0,0
0,0,0,0,1.1262107455194155,0,0,0,1,0,0,1,1,1,-0.4643650406637737,0.3267153468488589,0,0,0,0,0,1,0
1,0,0,1,-0.9165632908644868,1,1,0,0,0,0,1,1,0,1.0088488578472952,-0.5989130158218542,0,0,1,0,0,1,0
0,0,0,0,-0.9574187715921648,1,0,0,0,0,1,1,0,1,-0.17569474973930746,-0.775629904231592,0,0,0,0,0,0,0
0,0,1,0,-0.34458656067699417,1,0,0,1,0,0,1,1,1,0.15445115769729473,-0.29714581022345987,0,0,0,0,0,0,0
1,0,0,0,-0.5897194450430624,1,0,0,0,0,0,0,0,0,-1.4846652068623178,-0.8513531019503142,0,0,0,1,0,0,1
0,0,1,1,1.616476514251552,1,1,1,1,1,1,1,1,1,1.6857309193253533,2.618936656981912,0,1,1,0,0,0,0
0,0,1,1,1.2896326684301276,1,1,1,0,0,1,0,0,1,0.7301327148857414,1.3418829147497837,0,0,1,0,0,0,0
1,0,0,0,-1.2434071366859112,1,0,0,0,0,0,0,0,0,-1.5062325274486286,-0.9872620065122183,0,0,0,1,0,0,1
1,0,1,0,1.45305459134084,1,1,1,1,1,1,1,1,1,0.8628546877245764,1.7725185993571027,0,1,0,0,1,0,0
0,0,1,1,-1.2842626174135892,1,1,1,0,1,0,1,1,1,1.2494074336176837,-0.9643751058901503,0,0,1,0,0,1,0
0,0,1,0,1.0853552647917375,1,0,0,0,0,0,0,0,0,-1.4747110588994052,-0.4503357593244951,1,0,0,1,0,0,1
1,0,1,0,0.7176559382426351,1,1,0,1,0,0,1,1,1,1.1100493621369067,1.1350621377686856,1,0,1,0,0,1,0
0,0,1,1,1.616476514251552,1,1,1,0,1,1,1,1,1,1.5148513792953537,2.547627519171014,0,1,1,0,0,0,0
0,0,0,0,1.0036443033363813,1,1,0,1,0,1,0,1,0,0.9922586112424407,1.404430143643651,1,0,1,0,0,1,0
0,1,0,0,-0.5897194450430624,1,0,0,0,0,0,0,0,0,-1.4747110588994052,-0.8464534954526296,1,0,0,1,0,0,0
0,0,0,0,1.2079217069747716,1,1,1,1,1,1,1,1,1,1.6674816480600136,2.139150415300972,1,0,1,0,1,0,0
1,0,1,0,-0.34458656067699417,1,0,0,0,0,0,0,0,0,-1.4830061822018323,-0.7739304911670796,1,0,0,1,0,0,1
1,0,1,1,0.18653468878282042,0,0,1,1,1,0,0,0,0,-0.8160782686866863,-0.37008815020025304,0,0,0,0,0,0,0
0,0,1,1,-1.120840694502877,1,0,0,0,0,1,1,0,1,0.6952931970155474,-0.8017169982868323,0,0,1,0,0,1,0
0,0,0,0,-1.2025516559582332,1,0,0,0,0,0,0,0,1,0.1577692070182654,-0.9114725978948783,0,0,1,0,0,0,0
1,0,1,0,-0.14030915703860394,1,0,0,0,1,0,0,0,1,0.34855704297409074,-0.01051883010890208,0,0,1,0,1,0,0
0,0,1,0,-0.05859819558324785,1,0,0,0,0,1,0,0,1,-0.5174538297993075,-0.34812820215882817,0,0,0,0,0,0,1
1,0,1,1,-0.34458656067699417,1,0,0,0,0,0,0,0,1,-1.4597798369550363,-0.8022908260748494,1,0,0,1,1,0,0
0,0,1,0,-0.5897194450430624,1,0,1,0,0,0,0,0,0,0.33196679636923637,-0.37483326460116395,0,0,1,0,0,1,0
0,0,1,1,-0.6305749257707405,1,0,1,0,0,1,1,0,0,0.8976942055947705,-0.3146254874584432,0,0,1,0,0,1,0
0,0,0,0,1.493910072068518,1,1,1,1,0,1,0,0,1,0.0698409000125375,1.0111153355569849,0,1,0,0,0,0,1
0,0,0,1,0.6359449767872789,1,0,0,0,0,0,0,0,0,-1.4879832561832886,-0.596132158079925,1,0,0,1,0,0,1
1,0,1,1,0.8810778611533472,1,0,0,0,0,0,0,0,0,-1.4730520342389197,-0.5281997760985122,0,1,0,1,1,0,0
0,0,0,0,-0.7939968486814527,1,1,1,0,1,0,1,1,1,0.46302974454758605,-0.5702436967205368,0,0,0,0,0,1,0
0,1,1,1,-0.4262975221323503,1,1,0,0,0,0,1,0,0,0.6820209997316636,-0.14373515812703339,0,0,1,0,0,0,0
1,0,0,0,-0.5897194450430624,0,0,0,0,0,0,0,0,0,-1.3154446914928033,-0.7991347732407552,0,0,0,0,0,0,1
0,0,1,0,-0.6714304064984186,1,1,1,1,1,0,0,0,0,0.8595366384036057,-0.4027080529190731,0,0,1,0,0,1,0
1,0,0,0,-1.120840694502877,1,0,0,0,0,0,1,0,1,0.5244136569855471,-0.8261708901761778,0,0,1,0,0,1,0
0,0,0,0,0.8402223804256691,1,0,0,0,0,0,0,0,0,-1.478029108220376,-0.5468050386099907,0,1,0,1,0,0,1
1,1,0,0,0.47252305387656673,1,0,0,0,1,0,0,0,0,0.30044532782001293,0.36864891597318783,0,0,1,0,0,1,0
1,0,0,0,0.47252305387656673,1,0,0,1,0,1,1,1,0,1.1863644965192368,0.9317726087138467,0,0,1,0,0,1,0
0,0,0,0,1.5347655527961959,1,1,1,1,1,1,1,1,0,0.8280151698543823,1.8009230748639506,0,1,0,0,1,0,0
0,0,1,0,-1.079985213775199,1,1,0,1,1,0,1,1,1,1.3439718392653535,-0.7689426034712383,0,0,1,0,0,1,0
0,0,1,0,0.02311276587210824,1,0,0,0,0,1,0,0,1,-0.4427977200774628,-0.23320815245862775,1,0,0,0,0,0,1
0,0,0,0,-0.8757078101368088,1,0,0,0,0,0,0,0,0,-1.4863242315228034,-0.9160411498994765,1,0,0,1,0,0,1
0,0,1,1,1.616476514251552,1,1,0,0,0,0,0,0,0,-1.3386710367395993,-0.25519017079959183,0,1,0,1,0,0,0
0,0,1,0,-0.9574187715921648,1,0,0,0,0,0,0,1,1,0.4962102377572948,-0.6701118021350569,0,0,1,0,0,1,0
1,1,1,0,1.2487771877024496,0,0,1,0,0,1,0,0,0,-0.9521182908464922,0.005151082563873464,1,0,0,0,0,0,0
0,0,0,1,-1.2025516559582332,1,0,0,0,0,0,0,0,1,-1.4680749602574634,-0.9842604457748978,1,0,0,1,1,0,0
1,0,0,0,1.3713436298854838,1,0,1,0,1,1,1,1,1,1.3555850118887518,2.0116061542643946,0,1,1,0,0,0,0
0,0,0,0,1.3713436298854838,0,0,1,1,1,1,1,1,1,-0.0761532701101812,0.816234590626551,0,1,0,0,0,0,0
0,0,0,0,-1.2842626174135892,1,0,0,0,0,0,0,0,0,0.20919897149331387,-0.9782131837011788,0,0,1,0,0,0,1
0,0,0,0,-0.0994536763109259,1,0,0,0,0,1,1,1,1,0.9823044632795283,0.15487599463726673,1,0,1,0,0,0,0
1,0,0,0,-0.7939968486814527,1,0,0,0,0,0,0,0,1,0.17767750294409096,-0.598317117734298,0,0,1,0,0,1,0
0,0,1,1,1.616476514251552,1,1,1,1,1,1,0,1,1,0.4879151144548676,1.4895111483669605,0,1,0,0,0,0,0
0,0,1,1,-0.9982742523198429,1,1,0,1,0,0,0,0,0,-0.3001215992757153,-0.8123769529642275,0,0,0,0,0,1,0
1,0,1,1,-0.181164637766282,1,1,1,1,0,0,1,1,0,1.3705162338331203,0.24726226850802516,1,0,1,0,0,1,0
0,0,1,0,1.3304881491578058,1,1,1,0,1,0,1,1,1,1.3356767159629261,2.0427032063150152,0,0,1,0,0,1,0
0,1,1,0,-0.8757078101368088,1,0,0,0,0,1,1,0,1,0.6007287913678776,-0.6211378074577485,0,0,1,0,0,1,0
0,0,1,0,-0.26287559922163806,1,0,0,0,0,0,0,0,0,-1.5128686260905702,-0.8067269562822127,1,0,0,1,0,0,1
1,1,1,0,1.0853552647917375,0,0,0,1,0,0,1,1,1,-0.48261431192911347,0.31349523742492563,0,0,0,0,0,1,0
1,0,1,1,1.4121991106131617,1,0,0,0,0,0,0,0,1,-1.5062325274486286,-0.4427435762830376,0,1,0,1,1,0,0
0,0,1,0,1.575621033523874,1,0,0,0,0,0,0,0,0,-1.4913013055042594,-0.4006334447623958,0,1,0,1,1,0,0
1,1,1,0,1.0036443033363813,1,1,0,1,1,0,1,0,1,0.20919897149331387,0.8178677927924463,1,0,0,0,1,0,0
0,0,1,0,1.575621033523874,0,0,0,0,1,1,0,1,1,-0.5887918902001815,0.430975441871664,0,1,0,0,0,1,0
1,0,0,0,1.0036443033363813,1,0,0,0,0,0,0,0,0,-1.4680749602574634,-0.45658165409406626,0,1,0,1,1,0,0
1,0,1,1,1.616476514251552,1,1,0,0,0,0,0,0,0,-1.2839232229435797,-0.19235602801171575,0,1,0,1,0,0,1
1,0,1,0,-1.2842626174135892,1,0,0,0,1,0,0,0,0,0.3502160676345761,-0.9763372082403536,0,0,1,0,1,0,0
1,1,1,0,-0.7122858872260965,1,1,1,0,1,0,1,0,1,1.0519834990199164,-0.3950496589789983,0,0,1,0,0,1,0
0,0,0,0,-1.161696175230555,1,1,1,0,0,0,0,0,1,0.5094824350411785,-0.8684134434940545,0,0,1,0,0,1,0
0,0,0,0,-0.3854420414046722,0,0,0,0,0,0,1,1,1,-0.6584709259405698,-0.5695815877343631,0,0,0,0,0,1,0
1,1,0,0,1.575621033523874,1,1,0,1,0,1,1,1,1,1.3937425790799165,2.355328999286657,0,1,1,0,0,1,0
0,0,1,1,0.5133785346042448,1,1,1,1,1,1,1,0,0,0.5476400022323432,0.5534656043137827,0,0,0,0,0,0,1
1,0,1,0,1.2896326684301276,1,1,1,0,1,1,1,1,1,1.4501494175364216,2.0276512620293357,1,0,1,0,0,0,1
1,0,0,0,-0.5080084835877063,1,1,1,0,0,1,0,0,0,-0.18564889770222,-0.48379433342580175,0,0,0,0,0,0,0
0,0,0,0,-0.05859819558324785,1,1,0,0,0,1,0,0,1,0.49952828707826546,0.05160906309372208,0,0,1,0,1,0,0
1,1,0,0,-1.2025516559582332,1,1,0,0,0,0,1,1,1,0.9972356852238968,-0.8613950882406141,0,0,1,0,0,1,0
1,0,1,0,-0.5080084835877063,1,0,0,0,0,0,0,0,0,-1.4647569109364926,-0.8253101484941521,1,0,0,1,0,0,1
1,0,1,1,1.0036443033363813,1,0,0,1,1,0,1,1,1,1.0868230168901105,1.461393586754121,1,0,1,0,1,0,0
1,1,0,0,-0.9982742523198429,0,0,0,0,1,0,0,0,1,-1.174427595351541,-0.9116491602911914,0,0,0,0,0,1,0
1,0,1,1,0.02311276587210824,1,0,0,0,0,0,0,0,1,-1.504573502788143,-0.7446432036786668,1,0,0,1,0,0,0
0,0,1,1,1.4121991106131617,0,0,1,1,1,1,1,0,0,-0.3515513637507638,0.5900360906501052,0,1,0,0,1,0,0
0,0,1,1,1.575621033523874,1,0,1,0,1,1,1,1,1,0.5708663474791394,1.6387725841500327,0,1,0,0,1,0,0
1,0,0,0,1.0853552647917375,1,0,0,0,1,1,1,0,1,-0.004815209709307201,0.6392528586223439,0,0,0,0,0,1,0
1,0,0,0,-1.2842626174135892,1,0,0,0,0,0,0,0,0,-1.4713930095784342,-1.0005703971343078,0,0,0,1,0,0,1
0,0,1,0,1.0036443033363813,1,1,0,1,1,1,1,0,0,0.3253306977272945,0.9188835537830005,1,0,0,0,0,0,0
0,0,0,1,-1.2842626174135892,1,0,0,0,1,0,0,1,0,-0.18564889770222,-0.9834659149914896,0,0,0,0,0,1,0
1,0,0,0,-0.9574187715921648,1,1,0,1,0,0,1,1,1,1.1448888800071009,-0.6040553956144693,0,0,1,0,1,0,0
0,0,0,0,-1.161696175230555,1,0,0,0,0,0,0,0,1,-1.481347157541347,-0.9793829095767522,0,0,0,1,1,0,0
1,0,0,0,1.616476514251552,1,1,1,1,1,1,1,1,0,0.7881985780027317,1.7987822558086561,0,1,0,0,1,0,0
0,0,1,1,1.2079217069747716,1,1,0,1,0,1,1,1,1,1.368857209172635,1.949367909564075,1,0,1,0,1,0,0
0,0,0,0,-1.120840694502877,1,0,0,0,0,0,1,0,0,0.5111414597016638,-0.8399868976876672,0,0,1,0,0,1,0
1,0,0,0,-0.4262975221323503,1,0,0,1,1,1,0,1,1,1.0005537345448678,-0.06375239259726065,0,0,1,0,0,0,0
1,0,1,1,0.10482372732746434,1,1,0,0,0,0,0,0,0,-1.3054905435298905,-0.6523893516051431,0,1,0,1,0,0,0
1,0,0,0,-0.8348523294091307,1,0,0,0,0,0,0,1,1,0.5028463363992366,-0.5490341388634419,0,0,1,0,0,0,0
0,0,0,1,-0.181164637766282,1,0,0,0,0,0,0,0,0,-1.478029108220376,-0.7732904524804451,0,0,0,1,0,0,1
1,0,0,0,-1.2842626174135892,1,0,0,0,0,0,0,0,0,-1.4730520342389197,-1.0005924674338469,0,0,0,1,0,0,1
1,0,1,0,1.4121991106131617,1,1,0,1,1,0,1,1,0,1.3041552474137028,2.098276220554521,1,0,1,0,0,1,0
1,0,1,1,1.616476514251552,1,1,1,1,0,1,0,1,1,1.0934591155320523,2.0765369755084873,0,1,1,0,1,0,0
1,0,1,0,0.22739016951049848,1,1,1,0,1,1,1,1,1,1.5231465025977808,0.9452134211331714,1,0,1,0,0,1,0
1,0,1,0,-0.7531413679537746,1,0,0,0,0,1,0,0,0,-0.5307260270831913,-0.7163270093699751,0,0,0,0,0,0,0
1,0,0,0,0.5950894960596009,1,0,1,1,1,1,1,1,1,0.7351097888671979,0.8173381056035071,1,0,0,0,0,0,0
1,0,1,1,1.2487771877024496,1,1,0,0,0,0,0,0,0,-1.3320349380976575,-0.3146034171589041,0,1,0,1,1,0,0
0,0,0,0,0.18653468878282042,0,0,0,0,0,1,0,0,0,-1.2009719899193079,-0.5798663473195932,0,0,0,0,1,0,0
0,1,0,0,-1.2842626174135892,1,1,0,0,0,0,0,0,1,0.3120585004434113,-0.9768448251297535,0,0,1,0,0,1,0
0,0,1,0,0.18653468878282042,1,0,0,0,0,0,0,0,1,-1.4913013055042594,-0.6928883512594292,1,0,0,1,0,0,0
1,0,1,0,-0.9574187715921648,0,0,0,0,0,1,1,0,0,-0.8011470467423175,-0.8643966489779344,0,0,0,0,0,0,1
1,0,1,0,1.1262107455194155,1,0,1,0,0,0,1,0,1,-0.16574060177639494,0.5623157944289701,1,0,0,0,0,0,1
0,0,0,0,1.0036443033363813,1,1,1,1,0,1,0,0,1,0.755018084793023,1.1466049044276458,0,0,1,0,0,0,0
0,0,0,1,0.3499566116935326,1,0,0,0,0,0,0,0,0,-0.6501758026381426,-0.19657145522368774,0,0,0,0,0,0,0
0,0,0,1,0.7176559382426351,1,0,1,0,1,1,1,0,1,0.19924482353040135,0.52567909719403,1,0,0,0,1,0,0
1,0,0,0,-1.161696175230555,1,0,0,0,0,1,0,0,1,-0.4643650406637737,-0.9203007177105266,0,0,0,0,0,0,1
1,0,1,1,-0.9574187715921648,1,1,0,0,1,0,0,0,1,0.4829380404734111,-0.7177174382409397,0,0,1,0,0,0,0
1,0,1,0,0.14567920805514237,1,1,0,0,0,0,1,1,1,1.015484956489237,0.5239355435304394,0,0,1,0,0,1,0
0,1,0,0,-1.2434071366859112,0,0,0,0,0,0,0,0,0,-1.34198908606057,-0.9911243089315643,0,0,0,0,0,1,0
1,0,1,1,1.3304881491578058,1,1,1,1,1,1,0,0,0,0.9872815372609842,1.6735995168227646,0,1,1,0,1,0,0
0,0,0,0,0.14567920805514237,1,0,1,1,1,1,1,1,0,0.698611246336518,0.3161878139686985,1,0,0,0,0,0,0
0,0,0,0,-1.120840694502877,1,0,0,0,0,0,0,0,0,-1.481347157541347,-0.957533313033023,0,0,0,1,0,0,1
1,1,1,0,1.575621033523874,1,1,1,1,1,0,1,1,1,1.4169689243267127,2.395210030553848,0,0,1,0,0,1,0
1,0,0,1,-1.2025516559582332,1,1,0,0,0,0,0,0,1,-1.2739690749806674,-0.9560766732634409,0,1,0,1,0,0,1
0,0,1,0,0.9219333418810253,1,0,0,0,0,0,0,0,0,-1.4962783794857157,-0.506372249854322,1,0,0,1,0,1,0
1,0,0,0,-1.120840694502877,1,1,0,0,0,0,0,0,0,-0.5854738408792106,-0.9110974028027133,0,0,0,0,0,1,0
1,0,0,0,-1.2842626174135892,1,0,0,0,0,0,1,0,1,-0.37477770899755997,-0.9859819291389492,0,0,0,0,0,0,1
1,0,1,1,1.45305459134084,1,0,1,0,1,0,0,0,0,0.5161185336831199,1.363026261708261,0,1,1,0,1,0,0
0,0,0,0,0.22739016951049848,1,0,1,1,1,0,0,0,1,0.6339092845775863,0.4177332621481917,0,0,1,0,1,0,0
0,1,0,0,-0.6714304064984186,1,1,1,0,0,0,0,0,1,-0.3548694130717347,-0.6171872238402459,0,0,0,0,0,1,0
0,0,0,0,1.4121991106131617,1,0,1,0,1,1,0,1,1,0.25067458800544984,1.1936808533445897,1,0,0,0,0,0,0
1,0,1,0,1.616476514251552,1,1,1,1,1,1,1,1,1,1.7305245851584605,2.7840224975345333,0,1,1,0,1,0,0
0,0,0,0,-0.4671530028600283,1,0,0,0,0,0,0,0,1,0.1279067631295278,-0.350489724209514,0,0,1,0,0,1,0
1,0,0,0,-1.161696175230555,1,0,0,0,0,0,0,0,0,-1.519504724732512,-0.974770216973076,0,0,0,1,0,0,1
0,0,0,0,-1.2025516559582332,0,0,0,1,0,0,0,0,0,-1.1810636939934827,-0.9661186595537408,0,0,0,0,0,0,1
1,0,1,1,1.493910072068518,1,1,0,0,0,1,1,1,1,1.1465479046675862,2.0168809558542447,0,1,1,0,0,1,0
1,1,0,0,-1.2434071366859112,1,1,0,0,0,0,1,1,1,0.964055192014188,-0.922750520959369,0,0,1,0,0,1,0
1,0,1,1,1.5347655527961959,1,1,0,1,0,0,1,1,0,1.111708386797392,2.018227244126131,0,1,1,0,0,0,0
0,0,1,1,-1.2842626174135892,1,0,0,0,0,0,0,0,1,-1.4531437383130945,-1.0003276238393775,0,0,0,1,0,1,0
1,0,0,0,-1.2434071366859112,1,0,0,0,0,0,0,0,1,-1.4979374041462012,-0.9924705972034505,0,0,0,1,0,0,1
1,0,1,1,-0.8757078101368088,1,0,0,0,0,0,1,1,0,0.8562185890826346,-0.5592747578495938,0,0,1,0,0,1,0
0,0,0,0,-0.7939968486814527,1,1,1,1,0,0,1,0,1,1.056960573001373,-0.4602673941170993,0,0,1,0,0,1,0
1,0,1,1,1.1262107455194155,1,0,0,0,0,0,0,0,0,-1.4979374041462012,-0.4967937398543437,0,1,0,1,1,0,0
1,1,1,0,-0.5080084835877063,1,0,0,1,0,0,0,0,1,0.29380922917807156,-0.3635994821357516,0,0,1,0,0,1,0
1,0,0,0,0.18653468878282042,0,0,0,0,0,0,1,0,0,-0.9620724388094051,-0.4283096003844528,0,1,0,0,1,0,0
1,0,1,0,-0.0994536763109259,1,0,0,0,0,0,0,0,0,-1.4630978862760071,-0.7504476924574555,1,0,0,1,1,0,0
1,0,1,1,1.1262107455194155,1,1,0,1,0,1,1,1,1,1.292542074790305,1.6255745450256383,0,0,1,0,0,0,0
0,0,1,0,0.10482372732746434,1,0,0,0,0,0,0,0,1,0.18265457692554699,0.057082497379424,0,0,1,0,0,1,0
1,1,0,0,0.7176559382426351,1,1,0,0,0,0,1,1,1,1.0254391044521496,1.1165230861558244,0,0,1,0,0,1,0
0,0,1,0,1.575621033523874,1,1,1,1,0,0,1,0,0,1.023780079791664,2.0171016588496355,1,0,1,0,0,0,1
0,1,0,0,-0.9982742523198429,1,0,0,0,1,0,0,0,1,0.3070814264619548,-0.744687344277745,0,0,1,0,0,0,0
0,0,0,0,0.22739016951049848,1,1,0,0,0,0,0,0,1,-1.3453071353815411,-0.6059755116743727,1,0,0,1,0,1,0
1,0,0,0,1.616476514251552,1,0,0,0,0,0,0,0,0,-1.4913013055042594,-0.3765768182647545,0,1,0,1,0,0,0
0,1,1,0,0.3908120924212107,1,1,0,1,1,0,1,0,1,1.020462030470693,0.7253932377235313,0,0,1,0,0,1,0
0,0,1,1,1.0036443033363813,1,0,0,1,0,0,1,1,1,1.0022127592053534,1.4339381341274553,1,0,1,0,0,1,0
0,0,1,0,1.1262107455194155,1,1,0,1,1,1,1,1,1,1.5264645519187514,1.9216476133429397,0,1,1,0,1,0,0
1,0,1,1,1.575621033523874,1,1,0,0,0,0,0,0,0,-1.3088085928508613,-0.1940775113757672,0,1,0,1,1,0,0
1,0,0,0,-0.8757078101368088,1,1,0,0,0,0,0,0,0,-1.3818056779122208,-0.9013644007059612,0,0,0,1,1,0,0
1,0,0,0,0.30910113096585456,1,0,0,0,0,1,0,0,1,-0.45441089270086094,-0.08577855153730292,0,0,0,0,0,1,0
0,0,1,0,0.3908120924212107,1,1,1,0,1,1,1,1,0,0.6488405065219549,0.5669284870326462,0,1,0,0,1,0,0
0,0,0,0,-1.2842626174135892,1,0,0,0,0,0,0,0,1,-0.6750611725454241,-0.9899766533555301,0,0,0,0,0,0,1
1,0,1,1,0.5950894960596009,1,0,1,0,1,0,0,1,0,0.8379693178172949,0.816587715419177,0,0,1,0,0,1,0
1,0,1,1,0.7176559382426351,1,0,1,0,0,1,1,1,0,0.3551931416160326,0.7673268068478601,1,0,0,0,0,1,0
1,0,1,1,-0.9165632908644868,0,0,1,1,1,1,0,1,0,-0.36814161035561815,-0.7796246284481727,0,1,0,0,1,0,0
1,0,1,0,1.616476514251552,1,1,0,1,1,1,1,1,1,0.6853390490526348,1.739258657951648,0,1,0,0,1,0,0
1,0,1,0,1.616476514251552,1,1,0,1,0,0,1,1,1,1.148206929328072,2.2063544773975936,0,1,1,0,0,1,0
1,0,0,0,1.1262107455194155,1,1,0,0,1,0,1,0,1,0.8213790712124405,1.2994858693351332,0,1,1,0,0,1,0
0,0,1,0,-1.2025516559582332,1,1,0,0,0,0,0,0,1,0.3435799689926347,-0.9139224011437208,0,0,1,0,1,0,0
1,0,0,0,-1.2434071366859112,1,0,0,0,1,1,0,0,1,0.49952828707826546,-0.9423048063510299,0,0,1,0,0,1,0
0,0,1,1,-1.2842626174135892,1,0,0,0,0,0,1,0,1,0.5061643857202073,-0.9742626000836762,0,0,1,0,0,0,1
0,0,0,0,-0.8757078101368088,1,1,0,0,1,0,1,0,1,0.8097658985890426,-0.5724727969739879,0,0,1,0,0,1,0
0,0,1,1,0.676800457514957,1,1,0,1,0,0,1,1,1,1.1133674114578773,1.148525020487549,0,0,1,0,0,1,0
0,1,1,0,1.5347655527961959,1,1,1,1,1,1,1,1,1,1.6210289575664216,2.3956955771437083,0,1,1,0,0,1,0
0,1,0,0,-1.2434071366859112,1,0,0,0,0,0,0,0,0,0.197585798869916,-0.941245431973152,0,0,1,0,0,1,0
1,1,1,0,-0.6714304064984186,1,1,0,0,1,0,1,1,1,1.1266396087417612,-0.3088430689791937,0,0,1,0,0,1,0
1,0,1,0,-0.9165632908644868,1,0,0,1,0,1,1,1,1,1.1631381512724406,-0.5722079533795184,0,0,1,0,0,1,0
0,0,1,1,0.9627888226087032,1,1,1,1,0,0,0,1,0,0.1312248124504985,0.6745432675853977,1,0,0,0,0,0,0
0,0,0,0,0.6359449767872789,1,1,0,0,1,1,1,1,1,1.2958601241112755,1.1736189510635293,0,0,1,0,0,1,0
1,1,1,0,1.616476514251552,1,1,0,0,0,0,0,0,1,-1.3204217654742594,-0.21394078096097563,0,1,0,1,0,0,0
0,0,0,0,-1.2842626174135892,1,0,0,0,0,0,0,0,0,-1.4564617876340653,-1.0003717644384558,0,0,0,1,0,0,1
0,0,1,0,-0.14030915703860394,1,0,0,0,0,0,0,0,1,-1.5012554534671723,-0.7792715036555468,0,1,0,1,0,0,1
1,0,0,0,-0.30373107994931614,1,1,0,0,0,0,0,0,0,-1.310467617511347,-0.7110522077801255,1,0,0,1,0,0,0
0,0,0,0,1.45305459134084,1,0,1,0,1,0,0,0,1,-0.3432562404483366,0.6125477961800081,1,0,0,0,1,0,0
1,0,0,0,-1.2434071366859112,1,0,0,0,0,0,0,0,1,0.1660643303206926,-0.9448649610975677,0,0,1,0,0,1,0
0,0,1,1,0.3908120924212107,1,0,0,0,0,0,1,0,1,0.43648534997981914,0.48412072316186616,0,0,1,0,1,0,0
0,0,1,1,-1.079985213775199,1,0,0,0,0,0,0,0,0,-1.4830061822018323,-0.9653020584707933,0,1,0,1,0,0,1
1,0,0,0,-0.5897194450430624,1,0,0,1,1,0,1,1,0,1.2112498664265183,-0.2174278882881566,0,0,1,0,1,0,0
1,0,1,0,-0.9165632908644868,1,0,0,0,0,0,0,0,1,0.18265457692554699,-0.6837512472502333,0,0,1,0,0,1,0
1,0,0,0,1.616476514251552,1,1,0,1,1,0,1,1,1,1.2892240254693341,2.3604493087797334,0,1,1,0,0,1,0
1,0,1,1,1.2487771877024496,1,1,0,1,1,0,1,1,1,1.327381592660499,1.902468523043444,0,1,1,0,0,0,0
0,0,0,0,-0.22202011849396003,1,0,0,1,1,1,1,1,0,0.4447804732822463,-0.09193616510871766,1,0,0,0,0,0,1
0,0,1,1,0.10482372732746434,1,1,0,0,0,0,0,0,1,-1.307149568190376,-0.5903497396006755,0,1,0,1,1,0,0
0,0,0,0,-0.5897194450430624,1,1,0,0,0,1,0,1,1,0.8396283424777802,-0.29771963801147694,0,0,1,0,0,1,0
1,0,0,0,-0.8757078101368088,1,0,1,0,0,0,0,0,1,0.2888321551966151,-0.6601139564438353,0,0,1,0,0,1,0
1,0,1,1,0.47252305387656673,1,0,0,0,0,0,0,0,0,-1.466415935596978,-0.6008552021812968,1,0,0,1,0,0,0
0,0,0,1,-0.5488639643153844,1,0,1,1,1,0,0,0,1,-0.1391962072086278,-0.4367404548083969,0,0,0,0,0,1,0
0,0,1,1,1.616476514251552,1,1,1,1,1,1,1,1,1,0.944146896088363,1.9429454523981908,0,1,0,0,0,0,0
0,0,0,0,-0.5897194450430624,1,0,0,0,1,0,0,0,1,-0.4909094352315406,-0.615554021674351,0,0,0,0,0,0,1
0,1,0,0,-0.5897194450430624,1,0,0,1,0,0,0,0,1,-0.4958865092129969,-0.627449913125937,0,0,0,0,1,0,0
0,0,1,0,1.575621033523874,0,0,0,1,1,1,1,1,1,-0.11265181264086088,0.8930171627231515,0,1,0,0,1,0,0
0,0,0,0,-0.0994536763109259,1,0,1,1,0,0,0,0,1,-0.3150528212200843,-0.33398114015425195,0,0,0,0,0,0,0
1,0,1,1,-0.181164637766282,0,0,0,1,1,1,1,1,1,-0.1591045031344531,-0.267130202850256,1,0,0,0,1,0,0
0,0,1,0,0.18653468878282042,1,1,0,0,1,0,0,0,1,0.46966584318952787,0.2438413720794615,0,0,1,0,1,0,0
1,0,1,1,-0.5897194450430624,1,0,0,0,0,0,0,0,0,-1.4929603301647452,-0.8585038790009893,1,0,0,1,0,0,0
0,0,1,1,-0.05859819558324785,1,1,0,1,0,1,1,1,0,0.5227546323250617,0.08138189717199554,0,1,0,0,0,0,0
1,0,0,0,-1.120840694502877,1,0,0,0,1,1,0,0,0,-0.28684940199183184,-0.8809493736322748,0,0,0,0,0,1,0
1,1,1,0,-0.0994536763109259,1,1,0,0,0,0,0,0,0,0.4348263253193338,0.028346967379488972,0,0,1,0,0,0,1
0,0,1,0,0.676800457514957,1,1,1,1,1,0,0,1,0,0.2324253167401101,0.5229865206502574,1,0,0,0,0,1,0
1,0,0,0,-0.8348523294091307,1,0,0,0,0,0,0,0,1,-0.643539703996201,-0.7805515810288157,0,0,0,0,0,0,0
0,0,0,0,-1.2842626174135892,1,0,0,0,0,0,1,0,0,0.4398033993007898,-0.975145412065241,0,0,1,0,0,1,0
0,0,0,1,-1.161696175230555,1,1,0,1,0,0,1,0,0,0.8230380958729259,-0.84819704911622,0,0,1,0,0,0,1
1,0,1,0,-1.2025516559582332,1,0,0,0,0,0,0,0,1,-1.4680749602574634,-0.9870192332172878,0,0,0,1,1,0,0
0,0,0,0,-1.2025516559582332,1,0,0,0,0,0,1,0,1,0.48459706513389694,-0.9016071740008915,0,0,1,0,0,1,0
1,0,0,0,0.18653468878282042,1,0,1,1,1,1,0,0,0,0.026706258839915738,0.011728031826531407,0,1,0,0,0,0,0
0,0,1,1,-0.3854420414046722,1,0,1,1,1,1,0,0,1,0.04827357942622662,-0.3325686409837482,1,0,0,0,0,0,1
0,0,0,0,-0.3854420414046722,1,0,0,1,0,1,0,0,1,0.4746429171709839,-0.22223921358768492,0,0,1,0,0,0,1
0,1,0,0,0.5133785346042448,1,1,0,0,1,0,1,1,1,1.1730922992353536,0.9589852880455825,1,0,1,0,0,0,0
1,0,1,1,-0.4262975221323503,1,0,0,0,0,0,0,0,0,-1.478029108220376,-0.7940806746462966,1,0,0,1,0,0,0
1,0,0,0,-0.34458656067699417,1,1,0,1,0,0,1,1,1,1.1565020526304992,0.05191804728726969,0,0,1,0,0,0,0
1,0,0,0,0.6359449767872789,1,0,0,0,0,0,0,0,0,-1.4913013055042594,-0.6052692620891209,0,1,0,1,1,0,0
1,0,1,1,-1.2025516559582332,1,0,0,1,1,0,0,0,1,-0.28684940199183184,-0.9353747322957459,0,0,0,0,0,0,1
0,1,0,0,-0.9982742523198429,1,0,0,1,0,0,1,0,1,0.740086862848654,-0.6946098346234807,0,0,1,0,0,1,0
1,0,0,0,0.47252305387656673,0,0,0,1,1,0,1,1,1,-0.35984648705319094,0.0389186408587278,1,0,0,0,0,0,1
0,0,1,0,0.9627888226087032,1,1,0,1,1,1,0,0,0,0.8545595644221492,1.2489007427914693,0,0,1,0,0,1,0
1,0,0,0,-1.2842626174135892,1,0,0,0,0,0,0,0,0,-1.466415935596978,-1.0005041862356905,0,0,0,1,0,0,1
1,0,1,1,0.8402223804256691,1,0,0,1,0,1,1,0,1,0.9209205508415668,1.1000807129991796,0,0,1,0,0,1,0
1,0,1,1,1.0853552647917375,1,0,0,0,0,0,0,0,0,-1.5095505767695994,-0.4831322244396281,0,1,0,1,1,0,0
0,0,0,0,-0.7122858872260965,1,1,0,0,0,0,0,0,0,-0.5290670024227057,-0.7308934070657946,0,0,0,0,0,0,1
0,1,0,0,0.676800457514957,1,0,0,1,1,0,0,1,1,0.831333219175353,0.8827986140365385,1,0,1,0,0,0,0
0,0,1,0,0.26824565023817654,0,0,1,0,1,0,1,1,0,-0.29514452529425905,-0.04541197368025164,0,0,0,0,0,1,0
0,1,0,0,0.47252305387656673,1,0,0,1,1,0,0,1,0,0.8081068739285573,0.7519438080690932,1,0,1,0,1,0,0
1,0,0,0,-1.2025516559582332,1,0,0,0,0,0,1,0,0,-0.37809575831853093,-0.9263038391851676,0,0,0,0,1,0,0
1,1,1,0,-0.6714304064984186,1,0,0,1,0,0,0,0,1,0.315376549764382,-0.48951054100643393,0,0,1,0,1,0,0
1,0,0,0,-1.120840694502877,1,0,0,1,0,1,0,1,1,0.026706258839915738,-0.8595632533788671,0,0,0,0,0,0,0
0,0,0,0,0.18653468878282042,1,1,0,0,0,1,1,1,0,1.1780693732168095,0.5535980261110175,0,0,1,0,1,0,0
0,0,1,0,-0.9574187715921648,1,0,0,1,0,0,0,0,0,-0.46270601600328815,-0.8036371143467358,0,0,0,0,0,0,1
0,0,1,1,0.10482372732746434,1,0,0,0,0,0,0,0,1,-1.4913013055042594,-0.6832436303608336,0,1,0,1,0,0,1
0,0,1,0,-1.0391297330475209,1,0,0,0,1,0,1,0,1,0.7118834436204017,-0.7504476924574555,0,0,1,0,0,1,0
0,0,0,0,-1.2842626174135892,1,0,0,0,0,0,0,0,1,-1.4796881328808613,-1.0006807486320035,0,0,0,1,0,0,0
0,0,0,0,-0.14030915703860394,0,0,0,0,0,0,0,0,1,-1.3171037161532886,-0.6949408891165675,0,0,0,0,1,0,0
0,0,1,1,0.758511418970313,1,1,1,0,0,1,1,0,1,1.0071898331868099,1.1974548745657794,1,0,1,0,0,0,1
1,0,0,0,1.0444997840640593,1,0,0,1,1,1,1,0,0,0.17601847828360512,0.7776336367326293,0,1,0,0,0,0,0
0,0,1,0,1.616476514251552,1,1,0,1,1,1,1,1,1,1.4501494175364216,2.5233281193784425,1,0,1,0,0,0,0
1,0,1,1,-1.161696175230555,0,0,1,0,0,0,1,0,0,-0.870826082482706,-0.940693674484674,0,0,0,0,1,0,0
0,0,1,1,1.2896326684301276,1,1,0,1,1,1,1,1,1,1.5480318725050624,2.1980781150704236,1,0,1,0,0,1,0
1,1,1,0,1.45305459134084,1,1,0,0,1,0,0,0,1,0.5161185336831199,1.4575533546343142,0,0,1,0,1,0,0
0,1,1,1,1.2079217069747716,1,1,0,1,1,0,0,1,1,1.0387113017360328,1.6473800009702897,0,0,1,0,1,0,0
1,0,1,1,0.18653468878282042,1,1,0,1,1,0,1,0,1,0.9341927481254504,0.49791466037381643,0,0,1,0,0,1,0
0,0,0,0,0.4316675731488887,1,0,0,0,0,0,0,0,1,-1.4979374041462012,-0.6656315313286154,0,1,0,1,0,0,0
0,0,1,1,1.3304881491578058,1,1,1,1,1,1,1,1,0,0.887740057631858,1.622926109080944,0,1,0,0,0,0,0
1,0,0,0,-1.2842626174135892,1,1,1,1,0,0,0,0,0,-0.12094693594328808,-0.9826051733094637,0,0,0,0,0,1,0
0,0,1,1,-0.22202011849396003,1,0,1,1,1,1,0,0,0,0.04495553010525593,-0.18220369022372032,1,0,0,0,0,0,1
0,0,1,1,1.0036443033363813,1,0,0,0,0,0,0,0,0,-1.5029144781276575,-0.49421151480826664,0,1,0,1,0,0,0
0,0,1,1,-1.2842626174135892,1,0,0,0,0,0,0,0,0,-1.4680749602574634,-1.0005262565352295,0,0,0,1,0,0,1
1,0,0,1,0.4316675731488887,0,0,1,1,1,0,0,0,1,-0.8077831453842591,-0.16525370017767588,0,0,0,0,0,1,0
1,0,1,1,0.6359449767872789,1,1,1,1,1,1,1,1,0,1.5596450451284603,1.393262572076856,0,1,1,0,1,0,0
1,0,0,1,0.3499566116935326,1,0,1,1,1,1,1,1,1,1.5380777245421497,0.9798858617091294,0,1,1,0,0,1,0
0,0,1,0,1.45305459134084,1,1,0,1,1,1,0,0,0,0.8429463917987514,1.770223288205034,0,1,1,0,1,0,0
0,0,0,0,-0.7122858872260965,1,0,0,1,0,0,0,0,0,-0.5290670024227057,-0.6843692156373287,0,0,0,0,0,1,0
0,1,0,0,-0.9982742523198429,1,0,0,0,1,0,1,1,1,0.9839634879400135,-0.6816545687940169,0,0,1,0,1,0,0
0,1,0,0,-1.2025516559582332,0,0,0,0,0,0,0,0,0,-1.310467617511347,-0.9752778338624758,0,0,0,0,0,1,0
0,1,1,0,0.9219333418810253,1,1,0,1,1,1,0,0,0,0.8512415151011785,1.2172077926532923,0,0,1,0,0,1,0
0,0,0,0,-1.2842626174135892,1,0,0,0,0,0,0,0,0,-1.4979374041462012,-1.0009235219269337,0,0,0,1,0,0,1
1,1,1,0,-0.6714304064984186,1,0,0,0,0,0,0,0,1,0.2324253167401101,-0.4941232336101102,0,0,1,0,0,0,0
1,0,1,1,0.26824565023817654,1,0,1,0,1,1,1,1,0,0.504505361059722,0.3953760487150626,1,0,0,0,1,0,0
0,0,0,0,-0.9165632908644868,1,1,0,1,1,0,0,1,1,0.9972356852238968,-0.5887386077343196,0,0,1,0,0,1,0
0,0,1,0,0.5542340153319228,1,1,0,1,1,1,1,1,1,1.4634216148203052,1.1331199514092432,0,1,1,0,1,0,0
1,0,1,1,-0.8348523294091307,1,0,0,0,0,0,1,0,1,-0.2818723280103756,-0.7321072735404462,0,0,0,0,0,0,1
0,0,0,0,0.3499566116935326,1,0,0,0,0,0,0,0,0,-1.4647569109364926,-0.6409569364438786,0,1,0,1,0,0,1
1,0,0,0,1.3304881491578058,1,1,0,1,1,1,1,1,1,1.4717167381227323,2.0542901135730536,0,0,1,0,0,1,0
0,0,1,0,-0.4671530028600283,1,0,0,0,1,1,0,0,0,0.4779609664919551,-0.2404692810069984,1,0,1,0,0,1,0
0,1,0,0,-1.161696175230555,1,0,0,1,1,0,1,1,1,1.1614791266119553,-0.8141205066278181,0,0,1,0,1,0,0
0,1,1,0,1.616476514251552,1,1,1,1,1,1,1,1,1,0.831333219175353,1.9466532627207633,0,1,0,0,0,0,0
1,0,1,1,0.5950894960596009,1,1,0,0,0,0,0,0,0,-1.3353529874186285,-0.49736756764236084,0,1,0,1,0,0,1
1,0,1,0,0.4316675731488887,1,0,1,0,1,1,0,0,1,0.6455224572009842,0.5526490032308352,1,0,1,0,0,0,0
0,0,1,1,1.616476514251552,1,1,1,1,1,1,1,1,1,1.6027796863010815,2.631340165322898,0,1,1,0,0,0,0
0,0,1,0,1.4121991106131617,1,1,1,0,1,1,1,1,1,1.5413957738631205,2.3060901610148794,1,0,1,0,0,1,0
0,0,0,0,-1.079985213775199,1,0,0,0,0,0,1,1,0,0.8130839479100133,-0.7546410493698884,0,0,1,0,0,1,0
0,0,0,0,1.1262107455194155,1,0,0,1,1,1,1,0,1,0.17767750294409096,0.8552107396126378,1,0,0,0,1,0,0
1,1,1,0,0.30910113096585456,1,0,1,1,1,1,1,0,1,1.106731312815936,0.807583033207216,1,0,1,0,1,0,0
0,0,0,1,1.3713436298854838,1,1,1,0,1,1,0,0,1,0.8678317617060329,1.6079624459934203,0,1,1,0,1,0,0
1,1,0,0,0.7993668996979911,0,0,0,1,0,0,1,1,1,-0.5191128544597932,0.11638539224104069,0,0,0,0,0,1,0
0,0,0,0,-1.2842626174135892,1,1,0,0,0,0,1,1,1,0.964055192014188,-0.968171197410879,0,0,1,0,0,1,0
0,0,1,1,1.0444997840640593,1,1,1,1,0,0,0,1,1,0.9491239700698195,1.389709253851058,0,0,1,0,0,0,0
0,0,1,1,1.616476514251552,0,0,1,1,1,1,1,1,1,-0.03301862893755993,1.0580809329762335,0,1,0,0,0,0,0
1,1,0,0,0.10482372732746434,1,1,0,0,0,0,1,1,1,1.0171439811497223,0.5238693326318222,0,0,1,0,0,1,0
0,0,1,0,1.616476514251552,1,0,0,0,0,0,0,0,0,-1.469733984917949,-0.3464949999929332,0,1,0,1,1,0,0
0,0,1,0,0.758511418970313,1,0,0,0,0,0,0,0,0,0.1444970097343822,0.6013581543136741,0,0,1,0,0,0,1
1,0,0,0,1.493910072068518,1,0,0,0,0,0,0,0,1,-1.5095505767695994,-0.37048541559195713,0,1,0,1,0,0,0
1,0,1,0,1.493910072068518,1,1,0,0,1,0,1,1,0,1.1515249786490427,2.0102598659925084,1,0,1,0,0,0,0
0,0,0,0,-0.8757078101368088,1,0,0,0,0,0,0,0,0,-1.4763700835598907,-0.9008788541161007,0,0,0,1,0,0,0
1,0,0,1,-1.2842626174135892,0,0,0,0,0,0,0,0,0,-1.3469661600420264,-0.9989151246688739,0,0,0,0,0,0,1
1,1,0,0,-1.2025516559582332,1,1,0,1,1,0,1,1,1,1.3340176913024409,-0.8796251556599276,0,0,1,0,0,1,0
0,0,1,0,0.18653468878282042,1,1,1,0,1,1,0,1,1,1.14157083068613,0.6477057833458271,1,0,1,0,0,1,0
1,1,0,0,-1.161696175230555,0,0,0,0,0,0,0,0,1,-1.3137856668323176,-0.9643530355906111,0,0,0,0,0,0,0
1,1,1,0,1.4121991106131617,1,1,0,0,0,0,1,1,1,0.9905995865819555,1.67370986832046,0,0,1,0,1,0,0
1,0,1,1,-0.30373107994931614,1,0,0,0,0,1,1,0,0,0.7002702709970038,-0.0389233056157501,0,0,1,0,0,1,0
1,0,0,0,1.616476514251552,1,1,1,1,1,1,1,1,0,0.9026712795762271,1.9181384357162194,0,1,0,0,0,0,0
1,0,1,1,-0.9982742523198429,1,0,1,0,0,0,0,0,1,-0.44777479405891935,-0.8279144438397683,0,0,0,0,1,0,0
0,0,0,0,-0.9165632908644868,1,0,0,0,0,0,0,1,1,0.5128004843621492,-0.6361676814438896,0,0,1,0,0,0,0
1,0,0,0,-1.079985213775199,1,0,0,0,0,0,0,0,0,-1.481347157541347,-0.9519936678487037,0,0,0,1,0,0,0
1,1,1,1,0.7993668996979911,1,1,0,1,1,0,1,1,1,0.5327087802879742,0.7911406600505713,1,0,0,0,0,1,0
1,0,1,1,1.5347655527961959,1,1,0,0,0,0,0,0,0,-1.3088085928508613,-0.2525196645553582,0,1,0,1,0,0,1
0,1,1,0,1.5347655527961959,1,1,1,1,1,1,1,1,1,0.9093073782181689,1.848263867375364,0,1,0,0,0,0,0
1,0,0,0,1.0444997840640593,1,1,0,0,0,0,0,0,1,-1.310467617511347,-0.3588102271357625,0,1,0,1,1,0,0
1,0,1,0,1.5347655527961959,1,1,1,0,1,1,0,1,0,0.41491802939350825,1.4173412688740366,0,1,0,0,1,0,0
0,0,1,1,1.616476514251552,1,0,0,0,0,0,0,0,0,-1.4962783794857157,-0.4005451635642393,0,1,0,1,1,0,0
0,0,1,1,1.3713436298854838,1,0,0,0,0,1,0,0,1,-0.510817731157366,0.42578892147997066,1,0,0,0,1,0,0
0,0,1,1,-0.6714304064984186,0,0,0,0,0,0,0,1,1,-0.9720265867723176,-0.7656320585403703,0,0,0,0,1,0,0
0,0,1,1,0.10482372732746434,1,1,1,1,0,0,0,0,1,-0.1773537743997928,-0.0663566879428769,0,0,0,0,1,0,0
0,1,0,0,1.3304881491578058,1,1,0,1,1,0,1,0,1,1.0171439811497223,1.737404752790362,0,0,1,0,0,0,0
0,1,0,0,-1.2434071366859112,1,0,0,0,0,0,0,0,0,-0.6916514191502785,-0.9720334998302251,0,0,0,0,0,1,0
0,0,0,0,-0.0994536763109259,1,0,1,0,0,0,0,0,1,-0.5307260270831913,-0.3312664933109401,0,0,0,0,0,0,1
1,0,0,0,-0.7531413679537746,1,1,0,0,0,1,1,0,1,0.8346512684963242,-0.48944433010781657,0,0,1,0,0,1,0
1,0,1,1,-1.0391297330475209,1,0,0,0,0,0,0,0,1,-1.478029108220376,-0.9324835230561213,0,0,0,1,0,0,0
1,0,0,0,-1.2434071366859112,1,0,0,0,0,0,1,0,0,0.4713248678500132,-0.946189179069915,0,0,1,0,0,1,0
1,0,1,0,1.3713436298854838,1,1,1,1,0,1,1,1,0,0.678702950410693,1.4350637194039506,0,1,0,0,0,1,0
1,0,0,0,-1.2025516559582332,1,0,0,0,0,0,0,0,1,-1.4614388616155216,-0.9799788076643084,0,0,0,1,1,0,0
1,0,0,1,-1.2842626174135892,1,0,0,0,0,0,0,0,0,-1.4946193548252305,-1.0008793813278556,0,0,0,1,0,0,1
0,0,1,0,1.45305459134084,1,0,0,1,0,1,1,0,0,-0.023064480974647392,0.9000355179765916,0,1,0,0,0,0,0
0,0,0,0,-0.9165632908644868,1,1,0,0,0,0,0,1,0,0.7185195422623435,-0.6428549822042431,0,0,1,0,0,1,0
0,0,1,1,0.676800457514957,1,1,0,1,0,0,1,1,0,1.183046447198266,1.171742975602704,1,0,1,0,0,0,1
0,0,0,0,-0.3854420414046722,1,0,0,0,0,0,0,0,1,-1.4763700835598907,-0.8018714903836062,0,0,0,1,0,0,0
0,1,0,0,-0.7939968486814527,1,0,0,0,1,0,1,1,1,1.0635966716433143,-0.4642179777346019,0,0,1,0,0,1,0
1,0,1,1,1.3304881491578058,1,0,0,0,0,0,0,0,1,-1.4913013055042594,-0.450313689024956,0,1,0,1,1,0,0
0,1,1,1,-0.181164637766282,0,0,0,0,0,0,1,0,1,-0.9587543894884341,-0.579822206720515,0,0,0,0,0,1,0
0,1,0,0,-1.2434071366859112,1,1,0,1,0,0,0,1,0,0.8197200465519552,-0.938310082134449,0,0,1,0,0,1,0
1,0,0,0,-0.9574187715921648,1,0,1,0,0,0,0,0,0,0.3585111909370033,-0.7175850164437051,0,0,1,0,0,1,0
1,0,1,0,0.8810778611533472,1,1,1,1,1,0,1,1,0,1.4849889354066155,1.6913440376522173,0,0,1,0,0,1,0
1,0,1,1,-0.30373107994931614,1,0,1,1,1,0,0,0,1,-0.10601571399891904,-0.2984920984953462,1,0,0,0,0,0,0
0,0,0,1,-0.5488639643153844,1,0,0,0,0,0,0,0,0,-1.469733984917949,-0.8336747920194788,0,1,0,1,0,0,1
1,0,0,1,1.575621033523874,1,1,1,1,0,0,0,0,1,0.6853390490526348,1.6516174984818004,1,0,1,0,1,0,0
1,0,0,0,0.14567920805514237,1,0,0,0,0,0,0,0,1,-1.4747110588994052,-0.7024447909598684,1,0,0,1,1,0,0
1,0,0,0,-0.6714304064984186,1,0,0,0,0,0,0,0,0,-1.4946193548252305,-0.8794265229640755,0,0,0,1,1,0,0
0,0,0,0,-0.30373107994931614,1,1,0,0,0,0,0,0,0,-1.3287168887766867,-0.7041000634253024,0,1,0,1,1,0,0
0,0,1,0,1.0853552647917375,1,0,1,0,1,0,0,0,1,0.5459809775718579,1.0382838742896423,1,0,1,0,1,0,0
1,0,1,1,1.575621033523874,1,1,0,0,0,0,0,0,0,-1.3569203080049392,-0.291694446237297,0,1,0,1,1,0,0
0,1,0,0,0.5542340153319228,1,0,0,1,0,0,1,1,0,1.0105078825077805,0.9432712347737285,1,0,1,0,1,0,0
0,0,1,1,-0.6714304064984186,1,0,1,1,0,1,0,1,0,0.11463456584564412,-0.5174956808220388,0,1,0,0,0,0,0
0,0,1,1,0.676800457514957,1,1,0,0,0,0,1,1,1,1.0221210551311783,1.1018684072618485,0,0,1,0,0,1,0
1,0,1,1,-0.34458656067699417,1,1,1,0,1,1,1,1,1,0.6637717284663239,-0.13097852499342172,1,0,0,0,0,0,1
0,0,0,0,-1.2434071366859112,0,0,1,1,0,0,0,1,1,-0.7364450849833853,-0.9776393559131616,0,0,0,0,0,1,0
0,0,1,1,1.0444997840640593,1,1,0,1,0,0,1,0,1,0.06652285069156634,0.7429611961566712,0,0,0,0,0,0,0
1,0,0,0,-1.2842626174135892,1,0,0,0,0,0,1,1,1,0.811424923249528,-0.970201664968478,0,0,1,0,0,1,0
0,1,1,0,0.5133785346042448,1,0,0,0,1,0,0,1,1,0.7069063696389452,0.6948700134609276,0,0,1,0,0,1,0
1,0,0,0,-1.2842626174135892,1,0,0,0,1,0,0,0,1,-0.47431918862668626,-0.9873061471112965,0,0,0,0,0,1,0
1,1,1,0,-0.9982742523198429,0,0,0,1,1,0,0,1,1,-0.7115597150761038,-0.8456589646692212,0,0,0,0,0,0,1
0,0,0,0,-0.4262975221323503,1,1,0,0,0,1,1,0,1,0.8363102931568095,-0.12952188522383978,0,0,1,0,0,1,0
1,0,1,0,1.3713436298854838,1,1,1,1,1,1,1,1,0,1.6923670179672952,2.4961154400467067,1,0,1,0,0,0,0
1,0,1,0,-0.9982742523198429,1,0,1,0,0,0,0,0,1,0.3220126484063238,-0.7403836358676165,0,0,1,0,0,1,0
1,0,1,1,1.616476514251552,1,1,1,0,1,0,1,1,1,1.3705162338331203,2.454777769009934,1,0,1,0,0,0,0
0,0,1,1,0.5950894960596009,1,0,0,1,0,1,0,1,0,-0.03301862893755993,0.3178210161345933,0,1,0,0,0,0,0
1,0,0,0,-1.161696175230555,1,1,0,0,0,0,0,0,1,0.24569751402399378,-0.8747255491622429,0,0,1,0,0,0,0
0,0,0,0,-0.14030915703860394,1,0,0,0,0,0,1,0,1,0.4680068185290425,0.042780943278073885,0,0,1,0,0,1,0
0,0,0,0,1.616476514251552,1,1,1,1,1,1,1,1,1,1.713934338553606,2.527631827788571,0,1,1,0,0,0,0
0,0,1,0,-0.6714304064984186,1,1,0,0,0,0,1,0,1,0.6687488024477805,-0.40122934284995204,0,0,1,0,0,1,0
1,0,0,0,-1.2434071366859112,1,0,0,0,0,0,1,0,1,0.5028463363992366,-0.9325938745538168,0,0,1,0,0,1,0
0,0,0,0,-1.2842626174135892,1,0,0,0,0,0,0,0,0,-1.5029144781276575,-1.000989732825551,0,0,0,1,0,0,1
1,0,1,0,1.45305459134084,1,0,1,1,1,0,0,1,0,0.20422189751185785,1.083307285349448,0,1,0,0,0,0,0
1,1,0,0,0.02311276587210824,1,1,0,0,0,0,0,0,1,-1.3237398147952304,-0.6353731506604813,1,0,0,1,0,0,0
0,0,1,1,1.1670662262470934,1,0,0,0,0,0,0,0,1,-1.5062325274486286,-0.4876124952460696,0,0,0,1,0,0,1
0,0,0,0,-0.3854420414046722,1,1,0,1,0,0,0,0,1,0.47630194183146973,-0.26938137340324625,0,0,1,0,0,1,0
1,0,1,1,-0.5488639643153844,1,0,1,0,0,0,0,0,1,-0.5257489531017348,-0.5877895848541375,1,0,0,0,0,0,0
1,0,1,1,-0.7939968486814527,0,0,1,1,0,1,0,0,0,-0.8044650960632884,-0.7490131229874126,0,1,0,0,0,0,1
0,0,1,0,-0.4671530028600283,1,1,0,0,0,0,0,1,1,0.7201785669228289,-0.21122613411766378,0,0,1,0,0,1,0
0,1,1,0,1.2079217069747716,1,1,1,0,1,0,1,1,1,1.3290406173209843,1.7769547295644657,1,0,1,0,0,1,0
0,0,0,0,-0.14030915703860394,1,1,0,0,0,0,0,0,0,-1.3154446914928033,-0.6997301441165565,0,0,0,1,0,1,0
1,1,1,0,1.5347655527961959,1,0,1,1,1,0,1,1,0,1.3456308639258387,2.3062005125125746,0,1,1,0,1,0,0
1,0,1,1,0.22739016951049848,1,1,0,0,1,0,1,1,1,1.2062727924450622,0.736913934082952,0,0,1,0,1,0,0
0,1,0,0,-0.05859819558324785,1,1,0,0,0,0,0,0,1,0.3021043524804988,-0.030933857182588526,0,0,1,0,0,1,0
1,0,0,0,-1.2842626174135892,1,0,0,0,0,0,0,0,0,0.1710414043021491,-0.9787208005905786,0,0,1,0,0,1,0
0,0,0,0,-1.2842626174135892,1,0,0,0,0,0,0,0,0,-0.6916514191502785,-0.9901973563509213,0,0,0,0,0,0,1
1,0,1,1,1.575621033523874,1,1,1,0,0,0,1,0,1,0.04661455476574127,1.0617225324001884,1,0,0,0,0,1,0
1,0,1,1,-1.161696175230555,1,0,0,0,0,0,0,0,0,-1.5012554534671723,-0.9792284174799782,0,1,0,1,1,0,0
0,0,0,0,-1.2434071366859112,1,0,0,0,0,0,0,1,0,0.5293907309670035,-0.939214964415553,0,0,1,0,0,1,0
0,0,0,0,-1.161696175230555,1,1,0,0,0,1,1,0,1,-0.013110333011734388,-0.8979214339778585,0,0,0,0,0,0,1
0,0,1,0,1.493910072068518,1,1,1,0,0,0,1,1,0,1.1399118060256448,2.0252235290800322,0,1,1,0,0,0,0
1,0,0,0,1.2896326684301276,1,1,1,1,1,1,1,0,0,0.5459809775718579,1.4479527743347969,1,0,0,0,0,1,0
1,0,0,0,1.1262107455194155,1,0,1,0,1,1,1,1,0,0.4713248678500132,1.109637152699619,1,0,0,0,0,0,1
0,1,0,0,-1.2842626174135892,1,0,0,0,0,0,0,0,1,0.1710414043021491,-0.9787208005905786,0,0,1,0,0,1,0
1,0,0,0,1.2487771877024496,1,1,0,1,0,1,1,1,0,1.3472898885863245,1.9536495476746643,0,0,1,0,0,1,0
1,0,0,0,0.10482372732746434,1,0,0,0,0,0,0,0,0,-1.5112096014300849,-0.7103680284944126,0,1,0,1,0,0,1
1,1,1,0,-0.6305749257707405,1,0,0,1,0,0,0,0,1,0.386714610165256,-0.465167000614784,0,0,1,0,0,1,0
0,0,0,0,1.2487771877024496,1,1,0,1,0,0,1,1,0,1.0835049675691397,1.7505145107165994,0,1,1,0,0,0,0
1,1,1,0,-0.5488639643153844,1,0,1,0,1,0,1,0,0,0.05325065340768312,-0.4419269752000902,0,0,0,0,0,0,0
1,0,1,0,-0.4671530028600283,1,1,0,1,1,1,1,1,1,1.5397367492026353,0.013184671596113239,0,0,1,0,0,1,0
0,1,1,1,1.0036443033363813,1,0,0,1,1,1,1,0,1,1.0121669071682657,1.4479086337357183,0,0,1,0,1,0,0
1,0,1,0,-0.9982742523198429,1,0,0,1,0,0,0,0,1,-0.5058406571759096,-0.835925962572469,0,0,0,0,0,0,0
1,0,0,0,-1.079985213775199,1,0,0,0,0,0,0,0,0,-1.4647569109364926,-0.9613514748532906,0,0,0,1,0,0,1
0,0,0,0,1.3713436298854838,0,0,1,0,1,1,1,1,1,-0.11431083730134622,0.8413947321011483,0,1,0,0,0,0,0
0,0,1,1,1.2487771877024496,1,0,1,1,1,1,1,0,0,0.35685216627651795,1.0684760440591594,0,1,0,0,1,0,0
1,0,1,1,-0.181164637766282,1,1,0,0,0,0,1,1,0,0.9093073782181689,0.12399964558203726,1,0,1,0,0,0,0
0,0,0,0,-0.3854420414046722,1,0,1,0,0,0,0,0,1,0.33860289501117824,-0.22455659503929257,0,0,1,0,0,0,0
0,0,1,0,-0.14030915703860394,1,0,0,0,0,0,0,0,0,-1.4913013055042594,-0.7566494466279483,0,0,0,1,0,0,1
1,1,0,0,-0.5897194450430624,1,1,0,1,0,0,0,0,1,0.5227546323250617,-0.3864863827578195,0,0,1,0,1,0,0
1,0,0,0,0.8402223804256691,0,0,1,1,0,0,0,1,1,-0.6136772601074632,0.11459769797837185,0,0,0,0,0,0,0
0,0,1,1,-0.9165632908644868,1,1,1,1,0,0,1,0,0,0.18265457692554699,-0.7111404889782819,1,0,0,0,0,1,0
1,0,0,0,0.26824565023817654,1,0,0,0,0,1,0,0,1,-0.4975455338734825,-0.1395197309150613,0,1,0,0,0,0,0
0,0,1,0,-0.6305749257707405,1,1,0,1,0,0,1,1,1,0.3518750922950619,-0.42581565653653225,0,0,0,0,0,0,0
1,0,1,1,0.18653468878282042,1,0,0,0,0,0,1,1,0,0.8761268850084601,0.42389087571960643,1,0,1,0,1,0,0
0,0,1,1,0.02311276587210824,1,0,0,0,0,0,0,0,0,-1.4830061822018323,-0.7137006437248199,0,1,0,1,0,0,1
0,0,1,1,-0.5488639643153844,1,1,0,0,0,1,0,1,1,0.8147429725704987,-0.26501145409450044,1,0,1,0,0,0,0
0,0,0,0,-1.0391297330475209,1,0,1,1,1,0,0,0,0,-0.11265181264086088,-0.8158640602914085,0,0,0,0,0,1,0
0,0,0,1,-0.9574187715921648,1,0,0,0,1,1,1,1,1,0.26892385927079004,-0.7220652872501464,0,0,0,0,0,0,1
1,1,1,0,1.0853552647917375,0,0,1,0,1,1,1,1,1,-0.024723505635132734,0.7060817256268008,0,1,0,0,1,0,0
0,0,1,1,0.9219333418810253,1,0,0,1,1,1,1,1,1,1.2908830501298196,1.4873261887125877,1,0,1,0,0,0,0
0,0,0,0,-1.161696175230555,1,0,1,0,1,1,0,1,1,0.9823044632795283,-0.8386847500148591,0,0,1,0,0,0,0
1,0,1,1,1.0036443033363813,1,0,0,0,0,0,0,0,0,-1.4614388616155216,-0.5138320110985447,0,1,0,1,0,0,1
0,0,1,0,1.45305459134084,1,1,1,1,1,1,1,1,0,1.6625045740785578,2.4525928093555613,0,1,1,0,0,0,0
0,0,1,0,1.2896326684301276,1,0,1,1,1,1,0,1,1,0.31703557442486735,1.0912967337826098,0,1,0,0,0,0,1
0,0,1,1,1.616476514251552,1,1,0,1,1,0,1,1,1,1.2742928035249652,2.2404310198859956,1,0,1,0,1,0,0
0,1,1,0,-0.9982742523198429,1,1,0,0,0,0,0,1,1,0.637227333898557,-0.738838714899878,0,0,1,0,0,1,0
1,0,1,0,1.616476514251552,1,1,1,1,1,1,1,1,0,1.6923670179672952,2.6682637764518464,0,1,1,0,1,0,0
1,0,0,0,-1.2842626174135892,1,0,0,0,0,0,0,0,1,-0.6302675067123175,-0.9893807552679736,0,0,0,0,0,0,1
1,0,1,1,1.493910072068518,1,0,0,0,0,1,1,1,1,1.0088488578472952,1.9353311990571942,0,1,1,0,1,0,0
0,0,1,0,0.9627888226087032,1,0,1,0,1,0,0,0,0,0.5144595090226345,0.9827550006492151,0,1,1,0,0,0,0
1,0,0,0,-0.9574187715921648,1,0,1,0,0,1,0,1,0,0.005138938253605332,-0.7677949478952042,0,0,0,0,0,0,1
1,0,0,0,-1.2842626174135892,1,0,0,0,0,0,0,0,1,0.16938237964166375,-0.9787428708901177,0,0,1,0,0,1,0
0,0,1,0,1.0853552647917375,1,1,0,1,0,1,1,1,1,0.5078234103806927,1.0620094462941967,1,0,0,0,0,1,0
0,0,0,0,-0.8348523294091307,1,1,0,0,0,1,0,0,1,0.48957413911535297,-0.5866198589785641,0,0,1,0,1,0,0
1,0,1,1,-1.161696175230555,1,1,0,1,1,0,0,0,1,0.6637717284663239,-0.84543826167383,0,0,1,0,0,0,0
0,1,0,0,-1.2025516559582332,1,0,0,0,0,0,0,0,1,0.18265457692554699,-0.9056460388165507,0,0,1,0,0,1,0
1,0,0,0,-1.2842626174135892,1,0,1,0,0,0,0,0,1,-0.46602406532425905,-0.9871957956136008,0,0,0,0,0,0,1
1,0,0,0,-0.14030915703860394,1,0,0,0,1,1,1,1,1,1.1282986334022465,0.22947360707949396,0,0,1,0,1,0,0
0,0,1,0,1.575621033523874,1,0,1,1,1,1,1,1,1,0.6504995311824406,1.62528763113163,0,1,0,0,1,0,0
0,0,1,1,-0.3854420414046722,1,0,1,1,0,1,0,0,1,-0.2337606128562978,-0.44333947437059396,1,0,0,0,0,0,1
1,0,0,1,-1.079985213775199,1,1,0,0,0,0,0,0,0,-1.2756280996411526,-0.9283563770423056,0,0,0,1,0,0,1
0,0,1,1,0.18653468878282042,1,0,0,0,0,0,0,0,0,-1.5078915521091139,-0.7077858034483355,0,0,0,1,0,1,0
1,0,1,0,-0.34458656067699417,1,0,1,0,0,1,1,1,0,0.31869459908535314,-0.2535128280346186,1,0,0,0,0,0,0
0,0,1,0,0.676800457514957,1,1,1,0,0,0,1,1,1,1.1963186444821494,1.1300521797733054,0,0,1,0,0,0,1
0,0,1,0,-0.8757078101368088,1,1,1,0,0,1,1,0,1,1.0420293510570038,-0.47017695861016445,0,0,1,0,1,0,0
1,0,0,0,0.47252305387656673,1,0,0,0,1,1,1,1,0,1.1714332745748677,0.9230327700963553,0,1,1,0,0,0,0
0,0,0,0,-0.8757078101368088,1,1,0,0,0,0,0,0,0,-1.3137856668323176,-0.9013864710055004,1,0,0,1,0,1,0
1,0,1,1,0.4316675731488887,0,0,0,1,0,0,0,0,0,-1.1777456446725119,-0.46929414662859964,0,0,0,0,1,0,0
0,0,0,0,-1.2842626174135892,1,0,0,1,0,0,0,0,0,-0.4726601639662009,-0.9872840768117572,0,0,0,0,0,1,0
0,0,1,1,-0.3854420414046722,1,1,0,0,0,0,0,0,0,-1.3585793326654245,-0.7334314915127935,0,1,0,1,0,0,1
0,1,1,0,-0.30373107994931614,1,1,1,0,0,1,1,0,1,0.15611018235778007,-0.2359669399010178,0,0,0,0,1,0,0
1,1,1,0,-0.7531413679537746,1,1,0,0,0,0,0,0,1,0.3419209443321489,-0.5622983888864533,0,0,1,0,0,1,0
0,0,0,0,-0.9165632908644868,1,1,0,1,0,0,0,0,1,0.5061643857202073,-0.6429211931028604,0,0,1,0,0,0,0
1,0,1,1,-0.22202011849396003,1,0,1,1,0,0,0,0,1,0.5260726816460328,-0.0342002615143784,1,0,1,0,1,0,0
1,0,0,0,-1.2025516559582332,1,1,0,1,1,0,1,1,1,1.3456308639258387,-0.8669126631253942,0,0,1,0,0,0,0
1,0,0,0,-0.9165632908644868,1,1,0,0,0,0,0,0,0,-1.2971954202274631,-0.8985394023649539,0,1,0,1,0,0,0
1,1,0,0,-1.120840694502877,0,0,0,0,1,1,1,0,0,-0.643539703996201,-0.9148052131252856,0,0,0,0,1,0,0
1,0,1,1,0.6359449767872789,1,1,0,0,0,0,0,0,0,-1.2772871243016382,-0.460024620822169,0,1,0,1,0,0,0
0,1,0,0,-1.0391297330475209,1,0,0,1,1,0,1,0,1,0.005138938253605332,-0.7916970822960716,0,0,0,0,0,1,0
0,0,0,0,0.47252305387656673,0,0,0,0,1,0,1,1,1,-0.5224309037807641,-0.009812580523650263,1,0,0,0,0,1,0
0,0,0,0,-1.2434071366859112,1,0,0,0,1,1,1,1,0,0.38505558550477065,-0.9386190663279966,0,0,0,0,0,1,0
0,0,0,0,-1.161696175230555,1,0,0,1,0,0,0,0,1,0.39335070880719786,-0.8623441111207963,0,0,1,0,0,0,0
1,0,0,0,0.18653468878282042,1,1,0,0,0,1,1,1,0,1.1282986334022465,0.5245314416179958,0,0,1,0,0,0,0
0,0,0,0,-0.7939968486814527,1,0,0,0,0,0,0,0,1,-1.5095505767695994,-0.8863124564202811,0,0,0,1,0,0,1
0,0,0,0,0.26824565023817654,1,0,0,1,0,0,1,0,1,-0.2055571936280453,-0.027689523150337854,1,0,0,0,1,0,0
1,0,1,0,0.3908120924212107,1,1,1,0,0,0,0,0,0,-0.2885084266523172,0.04397273945318631,1,0,0,0,1,0,0
0,0,0,1,0.5542340153319228,1,0,1,1,0,1,1,1,1,1.3406537899443827,1.1192377329991365,1,0,1,0,0,0,0
1,0,1,1,-0.6714304064984186,1,0,1,1,0,0,0,0,1,-0.2968035499547444,-0.6309590907526571,1,0,0,0,0,0,1
1,0,1,1,0.8810778611533472,0,0,0,0,1,1,0,1,0,-0.6236314080703756,0.06039304231029207,0,1,0,0,1,0,0
1,0,0,0,0.02311276587210824,1,0,0,1,1,0,1,0,1,0.05325065340768312,-0.018464137942985452,0,0,0,0,1,0,0
0,0,0,0,-0.4262975221323503,0,0,0,0,1,0,1,1,1,-0.47100113930571536,-0.5358360997390479,0,0,0,0,0,1,0
1,0,0,0,0.10482372732746434,1,0,1,0,0,1,0,1,1,0.8097658985890426,0.42554614818504044,1,0,1,0,0,1,0
0,0,0,0,-1.161696175230555,1,0,0,0,0,0,0,0,0,-1.4548027629735798,-0.9718569374339121,0,0,0,1,0,0,0
1,0,0,0,-1.2842626174135892,1,0,0,0,0,0,0,0,0,-1.4713930095784342,-1.0005703971343078,0,1,0,1,0,0,1
1,0,1,0,0.14567920805514237,1,0,0,0,0,0,0,0,0,-1.4581208122945508,-0.6917627659829341,1,0,0,1,0,0,0
1,0,1,1,-0.30373107994931614,1,0,1,0,0,1,0,0,0,-0.3482333144297931,-0.4371818607991793,0,0,0,0,0,1,0
0,0,0,0,-1.2025516559582332,1,0,1,1,0,1,0,1,0,0.20919897149331387,-0.9154231815123811,0,1,0,0,0,0,1
1,0,0,0,-0.4262975221323503,1,1,1,0,0,0,1,1,1,1.1930005951611786,-0.0848515989566599,0,0,1,0,0,1,0
0,0,1,1,-0.6714304064984186,1,0,1,0,1,0,1,1,0,1.1913415705006933,-0.33746824748143295,0,0,1,0,0,0,0
0,1,0,0,0.7176559382426351,1,1,0,1,0,1,1,1,1,1.3937425790799165,1.3510200187589796,1,0,1,0,0,1,0
0,0,0,0,-0.9165632908644868,1,0,0,0,0,0,0,0,1,-1.4465076396711527,-0.9113181057981046,0,0,0,1,0,1,0
0,0,0,0,-0.30373107994931614,1,0,1,1,1,1,1,0,0,0.315376549764382,-0.18690466402555303,1,0,0,0,0,0,1
1,1,0,0,-0.017742714855569806,1,1,0,0,0,0,1,1,1,1.0403703263965185,0.3231178880239822,0,0,1,0,1,0,0
0,0,1,1,1.2487771877024496,1,0,0,0,0,0,0,0,0,-1.5078915521091139,-0.45172618819545973,0,1,0,1,0,1,0
1,0,0,1,-1.120840694502877,1,0,0,0,0,1,0,0,1,-0.5357031010646475,-0.9057784606137854,0,0,0,0,0,0,0
1,1,1,0,0.47252305387656673,0,0,0,1,0,0,0,0,1,-1.1429061268023175,-0.4094174239789657,0,0,0,0,0,1,0
0,1,0,0,-0.6714304064984186,1,1,0,0,0,0,1,1,1,1.0403703263965185,-0.3345991085413473,0,0,1,0,0,1,0
1,0,1,0,-0.5080084835877063,1,0,1,0,0,1,0,1,1,-0.02140545631416158,-0.4470472846931661,1,0,0,0,0,0,1
0,0,0,0,-0.0994536763109259,1,1,1,0,0,1,1,1,0,1.3804703817960333,0.4081547521482135,0,0,1,0,0,0,0
0,0,0,0,0.9219333418810253,1,0,0,0,0,0,0,0,0,-0.6551528766195991,0.07740924325495384,1,0,0,0,0,0,0
0,1,1,1,1.1670662262470934,1,1,0,0,1,0,1,0,1,0.01343406155603252,0.7405996741059854,1,0,0,0,0,1,0
1,0,1,1,-1.2842626174135892,1,0,0,0,0,0,0,0,0,-1.4879832561832886,-1.0007911001296992,0,0,0,1,0,0,0
0,0,0,0,0.8810778611533472,1,0,0,0,1,0,1,1,1,0.9723503153166152,1.2243144291048886,1,0,1,0,1,0,0
1,0,0,0,-0.9165632908644868,1,0,0,0,0,0,0,0,1,0.17270042896263443,-0.682956716466825,0,0,1,0,0,1,0
1,0,0,1,0.30910113096585456,1,0,1,1,0,0,0,0,1,-0.31671184588056966,-0.06534145416407748,0,0,0,0,0,0,1
0,0,1,1,0.758511418970313,1,0,1,1,0,0,0,0,1,0.47630194183146973,0.7642148946128443,0,0,1,0,0,0,0
1,0,1,1,1.616476514251552,1,0,1,1,0,1,1,1,0,1.3506079379072953,2.350186619494042,0,1,1,0,0,0,0
1,0,0,0,1.2896326684301276,1,1,1,0,1,1,0,1,0,1.1432298553466156,1.8813693166840446,0,1,1,0,1,0,0
1,0,1,0,1.616476514251552,1,1,0,0,0,0,0,0,0,-1.292218346246007,-0.18319685370298075,0,1,0,1,1,0,0
0,0,1,1,0.8402223804256691,1,0,0,0,0,0,0,0,0,-1.5012554534671723,-0.5647040515362174,1,0,0,1,0,0,0
1,0,0,0,-1.2025516559582332,0,0,0,0,0,0,0,0,0,-1.3287168887766867,-0.9800450185629259,0,0,0,0,0,1,0
1,1,0,0,-1.2842626174135892,1,0,0,0,0,0,0,0,1,0.17435945362311978,-0.9786766599915002,0,0,1,0,0,1,0
1,0,1,1,-0.7939968486814527,1,0,1,0,0,0,0,1,0,0.6388863585590423,-0.5261251679418348,0,0,1,0,0,1,0
0,0,0,0,0.26824565023817654,0,0,0,0,1,0,1,1,1,-0.46602406532425905,-0.12175313978606932,0,0,0,0,0,1,0
0,0,0,0,-0.9574187715921648,1,0,0,0,0,0,1,0,1,0.4265312020169066,-0.6943670613285502,0,0,1,0,0,0,0
1,0,0,0,-0.4262975221323503,1,1,0,0,0,0,0,0,0,-1.3121266421718323,-0.759540655867573,0,1,0,1,0,0,1
1,1,1,0,0.8810778611533472,1,1,0,0,1,0,1,1,1,1.1365937567046736,1.3279565557405986,0,0,1,0,1,0,0
1,0,0,0,-0.14030915703860394,0,0,1,0,0,1,0,0,0,-0.9687085374513467,-0.5361450839325955,1,0,0,0,0,0,1
1,0,1,0,1.616476514251552,1,1,1,1,1,1,1,1,1,1.7587280043867128,2.823925599101263,1,0,1,0,0,0,0
1,0,1,0,1.616476514251552,1,1,1,1,1,1,0,1,0,0.48957413911535297,1.555368922191696,0,1,0,0,1,0,0
1,0,1,0,0.5950894960596009,1,1,0,1,1,1,1,1,1,1.4849889354066155,1.2524099204181893,0,0,1,0,0,1,0
0,0,1,1,-0.181164637766282,1,1,0,0,0,0,0,0,0,-0.49422748455251153,-0.3871043511449149,0,0,0,0,0,0,1
1,0,0,0,-1.2025516559582332,0,0,0,0,0,1,0,0,0,-1.1412471021418322,-0.9733356475030331,0,0,0,0,0,1,0
1,1,1,1,0.7176559382426351,1,1,1,1,1,0,0,1,1,0.3435799689926347,0.6776551798204136,0,1,0,0,0,0,0
1,0,0,0,-1.2842626174135892,1,0,0,0,0,0,0,0,1,0.1660643303206926,-0.9787870114891959,0,0,1,0,0,1,0
1,0,0,0,-1.2434071366859112,1,0,0,0,1,0,1,1,0,1.0005537345448678,-0.9309827426874611,0,0,1,0,0,1,0
1,0,0,0,-1.2434071366859112,1,0,0,0,0,0,0,0,0,0.19592677420943067,-0.9525674956367209,0,0,1,0,0,0,1
0,0,1,0,1.5347655527961959,1,1,0,1,1,1,1,1,1,1.4833299107461302,2.377995196913334,1,0,1,0,0,1,0
1,0,0,0,0.758511418970313,1,1,0,1,1,1,0,0,1,0.7483819861510811,0.9648118471239102,0,0,1,0,0,1,0
1,1,1,0,1.3304881491578058,1,1,0,1,1,0,1,1,1,1.31245037071613,1.894214231015813,0,0,1,0,0,1,0
1,0,0,0,-1.2842626174135892,1,0,0,0,0,0,1,1,1,0.8545595644221492,-0.9696278371804609,0,0,1,0,0,1,0
0,0,0,1,-0.7939968486814527,0,0,0,1,0,0,0,0,0,-1.1495422254442595,-0.8408917799687712,0,0,0,0,0,1,0
0,0,0,0,-0.9165632908644868,1,1,0,0,0,1,1,1,1,1.1183444854393338,-0.5424792599003231,0,0,1,0,0,1,0
0,0,1,1,0.9219333418810253,1,0,0,0,0,0,0,0,0,-1.4763700835598907,-0.533298015292049,0,1,0,1,0,0,1
0,0,0,0,-1.0391297330475209,1,0,0,0,0,1,1,1,1,0.197585798869916,-0.8106113290010979,0,0,0,0,1,0,0
1,0,0,0,-1.2025516559582332,1,0,0,0,0,0,0,0,1,-1.504573502788143,-0.9790297847841263,1,0,0,1,0,0,1
1,0,0,0,0.5542340153319228,0,0,0,0,1,1,0,0,0,-1.0317514745497933,-0.3307809467210795,1,0,0,0,1,0,0
1,0,0,0,0.9627888226087032,1,0,0,1,0,1,1,1,1,0.36348826491845976,0.8816730287600433,1,0,0,0,0,0,0
0,0,1,1,1.1670662262470934,1,1,1,1,1,1,1,1,0,1.6691406727204992,2.083842244655936,0,1,1,0,1,0,0
1,0,1,1,0.7993668996979911,1,1,0,1,0,1,0,1,1,0.944146896088363,1.0348629778610785,0,0,1,0,0,0,0
0,0,0,0,0.3499566116935326,1,0,0,0,0,0,0,0,0,0.18099555226506164,0.25637730221768196,0,0,1,0,0,0,0
0,0,0,0,1.45305459134084,1,1,0,0,0,0,0,0,0,-1.3038315188694052,-0.20544371563841424,0,1,0,1,0,0,0
0,0,1,1,0.3499566116935326,1,1,1,1,1,0,1,0,1,0.4497575472637024,0.40784576795466565,1,0,0,0,1,0,0
1,0,1,1,0.7176559382426351,1,1,0,0,1,1,1,0,1,0.16108725633923657,0.5097884815258633,1,0,0,0,0,1,0
0,0,1,0,1.575621033523874,1,1,1,1,1,1,1,1,1,1.6707996973809849,2.5561245844935754,0,1,1,0,1,0,0
1,0,0,0,-0.4262975221323503,1,1,0,0,0,0,0,1,0,0.6057058653493336,-0.21537535043101846,0,0,1,0,0,1,0
1,0,1,1,1.0853552647917375,1,0,0,0,0,0,0,0,0,-1.5029144781276575,-0.5029292831262192,0,1,0,1,0,0,1
1,0,1,1,-1.079985213775199,1,0,0,0,0,0,0,0,1,0.1660643303206926,-0.8428118960286747,0,0,1,0,0,1,0
0,0,1,1,0.02311276587210824,1,1,0,0,0,0,0,0,1,-1.3370120120791138,-0.6828242946695903,0,1,0,1,0,0,1
0,0,1,1,-0.6305749257707405,1,1,0,0,0,0,0,0,0,-1.3502842093629972,-0.8286648340240984,0,0,0,1,0,0,1
1,0,1,1,0.676800457514957,1,0,1,1,0,1,0,0,0,-0.17237670041833655,0.30151106477518336,0,0,0,0,1,0,0
1,0,1,0,1.616476514251552,1,1,0,1,1,0,1,1,0,0.575843421460596,1.543627522836884,0,1,0,0,0,0,0
1,1,1,0,-0.6305749257707405,1,1,0,0,1,0,1,1,1,1.183046447198266,-0.2934379999008876,0,0,1,0,1,0,0
1,0,0,1,-0.7122858872260965,1,0,1,0,1,0,0,1,0,0.0018208889326341733,-0.5899304039094322,1,0,0,0,0,0,1
1,0,1,1,-0.9982742523198429,1,0,0,0,0,0,0,0,0,-1.4979374041462012,-0.9346684827104941,0,0,0,1,1,0,0
1,0,0,0,-0.4262975221323503,1,1,1,1,1,0,0,0,0,0.008456987574576018,-0.37946802750437925,0,0,0,0,0,0,1
1,0,1,1,0.758511418970313,1,1,0,0,0,0,0,0,1,-1.3220807901347449,-0.47008867741200794,0,1,0,1,0,0,1
0,0,0,0,0.4316675731488887,1,0,0,1,1,0,1,0,1,0.8910581069528292,0.7357662785069179,0,0,1,0,0,1,0
1,0,0,0,-1.2025516559582332,0,0,0,0,0,0,0,0,0,-1.3171037161532886,-0.9743729515813717,0,0,0,0,0,1,0
0,1,1,1,0.6359449767872789,1,0,1,0,1,1,1,1,1,1.3174274446975864,1.2274704819389832,0,0,1,0,0,1,0
0,0,1,1,0.06396824659978628,1,0,1,1,1,0,0,0,1,-0.13256010856668618,-0.10822404616858852,1,0,0,0,0,0,1
1,1,1,1,0.3499566116935326,1,1,0,1,1,1,1,1,1,1.5646221191099168,0.9921348779533412,1,0,1,0,0,1,0
0,0,1,1,1.4121991106131617,1,1,0,1,1,1,1,1,1,1.5778943163938,2.2517089429504864,1,0,1,0,1,0,0
0,0,0,1,-0.5488639643153844,1,1,1,1,0,1,1,0,1,0.3684653388999163,-0.40239906872552544,0,0,0,0,0,0,1
0,0,1,1,1.2487771877024496,1,1,1,0,0,0,1,1,1,1.1565020526304992,1.7762043393801357,1,0,1,0,1,0,0
0,0,0,0,-0.5897194450430624,1,1,0,0,0,0,1,0,1,0.6770439257502076,-0.3236963805690217,0,0,1,0,0,1,0
0,0,1,0,-1.2842626174135892,1,0,0,0,0,0,0,0,1,-1.4647569109364926,-1.0004821159361514,0,0,0,1,0,0,1
0,0,1,0,-0.8757078101368088,1,1,0,0,0,0,1,1,1,0.9690322659956445,-0.5333642261906664,0,0,1,0,0,1,0
1,0,0,0,-0.0994536763109259,1,1,1,1,1,0,0,0,0,0.8495824904406932,0.2354546582545957,1,0,1,0,0,0,0
1,0,0,0,-0.3854420414046722,1,1,0,0,0,0,0,0,1,0.33694387035069284,-0.2545942727120355,0,0,1,0,0,1,0
0,0,1,0,0.7993668996979911,1,1,0,1,1,0,1,1,1,1.3356767159629261,1.473245337606629,0,0,1,0,0,1,0
1,0,1,1,-0.7939968486814527,1,0,0,0,0,0,0,0,1,-1.4913013055042594,-0.8983628399686409,0,0,0,1,0,0,1
1,0,1,1,0.8810778611533472,1,1,0,0,1,0,0,1,0,-0.04794985088192872,0.4952000135305046,0,1,0,0,1,0,0
1,0,0,0,-1.2842626174135892,1,0,1,0,0,0,0,0,0,-0.5589294463114435,-0.9884317323877917,0,0,0,0,0,1,0
0,0,1,1,1.45305459134084,1,1,0,1,0,1,0,0,1,0.6256141612751591,1.5211599579060593,1,0,1,0,0,0,0
1,0,0,0,-1.2025516559582332,1,0,1,0,0,1,1,0,1,-0.013110333011734388,-0.9232360675492296,0,0,0,0,1,0,0
1,0,1,1,-1.2842626174135892,1,0,0,0,0,0,0,0,1,0.12292968914807131,-0.9793608392772131,0,0,1,0,0,1,0
0,0,1,0,0.06396824659978628,1,1,1,1,0,1,0,0,0,-0.07117619612872494,-0.005442661214904368,0,0,0,0,0,1,0
1,0,0,0,0.676800457514957,1,1,0,0,0,1,1,0,1,0.04495553010525593,0.40246061486712037,0,1,0,0,0,0,0
0,0,1,1,-0.3854420414046722,1,0,0,0,0,0,0,0,1,-1.4979374041462012,-0.8102802745080111,0,1,0,1,0,0,1
1,0,1,1,1.575621033523874,1,0,0,0,0,0,0,0,0,-1.4929603301647452,-0.39328403501586867,0,1,0,1,0,0,1
0,0,0,1,0.5542340153319228,1,1,0,0,1,1,0,0,1,0.6637717284663239,0.7378629569631343,0,0,1,0,0,0,0
1,0,1,1,0.7176559382426351,1,1,1,1,1,0,1,1,1,1.4418542942339942,1.3878553486897716,1,0,1,0,0,1,0
1,0,0,0,-1.2842626174135892,0,0,0,0,0,0,1,1,1,-0.6468577533171719,-0.9896014582633649,0,0,0,0,0,0,1
1,0,0,0,-0.34458656067699417,1,0,0,0,0,0,0,1,1,0.49952828707826546,-0.12634376209020642,0,0,1,0,1,0,0
1,0,1,1,1.45305459134084,1,1,1,1,1,1,1,1,1,1.6558684754366157,2.4553736670974904,0,1,1,0,0,0,0
0,0,0,0,-0.05859819558324785,1,0,0,0,0,0,0,0,0,-1.4564617876340653,-0.7053139298999541,0,1,0,1,1,0,0
0,0,1,1,1.2896326684301276,0,0,0,1,1,1,0,1,0,-0.4958865092129969,0.40747057286250066,0,1,0,0,0,1,0
0,0,1,1,-0.7531413679537746,1,1,0,0,1,0,0,1,1,0.7450639368301104,-0.4540435696470674,0,0,1,0,0,1,0
1,0,0,0,1.0853552647917375,0,0,0,0,0,1,1,1,1,-0.43450259677503567,0.31718097744795887,0,0,0,0,0,1,0
1,0,1,1,1.616476514251552,1,1,0,0,1,0,0,1,1,0.8628546877245764,1.864750381131087,0,1,1,0,1,0,0
0,0,0,1,-1.161696175230555,1,0,0,0,1,1,1,1,1,1.1050722881554502,-0.8346679554987392,0,0,1,0,0,0,0
0,0,0,0,-0.017742714855569806,1,1,0,0,0,0,1,0,0,0.6388863585590423,0.21832810581223813,1,0,1,0,0,1,0
1,1,1,0,0.6359449767872789,1,1,0,0,1,0,0,1,1,0.8711498110270036,0.9196780845664089,0,0,1,0,1,0,0
1,0,1,0,1.616476514251552,1,1,1,1,1,0,1,1,1,1.4883069847275867,2.4687924092172757,0,1,1,0,0,1,0
1,0,1,1,-1.2025516559582332,1,0,1,1,0,0,1,0,0,0.831333219175353,-0.8999519015354576,0,0,1,0,0,1,0
0,0,1,1,1.616476514251552,1,1,1,1,0,0,1,0,1,1.0320752030940914,2.060006321153686,0,1,1,0,0,0,0
1,0,0,0,-0.5897194450430624,1,1,0,0,0,0,1,0,0,0.6471814818614695,-0.3307588764215403,0,0,1,0,0,0,0
1,1,1,0,1.616476514251552,0,0,1,1,1,1,1,1,1,-0.05624497418435591,1.0586326904647114,0,1,0,0,0,0,0
0,1,1,0,-0.017742714855569806,1,1,0,0,0,0,1,0,1,0.7019292956574892,0.15068263772483384,0,0,1,0,1,0,0
0,1,0,0,-0.7939968486814527,1,1,0,0,0,0,0,1,1,0.5708663474791394,-0.5120443168358759,0,0,1,0,0,1,0
0,0,0,1,-1.0391297330475209,0,0,1,0,0,0,0,0,0,-1.1611553980676577,-0.9204552098073006,0,0,0,0,0,0,1
0,0,1,1,-1.079985213775199,1,0,1,1,0,0,0,0,0,-0.29514452529425905,-0.8483294709134548,0,0,0,0,1,0,0
0,0,0,0,-1.161696175230555,1,0,1,1,0,0,0,0,0,-0.318370870541055,-0.9122009177796694,0,0,0,0,0,1,0
0,0,1,1,-0.7939968486814527,1,0,0,0,0,0,0,0,1,-1.4713930095784342,-0.8972593249916849,0,0,0,1,0,0,1
1,0,1,0,1.2896326684301276,1,0,1,1,0,1,1,1,1,1.3024962227532175,1.9061321927669381,0,1,1,0,1,0,0
0,0,0,0,-0.6305749257707405,1,0,0,0,0,0,0,0,0,0.18929067556748883,-0.4950943267898315,0,0,1,0,0,0,0
0,0,1,1,0.30910113096585456,0,0,0,1,0,0,1,1,1,-0.46270601600328815,-0.11065177911789177,0,0,0,0,0,1,0
0,0,1,1,-0.8757078101368088,0,0,1,0,0,0,1,1,0,-0.4726601639662009,-0.7600482727569728,0,0,0,0,0,1,0
1,0,0,0,-1.120840694502877,1,0,0,0,0,0,0,0,0,-1.4879832561832886,-0.9623446383325511,0,0,0,1,0,0,1
0,0,1,1,-0.3854420414046722,1,1,0,0,0,0,0,1,0,0.6903161230340908,-0.1848741964679539,0,0,1,0,0,1,0
1,0,0,0,1.45305459134084,1,1,1,1,1,0,0,1,0,0.39666875812816854,1.3003907516162372,1,0,0,0,1,0,0
0,0,0,0,-1.2842626174135892,1,1,0,1,0,0,0,0,1,0.47630194183146973,-0.9746598654753804,0,0,1,0,0,0,1
1,0,1,1,1.616476514251552,1,1,1,1,1,1,1,1,1,0.755018084793023,1.8432759796795226,0,1,0,0,0,0,0
0,0,0,0,1.0036443033363813,0,0,1,0,1,1,0,0,1,-0.7862158247979485,-0.012792070961431529,1,0,0,0,1,0,0
0,1,1,0,1.1262107455194155,1,1,1,1,1,1,1,1,1,1.7006621412697225,2.0475366019140826,0,1,1,0,0,0,0
1,1,0,0,-1.079985213775199,1,0,0,0,0,0,0,0,0,-0.666766049242997,-0.8875483931944719,0,0,0,0,1,0,0
1,0,1,1,0.9219333418810253,1,1,0,0,1,0,1,0,1,0.8495824904406932,1.2411982082523159,0,0,1,0,1,0,0
0,1,0,0,1.616476514251552,1,1,1,1,0,1,1,1,1,1.5032382066719552,2.409842639148285,0,1,1,0,0,0,0
1,0,1,0,1.5347655527961959,1,0,1,1,0,1,0,1,0,0.1046804178827316,1.0491866022619678,0,1,0,0,0,0,1
1,0,1,1,-0.6305749257707405,1,0,1,0,1,0,1,0,1,0.8164019972309845,-0.33007469713582754,0,0,1,0,0,1,0
1,0,0,0,-0.9574187715921648,1,1,0,0,0,0,0,1,0,-0.16242255245542403,-0.7701785402454291,0,0,0,0,0,0,1
1,0,1,1,0.758511418970313,1,0,1,1,0,1,0,0,0,-0.1425142565295987,0.3682295802819444,0,1,0,0,1,0,0
0,0,1,1,1.4121991106131617,1,1,0,0,1,1,0,1,1,0.16938237964166375,1.0278887632067164,0,1,0,0,0,0,0
0,0,0,0,-1.2842626174135892,1,0,0,1,0,0,0,0,0,0.3651472895789451,-0.9761385755445015,0,0,1,0,0,1,0
0,0,0,0,-1.2025516559582332,0,0,0,0,0,0,0,0,0,-1.3121266421718323,-0.9835983367887242,0,0,0,0,0,1,0
0,0,0,0,-1.079985213775199,0,0,1,1,0,1,0,1,0,-0.45938796668231724,-0.873820666881139,0,0,0,0,1,0,0
0,0,1,1,-0.9165632908644868,1,0,0,1,0,1,0,1,1,0.02338820951894505,-0.7372937939321396,0,0,0,0,0,1,0
0,0,1,0,-0.4671530028600283,1,0,0,0,0,1,1,0,1,0.7052473449784599,-0.20672379301168317,0,0,1,0,0,1,0
0,0,1,0,-0.7939968486814527,1,1,0,1,1,0,1,0,0,0.9723503153166152,-0.473024027250711,0,0,1,0,0,1,0
1,0,1,0,0.758511418970313,1,1,0,0,0,1,1,1,1,0.34523899365312005,0.7124379718940675,0,1,0,0,0,0,0
1,0,0,0,-0.30373107994931614,1,0,0,0,0,0,0,0,1,-1.4614388616155216,-0.7891589978490727,0,1,0,1,0,0,1
0,0,1,1,1.575621033523874,1,0,0,0,0,0,0,0,0,-1.4896422808437741,-0.3963297363522673,0,1,0,1,0,0,0
0,0,0,0,-1.2025516559582332,1,0,0,0,1,0,0,0,1,0.33030777170875103,-0.9044983832405165,0,0,1,0,0,0,1
1,0,0,0,-1.2842626174135892,1,0,0,0,0,0,1,0,1,0.4879151144548676,-0.9745053733786065,0,0,1,0,0,1,0
1,1,0,0,1.3304881491578058,1,0,0,1,1,0,1,1,1,1.138252781365159,1.857842377375342,0,0,1,0,0,0,0
1,0,1,1,1.3304881491578058,1,1,1,1,1,0,0,1,0,0.25399263732642097,1.0446401205569091,1,0,0,0,1,0,0
0,0,0,0,1.2896326684301276,1,1,0,0,0,0,0,0,1,-1.3403300614000848,-0.3028178772050138,1,0,0,1,0,0,0
1,0,0,0,0.22739016951049848,1,0,1,1,0,1,1,0,0,0.1926087248884595,0.18581855459111363,1,0,0,0,0,0,1
0,0,1,0,0.9627888226087032,1,1,1,1,1,0,1,1,0,1.4932840587090428,1.6872389619379409,1,0,1,0,0,0,0
0,0,0,1,1.616476514251552,1,0,0,0,0,0,0,0,1,-1.4946193548252305,-0.3179139620897722,0,1,0,1,0,0,1
0,0,0,1,-0.9574187715921648,1,0,0,0,0,1,1,1,1,0.15279213303680939,-0.7573556962132001,0,0,0,0,1,0,0
0,0,0,0,0.22739016951049848,1,0,0,0,0,0,0,0,0,-1.4763700835598907,-0.6816104281949387,0,1,0,1,0,0,1
1,0,1,1,0.47252305387656673,1,0,0,1,0,1,0,0,1,-0.3283250185039678,0.11559086145763228,0,0,0,0,0,0,0
1,0,1,0,1.575621033523874,1,1,1,1,1,1,0,1,0,0.5177775583436057,1.518401170463669,0,1,0,0,1,0,0
0,0,1,0,1.0036443033363813,1,1,1,0,0,0,1,1,1,1.1565020526304992,1.416833651984637,0,0,1,0,0,1,0
0,0,0,0,0.4316675731488887,0,0,0,0,1,0,1,1,1,-0.5224309037807641,-0.09315003158336929,0,0,0,0,0,0,0
0,0,0,0,-0.6305749257707405,1,0,0,0,0,0,0,0,0,-1.4846652068623178,-0.8604460653604319,1,0,0,1,1,0,0
1,0,0,0,-1.0391297330475209,1,1,0,0,0,0,0,1,1,0.7301327148857414,-0.7357709432639403,0,0,1,0,0,1,0
0,0,0,0,-1.2434071366859112,1,0,0,0,0,0,1,0,1,0.4962102377572948,-0.9369858641621017,0,0,1,0,0,1,0
1,0,0,0,0.7176559382426351,1,1,0,0,0,0,0,0,0,-1.3237398147952304,-0.48200663916313297,0,1,0,1,0,0,0
0,0,1,0,1.616476514251552,1,1,1,1,1,0,1,1,1,0.5924336680654504,1.6032394018920486,0,1,0,0,1,0,0
0,0,0,1,-0.7939968486814527,1,1,1,1,1,1,1,1,0,0.8014707752866155,-0.4967937398543437,0,1,0,0,1,0,0
1,0,0,0,-0.5488639643153844,1,1,0,0,0,0,1,1,0,0.15942823167875075,-0.39403442520019877,0,0,0,0,0,0,1
1,0,1,1,-0.0994536763109259,1,0,0,0,0,0,0,0,0,-1.4448486150106672,-0.6953602248078107,0,1,0,1,0,0,1
0,0,0,0,1.0444997840640593,1,0,1,1,1,0,1,1,1,1.3821294064565186,1.7032178588042644,1,0,1,0,0,1,0
1,0,1,1,-1.0391297330475209,1,0,0,0,0,0,0,0,0,-1.4647569109364926,-0.9433862510284466,1,0,0,1,0,0,1
1,0,1,1,0.9219333418810253,1,0,0,0,0,0,0,0,0,-1.469733984917949,-0.48964296280366865,0,1,0,1,0,0,1
1,0,1,1,-0.7122858872260965,1,0,0,0,0,0,0,0,1,-1.5029144781276575,-0.9037700633557254,1,0,0,1,0,0,1
1,0,1,1,1.45305459134084,1,1,1,1,1,1,1,1,1,0.7981527259656442,1.6974133700254754,0,1,0,0,1,0,0
0,0,0,0,0.8810778611533472,1,1,0,0,0,1,1,1,1,1.1714332745748677,1.3920487056022044,0,0,1,0,0,1,0
0,0,0,0,-0.30373107994931614,0,0,0,0,1,0,1,1,1,-0.548975298348531,-0.43850607877152653,0,0,0,0,0,1,0
0,0,0,0,-1.2842626174135892,1,0,0,1,0,0,1,0,0,0.6471814818614695,-0.972386624622851,0,0,1,0,0,1,0
1,0,1,0,1.616476514251552,1,0,0,0,0,0,0,0,0,-1.4630978862760071,-0.35097527079937474,0,1,0,1,0,0,0
1,0,0,0,1.2487771877024496,1,1,1,0,1,1,0,1,1,0.23574336606108126,0.9675485642667612,0,1,0,0,0,0,0
1,0,1,1,0.3908120924212107,1,0,0,0,0,0,0,0,0,-1.478029108220376,-0.6322391681259261,1,0,0,1,0,0,1
1,1,0,0,0.18653468878282042,0,0,0,1,1,0,0,0,0,-0.9338690195811525,-0.4291482717669394,0,0,0,0,0,1,0
0,0,0,0,-1.161696175230555,1,0,0,0,0,0,0,0,0,-1.4747110588994052,-0.9753881853601714,0,0,0,1,0,0,1
1,0,0,0,-0.7939968486814527,1,0,0,0,0,0,0,0,0,-1.504573502788143,-0.890329250936401,1,0,0,1,0,0,1
0,0,1,0,-1.2025516559582332,1,0,0,0,0,0,0,0,0,-1.4581208122945508,-0.9778159183094747,0,0,0,1,0,0,1
0,0,0,0,-1.2842626174135892,1,0,0,0,0,1,0,0,1,-0.4643650406637737,-0.9871737253140617,0,0,0,0,0,1,0
0,0,1,0,1.45305459134084,1,1,0,0,1,0,1,0,1,0.8346512684963242,1.6274946610855419,0,1,1,0,0,0,0
1,0,0,0,-0.9165632908644868,1,0,0,1,0,0,1,0,1,-0.1707176757578512,-0.7275607918353875,0,0,0,0,0,0,1
1,0,1,1,1.2079217069747716,1,0,1,1,0,0,0,0,1,0.5526170762137997,1.1899509727224784,1,0,1,0,1,0,0
1,0,0,0,0.676800457514957,1,0,0,0,0,0,0,0,1,-1.4896422808437741,-0.5582153834717161,0,1,0,1,1,0,0
1,0,1,1,0.5542340153319228,1,0,0,0,0,0,0,0,0,-1.4879832561832886,-0.628928623195058,0,1,0,1,1,0,0
1,0,0,0,0.7993668996979911,0,0,1,1,1,1,1,1,0,-0.029700579616589,0.46246975931398887,0,1,0,0,1,0,0
0,0,1,1,-0.26287559922163806,1,0,1,1,0,0,0,0,0,0.5692073228186542,-0.09586467842668095,0,0,1,0,0,1,0
0,0,0,1,-0.9982742523198429,1,0,0,0,0,0,0,0,0,-1.4879832561832886,-0.9341608658210943,0,0,0,1,0,0,1
0,0,0,0,-1.2434071366859112,1,1,0,0,0,0,0,0,1,0.35685216627651795,-0.9361913333786933,0,0,1,0,0,1,0
0,0,1,1,1.493910072068518,1,0,0,0,0,0,0,0,0,-1.4962783794857157,-0.39299712112186,0,1,0,1,0,0,0
0,0,0,0,-1.161696175230555,0,0,1,0,0,0,0,0,1,-1.1827227186539682,-0.9610204203602039,0,0,0,0,0,0,1
1,0,0,0,-0.8757078101368088,1,0,0,1,0,0,0,0,1,0.3684653388999163,-0.6271629992319284,0,0,1,0,0,0,1
1,1,0,0,-0.9574187715921648,1,0,0,0,0,1,0,0,0,-0.5174538297993075,-0.8118914063743669,0,0,0,0,0,0,1
0,0,0,0,-0.14030915703860394,1,0,1,1,1,0,0,1,1,0.13454286177146918,-0.1398066448090699,0,0,0,0,0,0,0
1,1,1,1,1.1262107455194155,1,1,1,1,0,0,0,1,1,0.944146896088363,1.5393238144267556,0,0,1,0,0,1,0
1,1,1,0,-0.22202011849396003,0,0,1,0,0,0,0,0,0,-1.129633929518434,-0.6542211864668902,0,0,0,0,1,0,0
1,0,0,1,1.0036443033363813,1,0,0,0,0,0,0,0,1,-1.4995964288066868,-0.4929093671354585,0,1,0,1,0,0,1
0,0,0,1,-1.2842626174135892,1,0,1,0,0,0,0,0,1,0.2921502045175858,-0.9771096687242228,0,0,1,0,0,0,1
0,0,0,0,-1.2842626174135892,1,0,0,1,0,1,1,0,0,0.8927171316133145,-0.9691202202910613,0,0,1,0,0,1,0
0,0,0,0,0.18653468878282042,1,0,0,0,0,0,0,0,0,-1.4913013055042594,-0.6634245013747033,0,1,0,1,0,0,1
1,1,1,1,1.616476514251552,0,0,1,1,1,1,1,1,1,0.00016186427214882995,1.0792904908333283,0,1,0,0,0,0,0
0,0,1,1,-0.05859819558324785,1,1,0,1,0,0,0,1,1,0.8744678603479747,0.31261242544336076,0,0,1,0,0,1,0
0,0,0,0,0.7993668996979911,1,0,0,0,1,0,0,1,1,-0.1773537743997928,0.33391026449861205,0,0,0,0,0,1,0
0,1,1,0,0.6359449767872789,1,0,0,1,0,0,0,1,1,-0.1939440210046472,0.22179314283988,1,0,0,0,0,0,0
0,0,0,0,-0.4262975221323503,1,0,0,0,0,0,1,1,0,0.811424923249528,-0.1674607301315879,0,0,1,0,0,1,0
0,0,0,0,-0.7939968486814527,1,1,0,0,0,0,0,0,1,0.33860289501117824,-0.5684339321583288,0,0,1,0,0,0,1
1,0,0,0,-1.079985213775199,1,0,1,0,1,1,1,1,1,0.5128004843621492,-0.7918074337937672,0,1,0,0,0,0,1
0,0,0,0,-1.0391297330475209,1,1,1,0,0,0,0,0,1,-0.3698006350161037,-0.8311146372729409,0,0,0,0,0,1,0
0,0,1,1,1.575621033523874,1,1,1,1,1,0,1,1,1,1.4667396641412758,2.3723672705308583,0,1,1,0,0,0,0
1,0,0,1,-1.2025516559582332,1,0,0,0,0,0,0,0,0,0.16108725633923657,-0.9124436910745998,0,0,1,0,0,1,0
1,0,0,1,0.6359449767872789,1,1,1,1,1,0,0,0,1,-0.013110333011734388,0.330224524475579,1,0,0,0,0,0,0
1,0,1,1,-0.9574187715921648,1,0,0,1,0,1,0,0,0,-0.3316430678249387,-0.8097285170195331,0,0,0,0,0,0,1
1,1,0,0,-1.0391297330475209,1,1,0,0,0,0,0,0,0,0.29712727849904225,-0.7689646737707775,0,0,1,0,0,0,1
0,0,0,1,-0.5897194450430624,0,0,0,0,0,0,0,1,1,-0.988616833377172,-0.7654996367431356,0,0,0,0,0,1,0
1,1,0,0,-0.8757078101368088,1,1,1,1,0,0,0,0,0,-0.1508093798320259,-0.7169670480566096,0,0,0,0,0,0,0
0,0,0,0,-0.9574187715921648,1,0,0,0,1,0,0,1,1,0.6803619750711782,-0.6646825084484332,0,0,1,0,1,0,0
1,1,0,0,-0.9165632908644868,1,0,0,0,0,0,0,1,1,0.4796199911524404,-0.659319425660427,0,0,1,0,0,1,0
1,0,0,0,-1.2842626174135892,1,0,0,0,0,0,0,0,0,-1.4796881328808613,-1.0006807486320035,0,0,0,1,0,0,1
0,1,1,0,-0.26287559922163806,1,0,0,1,0,0,0,1,0,0.6687488024477805,-0.051856501145674784,0,0,1,0,0,1,0
1,0,0,0,-1.0391297330475209,1,0,0,0,0,0,0,0,0,-0.6933104438107641,-0.8867097218119853,0,0,0,0,0,0,1
0,0,0,0,0.5542340153319228,1,0,0,1,1,1,1,1,1,1.3141093953766159,1.1551461103492853,0,1,1,0,0,0,0
1,0,0,1,-0.22202011849396003,1,1,0,0,0,0,0,0,1,-1.292218346246007,-0.661526455614339,0,1,0,1,1,0,0
1,0,0,0,-1.2842626174135892,1,0,0,0,0,0,0,0,1,0.16108725633923657,-0.9788532223878132,0,0,1,0,0,1,0
0,1,0,0,0.30910113096585456,0,0,1,1,0,0,1,1,1,-0.29846257461522996,-0.07851742298893237,0,0,0,0,0,1,0
1,0,0,1,0.676800457514957,1,1,0,0,0,0,0,0,0,0.34523899365312005,0.6140265062491294,0,0,1,0,1,0,0
1,0,0,0,1.45305459134084,1,1,0,1,1,1,1,1,0,1.448490392875936,2.158175013503694,1,0,1,0,0,1,0
0,0,0,1,-0.5897194450430624,1,1,1,0,0,0,0,0,0,-0.23707866217726872,-0.57141342259611,0,0,0,0,0,0,1
0,1,0,0,-0.181164637766282,1,1,0,1,1,0,1,1,1,1.372175258493606,0.3819352362957383,0,0,1,0,0,1,0
0,0,1,0,1.616476514251552,1,1,1,1,1,0,1,0,0,1.1896825458402078,2.2276964570519233,0,1,1,0,0,0,0
0,0,1,0,1.2079217069747716,1,1,1,1,0,1,1,1,1,0.6687488024477805,1.263886476178532,0,1,0,0,0,1,0
0,0,1,1,0.06396824659978628,1,1,0,0,0,0,0,0,0,-1.3220807901347449,-0.6148477720890992,0,1,0,1,1,0,0
0,0,0,0,0.5542340153319228,1,0,0,0,0,0,0,1,0,-0.3034396485966862,0.17727734866947403,1,0,0,0,1,0,0
1,0,0,0,-0.05859819558324785,1,1,0,0,0,1,0,0,0,0.560912199516227,0.11539222876178028,1,0,1,0,1,0,0
1,0,0,0,-0.22202011849396003,1,1,0,0,1,0,1,1,1,1.1847054718587515,0.17047969641142488,1,0,1,0,0,0,0
1,0,1,1,-0.0994536763109259,1,1,1,0,0,0,0,0,1,-0.3432562404483366,-0.3083354520897939,0,0,0,0,0,0,0
1,0,0,1,-0.8757078101368088,1,1,0,0,0,0,0,1,0,0.7102244189599164,-0.6153333186789598,0,0,1,0,0,1,0
0,1,0,0,0.5542340153319228,1,1,1,1,1,0,1,1,1,1.4999201573509846,1.1421687742202826,1,0,1,0,0,1,0
0,0,0,0,0.47252305387656673,1,1,0,0,0,0,0,0,1,-0.4859323612500844,-0.06538559476315568,0,0,0,0,0,0,1
0,0,0,0,0.3908120924212107,1,0,1,1,0,1,0,1,1,0.0963852945803044,0.2626452672867921,1,0,0,0,0,0,1
1,0,1,0,-0.5897194450430624,1,0,0,0,1,0,0,0,1,-0.5058406571759096,-0.6218881976420787,0,0,0,0,0,0,1
0,0,0,0,0.7176559382426351,1,0,0,0,0,0,0,0,0,-1.5062325274486286,-0.5576194853841597,0,1,0,1,1,0,0
0,0,1,1,-1.0391297330475209,1,0,1,0,0,0,0,0,0,-0.4676830899847444,-0.8549505607751909,0,0,0,0,0,0,1
0,0,1,1,1.3713436298854838,1,1,1,1,1,1,1,1,0,0.8329922438358388,1.6206749385279537,0,1,0,0,1,0,0
0,0,0,1,-0.26287559922163806,0,0,1,0,0,1,0,1,0,-0.6302675067123175,-0.5033044782183843,0,0,0,0,0,0,1
1,0,0,0,-1.2842626174135892,1,0,0,0,0,0,0,0,1,0.1428379850738964,-0.9790959956827436,0,0,1,0,0,1,0
1,0,1,0,1.4121991106131617,1,1,0,1,1,0,0,1,1,0.9408288467673923,1.8013644808547329,0,1,1,0,0,1,0
0,0,0,0,-0.26287559922163806,1,1,0,0,1,0,1,1,1,1.1847054718587515,0.13803635608891776,0,0,1,0,0,0,0
0,0,1,0,0.7993668996979911,1,1,0,1,1,0,1,0,0,0.9889405619214696,1.2088210788284264,0,0,1,0,0,0,0
0,0,0,1,-0.8348523294091307,1,1,0,0,0,0,0,0,1,0.391691684146712,-0.6154215998771163,0,0,1,0,0,1,0
1,1,0,0,-0.9165632908644868,1,0,0,1,0,0,0,0,1,0.2672648346103042,-0.7056229140935016,0,0,1,0,0,1,0
0,0,0,0,-1.2842626174135892,1,0,0,0,0,0,0,0,0,-0.6916514191502785,-0.9901973563509213,0,0,0,0,1,0,0
0,1,1,0,0.5950894960596009,1,1,1,1,1,0,0,0,1,0.08809017127787722,0.4258551323785881,0,0,0,0,1,0,0
1,0,0,0,1.0036443033363813,1,1,0,0,0,1,1,0,1,0.8512415151011785,1.298867900948038,0,1,1,0,1,0,0
0,0,0,0,-1.2842626174135892,1,0,0,0,0,0,0,0,1,0.2009038481908867,-0.9783235351988745,0,0,1,0,0,1,0
1,1,0,0,1.616476514251552,1,1,1,1,1,1,1,1,0,1.6260060315478777,2.4535859728348215,0,1,1,0,0,0,0
0,1,0,0,0.5133785346042448,0,0,0,0,0,0,0,1,0,-1.015161227944939,-0.3048483447626129,1,0,0,0,0,1,0
0,0,1,0,0.22739016951049848,1,0,0,0,0,0,0,0,1,-1.478029108220376,-0.6499616186558399,1,0,0,1,1,0,0
1,0,1,1,-1.2842626174135892,1,0,0,0,0,0,1,1,1,0.8396283424777802,-0.969826469876313,0,0,1,0,0,1,0
1,0,0,1,-0.6305749257707405,1,0,0,1,1,1,1,1,0,0.5327087802879742,-0.37134615727398285,1,0,0,0,0,1,0
0,0,1,1,1.0853552647917375,1,1,1,0,1,1,1,0,1,0.386714610165256,0.9853372256952923,0,1,0,0,0,0,1
1,0,0,0,-0.7122858872260965,1,0,0,0,1,1,1,1,1,1.2129088910870036,-0.3236743102694826,0,0,1,0,0,1,0
1,0,1,0,-0.017742714855569806,1,1,1,0,0,1,1,0,1,0.26560580994981886,0.020225097149092795,1,0,0,0,1,0,0
1,0,0,0,0.4316675731488887,1,0,0,0,0,0,0,0,0,-1.5012554534671723,-0.6228592908217999,0,1,0,1,0,0,1
1,1,0,0,1.575621033523874,1,1,0,0,0,0,0,0,1,-1.3320349380976575,-0.22974311543098588,0,1,0,1,0,0,1
0,0,1,0,0.8810778611533472,1,1,1,1,1,1,1,1,1,1.6542094507761305,1.6606883915923791,1,0,1,0,0,0,1
0,0,0,0,-1.120840694502877,1,0,0,0,0,0,1,0,1,0.5376858542694307,-0.8376253756369814,0,0,1,0,1,0,0
0,0,1,1,-0.7531413679537746,1,0,0,0,0,0,0,0,0,-1.5012554534671723,-0.8796030853603884,1,0,0,1,0,0,1
0,0,1,1,1.2079217069747716,1,0,0,1,1,0,1,1,1,1.1730922992353536,1.7638891122373066,0,0,1,0,0,1,0
0,1,1,1,1.616476514251552,1,1,1,1,1,1,1,1,1,0.841287367138266,1.955084117144707,0,1,0,0,0,0,0
1,0,1,0,0.3908120924212107,1,1,0,0,1,1,1,1,1,1.4435133188944795,1.0147569349809398,1,0,1,0,0,1,0
0,0,0,0,-1.2434071366859112,1,0,0,0,0,0,0,0,1,0.17767750294409096,-0.9549510879869457,0,0,1,0,0,1,0
0,1,1,0,1.616476514251552,1,1,0,0,0,0,0,0,1,-1.2971954202274631,-0.15441718310396763,0,1,0,1,1,0,0
0,0,1,1,-0.0994536763109259,1,1,0,0,0,0,0,0,1,-1.3171037161532886,-0.6610850496235566,0,1,0,1,0,0,1
1,0,1,0,0.30910113096585456,1,1,0,0,0,0,1,1,1,1.0718917949457414,0.6266727878850452,0,0,1,0,0,0,0
0,0,0,1,-0.30373107994931614,0,0,1,0,0,1,0,0,0,-0.9869578087166866,-0.6368518607296023,0,1,0,0,0,0,0
1,0,1,0,1.3304881491578058,1,1,1,1,1,0,0,0,0,0.07481797399399352,0.8926640379305255,1,0,0,0,1,0,0
0,0,1,0,-0.7531413679537746,1,0,0,0,0,0,0,0,0,-1.4730520342389197,-0.8805300379410315,0,1,0,1,0,0,1
0,0,0,1,0.10482372732746434,1,0,0,0,0,0,0,0,1,-1.4830061822018323,-0.7251109885865451,1,0,0,1,1,0,0
0,0,1,0,-0.0994536763109259,1,0,0,1,1,1,0,1,0,0.18099555226506164,-0.0389895165143675,1,0,0,0,0,0,0
0,0,1,1,-0.0994536763109259,1,0,0,0,1,0,0,1,0,0.7185195422623435,0.11071332525948677,1,0,1,0,0,1,0
1,0,0,0,1.2896326684301276,1,0,1,1,0,0,1,1,1,1.1780693732168095,1.9053597322830689,1,0,1,0,1,0,0
1,0,1,1,1.575621033523874,1,1,1,1,1,1,1,1,0,0.8462644411197221,1.7656547362004362,0,1,0,0,1,0,0
1,0,0,0,-1.2025516559582332,0,0,0,1,0,1,0,0,1,-0.9272329209392107,-0.9616163184477603,0,0,0,0,0,0,1
1,0,0,0,-0.9982742523198429,1,1,0,0,0,0,0,0,1,0.3336258210297217,-0.7569142902224177,0,0,1,0,0,1,0
1,0,0,0,-0.7939968486814527,1,1,0,0,0,1,1,1,1,1.1349347320441883,-0.4350189714443455,0,0,1,0,0,0,1
0,0,0,0,0.6359449767872789,1,1,0,0,0,0,0,0,0,-1.318762740813774,-0.4924900314442152,1,0,0,1,1,0,0
1,0,0,0,-0.26287559922163806,1,0,0,1,1,1,0,0,1,0.6770439257502076,-0.04530162218255604,1,0,1,0,0,1,0
0,0,0,0,0.14567920805514237,1,0,1,1,1,1,1,0,1,0.38339656084428486,0.14086135442992523,1,0,0,0,0,0,1
0,0,0,1,0.7176559382426351,1,0,0,0,0,0,0,0,0,0.18431360158603233,0.5501550593829145,0,1,1,0,1,0,0
1,0,1,0,0.676800457514957,1,1,1,0,0,0,0,0,1,-0.31339379655959876,0.1530441597755197,1,0,0,0,0,1,0
1,1,1,0,0.4316675731488887,1,0,0,1,1,0,1,1,1,1.1863644965192368,0.890214234681683,1,0,1,0,0,0,0
1,0,1,1,-0.9982742523198429,1,0,0,0,0,0,0,0,1,-1.5078915521091139,-0.9422385954524125,0,0,0,1,0,0,1
0,0,0,1,-1.2434071366859112,1,0,1,0,0,0,0,1,1,-0.1192879112828025,-0.9540020651067637,0,0,0,0,1,0,0
1,0,1,1,0.8402223804256691,1,1,1,0,1,1,1,1,0,0.693634172355062,1.0279770444048733,0,0,0,0,0,1,0
0,0,1,0,1.2896326684301276,1,0,1,0,0,1,1,1,1,1.0652556963038,1.7775947682511004,1,0,1,0,0,0,1
1,0,0,0,-0.6305749257707405,1,0,1,1,0,0,0,0,1,-0.3084167225781425,-0.5972577433564201,0,0,0,0,1,0,0
1,0,0,0,0.8402223804256691,1,0,0,0,0,0,0,0,0,-1.5029144781276575,-0.5459001563288868,0,1,0,1,1,0,0
1,0,0,0,-1.2842626174135892,1,0,1,0,0,0,0,0,1,-0.4676830899847444,-0.9872178659131401,0,0,0,0,0,0,1
0,0,1,1,0.6359449767872789,1,0,1,0,1,0,1,1,1,1.1581610772909845,1.1873687476764012,1,0,1,0,0,0,0
0,0,0,1,-0.9982742523198429,0,0,1,0,0,0,0,1,1,-0.8724851071431913,-0.863580047894987,0,0,0,0,0,1,0
0,0,0,1,-0.9165632908644868,1,0,0,0,1,1,1,0,1,0.872808835687489,-0.5839272824347914,0,0,1,0,0,1,0
1,0,1,0,0.30910113096585456,1,0,0,1,1,0,0,0,0,0.5310497556274889,0.3732174679777857,1,0,1,0,0,1,0
0,0,1,1,-0.017742714855569806,1,0,1,1,1,1,0,1,0,0.2921502045175858,0.013074320098417637,0,1,0,0,0,0,1
1,1,1,0,0.3499566116935326,1,0,0,1,0,0,1,1,1,0.9872815372609842,0.6904559535531034,0,0,1,0,0,1,0
0,0,0,0,-0.30373107994931614,1,1,0,1,0,0,1,1,1,1.1764103485563242,0.04437000484489052,0,0,1,0,0,1,0
1,0,0,1,-0.4262975221323503,1,1,0,1,0,0,1,0,1,0.8064478492680714,-0.14912031121457872,0,0,1,0,1,0,0
0,0,0,0,1.616476514251552,1,1,0,0,0,0,0,0,0,-1.3054905435298905,-0.1857349381499796,0,1,0,1,1,0,0
1,0,0,0,-0.34458656067699417,1,1,0,0,0,0,0,0,0,-1.333693962758143,-0.747997889208613,1,0,0,1,0,1,0
1,0,0,0,-0.34458656067699417,1,0,1,1,0,1,0,0,0,-0.14417328119008407,-0.37364146842605145,0,0,0,0,0,0,0
0,1,0,0,1.2896326684301276,1,1,0,1,1,1,0,1,0,0.32698972238778035,1.1397631115705185,0,0,0,0,1,0,0
1,0,0,0,-1.2025516559582332,1,1,0,1,1,0,1,1,0,1.4319001462710816,-0.8711722309364445,0,0,1,0,0,0,1
1,0,0,0,-1.2842626174135892,1,1,0,0,0,0,0,0,1,-0.4975455338734825,-0.987615131304844,0,0,0,0,1,0,0
1,1,0,0,1.2487771877024496,1,1,1,1,1,0,1,1,1,1.4800118614251596,2.0941270042411664,0,0,1,0,0,0,0
0,0,0,1,-0.7939968486814527,1,0,0,0,1,1,0,0,0,-0.37643673365804536,-0.6926235076649598,0,0,0,0,0,0,1
1,0,0,0,-0.5080084835877063,0,0,1,1,1,1,1,0,1,-0.3250069691829969,-0.49511639708937055,0,0,0,0,1,0,0
0,0,1,1,0.8810778611533472,1,1,0,1,1,1,1,1,1,0.7102244189599164,0.9873456229533524,0,0,0,0,0,1,0
0,0,1,1,0.22739016951049848,1,0,0,0,0,0,0,0,0,-1.4995964288066868,-0.6727602380797514,1,0,0,1,1,0,0
1,1,0,0,-1.2842626174135892,1,0,0,0,0,0,0,0,1,0.16440530566020725,-0.978809081788735,0,0,1,0,0,1,0
1,0,0,0,1.4121991106131617,0,0,1,0,0,1,1,0,0,-0.6933104438107641,0.357525485005471,0,1,0,0,0,1,0
1,0,0,0,0.9219333418810253,1,1,0,0,0,0,1,1,1,1.061937646982829,1.3227700353489054,0,0,1,0,0,1,0
1,0,1,1,0.8402223804256691,1,1,1,1,0,1,0,0,0,-0.02140545631416158,0.5315939374705144,1,0,0,0,0,0,0
0,0,1,1,-0.14030915703860394,1,1,0,0,0,0,0,0,0,-1.2839232229435797,-0.7039014307294503,0,1,0,1,0,0,1
0,0,0,0,-0.7531413679537746,1,0,1,0,0,1,0,0,0,-0.30178062393620064,-0.6586131760751751,1,0,0,0,0,0,1
0,0,0,0,0.6359449767872789,1,0,1,0,1,1,0,0,1,-0.14749133051105498,0.2688911620563632,1,0,0,0,1,0,0
0,0,1,0,0.6359449767872789,1,1,0,0,1,1,0,1,1,0.1577692070182654,0.5068972722862385,1,0,0,0,0,0,1
1,0,0,1,-1.2842626174135892,1,0,0,0,0,1,0,1,1,-0.17403572507882212,-0.9833114228947155,0,0,0,0,0,0,1
1,0,1,1,0.47252305387656673,1,1,0,0,0,0,0,0,0,-1.3253988394557157,-0.5621880373887578,1,0,0,1,0,1,0
1,0,1,1,0.5133785346042448,1,1,0,1,1,0,0,1,1,1.0337342277545767,0.9575948591746177,0,0,1,0,0,0,0
0,0,0,0,0.9627888226087032,1,0,0,1,0,0,0,0,1,0.30044532782001293,0.7970113597279772,0,0,1,0,0,1,0
1,0,0,0,-0.7531413679537746,0,0,0,1,0,0,0,0,1,-1.118020756895036,-0.8243390553144307,0,0,0,0,0,0,1
1,0,0,0,-1.2434071366859112,1,0,0,0,0,0,0,0,1,0.21583507013525574,-0.9399653545998831,0,0,1,0,1,0,0
1,1,1,0,0.14567920805514237,1,0,0,0,1,1,0,0,0,-0.3548694130717347,-0.1299412209150831,1,0,0,0,1,0,0
0,0,0,0,-1.120840694502877,0,0,0,0,1,0,0,1,0,-0.8393046139334825,-0.9165708370884152,0,0,0,0,0,1,0
0,0,1,1,1.493910072068518,1,1,1,0,0,1,0,0,0,-0.11265181264086088,0.7824449620321576,0,1,0,0,1,0,0
1,0,1,1,1.2079217069747716,1,0,1,1,1,1,1,1,0,1.4385362449130237,2.003285651338146,0,1,1,0,0,0,1
0,0,0,0,-1.2842626174135892,1,0,0,0,0,0,0,0,0,-1.4896422808437741,-1.0008131704292382,0,0,0,1,0,0,1
0,0,0,0,0.06396824659978628,1,1,0,0,0,1,1,0,0,0.006797962914090675,-0.057263724532759304,0,0,0,0,0,0,1
1,0,1,0,-0.6714304064984186,1,0,1,1,0,0,0,0,0,0.5293907309670035,-0.42636741402501027,0,0,1,0,0,0,0
0,0,1,1,-0.7531413679537746,1,0,0,0,0,0,0,0,0,-1.5261408233744538,-0.8967958487013634,0,1,0,1,0,0,1
1,0,1,1,0.676800457514957,1,1,0,0,0,1,1,1,1,1.1000952141739941,1.1611933724230041,1,0,1,0,0,1,0
1,0,0,0,-1.2434071366859112,1,0,0,0,0,0,1,0,1,0.5128004843621492,-0.9457919136782107,0,0,1,0,0,1,0
1,0,1,1,-0.26287559922163806,1,0,0,0,0,0,0,0,1,-1.5145276507510557,-0.7819420098997804,0,1,0,1,1,0,0
1,0,1,0,-0.4262975221323503,1,1,1,0,0,1,1,0,0,1.0320752030940914,-0.023076830546661754,0,0,1,0,1,0,0
1,0,1,1,0.02311276587210824,1,0,0,0,1,1,1,1,1,0.3021043524804988,0.05200632848542629,1,0,0,0,0,0,1
1,0,1,1,-1.161696175230555,1,0,0,0,0,0,0,0,0,-1.5029144781276575,-0.9668469794385318,0,1,0,1,1,0,0
1,0,0,0,-0.5488639643153844,1,0,0,0,0,0,0,0,0,-1.4979374041462012,-0.8515075940470881,0,1,0,1,0,0,1
1,0,0,1,1.0036443033363813,1,1,1,1,1,1,1,1,0,0.8213790712124405,1.202884168252403,0,1,0,0,0,0,1
1,0,0,0,0.758511418970313,1,0,1,0,0,0,1,0,0,0.7152014929413724,0.8739484239213511,1,0,1,0,0,0,1
1,0,0,0,-1.2842626174135892,1,0,0,0,0,0,0,0,1,-0.6850153205083369,-0.9901090751527647,0,0,0,0,0,0,1
1,0,0,0,-1.2025516559582332,1,0,0,1,1,0,0,1,0,0.8495824904406932,-0.8911017114202703,0,0,1,0,0,1,0
1,0,1,1,-1.2842626174135892,1,0,0,0,0,0,0,0,1,-1.4796881328808613,-1.0006807486320035,1,0,0,1,0,1,0
0,0,0,0,-0.7122858872260965,0,0,1,1,1,1,0,0,0,-0.6269494573913466,-0.7035041653377462,1,0,0,0,0,0,1
1,0,0,0,0.7993668996979911,1,1,1,0,0,1,1,1,1,0.4962102377572948,0.8521650382762394,0,1,0,0,1,0,0
1,0,1,0,0.9627888226087032,1,1,0,1,0,0,1,1,0,1.1780693732168095,1.4686547153024916,1,0,1,0,1,0,0
1,0,0,0,-1.2025516559582332,1,1,0,0,0,0,0,0,1,0.40330485677011035,-0.9087800213511057,0,0,1,0,0,1,0
0,0,1,0,-0.26287559922163806,0,0,1,0,1,0,0,0,0,-0.9753446360932885,-0.5776372470661421,1,0,0,0,1,0,0
0,0,1,0,1.45305459134084,1,1,1,1,1,0,1,1,1,1.5264645519187514,2.3246071423282015,0,1,1,0,0,0,0
0,0,0,0,-1.161696175230555,1,0,1,0,0,0,0,0,1,-0.4726601639662009,-0.9055798279179332,0,0,0,0,0,0,0
1,0,1,1,1.616476514251552,1,1,0,0,0,0,0,0,0,-1.3021724942089197,-0.1851831806615016,0,1,0,1,1,0,0
0,0,0,0,0.30910113096585456,1,1,0,0,1,1,1,1,1,1.3655391598516642,0.9039861015940941,1,0,1,0,1,0,0
1,1,1,1,1.3713436298854838,1,1,0,0,1,0,1,1,1,1.1515249786490427,2.0017407303704076,0,0,1,0,1,0,0
1,0,1,1,-1.2842626174135892,1,0,0,0,0,0,0,0,0,-1.4913013055042594,-1.0008352407287773,1,0,0,1,1,0,0
0,1,0,0,-0.5488639643153844,1,0,1,1,0,1,1,1,1,1.3340176913024409,-0.12358497464781636,0,0,1,0,0,0,1
1,0,0,0,0.3908120924212107,1,0,0,0,0,0,0,0,1,-1.5012554534671723,-0.6390809609830534,1,0,0,1,0,0,1
1,0,1,1,0.06396824659978628,1,1,0,1,0,0,1,1,1,1.091800090871567,0.4955972789222088,0,0,1,0,0,0,0
0,0,0,0,-1.2842626174135892,1,0,0,0,0,0,0,1,1,0.5410039035904014,-0.9737991237933548,0,0,1,0,0,1,0
1,0,1,1,1.616476514251552,1,1,1,1,1,1,1,1,0,0.7931756519841883,1.860137688527411,0,1,0,0,1,0,0
0,0,0,0,0.758511418970313,1,0,0,0,0,0,0,0,1,-1.4913013055042594,-0.5695374471352848,1,0,0,1,0,0,0
0,1,1,0,0.9219333418810253,1,1,0,1,1,0,0,0,1,0.6853390490526348,1.142124633621204,0,0,1,0,0,1,0
0,0,1,1,1.3713436298854838,1,1,0,1,1,0,1,1,1,1.2494074336176837,1.9103696902784488,1,0,1,0,1,0,0
0,1,1,0,-0.0994536763109259,1,1,0,1,0,0,1,0,1,0.8379693178172949,0.15006466933773843,0,0,1,0,0,1,0
1,1,1,0,0.06396824659978628,1,0,1,0,0,1,1,0,0,0.841287367138266,0.3714739143141953,1,0,1,0,0,0,1
0,0,1,0,0.9219333418810253,1,1,0,0,1,0,0,0,1,0.42984925133787727,0.9582569681607913,0,0,1,0,0,1,0
0,0,0,0,0.8810778611533472,1,1,0,0,1,1,0,1,1,1.005530808526324,1.2260579827684797,0,1,1,0,0,0,0
1,0,0,0,1.0036443033363813,0,0,0,1,0,0,1,0,1,-0.8459407125754244,-0.07759047040828934,0,0,0,0,0,1,0
1,0,1,1,-0.8757078101368088,1,1,0,0,0,0,0,0,1,0.31703557442486735,-0.6413762721351219,0,0,1,0,0,1,0
1,0,0,0,-1.2434071366859112,1,0,0,0,0,0,0,0,1,-1.4979374041462012,-0.995825282733397,0,0,0,1,0,1,0
1,1,0,0,-1.161696175230555,1,0,0,0,0,0,0,0,0,0.15113310837632357,-0.8941032721575906,0,0,1,0,0,1,0
0,0,1,1,1.616476514251552,1,1,1,1,1,1,1,1,0,0.8678317617060329,1.9268341337346329,0,1,0,0,1,0,0
1,0,1,0,0.6359449767872789,1,0,0,0,0,0,0,0,1,-1.4846652068623178,-0.5523005431952317,0,1,0,1,0,0,1
1,0,0,0,-0.26287559922163806,1,0,0,0,0,0,0,0,1,-1.4647569109364926,-0.7467398821348832,1,0,0,1,1,0,0
0,0,1,1,-0.7122858872260965,1,0,0,0,0,0,0,0,0,-1.4929603301647452,-0.8891153844617494,0,0,0,1,0,0,1
0,0,0,0,-0.7122858872260965,1,0,0,1,0,0,1,0,1,0.6106829393307901,-0.5108083800616853,0,0,1,0,0,0,0
1,0,1,0,1.2896326684301276,1,0,0,1,1,1,1,1,1,1.2494074336176837,1.927562453619424,1,0,1,0,1,0,0
0,0,0,0,1.575621033523874,1,1,0,1,1,1,1,1,1,1.5413957738631205,2.514654491659568,0,1,1,0,0,1,0
1,0,0,0,1.2487771877024496,1,1,1,1,1,1,0,0,0,0.13288383711098384,0.805177370557452,1,0,0,0,0,0,0
1,0,0,0,-1.2842626174135892,1,0,0,0,0,0,0,0,1,-1.4896422808437741,-1.0008131704292382,0,0,0,1,0,0,1
0,0,1,1,1.2896326684301276,1,1,1,0,0,1,1,1,1,1.3141093953766159,1.9573573579972368,1,0,1,0,0,0,0
1,0,0,0,0.5133785346042448,1,0,1,0,1,0,1,1,1,0.3701243635604016,0.43547778297764467,0,0,0,0,0,1,0
0,0,1,0,-1.161696175230555,1,0,0,0,0,0,0,0,0,-1.4995964288066868,-0.968347759807192,0,0,0,1,0,0,1
0,0,0,0,-0.05859819558324785,1,1,0,0,1,0,0,1,1,0.8329922438358388,0.22938532588133756,0,0,1,0,0,1,0
1,0,1,0,1.45305459134084,1,1,0,1,1,1,1,1,1,1.4999201573509846,2.350319041291277,0,1,1,0,0,0,0
1,0,0,0,-0.30373107994931614,1,1,1,1,1,1,0,1,0,0.5625712241767123,-0.11407267554645545,0,0,0,0,0,0,0
1,0,1,1,1.616476514251552,1,1,0,0,0,0,0,0,0,-1.3287168887766867,-0.22848510835725605,0,1,0,1,0,0,0
0,0,0,0,0.14567920805514237,1,1,0,0,1,0,0,0,0,-0.29846257461522996,-0.1526074185417598,1,0,0,0,0,1,0
1,0,0,0,-1.2842626174135892,1,0,0,0,0,0,0,0,0,-0.6899923944897931,-0.9901752860513822,0,0,0,0,0,1,0
1,0,1,1,-1.3251180981412674,1,1,0,0,0,0,0,0,0,-1.3088085928508613,-1.009597149645808,0,1,0,1,0,0,1
0,0,0,0,-0.30373107994931614,1,0,0,0,0,0,0,0,0,-1.4929603301647452,-0.799841022826007,0,1,0,1,1,0,0
0,0,0,0,-0.9982742523198429,1,0,0,0,0,0,0,0,1,-1.5128686260905702,-0.9381114494385969,1,0,0,1,0,0,1
0,0,1,1,0.18653468878282042,1,0,1,1,0,0,1,1,0,0.3419209443321489,0.16401309864646274,1,0,0,0,0,0,0
1,1,0,0,-1.161696175230555,1,0,0,0,1,0,1,1,1,0.9939176359029261,-0.8231472591393183,0,0,1,0,0,1,0
0,0,1,1,-0.181164637766282,1,0,1,0,0,0,0,1,1,0.5990697667073918,0.014817873762008275,1,0,1,0,0,0,0
0,0,1,0,0.18653468878282042,0,0,1,0,0,1,1,0,0,-0.643539703996201,-0.30639326573035136,0,1,0,0,0,1,0
1,0,0,0,-0.9982742523198429,1,0,0,0,0,0,0,0,1,-1.4713930095784342,-0.9379569573418229,0,0,0,1,1,0,0
1,0,1,1,-1.2842626174135892,1,0,1,0,0,0,0,0,1,-0.5323850517436766,-0.9880786075951656,0,0,0,0,0,0,1
0,0,0,1,-0.30373107994931614,1,0,0,0,0,0,0,0,0,-1.4846652068623178,-0.8013859437937455,0,0,0,1,1,0,0
1,0,0,0,-0.26287559922163806,1,1,0,0,1,0,1,1,1,1.1133674114578773,0.10067133896918695,0,0,1,0,0,1,0
0,1,0,0,-0.9574187715921648,1,0,0,0,0,0,1,0,1,0.5327087802879742,-0.6778143366742099,0,0,1,0,0,1,0
0,0,1,1,-0.4671530028600283,1,0,0,1,1,1,1,1,1,1.2610206062410814,-0.07816429819630635,0,0,1,0,0,1,0
1,1,0,0,-0.5488639643153844,1,1,0,0,1,0,0,0,1,0.49952828707826546,-0.35995788271179674,0,0,1,0,0,1,0
1,0,0,0,-0.5897194450430624,0,0,1,0,1,0,0,0,0,-1.0350695238707641,-0.766669362618709,0,0,0,0,0,0,1
1,0,0,0,-0.017742714855569806,1,1,1,1,0,1,1,1,1,1.4385362449130237,0.505705476111126,0,0,1,0,1,0,0
1,1,0,0,-0.3854420414046722,0,0,0,0,0,0,0,1,1,-1.00023000600057,-0.6703987160290654,0,0,0,0,0,0,0
0,0,1,1,0.9219333418810253,1,1,1,1,0,1,1,0,1,0.33860289501117824,0.8504435549121877,1,0,0,0,1,0,0
1,0,0,0,0.4316675731488887,1,1,0,0,0,0,0,0,0,-1.2723100503201816,-0.5196144295777944,0,1,0,1,0,0,0
1,1,0,0,-1.2434071366859112,1,0,0,0,0,0,0,0,1,-0.666766049242997,-0.9682374083094965,0,0,0,0,0,1,0
0,0,0,0,-1.120840694502877,1,1,0,0,1,1,0,0,1,0.5957517173864211,-0.8251997969964565,0,0,1,0,0,1,0
1,0,1,1,-0.7531413679537746,1,0,1,1,0,0,0,1,1,-0.11265181264086088,-0.649608493863214,0,1,0,0,0,0,0
1,0,0,0,-1.161696175230555,1,0,0,0,0,1,1,0,1,-0.1159698619618318,-0.8995104955446751,0,0,0,0,0,1,0
1,0,0,0,-1.161696175230555,1,0,0,0,0,0,0,0,0,-0.6717431232244534,-0.9121567771805912,0,0,0,0,0,0,1
0,0,0,0,-0.8348523294091307,1,0,0,0,0,0,0,0,0,-1.4830061822018323,-0.9108987701068614,0,0,0,1,0,0,1
0,0,1,0,1.45305459134084,1,1,0,1,1,0,0,0,0,0.7185195422623435,1.5342035049336795,1,0,1,0,1,0,0
1,0,1,0,-0.9165632908644868,1,1,0,0,0,0,1,0,1,0.6903161230340908,-0.650358884047544,0,0,1,0,0,1,0
0,0,1,0,0.8402223804256691,1,0,0,0,1,0,1,1,1,0.9972356852238968,1.1975210854643965,1,0,1,0,0,0,0
0,0,1,0,1.3713436298854838,1,1,1,1,0,1,0,0,0,0.8031297999471008,1.5940802275833137,1,0,1,0,0,1,0
1,0,0,0,-0.22202011849396003,1,0,0,0,0,0,0,0,1,-1.5062325274486286,-0.8064400423882041,0,0,0,1,1,0,0
0,1,1,1,0.06396824659978628,1,1,0,1,0,0,0,0,1,0.4912331637758383,0.19027675509801611,0,0,1,0,0,0,1
0,1,0,0,-0.8757078101368088,1,1,0,0,0,0,0,1,1,0.6637717284663239,-0.60930812690478,0,0,1,0,1,0,0
0,0,1,0,1.2896326684301276,1,1,0,0,0,0,0,0,0,-1.3021724942089197,-0.2526079457535147,0,1,0,1,0,0,1
0,0,0,0,-0.7939968486814527,1,0,0,0,0,0,1,0,1,0.5675482981581688,-0.5554345257297868,0,0,1,0,0,0,1
1,0,0,1,-1.2025516559582332,1,0,0,0,0,0,0,0,0,-1.4796881328808613,-0.9872620065122183,0,0,0,1,0,0,0
1,0,0,0,-0.34458656067699417,1,0,0,1,1,0,0,1,1,0.8213790712124405,-0.04417603690606082,0,0,1,0,0,1,0
0,0,1,0,1.493910072068518,1,0,0,1,0,0,0,1,1,-0.1109927879803753,0.8139392794744825,0,1,0,0,1,0,0
0,0,1,1,-0.5080084835877063,1,1,0,0,1,1,0,1,1,1.0188030058102078,-0.16377499010855473,0,0,1,0,0,0,0
0,0,0,0,0.6359449767872789,0,0,1,1,0,0,1,0,1,-0.6634479999220263,-0.08063617174468782,0,0,0,0,0,1,0
1,0,1,0,-0.7939968486814527,0,0,1,0,0,1,1,1,1,-0.3432562404483366,-0.6975893250612619,0,0,0,0,0,1,0
1,1,0,0,-1.120840694502877,1,0,0,1,0,0,0,1,1,0.6886570983736054,-0.8292828024111938,0,0,1,0,0,1,0
0,0,1,1,-1.120840694502877,1,0,0,0,0,0,0,0,0,0.1710414043021491,-0.8681706701991241,0,0,1,0,1,0,0
1,1,1,0,-1.2842626174135892,1,1,0,0,0,0,0,0,0,0.315376549764382,-0.976800684530675,0,0,1,0,0,1,0
1,0,1,1,-0.0994536763109259,1,1,1,1,0,0,1,0,1,0.9823044632795283,0.24342203638821808,0,0,1,0,0,1,0
1,0,0,0,-0.7939968486814527,1,1,0,0,0,1,1,1,0,1.1930005951611786,-0.4299207322508087,0,0,1,0,0,1,0
0,0,1,0,1.1670662262470934,1,0,1,1,0,1,0,1,0,0.959078118032732,1.57735094053266,1,0,1,0,0,0,0
0,0,0,0,-1.161696175230555,1,0,0,0,0,0,0,0,0,-1.4713930095784342,-0.9730266633094855,0,0,0,1,1,0,0
0,0,1,1,-0.9165632908644868,1,0,0,0,1,1,0,0,0,-0.318370870541055,-0.776380294415922,0,0,0,0,1,0,0
0,0,1,0,0.30910113096585456,1,1,0,1,0,0,1,0,0,-0.029700579616589,0.1535076360658413,1,0,0,0,0,0,0
1,0,1,0,0.4316675731488887,1,1,1,1,0,1,0,0,0,0.04827357942622662,0.2737245576554305,0,0,0,0,0,0,0
0,0,1,0,-1.2842626174135892,0,0,0,1,0,0,0,0,1,-1.159496373407172,-0.9964211808209532,0,0,0,0,0,1,0
1,0,0,0,-0.9574187715921648,1,0,1,0,1,1,1,0,1,0.15611018235778007,-0.7212486861671991,0,0,0,0,0,0,1
0,1,0,0,-1.2842626174135892,1,0,0,0,0,0,0,0,1,0.16772335498117794,-0.9787649411896568,0,0,1,0,0,1,0
0,0,0,0,-0.5488639643153844,1,0,0,0,0,0,0,0,0,-1.478029108220376,-0.8402517412821366,1,0,0,1,1,0,0
0,0,0,0,-0.9574187715921648,1,1,0,0,0,0,0,0,1,0.34523899365312005,-0.7298119623883779,0,0,1,0,1,0,0
1,0,0,0,-0.9574187715921648,1,1,1,0,0,0,0,0,1,0.5426629282508872,-0.6633362201765468,0,0,1,0,0,1,0
1,0,1,1,-0.5897194450430624,1,0,0,0,0,0,0,0,0,-1.4846652068623178,-0.8569148174341726,1,0,0,1,0,0,0
0,0,1,0,1.4121991106131617,1,1,0,1,1,0,1,1,1,1.357244036549237,1.9994454192183393,1,0,1,0,0,0,0
0,0,1,0,-0.7939968486814527,1,0,0,0,0,0,0,0,0,-0.696628493131735,-0.747997889208613,1,0,0,0,0,1,0
1,0,0,0,-1.120840694502877,1,0,0,0,1,0,1,1,1,0.17435945362311978,-0.8566941144387814,0,0,0,0,0,1,0
1,1,1,0,0.02311276587210824,1,1,1,0,1,1,1,1,1,1.4966021080300138,0.6212655644979608,0,0,1,0,0,0,0
0,0,0,0,1.2079217069747716,1,0,1,0,0,1,0,1,1,0.010116012235061362,0.6883813453964263,0,1,0,0,0,0,1
1,0,1,0,1.616476514251552,1,1,1,1,0,1,0,1,1,1.1863644965192368,2.223745873434421,0,1,1,0,0,0,0
1,0,0,0,-0.9982742523198429,1,1,0,0,0,0,0,1,0,0.6538175805034113,-0.7170994698538443,0,0,1,0,0,0,0
0,1,1,0,-1.2842626174135892,1,0,0,0,0,0,0,0,0,-0.6236314080703756,-0.9892924740698172,0,0,0,0,0,1,0
0,0,1,0,0.47252305387656673,1,1,1,1,1,1,0,0,1,1.005530808526324,0.7827539462257055,0,0,1,0,1,0,0
1,0,1,0,-0.6305749257707405,1,0,0,0,1,0,1,1,1,1.056960573001373,-0.308534084785646,1,0,1,0,0,0,0
0,0,1,1,-0.0994536763109259,1,1,0,0,1,0,1,1,1,1.1697742499143824,0.33499170917602905,0,0,1,0,0,1,0
1,0,1,1,1.493910072068518,1,1,0,0,0,0,0,0,1,-1.2872412722645508,-0.2165892169056701,0,1,0,1,0,0,0
0,0,0,0,-0.3854420414046722,1,0,0,0,1,0,0,0,0,-0.5008635831944531,-0.5323269221123277,0,0,0,0,1,0,0
0,0,0,0,-1.2434071366859112,1,0,0,0,1,0,0,1,1,0.7102244189599164,-0.9307178990929916,0,0,1,0,0,0,1
0,1,0,0,-1.2025516559582332,1,0,0,0,0,0,0,0,0,-0.6568119012800844,-0.953494448217364,0,0,0,0,0,1,0
0,0,0,0,-0.0994536763109259,1,0,1,1,1,1,1,0,0,0.32698972238778035,0.009432720674462757,1,0,0,0,1,0,0
1,0,0,0,-1.2842626174135892,1,0,0,0,0,0,0,0,1,-0.6949694684712494,-0.9902414969499995,0,0,0,0,0,0,0
0,1,0,0,-0.9982742523198429,1,1,0,0,0,1,1,1,1,1.1730922992353536,-0.6085577367204499,0,0,1,0,1,0,0
1,1,1,0,1.0853552647917375,1,0,1,1,1,0,0,0,1,0.6023878160283629,1.1546826340589635,1,0,1,0,1,0,0
0,1,0,0,-1.0391297330475209,1,0,0,1,0,0,0,0,1,-0.44777479405891935,-0.8244935474112047,0,0,0,0,0,0,1
0,0,1,1,0.18653468878282042,1,1,0,1,1,0,0,1,1,1.0071898331868099,0.5498240048898277,0,0,1,0,0,1,0
1,0,0,1,0.676800457514957,1,1,1,1,1,0,1,1,1,1.4733757627832176,1.325639174288991,1,0,1,0,1,0,0
0,0,1,0,-0.26287559922163806,1,0,0,1,1,1,1,1,0,0.5675482981581688,-0.09211272750503047,0,0,0,0,0,0,0
0,0,0,0,-1.2842626174135892,1,0,0,0,0,0,1,0,0,0.48957413911535297,-0.9744833030790674,0,0,1,0,0,1,0
0,0,1,0,1.2079217069747716,1,1,1,1,1,1,1,1,0,1.6309831055293342,2.0323080952320898,0,1,1,0,0,0,1
0,0,0,0,-0.6305749257707405,1,0,0,0,0,0,0,0,0,-1.5012554534671723,-0.8856282771345684,1,0,0,1,0,0,1
1,0,1,0,0.14567920805514237,1,1,0,0,0,0,1,1,1,1.0022127592053534,0.5089498101433767,0,0,1,0,0,0,0
1,0,0,1,-0.017742714855569806,1,0,0,0,0,0,0,0,0,-1.469733984917949,-0.7020254552686251,0,1,0,1,0,0,1
1,0,0,0,-1.2434071366859112,1,0,0,0,0,0,0,0,0,-1.4879832561832886,-0.9885420838854873,1,0,0,1,0,0,1
0,0,1,1,-0.0994536763109259,1,0,0,0,0,0,0,0,0,-1.5095505767695994,-0.7434734778030934,0,1,0,1,0,0,1
1,0,1,0,-0.4671530028600283,1,1,0,0,1,1,1,1,1,1.3705162338331203,-0.01645574068492561,0,0,1,0,0,1,0
1,0,1,0,1.3713436298854838,1,1,1,0,1,0,1,1,1,1.368857209172635,2.072012564102968,0,1,1,0,1,0,0
1,0,0,0,-0.017742714855569806,1,1,0,1,0,0,0,0,1,0.5161185336831199,0.13635901332394473,0,0,1,0,0,0,0
0,1,1,0,-1.2025516559582332,1,0,0,0,0,0,1,0,1,0.5177775583436057,-0.9107001374110092,0,0,1,0,0,1,0
0,0,1,1,1.493910072068518,1,0,0,0,0,0,0,0,0,-1.4796881328808613,-0.3860449767670371,0,1,0,1,0,0,0
1,0,0,0,-0.9165632908644868,1,0,1,1,1,1,1,1,1,1.5032382066719552,-0.5490782794625202,0,0,1,0,0,1,0
0,1,0,0,-1.2842626174135892,1,0,0,0,0,0,0,0,1,0.1478150590553529,-0.9790297847841263,0,0,1,0,0,1,0
1,0,0,0,1.493910072068518,1,1,1,1,1,1,1,1,0,0.8578776137431204,1.7810156646796642,0,1,0,0,0,0,1
0,1,0,0,-1.161696175230555,1,1,0,0,0,0,1,1,1,0.978986413958557,-0.8222423768582143,0,0,1,0,0,1,0
1,0,1,1,1.3713436298854838,1,1,0,0,1,0,1,0,1,-0.0496088755424143,0.8397615299352535,0,1,0,0,0,0,0
0,0,0,0,0.10482372732746434,0,0,0,0,0,0,0,0,0,-1.348625184702512,-0.6509547821351003,0,0,0,0,0,1,0
1,0,1,0,-0.4262975221323503,1,0,1,1,0,1,1,1,1,1.3207454940185572,-0.047089316445224676,0,0,1,0,0,1,0
0,0,1,1,0.9219333418810253,1,0,0,0,0,0,0,0,0,-1.5062325274486286,-0.5315544616284584,0,1,0,1,1,0,0
1,0,0,0,-0.9574187715921648,1,0,0,0,0,0,0,1,1,0.5310497556274889,-0.6948305376188718,0,0,1,0,0,1,0
0,0,1,0,0.9219333418810253,1,1,1,0,0,0,1,0,1,0.8296741945148677,1.179600002238631,0,0,1,0,0,0,0
0,0,1,0,0.14567920805514237,1,1,1,1,1,1,0,1,1,1.368857209172635,0.6829299814102635,0,1,1,0,1,0,0
1,1,0,0,-0.22202011849396003,1,1,0,1,0,0,0,0,1,0.5526170762137997,-0.07291156690599565,0,0,1,0,0,1,0
0,0,1,1,1.4121991106131617,1,1,1,0,0,1,1,1,0,1.3904245297589457,2.084438142743492,0,1,1,0,1,0,0
0,1,1,0,0.8810778611533472,1,1,0,1,0,0,1,1,1,1.2178859650684601,1.3621213794271574,1,0,1,0,1,0,0
1,0,1,0,1.2079217069747716,0,0,0,0,0,1,1,0,1,-0.855894860538337,0.022167283508535234,0,1,0,0,0,0,0
1,0,1,1,0.9627888226087032,0,0,1,1,0,1,1,0,1,-0.4245484488121231,0.2638149931623655,1,0,0,0,0,0,1
0,0,0,0,0.06396824659978628,1,1,1,1,1,0,1,1,1,1.4932840587090428,0.5738364907883909,0,0,1,0,0,0,1
0,0,1,1,0.02311276587210824,1,1,0,0,0,0,0,1,0,0.708565394299431,0.20237127924545398,0,0,1,0,1,0,0
0,0,0,0,-1.120840694502877,1,1,0,0,0,0,1,1,1,0.9657142166746738,-0.794698643033392,0,0,1,0,0,0,1
0,0,1,0,-0.6714304064984186,1,0,0,0,0,0,0,0,0,-1.4995964288066868,-0.8707970358442794,0,0,0,1,0,0,1
1,0,1,0,0.06396824659978628,1,1,0,1,0,0,0,1,0,0.7981527259656442,0.31473117419911645,0,0,1,0,0,0,1
0,1,1,0,1.0444997840640593,1,0,1,1,0,1,1,1,1,1.3506079379072953,1.729547726154435,1,0,1,0,1,0,0
0,1,1,0,1.3713436298854838,1,1,0,1,1,0,1,0,1,0.2009038481908867,1.082159629773414,1,0,0,0,0,0,0
1,0,0,0,0.18653468878282042,1,0,0,0,0,0,0,0,0,-1.481347157541347,-0.6627623923885297,1,0,0,1,1,0,0
0,0,1,1,-1.079985213775199,1,0,0,0,0,0,0,0,0,-0.6402216546752301,-0.8837081610746649,0,0,0,0,0,0,1
1,0,0,0,1.3304881491578058,1,1,0,1,1,1,0,1,1,0.3120585004434113,1.1116455499576787,0,1,0,0,1,0,0
1,0,0,0,0.758511418970313,1,0,0,0,0,0,0,0,0,-1.4713930095784342,-0.5493651933565287,0,1,0,1,0,0,1
1,0,0,0,-1.2434071366859112,1,0,0,0,0,0,0,0,0,-0.6451987286566863,-0.9700913134707825,0,0,0,0,0,1,0
1,0,0,0,-0.5897194450430624,1,0,1,0,1,1,1,0,1,0.11795261516661482,-0.4358576428268321,0,0,0,0,0,1,0
0,0,1,0,0.758511418970313,1,0,1,1,0,1,0,0,1,-0.1425142565295987,0.3786909022634876,1,0,0,0,0,0,0
0,0,0,0,-0.9574187715921648,1,0,0,0,0,0,0,0,0,-1.478029108220376,-0.9274294244616625,0,0,0,1,0,0,1
1,0,0,0,-0.7122858872260965,1,1,1,0,0,0,1,1,1,1.1581610772909845,-0.3180243135874678,0,0,1,0,0,1,0
1,0,1,1,1.616476514251552,1,1,1,0,1,0,1,1,1,1.3522669625677806,2.319597184332821,0,1,1,0,0,0,0
1,0,0,1,-0.8348523294091307,1,0,0,0,0,0,0,0,0,-1.5078915521091139,-0.9158866578027025,0,1,0,1,0,0,0
1,0,0,0,1.1262107455194155,0,0,1,1,1,0,0,0,0,-0.8359865646125116,0.060591675006144076,0,1,0,0,0,0,0
0,0,1,0,-0.017742714855569806,1,0,0,0,0,0,0,0,0,-1.5062325274486286,-0.7265896986556661,0,0,0,1,0,0,0
1,0,0,0,-1.079985213775199,1,0,0,0,0,0,1,0,1,0.5210956076645764,-0.8052041056140133,0,0,1,0,1,0,0
1,0,1,1,0.26824565023817654,1,1,0,0,1,0,1,1,0,1.168115225253897,0.6834375982996633,1,0,1,0,0,1,0
1,0,0,0,-1.2434071366859112,1,0,0,1,0,0,0,0,1,0.33030777170875103,-0.9456815621805151,0,0,1,0,0,1,0
1,0,0,0,1.575621033523874,1,1,0,1,0,0,0,0,1,0.47298389251049855,1.4413096141735215,1,0,1,0,1,0,0
0,0,0,0,-1.2842626174135892,1,1,0,0,0,0,0,1,1,-0.15412742915299682,-0.9830465793002462,0,0,0,0,0,1,0
1,0,0,0,-1.2434071366859112,1,0,0,0,0,0,0,1,1,0.5111414597016638,-0.9296585247151138,0,0,1,0,0,1,0
0,0,1,1,1.616476514251552,1,1,1,1,1,0,1,1,0,1.489966009388072,2.5787245712216347,0,1,1,0,1,0,0
0,0,0,0,0.3499566116935326,1,1,0,0,1,1,0,1,1,0.126247738469042,0.26034995613472367,1,0,0,0,0,1,0
1,1,1,0,-1.0391297330475209,1,1,0,0,0,0,0,0,1,0.3336258210297217,-0.7954048926186439,0,0,1,0,0,1,0
1,1,1,0,0.10482372732746434,1,1,1,1,0,0,0,1,1,0.9872815372609842,0.47591057173331336,0,0,1,0,0,1,0
1,0,0,0,-0.05859819558324785,1,1,0,1,0,0,0,0,1,0.519436583004091,0.06262214256374313,0,0,1,0,0,1,0
1,0,1,1,0.5133785346042448,1,1,0,0,0,0,0,0,0,-1.3386710367395993,-0.5292370801768508,0,1,0,1,0,0,1
1,0,0,0,-0.7122858872260965,1,1,0,0,0,0,1,1,1,0.9474649454093337,-0.37191998506199997,0,0,1,0,0,1,0
1,0,0,1,-0.22202011849396003,1,0,0,0,0,0,0,0,0,-1.4846652068623178,-0.7655437773422138,1,0,0,1,1,0,0
0,1,1,0,-0.05859819558324785,1,1,0,0,1,0,1,0,1,0.8595366384036057,0.24200953721771445,1,0,1,0,0,1,0
0,0,1,1,0.3499566116935326,1,0,0,1,0,1,0,1,1,0.0565687027286538,0.1948232368030748,1,0,0,0,0,0,0
1,0,0,0,-0.5488639643153844,1,0,0,0,0,0,0,0,0,-1.5261408233744538,-0.8863565970193593,1,0,0,1,0,0,1
0,0,1,1,-0.30373107994931614,0,0,1,1,1,0,1,1,1,-0.2055571936280453,-0.34631843759662023,0,0,0,0,1,0,0
0,0,1,1,-0.7122858872260965,1,1,0,1,1,0,1,1,1,1.3456308639258387,-0.3213348585183359,0,0,1,0,0,0,0
0,0,1,1,-1.2434071366859112,1,0,0,0,0,0,0,0,1,0.22744824275865408,-0.949676286397096,0,0,1,0,0,1,0
1,0,0,0,-0.8348523294091307,1,0,0,0,0,1,0,0,0,-0.48261431192911347,-0.7475123426187524,0,0,0,0,0,0,0
0,1,0,0,-0.3854420414046722,1,1,0,0,1,0,0,0,1,0.4829380404734111,-0.19948473476285172,0,0,1,0,0,0,1
0,0,1,1,-0.4262975221323503,1,0,0,0,0,0,0,0,0,-1.4896422808437741,-0.8329023315356096,0,0,0,1,0,0,1
1,0,1,1,1.575621033523874,1,1,0,1,0,0,1,1,0,1.1863644965192368,2.1304547172825585,1,0,1,0,0,0,0
0,1,0,1,-0.0994536763109259,1,1,0,0,0,1,1,1,1,1.2112498664265183,0.3033649699364694,0,0,1,0,0,1,0
0,0,0,0,-1.2842626174135892,1,0,0,0,0,0,0,0,1,-0.6601299506010553,-0.9897780206596779,0,0,0,0,0,0,0
0,0,1,0,-0.5080084835877063,1,0,0,0,0,0,0,0,0,-1.5112096014300849,-0.8439595516047089,0,0,0,1,0,0,0
1,0,0,0,-1.2842626174135892,1,0,0,0,0,0,0,1,0,-0.30675769791765717,-0.9850770468578453,0,0,0,0,0,0,1
0,0,1,1,1.45305459134084,1,1,0,1,1,1,1,1,0,0.6803619750711782,1.4446201591043895,0,1,0,0,0,0,0
1,0,0,0,-0.7531413679537746,1,0,0,0,0,0,0,0,0,-1.4896422808437741,-0.8843481997612994,0,0,0,1,0,0,1
1,0,1,1,-1.2434071366859112,1,0,0,0,0,0,0,0,0,-1.4913013055042594,-0.9937506745767196,1,0,0,1,0,0,1
1,0,0,0,0.22739016951049848,1,1,1,1,1,1,0,0,0,0.1710414043021491,0.16346134115798472,0,0,0,0,0,1,0
1,0,0,0,-0.5897194450430624,1,0,0,0,0,0,0,0,0,-1.4979374041462012,-0.8280689359365422,1,0,0,1,0,0,1
0,0,0,0,-0.05859819558324785,1,1,1,1,0,0,1,1,0,1.31245037071613,0.40537389440628424,0,0,1,0,0,1,0
0,0,1,1,1.575621033523874,1,0,1,1,1,1,0,0,0,-0.024723505635132734,0.97359582634048,0,1,0,0,1,0,0
1,0,1,0,1.4121991106131617,1,1,1,1,1,0,1,1,0,1.4966021080300138,2.226968137167132,1,0,1,0,1,0,0
1,0,1,0,1.616476514251552,1,1,1,1,1,1,1,1,0,0.9126254275391396,1.9566069678129063,0,1,0,0,1,0,0
1,1,1,0,-0.017742714855569806,1,1,0,1,1,0,1,1,0,1.3788113571355474,0.5444829924013607,0,0,1,0,0,0,0
1,0,0,1,-1.161696175230555,1,1,0,0,0,1,0,0,0,0.5310497556274889,-0.862851728010196,0,0,1,0,1,0,0
0,0,1,0,-0.3854420414046722,1,0,0,0,0,1,1,0,0,-0.1591045031344531,-0.41495706916328495,1,0,0,0,0,0,0
0,0,1,1,1.3713436298854838,1,1,1,1,1,0,0,0,1,0.08809017127787722,0.980547970695303,0,0,0,0,0,0,0
1,1,0,0,1.0036443033363813,1,1,0,1,0,1,1,1,1,1.33069964198147,1.6008558095418233,0,0,1,0,0,0,0
0,0,0,0,0.14567920805514237,1,1,1,0,1,1,1,1,1,0.8246971205334116,0.46827424809277757,1,0,0,0,1,0,0
1,0,0,0,-0.7939968486814527,0,0,0,0,0,0,0,0,1,-1.3154446914928033,-0.8631165716046655,0,0,0,0,0,0,0
0,0,0,0,-0.9574187715921648,1,1,0,0,0,0,0,1,1,0.6140009886517608,-0.6550157172502985,0,0,1,0,0,1,0
0,0,1,1,-1.120840694502877,1,0,0,0,0,0,1,0,1,0.5327087802879742,-0.8524124763281921,0,0,1,0,0,1,0
0,0,1,0,1.4121991106131617,1,1,0,1,1,1,1,1,0,0.708565394299431,1.587569489219273,0,1,0,0,0,0,0
1,0,0,0,-1.2842626174135892,1,0,0,0,0,0,0,0,1,0.16938237964166375,-0.9787428708901177,0,0,1,0,0,1,0
1,0,0,0,-1.161696175230555,1,0,0,0,1,0,0,0,1,0.33196679636923637,-0.8675085612129504,0,0,1,0,0,0,0
0,0,0,0,-1.2842626174135892,1,0,0,0,0,0,0,0,1,0.18265457692554699,-0.9785663084938047,0,0,1,0,0,1,0
0,0,1,1,-0.05859819558324785,1,0,0,0,0,0,0,0,1,-1.5012554534671723,-0.7187326720197392,0,0,0,1,0,0,1
1,0,0,0,-1.2025516559582332,1,0,0,0,0,0,0,0,1,-0.7132187397365893,-0.9550172988855632,0,0,0,0,0,1,0
0,0,1,1,-1.161696175230555,1,0,0,0,0,0,1,0,1,0.4680068185290425,-0.8772857039087808,0,0,1,0,0,0,1
0,0,1,0,0.02311276587210824,1,1,0,0,1,1,0,1,1,1.0022127592053534,0.3182182815262975,0,0,1,0,1,0,0
0,0,1,1,1.0444997840640593,1,1,0,0,0,0,0,0,0,-1.3154446914928033,-0.34311824416344777,0,1,0,1,1,0,0
1,0,1,1,-0.30373107994931614,1,1,0,0,0,0,0,0,1,-1.307149568190376,-0.7682142835864475,0,0,0,1,0,0,0
1,0,0,0,-1.161696175230555,1,1,0,0,0,0,0,0,1,0.3734424128813723,-0.8688327791852977,0,0,1,0,0,1,0
1,1,1,0,0.758511418970313,1,1,1,0,1,0,0,1,1,0.9574190933722466,1.1264326506488893,1,0,1,0,0,0,0
1,0,0,0,-0.5488639643153844,0,0,0,0,0,0,0,0,1,-1.3154446914928033,-0.8028646538628667,0,0,0,0,0,0,0
0,0,1,0,-0.8757078101368088,1,0,0,0,0,0,0,0,1,-0.6883333698293078,-0.7960890719043565,0,0,0,0,0,1,0
0,0,0,0,-0.34458656067699417,1,0,1,0,0,1,0,0,0,-0.28021330334989,-0.3999271951771439,0,0,0,0,1,0,0
1,0,0,0,-0.5897194450430624,1,1,0,0,0,0,0,0,0,0.310399475782926,-0.39736704043060594,0,0,1,0,0,0,1
0,0,0,0,-1.161696175230555,0,0,0,0,0,0,0,0,1,-1.3453071353815411,-0.9672001042311577,0,0,0,0,0,0,1
0,0,0,0,-0.8348523294091307,1,0,0,0,0,0,0,1,0,0.44146242396127516,-0.5914532545776315,0,0,1,0,0,0,0
1,1,0,0,-0.5488639643153844,1,1,0,1,0,0,1,0,1,0.7765854053793338,-0.2257483912144051,0,0,1,0,0,1,0
1,1,0,0,-0.05859819558324785,1,1,0,0,1,1,1,0,1,1.0553015483408872,0.26074722152642765,0,0,1,0,0,0,0
1,1,1,0,1.1670662262470934,1,1,0,1,0,0,0,1,0,-0.024723505635132734,0.7130338699816238,1,0,0,0,0,0,0
1,1,0,0,-0.9982742523198429,1,0,0,0,0,0,0,0,1,0.1627462809997219,-0.7567377278261048,0,0,1,0,0,1,0
0,0,1,1,0.676800457514957,1,0,1,1,1,1,1,1,1,0.7434049121696251,0.9083118803037619,1,0,0,0,0,0,1
1,0,0,0,-1.120840694502877,0,0,0,1,0,0,1,1,1,-0.4577289420218319,-0.8745489867659298,0,0,0,0,0,0,1
1,0,1,1,0.10482372732746434,1,1,0,0,0,1,1,1,1,0.28717313053612975,0.16502833242526216,1,0,0,0,0,0,0
1,0,1,0,1.5347655527961959,1,1,1,1,1,1,1,1,0,1.6873899439858393,2.5079009800005974,1,0,1,0,1,0,0
1,0,0,0,-1.2842626174135892,1,1,0,0,1,0,1,1,1,1.2162269404079749,-0.9648165118809328,0,0,1,0,0,1,0
0,0,0,0,-0.05859819558324785,1,0,1,0,1,1,0,0,0,0.7566771094535083,0.19290312074317137,0,0,1,0,0,1,0
0,1,0,0,-0.7939968486814527,1,0,0,0,1,0,0,0,1,0.315376549764382,-0.5945210262135693,0,0,1,0,0,1,0
1,0,1,1,-0.181164637766282,0,0,1,0,1,1,1,0,0,-0.4643650406637737,-0.39745532162876246,1,0,0,0,0,0,1
1,1,0,0,0.7176559382426351,1,1,1,1,0,0,1,0,1,0.18431360158603233,0.5152839861111043,0,0,0,0,0,0,0
0,1,0,0,-0.4262975221323503,1,0,0,0,0,0,0,0,1,-1.4846652068623178,-0.8255308514895433,1,0,0,1,0,0,1
1,0,1,1,0.14567920805514237,0,0,1,0,1,1,1,1,0,-0.13587815788765686,-0.023253392942974557,1,0,0,0,1,0,0
1,0,1,0,0.30910113096585456,1,1,0,1,1,0,1,1,1,1.3671981845121495,0.8348839937371079,1,0,1,0,0,0,0
1,0,1,1,-0.5488639643153844,1,1,0,0,0,0,0,0,0,-0.4875913859105697,-0.6077190653379633,0,0,0,0,1,0,0
0,0,1,1,-1.161696175230555,1,0,0,0,0,0,0,1,0,0.5327087802879742,-0.8759614859364336,0,0,1,0,0,1,0
0,0,0,0,0.10482372732746434,1,1,0,0,0,0,1,0,1,0.7185195422623435,0.32746573703318893,0,0,1,0,0,1,0
0,0,0,0,-0.5080084835877063,1,1,0,1,0,1,0,1,1,0.136201886431955,-0.4047164501771331,0,0,0,0,1,0,0
1,0,0,0,-0.8757078101368088,1,0,0,0,0,0,0,0,0,-1.4730520342389197,-0.9074337330792195,0,1,0,1,0,0,1
0,0,1,1,-0.9574187715921648,1,0,0,0,0,0,0,0,0,-1.478029108220376,-0.9335208271344598,1,0,0,1,0,0,1
0,0,1,1,1.575621033523874,1,1,1,1,1,0,1,0,1,1.1349347320441883,2.1074574651627946,0,1,1,0,1,0,0
0,0,1,1,1.575621033523874,1,0,0,0,0,0,0,0,0,-1.4830061822018323,-0.3962193848545717,0,1,0,1,0,0,0
0,0,0,0,1.575621033523874,1,1,1,1,1,1,1,1,1,1.6044387109615674,2.518693356475227,0,1,1,0,1,0,0
0,0,0,0,-0.05859819558324785,1,0,0,1,1,1,1,1,0,0.4779609664919551,0.09268189053602517,0,1,0,0,0,0,1
0,1,0,0,-1.2842626174135892,1,0,0,0,0,0,0,0,1,0.15942823167875075,-0.9788752926873525,0,0,1,0,0,1,0
1,0,1,0,-0.05859819558324785,1,0,1,1,1,1,0,1,1,0.3551931416160326,0.06056960470660488,1,0,0,0,1,0,0
0,0,0,0,-1.2842626174135892,1,0,0,0,0,0,0,0,0,0.2025628728513725,-0.9783014648993352,0,0,1,0,0,0,1
1,0,0,0,-1.2842626174135892,1,0,0,0,0,0,0,0,0,0.15279213303680939,-0.9789635738855088,0,0,1,0,0,0,1
1,0,1,1,1.4121991106131617,1,1,1,0,1,0,1,1,1,0.49455121309680944,1.326941321961799,0,1,0,0,0,1,0
0,1,1,0,0.4316675731488887,1,1,1,1,0,0,1,0,1,0.9856225126004989,0.8252392728385124,0,0,1,0,0,1,0
1,1,1,0,-0.4671530028600283,1,0,0,0,1,0,1,0,0,0.7218375915833142,-0.1897958732651778,0,0,1,0,0,0,0
0,0,1,0,1.1670662262470934,1,1,0,0,1,1,1,1,1,1.3788113571355474,1.9704891862230134,0,0,1,0,0,1,0
0,0,1,0,1.616476514251552,1,1,0,0,0,0,0,0,0,-1.3320349380976575,-0.20180211621445937,0,1,0,1,0,0,0
1,0,1,1,-1.079985213775199,1,1,0,0,0,0,0,0,0,-1.307149568190376,-0.9419296112588647,0,1,0,1,0,0,1
0,0,1,1,0.5950894960596009,1,0,0,0,0,0,0,0,0,-1.4946193548252305,-0.5907470049923795,0,1,0,1,0,0,1
0,0,0,0,-0.34458656067699417,1,0,0,0,0,0,0,0,0,-1.4713930095784342,-0.7768217004067044,1,0,0,1,1,0,0
1,0,0,0,0.26824565023817654,1,1,0,1,0,0,0,0,0,0.5509580515533145,0.4089713532311609,1,0,1,0,1,0,0
0,0,1,1,1.3304881491578058,1,1,0,0,0,0,0,0,1,-1.310467617511347,-0.23777670446322574,0,1,0,1,0,0,0
0,0,0,0,-1.2842626174135892,1,0,0,0,1,0,1,0,1,0.6886570983736054,-0.971834867134373,0,0,1,0,1,0,0
1,0,0,0,-1.079985213775199,1,1,0,0,0,1,0,1,1,0.7682902820769066,-0.7790287303606165,0,0,1,0,0,0,0
0,1,1,0,0.9627888226087032,1,1,0,0,1,0,1,1,1,1.1896825458402078,1.5011421962240772,0,0,1,0,0,0,0
0,0,1,0,-0.3854420414046722,1,0,1,0,1,1,0,1,1,0.1312248124504985,-0.26386379851846614,1,0,0,0,0,0,0
1,0,1,0,0.06396824659978628,1,0,0,0,0,0,0,0,0,-1.4846652068623178,-0.7098824819045519,0,1,0,1,1,0,0
1,0,0,0,-0.4671530028600283,1,0,0,0,0,0,0,0,0,-1.469733984917949,-0.8317767462591145,0,0,0,1,1,0,0
1,0,0,0,1.2079217069747716,1,1,1,1,1,1,0,0,0,0.15279213303680939,0.8608607362946528,0,1,0,0,0,0,0
1,0,0,0,1.2079217069747716,1,0,0,0,0,0,0,0,0,-1.4913013055042594,-0.45622852930144026,0,1,0,1,0,0,0
0,0,0,0,0.758511418970313,1,1,0,1,1,1,1,1,1,1.5496908971655476,1.5078515672839696,1,0,1,0,0,1,0
1,0,1,0,-0.5897194450430624,1,1,0,1,0,0,0,0,0,-0.2652820814055212,-0.5352402016514916,0,0,0,0,1,0,0
0,0,0,0,0.06396824659978628,1,0,0,1,0,0,0,0,1,0.3037633771409841,0.10471020378484584,0,0,1,0,1,0,0
0,0,1,0,1.1670662262470934,1,1,0,1,0,1,0,1,1,0.9806454386190424,1.5077412157862742,0,1,1,0,0,0,0
1,1,0,0,-1.2434071366859112,1,0,0,0,1,0,0,0,0,-0.49256845989202597,-0.9623225680330121,0,0,0,0,0,0,1
1,0,1,1,1.616476514251552,1,1,1,0,0,0,0,0,0,-0.3150528212200843,0.748787755234999,0,1,0,0,0,0,0
0,0,1,0,0.8402223804256691,1,0,1,1,1,1,1,1,0,1.516510403955839,1.5662275095649434,1,0,1,0,0,1,0
1,0,0,0,-1.079985213775199,1,0,1,1,0,0,0,0,1,0.46966584318952787,-0.7911232545080544,0,0,1,0,0,1,0
0,0,0,0,-0.34458656067699417,1,1,1,0,0,1,0,0,1,0.6488405065219549,-0.15413026920995912,0,0,1,0,0,1,0
1,0,1,1,1.45305459134084,1,1,0,1,0,1,0,1,0,0.19924482353040135,1.1356138952571635,0,1,0,0,1,0,0
0,0,1,1,0.5950894960596009,0,0,1,1,1,0,1,1,1,-0.1591045031344531,0.2125015467339104,0,1,0,0,1,0,0
1,1,0,0,0.5950894960596009,1,0,1,0,0,0,0,1,0,0.6869980737131202,0.7746982868939265,0,0,1,0,0,0,1
0,0,1,1,0.14567920805514237,1,0,0,0,0,0,0,0,0,-1.5128686260905702,-0.6993328787248524,0,0,0,1,0,0,0
1,0,0,0,-0.9574187715921648,1,0,0,0,0,0,0,0,0,-1.4913013055042594,-0.9306737584939132,0,0,0,1,0,0,1
0,0,1,1,1.1670662262470934,1,1,1,1,1,0,0,1,1,1.1913415705006933,1.6470710167767415,1,0,1,0,1,0,0
1,0,1,0,1.616476514251552,1,0,1,1,0,1,1,1,1,0.4829380404734111,1.5299218668230903,0,1,0,0,0,0,0
0,0,1,1,0.10482372732746434,1,0,1,0,0,1,0,0,1,-0.3266659938434822,-0.16386327130671124,1,0,0,0,0,0,0
0,0,1,0,-0.30373107994931614,1,1,0,0,0,0,0,0,1,-1.2606968776967837,-0.6858037851073715,1,0,0,1,0,0,1
1,1,0,0,0.10482372732746434,1,1,0,0,1,0,1,1,1,1.2145679157474896,0.5336906159267308,0,0,1,0,0,1,0
0,0,1,1,-0.34458656067699417,0,0,1,1,1,0,1,1,0,-0.23873768683775407,-0.40586410575316734,1,0,0,0,0,1,0
1,0,1,0,0.9627888226087032,1,1,0,0,0,0,0,0,1,-1.3154446914928033,-0.42378518897893314,0,1,0,1,1,0,0
1,1,0,0,-0.26287559922163806,1,1,0,0,0,0,1,1,1,0.9557600687117609,0.05158699279418288,0,0,1,0,0,1,0
0,0,1,0,1.616476514251552,1,1,1,0,0,0,0,0,0,0.519436583004091,1.5230138630673458,0,1,1,0,0,0,0
0,0,0,0,0.18653468878282042,1,1,1,0,0,0,1,0,0,-0.004815209709307201,0.026757905812672334,1,0,0,0,0,0,0
0,0,1,0,-1.0391297330475209,1,0,0,0,1,0,0,0,1,0.3435799689926347,-0.7902625128260288,0,0,1,0,0,0,0
1,0,0,0,-1.0391297330475209,1,1,0,0,0,0,0,0,0,0.2921502045175858,-0.7800660344389551,0,0,1,0,0,1,0
1,0,0,0,1.493910072068518,1,1,1,1,1,1,0,1,1,0.4580526705661295,1.35477196968063,1,0,0,0,1,0,0
1,0,1,1,-0.9982742523198429,1,0,0,0,0,0,0,0,0,-1.4995964288066868,-0.954421400798007,0,1,0,1,1,0,0
0,0,1,1,-0.8348523294091307,0,0,0,0,0,1,0,0,0,-1.1462241761232885,-0.8467845499457164,1,0,0,0,1,0,0
1,0,1,1,0.47252305387656673,1,1,0,0,0,0,0,0,0,-1.2971954202274631,-0.5194157968819422,1,0,0,1,0,0,1
1,0,1,1,1.616476514251552,1,1,1,1,1,1,0,1,0,0.5376858542694307,1.5284872973530474,0,1,0,0,1,0,0
1,0,0,0,0.9627888226087032,1,1,0,1,0,1,0,1,1,0.9839634879400135,1.2524319907177286,0,0,1,0,0,1,0
0,0,1,0,-0.9165632908644868,1,0,0,0,0,0,0,0,0,-1.4830061822018323,-0.9282018849455318,1,0,0,1,0,0,1
1,1,0,0,-1.2842626174135892,1,0,0,0,0,0,0,0,0,0.1428379850738964,-0.9790959956827436,0,0,1,0,0,1,0
1,0,1,1,0.5950894960596009,1,1,0,1,0,0,0,0,0,-0.34989233909027845,0.11077953615810397,0,0,0,0,0,1,0
1,0,0,0,0.47252305387656673,1,0,0,0,0,0,0,0,0,-1.4730520342389197,-0.609881954692797,0,1,0,1,1,0,0
1,0,0,0,-1.2025516559582332,1,0,0,0,0,0,1,0,1,0.45473462124515884,-0.9027548295769259,0,0,1,0,0,1,0
0,0,0,0,-0.9982742523198429,1,1,1,0,0,1,0,1,0,0.2108579961537997,-0.7607986629413029,0,0,0,0,0,1,0
1,0,0,0,-0.6714304064984186,1,0,0,0,0,0,0,0,1,-1.466415935596978,-0.8638228211899174,0,0,0,1,1,0,0
1,0,1,1,1.616476514251552,1,1,1,1,1,1,1,0,0,0.580820495442052,1.5572448976525213,0,1,0,0,0,0,0
0,0,0,0,-1.2842626174135892,1,0,0,0,0,0,0,0,0,-0.6302675067123175,-0.9893807552679736,0,0,0,0,0,1,0
0,1,1,0,1.575621033523874,1,0,0,1,1,0,0,1,0,0.8180610218914698,1.8309607525366935,0,1,1,0,1,0,0
0,1,1,0,0.9627888226087032,1,1,1,1,1,1,0,0,1,0.12127066448758597,0.7622064973547842,1,0,0,0,1,0,0
0,0,1,1,-1.2025516559582332,1,0,0,0,0,0,0,0,0,-1.5095505767695994,-0.9854522419500104,0,0,0,1,0,0,1
1,0,1,1,-0.8757078101368088,1,1,1,0,0,0,1,0,1,0.011775036895547177,-0.6903061262133522,0,0,0,0,0,0,0
0,0,0,0,1.1262107455194155,1,1,0,0,1,1,1,1,0,0.5227546323250617,1.1299197579760707,1,0,0,0,1,0,0
0,1,1,0,0.3908120924212107,1,1,1,0,1,0,1,1,1,1.3406537899443827,1.0204952128611111,1,0,1,0,0,0,0
0,0,0,0,-1.2434071366859112,1,0,1,0,0,0,0,0,0,-0.45938796668231724,-0.9552821424800325,0,0,0,0,0,0,1
0,0,0,0,-0.9574187715921648,1,0,0,0,0,0,0,0,1,-1.4713930095784342,-0.9444676957058635,0,0,0,1,1,0,0
1,0,0,0,-1.2842626174135892,1,1,0,0,0,0,0,0,1,0.3419209443321489,-0.9764475597380492,0,0,1,0,0,1,0
1,0,1,1,0.7993668996979911,0,0,0,1,1,1,1,0,0,-0.4842733365895988,0.11775375081246613,0,1,0,0,0,0,1
1,1,0,0,0.10482372732746434,1,1,0,0,1,0,1,1,1,1.1365937567046736,0.48932931385309864,0,0,1,0,0,1,0
1,0,0,1,-0.5080084835877063,1,0,0,0,0,0,0,0,1,-1.5062325274486286,-0.8442906060977957,0,0,0,1,0,1,0
0,0,1,0,-0.7122858872260965,1,0,0,1,0,0,0,0,0,0.3502160676345761,-0.5176281026192735,0,0,1,0,0,0,0
1,0,0,0,-0.6305749257707405,1,0,0,0,0,0,0,0,1,0.19924482353040135,-0.4768201187714397,0,0,1,0,0,1,0
1,0,0,0,-0.0994536763109259,1,0,0,0,0,0,1,1,1,0.8446054164592367,0.20663084705650428,0,0,1,0,0,1,0
0,0,0,0,-1.2842626174135892,1,0,0,0,0,1,1,1,1,1.0304161784336054,-0.9672883854293142,0,0,1,0,0,1,0
1,0,1,0,-0.9165632908644868,1,1,0,0,0,0,0,1,1,0.678702950410693,-0.6320626057296131,0,0,1,0,0,1,0
0,0,0,0,-0.7939968486814527,1,0,0,0,0,0,0,0,1,0.17767750294409096,-0.6182024576190455,0,0,1,0,0,0,1
1,0,1,0,-1.161696175230555,1,1,0,1,0,0,1,1,1,1.174751323895839,-0.8241183523190396,0,0,1,0,0,1,0
0,1,0,0,-1.2025516559582332,1,0,0,0,0,0,0,0,1,0.18597262624651814,-0.919241343332649,0,0,1,0,0,1,0
0,0,0,0,1.0853552647917375,1,1,1,1,1,1,0,1,0,0.49952828707826546,1.103016062837883,1,0,0,0,1,0,0
0,0,0,0,-1.2434071366859112,1,0,0,0,0,0,0,0,0,0.16440530566020725,-0.9457919136782107,0,0,1,0,0,0,0
0,0,1,1,-0.7531413679537746,1,0,0,0,0,0,0,1,1,0.53436780494846,-0.5007443234718463,0,0,1,0,0,0,0
1,0,0,0,-1.2842626174135892,0,0,0,0,0,0,0,0,1,-1.3154446914928033,-0.9984957889776305,0,0,0,0,0,1,0
1,1,1,0,0.4316675731488887,1,1,0,1,1,0,1,1,1,1.2676567048830234,0.9389013154649829,0,0,1,0,0,1,0
0,0,0,0,-0.6714304064984186,1,1,0,0,0,0,0,0,1,0.33030777170875103,-0.5110952939556939,0,0,1,0,1,0,0
1,1,0,0,0.8402223804256691,0,0,0,1,1,0,1,1,1,-0.3432562404483366,0.25041832134211944,0,0,0,0,0,1,0
0,0,0,1,-1.161696175230555,1,1,0,0,0,0,0,0,1,-1.3054905435298905,-0.9724307652219293,0,0,0,1,0,0,1
0,0,0,0,-0.6714304064984186,1,0,0,1,0,0,0,0,0,0.3419209443321489,-0.4742378937253626,0,0,1,0,0,0,0
0,0,0,0,0.4316675731488887,1,0,0,1,0,1,0,0,0,-0.31007574723862785,0.06930944332409666,1,0,0,0,0,1,0
1,1,0,0,-0.9982742523198429,1,1,0,0,1,0,0,0,1,0.5459809775718579,-0.7509553093468552,0,0,1,0,0,1,0
1,0,1,1,-1.079985213775199,1,0,1,0,0,0,0,0,1,-0.5191128544597932,-0.8790954684709886,0,0,0,0,0,1,0
0,0,0,0,1.616476514251552,1,1,0,1,1,1,1,1,1,1.5530089464865184,2.527278702995945,0,1,1,0,0,0,0
0,0,1,1,1.1262107455194155,0,0,0,1,0,0,1,1,1,-0.49920455853396783,0.3452764687612591,0,0,0,0,0,1,0
1,0,1,1,-1.3251180981412674,1,0,0,0,0,0,0,0,1,-1.4962783794857157,-1.009597149645808,1,0,0,1,0,0,1
0,0,0,0,-1.2434071366859112,1,0,0,0,0,0,0,0,1,-1.4846652068623178,-0.9922719645075986,0,0,0,1,0,0,1
0,0,1,0,0.9219333418810253,1,1,1,1,1,1,1,1,1,0.841287367138266,1.160774036731761,1,0,0,0,0,1,0
0,0,1,0,0.9627888226087032,1,0,0,0,1,1,1,1,1,1.1249805840812759,1.4929541150950634,0,0,1,0,0,1,0
1,0,1,1,1.575621033523874,1,1,0,1,0,1,0,0,1,0.6637717284663239,1.7061090680438888,0,1,1,0,0,1,0
1,0,0,0,-1.2434071366859112,1,1,0,0,0,0,0,1,0,-0.09108449205455024,-0.957378820936249,0,0,0,0,0,0,0
0,0,1,0,1.2896326684301276,1,1,0,1,0,1,1,1,1,1.3472898885863245,1.9896462062229698,0,1,1,0,0,0,0
0,0,0,0,0.3908120924212107,1,0,1,1,1,1,0,1,0,0.3021043524804988,0.3854885545215368,1,0,0,0,1,0,0
1,1,1,0,-0.30373107994931614,1,1,1,0,0,0,0,1,1,0.8047888246075862,-0.04845767501665031,1,0,1,0,0,1,0
0,0,1,1,-1.120840694502877,1,0,1,0,0,0,0,0,1,-0.510817731157366,-0.9069481864893587,0,0,0,0,0,0,1
1,0,1,1,1.616476514251552,1,1,1,1,1,1,1,1,1,1.7189114125350622,2.6706032282029937,0,1,1,0,0,0,0
0,1,1,0,0.02311276587210824,1,1,0,1,0,0,0,0,1,0.5244136569855471,0.16299786486766313,0,0,1,0,0,0,0
1,1,1,0,-0.017742714855569806,1,1,0,0,0,0,0,1,0,0.6803619750711782,0.16502833242526216,0,0,1,0,0,1,0
1,0,1,1,-1.120840694502877,1,0,0,0,0,0,0,0,0,-1.4830061822018323,-0.9720334998302251,1,0,0,1,0,0,1
0,0,1,0,-1.2025516559582332,1,1,0,0,0,0,0,0,1,0.30874045112244014,-0.9089565837474187,0,0,1,0,1,0,0
0,1,1,0,-1.079985213775199,1,1,0,0,0,0,0,1,1,0.6488405065219549,-0.7999734446232417,0,0,1,0,0,1,0
1,0,0,0,1.493910072068518,1,1,0,0,1,1,1,1,1,1.383788431117004,2.234207195415964,0,1,1,0,0,0,0
0,0,0,0,-0.7939968486814527,1,0,0,0,0,0,0,1,1,0.5210956076645764,-0.5629825681721661,0,0,1,0,0,1,0
1,0,1,1,-0.4262975221323503,1,0,1,0,0,0,0,0,0,0.33860289501117824,-0.31484619045383444,0,0,1,0,0,0,0
1,0,1,0,1.1670662262470934,1,1,1,0,1,0,0,1,1,0.16938237964166375,0.8560935515942026,0,1,0,0,0,0,1
0,1,0,0,0.02311276587210824,0,0,1,1,1,0,1,1,1,-0.1773537743997928,-0.17770134911773974,0,0,0,0,0,0,0
1,0,1,0,0.3499566116935326,1,1,0,0,1,0,1,1,1,0.27224190859176073,0.31515050989035964,1,0,0,0,0,1,0
0,0,1,0,0.5133785346042448,1,1,1,1,1,1,1,1,0,1.6094157849430233,1.2116681474689728,1,0,1,0,0,0,1
1,1,1,0,1.5347655527961959,1,1,1,1,1,1,1,1,0,0.8379693178172949,1.7860035523755051,0,1,0,0,1,0,0
1,0,1,1,0.9219333418810253,1,0,1,1,0,1,0,0,0,-0.24039671149823963,0.33510206067372467,0,1,0,0,0,0,0
1,0,1,1,0.7993668996979911,0,0,1,0,1,0,0,1,0,-0.681697271187366,-0.004912974025965557,1,0,0,0,0,0,0
1,0,0,0,-1.2025516559582332,0,0,0,0,1,0,1,0,1,-0.8177372933471719,-0.9518833163510081,0,0,0,0,0,0,1
0,0,0,0,-0.0994536763109259,1,1,0,1,0,0,1,1,1,1.174751323895839,0.30747004565074587,0,0,1,0,0,1,0
1,1,0,0,1.5347655527961959,0,0,0,0,0,0,1,1,1,-0.6485167779776572,0.43135063696382897,1,0,0,0,0,1,0
0,0,0,1,-0.9574187715921648,1,0,1,0,1,1,0,1,0,0.9358517727859358,-0.6254635861674162,0,0,1,0,0,0,0
1,0,1,1,-0.4671530028600283,1,0,0,0,0,0,0,0,0,-1.4929603301647452,-0.8550609122728866,1,0,0,1,0,0,1
0,0,1,1,0.9219333418810253,1,1,1,1,0,1,0,1,1,0.36348826491845976,0.8726683465480822,1,0,0,0,0,0,0
1,0,0,0,0.3499566116935326,1,1,0,0,1,0,0,1,0,0.006797962914090675,0.10795453781709671,1,0,0,0,0,0,1
0,0,0,1,1.2079217069747716,1,1,0,0,0,0,0,0,0,-1.2872412722645508,-0.2862651525506734,0,1,0,1,0,0,0
0,0,0,0,-1.2842626174135892,1,1,0,0,1,0,0,0,1,0.48957413911535297,-0.9744833030790674,0,0,1,0,0,0,1
0,1,0,0,1.4121991106131617,1,1,0,1,0,0,0,0,0,-0.3283250185039678,0.634860869014059,0,0,0,0,0,1,0
0,0,1,0,1.2487771877024496,1,1,1,1,0,0,1,1,1,0.49455121309680944,1.1030381331374217,1,0,0,0,1,0,0
1,0,1,0,0.22739016951049848,1,1,0,0,1,1,0,1,0,0.13951993575292568,0.16871407244829525,1,0,0,0,1,0,0
0,0,1,0,1.5347655527961959,0,0,0,1,1,1,1,1,0,-0.23210158819581245,0.7733740689215792,0,1,0,0,0,0,0
1,0,1,1,0.22739016951049848,1,0,0,0,0,0,0,0,0,-1.4995964288066868,-0.6929766324575857,0,0,0,1,0,1,0
0,0,1,1,-1.120840694502877,0,0,0,1,0,0,0,0,1,-1.1379290528208614,-0.9357940679869893,0,0,0,0,0,1,0
1,0,0,0,-0.34458656067699417,1,0,0,0,1,0,0,0,1,-0.5008635831944531,-0.4941232336101102,0,0,0,0,0,0,1
1,0,1,0,-0.6714304064984186,1,1,0,0,0,0,0,0,1,0.30044532782001293,-0.4427435762830376,0,0,1,0,0,0,0
0,0,0,0,1.45305459134084,0,0,1,0,1,1,0,0,0,-0.8592129098593079,0.19067402048972013,0,1,0,0,0,0,1
0,0,1,1,1.0036443033363813,1,1,0,1,0,0,1,1,1,1.188023521179722,1.46744084882784,0,0,1,0,0,1,0
1,1,1,0,1.1262107455194155,1,1,0,1,1,0,1,1,1,1.31245037071613,1.7886740586197387,1,0,1,0,0,1,0
0,0,0,0,-0.14030915703860394,1,1,0,0,0,0,1,1,1,0.2058809221723432,-0.09142854821931785,1,0,0,0,1,0,0
0,0,1,1,-0.9574187715921648,1,0,0,1,0,1,1,0,1,0.026706258839915738,-0.7477109753146045,1,0,0,0,0,0,1
0,0,1,0,1.575621033523874,1,1,0,0,0,0,0,0,1,-1.288900296925036,-0.21422769485498414,0,1,0,1,1,0,0
0,0,0,0,-0.34458656067699417,0,0,0,1,1,0,1,1,1,-0.35321038841124935,-0.46214336957792457,0,0,0,0,1,0,0
1,1,0,0,-1.2434071366859112,1,0,1,0,0,0,0,0,1,-0.5157948051388221,-0.9693850638855307,0,0,0,0,0,1,0
1,0,0,1,1.3713436298854838,1,0,0,0,0,0,0,0,0,-1.4680749602574634,-0.41056507955500005,0,1,0,1,0,0,1
1,0,1,0,0.8810778611533472,1,1,0,1,1,0,1,1,1,1.3107913460556446,1.3202098806023672,0,0,1,0,0,1,0
0,0,1,0,1.616476514251552,1,1,1,1,1,1,1,1,1,1.6210289575664216,2.5764734006686445,0,1,1,0,1,0,0
1,0,0,0,0.7993668996979911,1,0,0,0,0,0,0,0,0,-1.4979374041462012,-0.5571339387942992,0,1,0,1,0,0,1
1,0,0,1,1.575621033523874,1,0,1,1,1,1,1,0,1,0.401645832109625,1.4281557156482056,0,1,0,0,1,0,0
0,1,0,0,-1.120840694502877,1,0,0,0,0,0,0,1,0,0.46966584318952787,-0.8425691227337443,0,0,1,0,0,1,0
1,0,1,0,0.3908120924212107,1,0,0,0,0,0,0,0,0,-1.478029108220376,-0.6408024443471049,0,1,0,1,0,1,0
0,0,1,0,-1.2434071366859112,1,0,0,0,0,0,0,0,1,-0.6700840985639679,-0.9740418970882849,0,0,0,0,1,0,0
1,0,0,0,-0.8757078101368088,1,0,0,1,0,0,0,0,1,0.32367167306680916,-0.6455475587480157,0,0,1,0,0,1,0
0,0,1,1,0.3499566116935326,1,1,1,1,1,1,0,1,0,0.5011873117387513,0.4586074568946428,0,0,0,0,1,0,0
0,0,1,1,1.45305459134084,1,1,1,1,1,1,1,1,0,0.769949306737392,1.7103024249563217,0,1,0,0,1,0,0
0,1,1,0,0.7176559382426351,1,1,0,1,1,0,1,0,1,1.0038717838658386,1.1483043174921579,0,0,1,0,0,1,0
1,0,1,0,0.8402223804256691,1,1,1,0,1,0,0,1,0,0.9657142166746738,1.2103218591970863,0,0,1,0,0,1,0
0,0,1,1,-0.9982742523198429,1,0,0,1,0,0,1,0,1,0.622296111954188,-0.7094190056142304,0,0,1,0,0,1,0
0,0,1,0,0.7176559382426351,1,1,1,0,1,0,1,1,1,1.3141093953766159,1.3002362595194632,1,0,1,0,0,0,1
0,0,0,0,0.7176559382426351,1,0,0,1,0,1,1,1,1,1.174751323895839,1.2144048646118237,0,1,1,0,0,0,1
0,0,0,0,-0.9982742523198429,1,0,1,0,0,0,1,0,1,-0.1591045031344531,-0.7943013776416878,0,0,0,0,0,1,0
0,0,0,0,-0.9165632908644868,0,0,1,0,0,0,0,0,0,-1.162814422728143,-0.8763366810285986,0,0,0,0,0,0,1
0,0,1,1,0.18653468878282042,1,1,0,0,0,0,0,0,1,-1.3502842093629972,-0.6291713964899884,0,1,0,1,0,0,0
0,0,1,1,0.676800457514957,1,0,1,0,1,1,0,0,0,-0.10103864001746278,0.32528077737881606,0,0,0,0,0,0,0
0,0,1,0,-0.6305749257707405,0,0,0,1,1,0,0,0,1,-0.9670495127908613,-0.7244268093008324,0,0,0,0,1,0,0
1,0,1,1,-0.8348523294091307,1,0,0,0,0,0,0,0,0,-1.4962783794857157,-0.8955599119271727,0,1,0,1,0,0,1
1,0,1,1,-0.3854420414046722,1,0,1,0,0,1,1,1,1,1.1631381512724406,0.019452636665223576,0,0,1,0,0,1,0
0,0,1,1,1.575621033523874,0,0,1,1,0,1,1,1,0,-0.20389816896755997,0.8201410336449755,0,1,0,0,0,0,1
0,0,1,1,1.575621033523874,1,0,1,0,1,0,1,1,0,0.42321315269593546,1.4509543350721172,0,1,0,0,1,0,0
1,0,1,0,-0.34458656067699417,1,0,1,0,0,1,0,1,1,0.811424923249528,-0.03400162881852639,0,0,1,0,0,1,0
1,0,1,1,0.5133785346042448,1,1,0,1,1,0,1,1,0,0.46302974454758605,0.5797513310648752,1,0,0,0,1,0,0
1,0,1,1,0.3908120924212107,1,0,1,0,0,1,0,1,0,-0.03633667825853061,0.21016209498276356,1,0,0,0,1,0,0
0,0,0,0,-0.5897194450430624,1,0,1,0,0,0,1,1,1,1.0370522770755475,-0.24124174149086763,0,0,1,0,0,1,0
0,0,1,0,-0.26287559922163806,1,0,0,1,1,0,1,1,1,0.2888321551966151,-0.16840975301177002,0,1,0,0,1,0,0
1,0,0,1,-0.9574187715921648,1,0,0,0,0,0,1,0,0,-0.31339379655959876,-0.8110748052914194,0,0,0,0,0,1,0
0,0,0,0,-1.2434071366859112,1,0,0,0,0,0,0,0,0,-0.6750611725454241,-0.973092874208103,0,0,0,0,0,1,0
0,0,1,1,-1.120840694502877,1,0,0,0,0,0,0,0,0,-0.6634479999220263,-0.912289198977826,0,0,0,0,0,0,1
1,1,1,0,-1.079985213775199,1,0,0,1,0,0,0,1,1,0.6438634325404988,-0.7804412295311202,0,0,1,0,0,1,0
1,1,0,0,0.7993668996979911,1,1,0,1,1,1,1,1,1,1.5248055272582661,1.5646825885972049,0,0,1,0,0,1,0
1,0,0,0,1.0036443033363813,1,0,1,0,1,0,1,1,1,0.31703557442486735,0.8961070046586284,0,1,0,0,0,0,0
1,0,0,0,-0.14030915703860394,1,0,0,0,1,1,1,1,1,0.3502160676345761,-0.01912624692915907,1,0,0,0,0,0,0
0,0,1,1,1.4121991106131617,1,1,0,0,0,0,0,0,1,-1.3237398147952304,-0.2679247336336643,0,1,0,1,0,0,1
0,0,0,0,0.3908120924212107,1,1,1,0,1,0,1,1,1,1.3406537899443827,0.9329202642898812,0,0,1,0,0,1,0
0,0,0,0,-0.8348523294091307,1,0,0,0,0,0,0,0,0,-1.5095505767695994,-0.9086255292543319,1,0,0,1,0,0,1
1,0,1,1,-1.0391297330475209,0,0,1,0,0,1,0,0,1,-1.0052070799820263,-0.8863345267198203,0,0,0,0,0,1,0
0,0,0,0,-0.8348523294091307,1,0,0,0,0,0,0,0,0,-1.4730520342389197,-0.8919183125032177,0,0,0,1,0,0,1
0,0,1,0,-0.7939968486814527,0,0,0,0,1,0,1,1,1,-0.5323850517436766,-0.7300105950842298,0,0,0,0,0,0,0
1,0,0,0,-0.05859819558324785,1,1,0,1,0,1,1,0,1,0.20753994683282853,-0.0525627507309266,0,0,0,0,0,1,0
1,0,1,1,-0.9574187715921648,0,0,0,1,0,0,0,0,1,-1.1561783240862011,-0.8997091282405272,0,0,0,0,0,1,0
1,0,0,0,1.2487771877024496,1,0,0,0,0,0,0,0,0,-1.469733984917949,-0.42334378298815073,1,0,0,1,0,0,1
1,1,1,0,0.5133785346042448,1,1,0,1,1,1,1,0,1,1.1249805840812759,0.9881180834372215,1,0,1,0,0,0,0
0,1,1,0,-0.8348523294091307,1,0,1,0,1,1,1,1,1,0.4779609664919551,-0.5929761052458308,1,0,0,0,0,1,0
1,0,1,0,0.3499566116935326,1,1,0,1,0,0,0,0,1,0.5128004843621492,0.5083980526548987,0,0,1,0,0,1,0
1,0,0,0,-1.120840694502877,1,0,0,0,0,0,0,0,0,-1.4514847136526092,-0.9593430775952309,0,0,0,1,0,0,1
1,1,1,0,1.575621033523874,0,0,1,1,1,1,0,0,0,-0.6120182354469775,0.4706136998439244,0,1,0,0,1,0,0
0,0,1,1,1.616476514251552,1,1,0,1,0,1,1,1,1,0.46966584318952787,1.5197253884360165,0,1,0,0,0,1,0
1,0,1,0,-0.9574187715921648,1,1,0,1,1,0,0,1,1,0.14117896041341102,-0.7209397019736513,0,0,0,0,1,0,0
0,0,1,1,0.758511418970313,1,1,0,0,1,0,0,1,1,0.841287367138266,1.0009409274694507,1,0,1,0,0,1,0
0,0,1,1,0.10482372732746434,0,0,0,0,0,1,1,0,0,-0.7928519234398903,-0.3988678207992662,1,0,0,0,0,0,1
1,0,1,0,0.9627888226087032,1,1,1,0,0,0,1,1,1,1.1863644965192368,1.4247348192196418,1,0,1,0,0,1,0
0,1,0,0,-0.5897194450430624,1,0,0,1,0,0,0,0,1,0.3286487470482657,-0.43815295397890064,0,0,1,0,0,1,0
1,0,0,0,0.47252305387656673,1,1,1,1,1,0,1,1,1,1.5496908971655476,1.1599795059483524,0,0,1,0,0,1,0
0,0,1,1,0.6359449767872789,0,0,0,0,0,1,0,0,1,-1.17110954603057,-0.3814543544629001,0,0,0,0,1,0,0
0,0,0,0,-0.8757078101368088,1,0,0,0,1,1,0,1,0,0.0034799135931199883,-0.701826822572773,1,0,0,0,1,0,0
1,0,1,1,1.575621033523874,1,1,0,1,1,0,1,1,1,1.3671981845121495,2.3996903013602893,0,1,1,0,0,0,0
1,1,1,0,0.10482372732746434,1,1,0,0,1,0,0,0,1,0.5575941501952558,0.23307106590437066,1,0,1,0,0,0,0
1,1,1,0,-0.34458656067699417,0,0,0,0,1,1,0,0,0,-1.0135022032844534,-0.6440247080798165,0,0,0,0,0,0,1
0,0,0,0,1.1262107455194155,1,1,0,1,1,0,1,1,0,1.3240635433395282,1.7861801147718182,0,1,1,0,0,1,0
1,0,0,0,-1.079985213775199,0,0,0,1,0,0,0,0,1,-1.1379290528208614,-0.9174757193695193,0,0,0,0,1,0,0
1,0,1,1,-0.7122858872260965,1,0,0,0,0,0,0,0,1,-1.4863242315228034,-0.8824501540009351,0,0,0,1,0,1,0
1,1,0,0,-0.4671530028600283,1,1,0,1,1,0,1,1,1,1.31245037071613,-0.006788949486790798,0,0,1,0,0,1,0
1,0,1,1,0.02311276587210824,1,0,0,0,0,0,0,0,0,-1.466415935596978,-0.7049166645082499,1,0,0,1,0,0,1
0,0,0,0,-1.2842626174135892,1,0,0,0,0,0,0,0,0,-1.4564617876340653,-1.0003717644384558,0,0,0,1,0,0,1
0,0,1,1,1.0444997840640593,1,0,0,0,0,0,0,0,0,-1.5012554534671723,-0.5330331716975795,0,1,0,1,1,0,0
0,0,0,0,-0.9165632908644868,1,0,0,1,0,1,0,1,0,0.0034799135931199883,-0.7069912726649272,1,0,0,0,0,0,1
0,0,1,1,0.02311276587210824,1,1,0,0,0,0,0,0,0,-1.3453071353815411,-0.6394782263747576,0,0,0,1,0,0,0
0,1,0,0,-1.2842626174135892,0,0,0,0,0,0,0,0,0,-1.3121266421718323,-0.9984516483785523,0,0,0,0,0,1,0
0,0,0,1,-1.2842626174135892,1,0,0,0,0,0,0,0,0,-0.625290432730861,-0.9893145443693565,0,0,0,0,0,0,1
1,0,1,1,0.3908120924212107,1,0,0,0,1,1,1,1,0,0.2772189825732172,0.3535749013879685,1,0,0,0,0,1,0
1,0,1,1,-1.2842626174135892,1,0,0,0,0,0,0,0,1,-1.481347157541347,-1.0007028189315426,0,0,0,1,0,0,0
1,0,0,0,0.22739016951049848,1,0,0,0,0,0,0,0,0,-1.4830061822018323,-0.6873266357755708,1,0,0,1,0,0,1
0,0,0,0,-1.120840694502877,1,1,0,0,0,0,0,0,1,-0.47100113930571536,-0.8992677222497448,0,0,0,0,0,0,1
1,0,0,0,1.3304881491578058,1,1,1,0,1,1,1,1,1,1.4999201573509846,2.1414457264530404,1,0,1,0,1,0,0
0,1,0,0,0.4316675731488887,0,0,1,1,0,0,0,0,1,-1.0400465978522204,-0.3473778119744981,0,0,0,0,1,0,0
0,0,1,0,1.616476514251552,1,1,1,0,1,1,1,1,1,0.6670897777872951,1.6676626062467412,0,1,0,0,0,0,0
1,0,1,0,1.1262107455194155,1,0,0,1,0,0,1,1,1,0.9823044632795283,1.4668008101412056,1,0,1,0,0,1,0
1,0,0,0,0.9219333418810253,1,0,1,1,0,0,1,1,1,1.1979776691426351,1.4411109814776695,1,0,1,0,0,0,1
0,0,1,1,1.5347655527961959,1,1,1,1,1,1,1,1,1,1.6011206616405962,2.4638486621205127,0,1,1,0,1,0,0
0,0,0,0,-1.079985213775199,1,1,0,0,0,0,0,0,1,0.30044532782001293,-0.8324609255448272,0,0,1,0,0,0,1
0,0,0,1,-0.7939968486814527,1,1,0,1,1,0,1,1,1,1.3058142720741885,-0.4361666270203798,1,0,1,0,1,0,0
1,0,1,1,-0.9982742523198429,1,0,0,0,0,0,0,0,0,-1.481347157541347,-0.9365444581713194,0,1,0,1,0,0,1
1,0,0,1,0.5133785346042448,1,1,0,0,1,0,1,1,0,1.1581610772909845,1.0360327037366521,0,1,1,0,0,0,0
0,0,1,0,0.8810778611533472,1,1,0,1,1,1,1,1,0,1.5115333299743825,1.591674564933549,1,0,1,0,0,1,0
0,0,0,0,0.02311276587210824,1,1,0,0,0,0,0,1,1,0.6156600133122461,0.2077343620334603,0,0,1,0,0,1,0
1,0,1,1,-0.4671530028600283,1,1,1,0,0,0,1,1,1,0.3684653388999163,-0.32552821543076876,1,0,0,0,0,0,0
0,1,0,0,0.9219333418810253,1,1,0,0,1,0,1,1,1,1.168115225253897,1.4222408753717215,1,0,1,0,0,1,0
0,0,0,0,-1.2842626174135892,1,0,1,0,0,0,0,0,0,0.34855704297409074,-0.9763592785398926,0,0,1,0,0,0,1
1,0,0,0,0.47252305387656673,1,0,0,0,0,0,0,0,0,0.13454286177146918,0.29650110677980285,0,0,1,0,1,0,0
1,0,1,0,1.616476514251552,1,1,1,1,1,1,1,1,1,0.740086862848654,1.7404063135276824,0,1,0,0,0,0,0
1,0,1,1,-0.7939968486814527,1,0,0,1,1,1,0,0,0,-0.09937961535697744,-0.6784985159599227,0,0,0,0,0,0,0
0,0,1,1,0.14567920805514237,1,1,1,0,1,0,1,1,1,1.3174274446975864,0.6169618560878323,0,0,1,0,1,0,0
1,0,0,0,1.575621033523874,1,1,0,0,0,0,0,0,0,-1.3021724942089197,-0.1717644385417164,0,1,0,1,0,0,0
1,1,0,0,-0.9574187715921648,1,1,0,0,1,0,1,1,1,1.1847054718587515,-0.6041216065130867,0,0,1,0,0,1,0
0,0,1,0,0.5542340153319228,1,1,1,0,0,0,0,0,0,-0.3250069691829969,0.08241920125033415,0,0,0,0,0,0,0
0,1,1,0,1.1670662262470934,1,1,0,1,1,0,1,1,1,1.3141093953766159,1.8176082213155258,1,0,1,0,1,0,0
1,1,1,0,1.616476514251552,1,1,0,1,1,1,1,0,0,0.4165770540539936,1.37233992811377,0,1,0,0,1,0,0
1,0,1,0,-0.8757078101368088,1,1,0,0,0,0,0,0,1,0.33694387035069284,-0.6451282230567724,0,0,1,0,0,1,0
0,0,0,0,-1.2434071366859112,1,0,0,0,0,0,0,0,1,0.1627462809997219,-0.9499190596920264,0,0,1,0,0,1,0
1,0,0,0,-1.2434071366859112,1,0,0,0,0,0,0,0,0,-1.5078915521091139,-0.9891379819730435,0,0,0,1,0,0,1
0,0,0,0,-1.161696175230555,1,0,0,0,0,0,1,0,1,0.4713248678500132,-0.8757849235401206,0,0,1,0,0,1,0
1,0,0,0,-1.2025516559582332,1,0,0,0,1,0,0,0,1,-0.5191128544597932,-0.9349774669040417,0,0,0,0,0,1,0
0,0,0,0,-1.2025516559582332,0,0,0,0,0,0,1,0,1,-0.9952529320191138,-0.9592989369961527,0,0,0,0,1,0,0
0,0,1,0,0.4316675731488887,1,1,0,0,0,1,1,0,1,0.0018208889326341733,0.27409975274759557,1,0,0,0,0,0,0
0,0,1,1,1.1670662262470934,1,0,0,0,0,0,0,0,0,-1.4946193548252305,-0.4306490521355997,0,1,0,1,1,0,0
0,1,0,0,0.676800457514957,1,1,0,0,1,0,0,1,1,0.8645137123850618,0.9837260938289367,0,0,1,0,1,0,0
0,0,0,0,0.06396824659978628,1,0,1,1,0,0,0,1,0,-0.014769357672220203,-0.10336858026998191,1,0,0,0,0,1,0
1,0,0,0,-1.2842626174135892,1,1,0,0,0,0,0,0,1,-0.4859323612500844,-0.9874606392080703,0,0,0,0,0,1,0
0,0,0,0,-1.2842626174135892,1,0,0,0,0,0,0,0,0,-0.625290432730861,-0.9893145443693565,0,0,0,0,0,0,1
0,0,0,0,1.1670662262470934,1,1,1,0,1,1,1,1,0,0.7185195422623435,1.2748112744503965,0,1,0,0,1,0,0
0,0,1,1,-1.161696175230555,1,0,0,0,1,0,0,0,1,0.29712727849904225,-0.8659415699456728,0,0,1,0,0,1,0
1,0,1,0,1.0853552647917375,1,1,1,0,0,1,0,1,1,0.1428379850738964,0.7987990539906458,1,0,0,0,0,0,1
1,0,1,1,-1.161696175230555,1,0,0,0,0,0,0,0,0,-0.6485167779776572,-0.9410247289777608,0,0,0,0,0,0,1
1,0,1,1,-1.3251180981412674,1,0,0,0,0,0,0,0,0,-1.4913013055042594,-1.009597149645808,0,1,0,1,0,0,1
1,0,0,0,-0.4262975221323503,1,0,0,0,0,0,0,0,0,-1.4763700835598907,-0.7998851634250853,1,0,0,1,0,0,1
0,0,0,0,1.616476514251552,1,1,1,0,0,1,0,0,1,0.6604536791453532,1.7205651142420129,0,1,1,0,0,0,0
1,0,1,1,-0.7122858872260965,0,0,1,0,0,0,0,0,1,-1.1478832007837738,-0.8022908260748494,0,0,0,0,0,0,0
0,0,0,0,-1.2842626174135892,1,0,0,0,0,0,0,0,0,-1.5095505767695994,-1.0010780140237074,0,0,0,1,0,1,0
0,0,0,0,1.0036443033363813,1,0,0,0,1,0,1,1,1,1.0105078825077805,1.4025320978832867,0,1,1,0,0,1,0
1,0,1,1,0.26824565023817654,1,0,0,1,0,0,1,0,1,0.7135424682808871,0.4320348162495418,0,0,1,0,0,0,1
0,1,0,0,-1.079985213775199,1,0,0,0,0,0,0,0,0,-1.5029144781276575,-0.9624549898302467,0,0,0,1,0,0,0
0,0,0,0,-0.6714304064984186,1,1,0,0,0,0,0,1,1,-0.05790399884484149,-0.5385948871814379,0,0,0,0,0,0,0
0,0,0,1,0.26824565023817654,0,0,0,0,1,0,0,0,0,-1.1512012501047448,-0.5102345522736681,0,0,0,0,1,0,0
1,0,1,1,-1.161696175230555,1,0,0,0,0,0,0,0,0,-1.4896422808437741,-0.9757633804523363,0,1,0,1,0,0,1
1,0,1,0,1.0853552647917375,1,1,1,1,1,1,1,0,1,1.3920835544194312,1.750470370117521,0,0,1,0,0,1,0
0,0,1,1,1.493910072068518,1,1,1,0,1,0,0,0,0,0.652158555842926,1.572009928044193,1,0,1,0,0,0,0
1,0,1,1,-0.34458656067699417,1,0,1,1,0,1,0,1,1,0.18265457692554699,-0.2563598966751652,0,0,0,0,1,0,0
1,0,1,1,-1.079985213775199,1,0,0,0,0,0,0,0,1,-1.4730520342389197,-0.9621018650376209,0,1,0,1,1,0,0
1,0,0,0,-0.9574187715921648,1,0,0,0,1,0,1,1,1,0.9706912906561299,-0.6513299772272653,0,0,1,0,0,1,0
0,0,1,1,-0.9982742523198429,1,0,0,0,0,0,0,0,0,-1.5029144781276575,-0.9392591050146312,0,1,0,1,0,0,0
0,0,1,0,-0.0994536763109259,1,0,0,0,0,0,0,0,0,-1.4979374041462012,-0.7201010305911648,0,0,0,1,0,0,0
1,0,1,1,1.2079217069747716,1,0,1,0,1,1,0,1,0,0.2191531194562269,0.9711239527920988,1,0,0,0,1,0,0
0,0,0,0,0.10482372732746434,1,0,0,0,0,0,0,0,0,-1.4498256889921235,-0.6825153104760425,1,0,0,1,0,0,1
0,0,1,1,0.9219333418810253,1,0,0,0,0,0,0,0,0,-1.5145276507510557,-0.569029830245885,1,0,0,1,1,0,0
0,0,0,0,-1.2434071366859112,1,0,0,0,1,0,0,1,0,-0.13090108390620062,-0.9604245222726476,0,0,0,0,0,1,0
1,1,1,0,-0.14030915703860394,1,1,0,0,0,0,1,1,1,0.9839634879400135,0.1617398577939333,0,0,1,0,0,1,0
1,0,0,0,-1.2434071366859112,1,0,0,1,0,0,0,0,0,0.33694387035069284,-0.9426137905445775,0,0,1,0,0,1,0
1,1,0,0,0.02311276587210824,0,0,0,0,1,1,1,1,1,-0.33827916646688033,-0.2134331640715758,0,0,0,0,0,1,0
1,0,0,0,-1.120840694502877,1,1,0,0,0,0,0,0,1,0.3684653388999163,-0.8516841564434011,0,0,1,0,0,0,0
0,0,0,0,-1.2842626174135892,1,0,0,0,0,0,0,0,1,0.14615603439486755,-0.9790518550836654,0,0,1,0,0,1,0
0,0,1,0,1.616476514251552,1,1,1,0,1,0,1,1,1,1.3506079379072953,2.32036964481669,0,1,1,0,0,1,0
1,1,0,0,0.4316675731488887,1,0,0,0,0,0,1,1,1,0.8213790712124405,0.6927954053042503,0,0,1,0,0,0,1
0,0,0,0,-0.9165632908644868,1,1,0,0,0,0,0,0,1,0.33030777170875103,-0.6566268491166543,0,0,1,0,0,1,0
0,0,1,0,1.5347655527961959,1,1,0,0,0,0,0,0,1,-1.2872412722645508,-0.12371739644505106,0,1,0,1,0,0,0
1,0,0,0,-0.34458656067699417,1,0,0,0,0,1,1,1,1,1.035393252415062,-0.07273500450968284,0,0,1,0,0,1,0
0,0,0,0,-0.3854420414046722,1,0,0,0,0,0,0,0,1,-1.5029144781276575,-0.8020480527799191,0,0,0,1,0,0,1
0,0,1,1,0.4316675731488887,0,0,1,1,0,1,1,0,1,-0.4494338187194047,-0.05986801987837556,1,0,0,0,0,0,0
0,0,0,0,-1.2842626174135892,1,0,0,0,0,0,0,0,1,-1.5161866754115412,-1.001166295221864,0,0,0,1,0,0,1
1,0,0,0,-0.34458656067699417,1,1,0,1,0,0,0,0,1,0.5128004843621492,-0.18791989780435256,0,0,1,0,0,1,0
0,1,1,1,1.3304881491578058,1,1,0,0,1,1,1,1,1,1.2975191487717614,1.9774413305778364,1,0,1,0,0,0,0
0,0,1,1,0.9627888226087032,1,1,1,0,1,1,1,1,1,1.486647960067101,1.6180927134818766,0,0,1,0,0,0,1
1,1,0,0,-1.2842626174135892,1,0,0,0,0,0,1,0,1,0.4746429171709839,-0.9746819357749196,0,0,1,0,0,1,0
1,1,1,0,-0.181164637766282,1,1,0,1,0,1,1,1,1,1.3605620858702077,0.313738010719856,0,0,1,0,0,1,0
0,0,0,0,-0.7939968486814527,0,0,0,1,0,0,0,0,0,-1.1827227186539682,-0.8519490000378704,0,0,0,0,0,1,0
0,0,0,0,-0.9982742523198429,1,0,0,0,0,0,1,0,1,0.5078234103806927,-0.7097500601073172,0,0,1,0,0,0,0
0,0,0,0,-1.2025516559582332,1,0,0,0,0,0,0,0,1,0.17767750294409096,-0.9238761062358642,0,0,1,0,0,1,0
1,0,0,0,-1.2842626174135892,1,0,0,0,0,0,0,0,0,-1.4879832561832886,-1.0007911001296992,0,0,0,1,0,1,0
0,1,0,0,-0.26287559922163806,1,1,0,1,0,0,1,0,1,0.8081068739285573,-0.004228794740252742,0,0,1,0,0,1,0
1,1,0,0,-1.2842626174135892,1,1,0,0,0,0,0,0,1,0.36348826491845976,-0.9761606458440406,0,0,1,0,0,1,0
0,0,0,0,-1.120840694502877,1,0,0,0,0,0,0,0,1,-1.469733984917949,-0.9635585048072027,0,0,0,1,0,0,1
1,0,0,0,-0.181164637766282,1,1,1,1,0,0,0,1,1,0.9856225126004989,0.16427794224093215,0,0,1,0,1,0,0
0,0,0,0,-0.8757078101368088,1,1,0,0,0,0,0,1,1,-0.1939440210046472,-0.7440473055911105,0,0,0,0,0,0,1
0,1,1,0,-0.8757078101368088,1,1,0,0,1,1,1,1,1,1.3024962227532175,-0.5091972481953294,0,0,1,0,0,0,0
0,1,0,0,1.3713436298854838,1,1,0,1,0,0,0,0,1,0.519436583004091,1.296462238298274,0,0,1,0,1,0,0
1,0,1,0,0.9627888226087032,1,0,0,0,0,0,0,0,0,-1.4879832561832886,-0.5122429495317281,1,0,0,1,1,0,0
0,1,1,0,0.8402223804256691,1,1,0,0,0,0,0,0,0,-1.3171037161532886,-0.4465396678037664,0,1,0,1,1,0,0
0,0,1,1,-1.2025516559582332,0,0,0,0,0,1,0,0,1,-1.121338806216007,-0.96764151022194,0,0,0,0,0,0,1
0,1,0,0,1.616476514251552,1,1,1,1,1,1,1,1,1,1.7437967824423437,2.7142141400922952,0,1,1,0,1,0,0
0,0,0,0,-1.079985213775199,1,0,0,0,0,0,0,0,0,0.19094970022797417,-0.8180490199457815,0,0,1,0,1,0,0
0,0,1,1,1.575621033523874,1,1,1,1,1,1,1,1,0,1.6525504261156447,2.565901727189406,0,1,1,0,0,0,0
1,0,0,0,-0.7122858872260965,1,0,0,0,0,0,0,0,1,-1.4929603301647452,-0.8730261360977305,0,0,0,1,0,0,1
0,1,0,0,1.0036443033363813,1,0,1,0,1,1,1,0,0,0.16772335498117794,0.7573510314561778,0,1,0,0,0,0,0
1,0,0,0,1.45305459134084,1,1,0,0,0,0,0,0,0,-1.3353529874186285,-0.27801086052304236,0,1,0,1,0,0,1
0,0,0,0,-0.7939968486814527,0,0,0,1,0,0,0,0,1,-1.1196797815555215,-0.8563189193466164,0,0,0,0,0,1,0
0,0,1,1,1.575621033523874,1,1,0,0,0,0,0,0,0,-1.330375913437172,-0.21040953303471635,0,1,0,1,0,0,0
1,0,0,0,-1.120840694502877,0,0,1,0,1,1,0,0,0,-0.8227143673286281,-0.9109649810054787,0,0,0,0,0,0,1
1,0,0,0,-0.5897194450430624,1,1,0,0,1,0,1,0,1,0.8230380958729259,-0.28878116669813314,1,0,1,0,1,0,0
1,0,0,1,0.14567920805514237,1,0,0,1,0,0,1,1,1,0.9922586112424407,0.5408413929774057,0,0,1,0,0,1,0
1,0,1,0,1.2487771877024496,1,1,1,0,0,1,0,0,1,0.6587946544848678,1.3641959875838345,0,1,1,0,1,0,0
1,0,0,1,0.26824565023817654,0,0,0,0,1,1,1,1,0,-0.3299840431644531,-0.04216763964800097,1,0,0,0,0,0,0
0,0,0,0,-1.2025516559582332,1,0,0,0,0,0,0,0,0,-1.5012554534671723,-0.9826493139085419,0,0,0,1,0,1,0
1,0,0,0,-0.017742714855569806,1,0,0,0,0,0,0,0,1,-1.4846652068623178,-0.7383752386095565,0,1,0,1,0,0,0
1,1,1,0,-1.161696175230555,1,0,0,0,0,0,0,0,1,0.1793365276045763,-0.8858489801299596,0,0,1,0,0,1,0
0,1,1,0,-0.017742714855569806,1,1,0,0,0,0,1,1,1,0.9424878714278776,0.28416380933743457,0,0,1,0,0,1,0
1,1,0,0,-0.7122858872260965,1,1,0,0,0,0,0,0,1,0.3120585004434113,-0.5090868966976337,0,0,1,0,1,0,0
0,1,1,0,-1.120840694502877,1,1,0,1,0,0,0,0,1,0.5376858542694307,-0.8455486131715255,0,0,1,0,0,1,0
0,0,1,1,-0.9574187715921648,1,0,0,0,0,0,0,0,0,-1.4747110588994052,-0.9252444648072897,0,1,0,1,0,0,1
0,0,1,1,-0.05859819558324785,1,0,1,0,1,1,1,1,1,0.5426629282508872,0.11411215138851125,1,0,0,0,0,0,1
0,0,0,0,-1.2842626174135892,1,0,0,1,0,0,0,0,0,-0.507499681836395,-0.9877475531020788,0,0,0,0,0,1,0
1,0,1,1,-1.2842626174135892,1,0,0,0,0,0,0,1,1,0.5393448789299161,-0.9738211940928938,0,0,1,0,0,1,0
1,0,0,0,-1.2434071366859112,1,0,1,1,0,0,1,1,0,1.174751323895839,-0.9219780604754998,0,0,1,0,0,1,0
0,0,0,0,0.10482372732746434,1,1,0,0,0,0,0,0,0,-1.3768286039307644,-0.6577524343931495,0,1,0,1,0,0,0
0,0,0,0,-1.120840694502877,1,0,0,0,0,0,0,0,0,-1.5012554534671723,-0.9656331129638802,1,0,0,1,0,1,0
1,0,1,1,-1.2025516559582332,1,0,0,0,1,0,0,0,1,-0.4859323612500844,-0.9353747322957459,0,0,0,0,0,1,0
1,0,0,0,-0.8348523294091307,1,0,0,1,0,0,0,0,1,-0.5224309037807641,-0.7478213268123001,0,0,0,0,0,0,0
1,0,1,1,0.9627888226087032,1,1,0,0,0,0,0,0,0,-1.348625184702512,-0.3906355990711742,0,1,0,1,0,0,0
1,0,1,1,1.616476514251552,1,1,0,0,0,0,0,0,0,-1.3287168887766867,-0.18897927218223037,0,1,0,1,1,0,0
0,0,1,0,-1.2842626174135892,1,0,0,0,0,0,0,0,1,0.15279213303680939,-0.9789635738855088,0,0,1,0,0,0,1
1,0,1,0,-1.2842626174135892,1,0,0,0,0,1,1,0,1,0.6637717284663239,-0.9721659216274597,0,0,1,0,0,1,0
0,0,1,0,-0.26287559922163806,1,1,1,1,1,1,1,1,1,0.8396283424777802,0.011176274338053396,1,0,0,0,1,0,0
0,0,0,0,-0.7939968486814527,0,0,0,0,1,0,1,1,0,-0.5191128544597932,-0.7229480992317112,0,0,0,0,0,1,0
0,0,0,1,-0.7122858872260965,1,0,1,1,1,1,0,0,0,0.026706258839915738,-0.5637770989555744,1,0,0,0,1,0,0
1,1,0,0,1.45305459134084,1,1,0,1,1,0,0,1,1,1.0320752030940914,1.8609542896103584,0,0,1,0,0,1,0
0,1,1,0,-0.22202011849396003,1,0,1,0,1,0,1,1,1,1.209590841766033,0.20623358166480008,0,0,1,0,0,1,0
0,1,1,0,-1.120840694502877,1,0,0,0,0,0,0,0,1,0.15113310837632357,-0.8588128631945371,0,0,1,0,0,1,0
0,0,1,0,1.2896326684301276,1,1,0,0,0,0,0,0,0,-1.3204217654742594,-0.31005693545384533,0,1,0,1,1,0,0
0,0,0,0,-0.6714304064984186,1,1,0,0,1,0,0,1,1,0.01343406155603252,-0.549056209162981,0,0,0,0,1,0,0
0,0,0,0,-1.2434071366859112,1,0,0,0,0,0,1,0,1,0.4928921884363241,-0.9421944548533343,0,0,1,0,0,0,1
0,0,0,0,0.7993668996979911,0,0,1,1,0,1,0,0,0,-0.852576811217366,-0.134686335315994,0,1,0,0,0,0,1
0,0,0,0,-0.7122858872260965,1,1,0,0,0,0,0,0,0,-1.318762740813774,-0.8466741984480207,0,1,0,1,0,0,0
0,0,1,1,0.3499566116935326,1,1,0,1,1,1,1,1,1,1.4700577134622466,0.9565354847967401,1,0,1,0,0,0,0
1,1,0,0,-0.5080084835877063,1,0,0,0,0,0,0,0,0,0.21583507013525574,-0.3963959472508846,0,0,1,0,1,0,0
0,0,1,0,-0.017742714855569806,1,0,0,0,0,0,0,0,0,-1.5095505767695994,-0.7477551159136827,1,0,0,1,0,0,1
1,0,0,0,-1.2842626174135892,1,1,0,0,0,0,0,0,1,-0.4759782132871716,-0.9873282174108357,0,0,0,0,0,1,0
0,0,1,1,1.616476514251552,1,1,1,0,1,1,1,1,1,0.6140009886517608,1.6576868308550585,0,1,0,0,0,0,0
0,0,1,1,0.06396824659978628,1,0,1,1,1,1,1,1,0,0.6621127038058385,0.2437530908813049,0,1,0,0,0,0,1
1,0,0,1,0.47252305387656673,1,0,0,0,0,0,0,0,0,-1.5012554534671723,-0.6476663075037713,0,1,0,1,0,0,0
1,0,0,0,1.616476514251552,1,0,1,1,1,1,1,0,1,0.3419209443321489,1.3458997092659037,0,1,0,0,0,0,0
1,0,1,1,-0.9982742523198429,1,0,0,0,1,0,1,1,1,0.9939176359029261,-0.6743272293470289,0,0,1,0,0,1,0
1,0,1,0,-1.0391297330475209,0,0,1,1,0,0,0,0,0,-1.015161227944939,-0.8963323724110419,0,0,0,0,0,0,1
1,0,1,1,1.0853552647917375,1,0,0,0,0,0,0,0,0,-1.4913013055042594,-0.48509648109860987,0,1,0,1,0,0,1
0,0,0,0,-1.2025516559582332,1,1,0,0,0,0,1,1,1,1.0553015483408872,-0.8807507409364227,0,0,1,0,0,1,0
0,0,0,0,0.3499566116935326,1,0,0,1,0,1,1,1,1,1.1282986334022465,0.7379953787603691,0,1,1,0,0,0,0
0,0,1,0,1.1670662262470934,1,1,0,0,0,0,0,0,0,-1.310467617511347,-0.3232549745782393,0,1,0,1,0,0,0
1,0,1,0,-0.14030915703860394,1,1,0,1,0,0,0,0,1,0.5094824350411785,-0.009702229025954662,0,0,1,0,0,0,0
0,0,1,1,0.6359449767872789,1,0,0,0,0,0,0,0,0,-1.5012554534671723,-0.6196811676881666,0,1,0,1,0,0,1
1,0,0,0,-1.2842626174135892,1,0,0,0,0,0,0,0,0,-1.481347157541347,-1.0007028189315426,0,0,0,1,0,0,1
1,0,1,1,1.2896326684301276,1,1,0,0,0,0,0,0,1,-1.3270578641162014,-0.3409332845090749,0,1,0,1,0,0,1
1,0,1,0,1.0444997840640593,1,0,0,0,0,0,0,0,0,-1.4614388616155216,-0.4861117148774094,0,1,0,1,0,0,1
1,0,0,0,-0.14030915703860394,1,1,0,0,0,0,0,1,1,0.6670897777872951,0.10106860436089096,0,0,1,0,0,1,0
1,1,1,0,-1.0391297330475209,1,1,1,1,0,0,0,1,1,0.9922586112424407,-0.7124867772501682,0,0,1,0,1,0,0
1,0,1,0,1.4121991106131617,1,0,1,1,1,1,1,1,1,1.5347596752211787,2.221958179171752,0,1,1,0,0,1,0
1,0,0,0,-1.120840694502877,1,0,0,0,1,0,1,1,1,0.17270042896263443,-0.856252708447999,1,0,0,0,0,0,1
0,0,0,0,-0.22202011849396003,1,0,1,1,0,0,0,0,0,-0.39634502958387063,-0.34808406155974986,0,1,0,0,0,0,0
1,0,1,0,-1.161696175230555,0,0,0,1,0,0,1,1,1,-0.5390211503856184,-0.9208745454985438,0,0,0,0,0,1,0
1,0,0,0,-1.2842626174135892,1,0,0,0,0,0,0,0,0,-1.4846652068623178,-1.0007469595306207,0,0,0,1,0,0,1
0,0,1,1,-1.161696175230555,1,0,0,0,0,0,0,0,1,-1.4879832561832886,-0.9730045930099464,0,0,0,1,0,1,0
1,0,0,1,-1.079985213775199,1,0,0,0,0,0,0,0,0,-1.4979374041462012,-0.9650592851758629,0,0,0,1,0,0,1
1,0,0,1,-1.2842626174135892,0,0,0,1,0,1,0,0,0,-1.0350695238707641,-0.9947659083555193,0,0,0,0,0,0,1
1,0,1,0,0.676800457514957,1,1,1,0,1,1,1,1,0,0.6488405065219549,0.7822242590367665,1,0,0,0,0,1,0
0,0,0,0,-1.2434071366859112,1,0,0,1,0,1,0,0,1,-0.32334794452251153,-0.9642426840929156,0,0,0,0,1,0,0
1,0,1,1,-0.6714304064984186,1,1,1,1,0,1,1,1,0,0.6670897777872951,-0.39240122303430386,0,0,0,0,0,1,0
0,0,0,1,-1.2842626174135892,1,1,0,0,0,0,0,0,0,-1.307149568190376,-0.9983854374799349,0,0,0,1,0,0,1
1,0,0,0,-0.30373107994931614,1,0,0,0,0,0,0,0,0,0.16440530566020725,-0.24625169948624803,0,0,1,0,0,1,0
1,0,1,1,-0.30373107994931614,1,0,0,1,1,0,0,0,0,-0.3698006350161037,-0.41129339943979093,1,0,0,0,0,0,1
0,0,1,0,1.616476514251552,1,1,1,1,1,0,1,1,1,1.5248055272582661,2.412049669102197,0,1,1,0,0,1,0
1,0,0,0,-0.9165632908644868,1,0,0,0,0,0,0,0,0,-1.4863242315228034,-0.9218897792773434,0,0,0,1,1,0,0
1,0,0,0,0.8810778611533472,1,0,1,0,1,1,0,0,0,0.6504995311824406,0.969689383322056,1,0,1,0,0,1,0
1,1,1,1,-1.2842626174135892,1,0,0,0,0,1,0,0,1,-0.5157948051388221,-0.9878579045997744,0,0,0,0,1,0,0
0,0,1,0,1.3713436298854838,1,1,1,1,1,0,0,0,0,0.0698409000125375,0.9194573815710176,0,1,0,0,0,0,0
1,0,0,0,-1.161696175230555,1,1,0,0,0,1,0,1,0,0.025047234179430396,-0.9048956486322206,0,0,0,0,0,0,1
0,0,0,0,-1.0391297330475209,1,0,0,0,0,0,0,0,0,-1.4747110588994052,-0.9431214074339773,0,0,0,1,0,0,1
1,1,1,0,1.493910072068518,0,0,1,1,0,0,1,1,0,-0.2735772047079484,0.7351262398202835,0,1,0,0,1,0,0
0,0,0,0,-0.9982742523198429,1,1,0,0,0,0,1,1,0,1.023780079791664,-0.6661391482180152,0,0,1,0,0,0,0
1,0,1,0,-0.30373107994931614,1,1,0,0,1,0,0,0,0,-0.30675769791765717,-0.38928931079928786,0,0,0,0,1,0,0
1,1,0,0,0.18653468878282042,1,1,0,0,1,0,1,1,1,1.2046137677845765,0.6430489501430728,0,0,1,0,0,1,0
1,0,1,1,-1.2842626174135892,1,0,0,0,0,0,0,0,0,-1.4962783794857157,-1.0009014516273946,0,0,0,1,0,0,1
1,0,1,1,-1.161696175230555,1,1,0,0,0,0,0,0,0,-1.3502842093629972,-0.977330371719614,1,0,0,1,1,0,0
1,0,0,0,-0.9165632908644868,0,0,0,0,0,0,0,1,1,-1.0251153759078515,-0.877859531696798,0,0,0,0,0,0,1
0,0,0,0,-0.7939968486814527,0,0,0,0,1,1,0,0,0,-0.9753446360932885,-0.8107878913974108,0,1,0,0,0,0,1
0,0,1,0,-0.8348523294091307,1,1,1,0,1,0,1,1,0,0.46634779386855674,-0.6225944472273305,1,0,0,0,0,1,0
1,0,1,0,1.1670662262470934,1,1,0,0,0,0,0,0,0,-1.3054905435298905,-0.3304498922279927,0,1,0,1,0,0,0
1,0,1,0,1.3304881491578058,1,1,1,1,1,0,1,0,1,1.1465479046675862,1.7922494471450763,0,1,1,0,0,1,0
1,0,0,0,0.9627888226087032,1,1,1,1,0,1,0,0,1,-0.004815209709307201,0.6083985798666537,1,0,0,0,0,0,0
1,0,0,0,0.758511418970313,1,1,1,1,1,1,1,0,1,0.5426629282508872,0.8117322495205705,1,0,0,0,1,0,0
1,0,1,1,0.4316675731488887,1,1,1,0,1,1,0,0,1,0.8777859096689454,0.7621182161566278,1,0,1,0,1,0,0
0,0,0,0,-1.2842626174135892,1,0,0,0,0,1,0,0,1,-0.49422748455251153,-0.9875709907057658,0,0,0,0,0,1,0
0,0,0,0,-1.2025516559582332,1,0,0,0,0,0,1,0,1,-0.3515513637507638,-0.9476237485399578,0,0,0,0,0,1,0
0,0,0,0,-0.5488639643153844,0,0,0,1,0,0,0,1,1,-0.8326685152915407,-0.6961768258907581,0,0,0,0,0,1,0
1,0,1,0,0.5133785346042448,1,1,0,1,1,0,1,1,1,1.4252640476291398,1.1457000221465419,0,0,1,0,0,0,0
0,1,1,0,1.45305459134084,1,1,0,1,0,0,1,1,1,1.174751323895839,2.0147622070984887,0,0,1,0,0,1,0
0,0,0,0,-1.2842626174135892,1,0,0,0,0,0,0,0,0,-1.469733984917949,-1.0005483268347688,0,0,0,1,0,0,1
0,0,1,1,-0.017742714855569806,1,1,1,0,0,0,1,0,0,0.8230380958729259,0.27127475440658827,0,0,1,0,0,1,0
1,0,1,1,1.0853552647917375,0,0,1,0,1,0,0,0,0,-0.9952529320191138,-0.13548086609940233,1,0,0,0,0,0,1
1,0,1,1,0.5133785346042448,1,0,0,0,0,0,0,0,0,-1.4747110588994052,-0.599442703010793,0,1,0,1,0,0,1
1,1,1,0,-0.34458656067699417,1,1,0,1,1,0,1,1,1,1.3091323213951593,0.06474089131949877,0,0,1,0,0,1,0
1,0,1,1,1.2487771877024496,1,1,1,1,1,1,1,1,1,0.8164019972309845,1.461239094657347,0,1,0,0,1,0,0
1,1,1,0,-0.14030915703860394,1,1,0,0,0,0,0,0,1,-0.43782064609600657,-0.3730897109375734,0,0,0,0,0,1,0
1,0,1,1,0.9219333418810253,1,1,0,0,0,0,0,1,0,0.6869980737131202,1.0709258473080014,0,0,1,0,0,0,0
0,0,0,0,-0.9982742523198429,1,0,1,0,0,0,1,0,0,0.6687488024477805,-0.7145613854068454,0,0,1,0,0,1,0
1,0,0,0,0.06396824659978628,0,0,0,0,0,0,0,0,1,-1.318762740813774,-0.6332102613056474,0,0,0,0,0,0,0
0,0,0,0,-1.2842626174135892,1,0,0,0,0,0,0,0,1,0.18099555226506164,-0.9785883787933438,0,0,1,0,0,1,0
1,0,1,0,-0.9165632908644868,1,0,1,0,0,1,0,0,1,-0.3266659938434822,-0.7585033517892344,0,0,0,0,1,0,0
1,0,1,1,1.575621033523874,1,0,0,1,0,1,1,1,1,0.28385508121515857,1.2656300298421224,0,1,0,0,1,0,0
1,0,0,0,-1.120840694502877,1,0,1,0,0,1,0,0,1,-0.3001215992757153,-0.8917638204064439,0,0,0,0,0,0,1
1,0,1,0,-0.05859819558324785,1,1,0,0,1,1,1,1,1,0.48127901581292576,0.08685533145769746,1,0,0,0,0,0,1
0,0,0,0,-1.2842626174135892,1,0,0,0,1,0,0,0,1,0.3253306977272945,-0.9766682627334404,0,0,1,0,0,0,1
1,0,0,0,-0.5080084835877063,1,1,0,0,1,0,1,0,1,0.7931756519841883,-0.23208256718213263,0,0,1,0,0,1,0
0,0,1,1,-0.5488639643153844,1,0,0,0,0,0,0,0,0,-1.4796881328808613,-0.8408917799687712,0,0,0,1,0,0,1
1,0,1,1,1.616476514251552,1,1,1,1,1,1,1,1,1,1.5861894396962273,2.5775548453460613,0,1,1,0,1,0,0
0,0,1,1,-0.8757078101368088,1,1,0,0,0,0,0,0,0,-1.3204217654742594,-0.8768663682175375,0,1,0,1,0,0,1
1,0,0,0,-1.161696175230555,1,1,0,1,0,0,0,1,1,0.8379693178172949,-0.8471156044388032,0,0,1,0,0,1,0
0,0,1,0,-0.30373107994931614,1,1,0,0,1,1,1,1,1,1.3323586666419556,0.12327132569724625,0,0,1,0,0,0,0
1,1,1,0,0.5133785346042448,1,1,0,0,0,0,0,0,0,-1.330375913437172,-0.4912320243704854,1,0,0,1,1,0,0
0,1,0,0,1.2896326684301276,1,1,1,0,1,1,1,1,1,1.4650806394807905,2.1293732726051418,0,0,1,0,0,0,0
1,0,0,0,-1.161696175230555,1,0,0,0,0,0,0,0,1,-1.4630978862760071,-0.9726293979177814,0,0,0,1,1,0,0
1,0,0,0,0.06396824659978628,1,0,0,0,0,0,0,0,0,-1.4962783794857157,-0.7113832622732122,0,0,0,1,0,0,1
0,0,1,1,0.6359449767872789,1,0,1,1,1,0,0,1,1,0.17601847828360512,0.41985201090394736,0,1,0,0,1,0,0
0,0,1,0,-0.34458656067699417,1,1,0,0,1,0,0,0,1,0.4928921884363241,-0.15825741522377462,0,0,1,0,0,0,1
1,1,1,0,-0.9982742523198429,1,0,1,0,0,0,1,0,0,-0.12924205924571527,-0.7659631130334571,0,0,0,0,0,0,0
0,0,0,1,1.4121991106131617,1,1,0,1,0,1,1,1,1,1.300837198092732,2.097481689771113,0,1,1,0,0,1,0
1,0,1,0,-0.7531413679537746,1,1,0,0,0,1,1,0,1,0.05988675204962449,-0.5772399816744379,0,0,0,0,1,0,0
0,1,0,0,-0.9165632908644868,0,0,0,0,0,1,0,0,1,-1.1661324720491137,-0.8809714439318139,0,0,0,0,0,1,0
1,0,1,1,0.3908120924212107,1,1,1,0,0,0,1,1,0,1.0718917949457414,0.7634203638294359,1,0,1,0,0,1,0
0,0,1,1,-0.7122858872260965,1,0,0,0,0,0,0,0,0,-1.4846652068623178,-0.8841054264663691,0,0,0,1,0,0,1
0,0,0,0,-1.2434071366859112,1,0,0,0,0,0,0,0,1,-0.628608482051832,-0.9629846770191857,0,0,0,0,0,0,1
0,0,1,1,0.5133785346042448,1,1,1,1,0,0,1,1,1,1.3389947652838974,1.0786504521466935,0,0,1,0,0,1,0
0,0,0,1,-1.161696175230555,1,1,0,1,1,0,0,0,0,0.6388863585590423,-0.8623661814203354,0,0,1,0,0,0,0
0,0,1,1,1.4121991106131617,1,1,1,0,1,1,1,1,1,1.4584445408388487,2.1491924015912716,0,1,1,0,1,0,0
1,0,0,0,-0.8348523294091307,1,0,1,0,0,1,0,0,0,-0.2702591553869775,-0.7205424365819472,0,0,0,0,0,0,1
1,0,1,0,1.1262107455194155,1,1,0,1,1,0,1,0,1,1.0270981291126349,1.5253533148184921,0,0,1,0,0,1,0
1,0,0,1,-1.2842626174135892,1,0,1,0,0,0,0,0,0,-0.47100113930571536,-0.9872620065122183,0,0,0,0,0,0,1
0,1,0,0,-1.2842626174135892,1,0,0,0,0,0,0,0,1,0.1926087248884595,-0.97843388669657,0,0,1,0,0,0,1
0,0,0,0,-1.2842626174135892,1,0,0,0,0,0,0,0,0,-1.4896422808437741,-1.0008131704292382,0,0,0,1,0,0,1
1,0,1,1,-0.9982742523198429,1,0,0,0,0,0,0,0,1,-0.7082416657551329,-0.8570913798304856,1,0,0,0,0,0,1
1,1,0,0,-1.120840694502877,1,1,0,1,0,0,0,1,1,0.8296741945148677,-0.787746498678569,0,0,1,0,0,1,0
1,0,1,0,-1.2842626174135892,1,0,0,0,0,0,0,0,1,0.1444970097343822,-0.9790739253832045,0,0,1,0,0,1,0
0,0,1,1,1.0444997840640593,1,0,0,0,0,0,0,0,0,-1.469733984917949,-0.48370605222764523,0,1,0,1,1,0,0
1,0,1,0,1.616476514251552,1,1,1,1,0,1,1,1,1,1.4650806394807905,2.466475027765668,0,1,1,0,1,0,0
0,0,1,1,-0.3854420414046722,1,1,0,0,0,0,0,0,0,-1.3171037161532886,-0.7396994565819037,0,1,0,1,0,0,1
1,0,0,0,-1.120840694502877,1,0,0,0,1,0,1,1,0,1.0519834990199164,-0.7921826288859323,0,0,1,0,0,0,0
1,0,1,0,1.5347655527961959,0,0,1,0,1,1,0,0,1,-0.8509177865568807,0.17899883203352546,0,1,0,0,1,0,0
0,0,1,1,-0.8348523294091307,1,1,0,1,1,0,0,0,1,0.6538175805034113,-0.6048719966974166,0,0,1,0,0,1,0
0,0,0,0,-1.0391297330475209,1,0,0,0,0,0,0,0,1,0.16938237964166375,-0.7900859504297159,0,0,1,0,0,0,1
1,0,0,0,-1.2842626174135892,1,0,0,0,0,0,0,0,1,-0.6352445806937738,-0.9894469661665911,0,0,0,0,0,1,0
1,0,1,1,0.47252305387656673,0,0,0,0,1,1,1,1,1,-0.3482333144297931,0.013184671596113239,1,0,0,0,0,1,0
1,0,1,1,0.5542340153319228,1,0,1,0,1,1,1,1,0,0.5376858542694307,0.6882047830001132,0,1,0,0,0,0,1
1,0,0,0,-0.5080084835877063,1,0,0,0,0,0,0,0,1,-1.4995964288066868,-0.8523904060286529,0,0,0,1,1,0,0
1,1,1,1,-0.017742714855569806,1,0,0,1,0,0,1,1,1,0.9673732413351592,0.2534640226785179,0,0,1,0,0,0,1
1,0,0,0,-1.2842626174135892,1,0,0,0,0,0,0,0,0,-1.4763700835598907,-1.0006366080329252,0,0,0,1,0,0,1
0,0,0,0,1.4121991106131617,1,1,1,0,1,1,1,1,1,0.678702950410693,1.512684962883037,0,1,0,0,0,0,1
0,1,0,0,-0.14030915703860394,1,1,0,0,0,1,1,1,0,1.1233215594207904,0.2540378504665351,0,0,1,0,0,1,0
0,0,1,1,1.616476514251552,1,1,0,0,0,0,0,0,1,-1.3768286039307644,-0.29312901570733985,1,0,0,1,0,0,0
1,1,1,0,-0.8348523294091307,1,1,0,1,0,0,1,1,1,1.2129088910870036,-0.47172187957790285,0,0,1,0,0,1,0
1,0,1,1,-0.22202011849396003,1,1,0,0,0,1,1,1,0,0.22578921809816827,-0.14572148508555424,0,0,0,0,0,0,0
1,0,1,1,0.9627888226087032,1,1,1,1,1,1,1,1,0,1.6940260426277807,1.8895132572139801,0,1,1,0,0,0,1
0,0,0,1,1.2079217069747716,1,1,0,0,1,0,1,1,1,1.1730922992353536,1.8214263831357933,1,0,1,0,0,1,0
1,0,0,0,-0.8757078101368088,0,0,0,1,1,0,0,0,0,-0.9985709813400845,-0.840295881881215,0,0,0,0,0,0,1
1,1,0,0,-0.0994536763109259,1,0,1,1,0,0,1,1,1,0.33030777170875103,-0.07765668130690655,0,0,0,0,0,1,0
0,0,0,0,0.30910113096585456,1,0,0,0,0,0,0,0,0,-1.4979374041462012,-0.6431198257987125,0,1,0,1,1,0,0
1,1,1,0,0.22739016951049848,0,0,0,0,0,0,0,0,1,-1.3253988394557157,-0.5877233739555201,0,0,0,0,0,1,0
0,0,0,0,-0.181164637766282,0,0,0,0,1,0,0,0,1,-1.162814422728143,-0.6605774327341568,0,0,0,0,0,0,1
0,0,0,0,-1.2842626174135892,1,0,0,0,1,0,1,1,0,0.9823044632795283,-0.9679284241159486,0,0,1,0,0,1,0
0,0,0,0,-0.8348523294091307,1,0,0,0,0,0,0,0,1,-0.6568119012800844,-0.7781459183790517,0,0,0,0,0,0,0
0,0,1,1,-0.34458656067699417,1,1,1,1,0,0,1,1,0,0.45141657192418816,-0.20076481213612063,1,0,0,0,0,1,0
1,1,0,0,1.616476514251552,1,1,0,0,0,0,0,0,1,-1.3171037161532886,-0.21952456674437304,0,1,0,1,1,0,0
1,0,0,0,-1.2025516559582332,1,0,1,0,0,1,0,0,1,0.580820495442052,-0.9149597052220595,0,0,1,0,0,0,1
0,0,1,1,1.616476514251552,1,1,1,1,1,1,1,1,1,1.6824128700043828,2.7093145335946103,0,1,1,0,0,1,0
1,0,0,0,-1.161696175230555,1,1,0,0,0,0,0,0,0,-1.3121266421718323,-0.9646178791850806,0,0,0,1,0,0,1
0,0,0,0,-1.2025516559582332,1,1,0,0,0,0,0,0,0,0.37510143754185765,-0.8958909664202594,0,0,1,0,0,1,0
0,1,1,0,-1.2842626174135892,1,0,1,0,0,0,0,0,1,-0.5058406571759096,-0.9877254828025397,0,0,0,0,0,1,0
1,0,0,0,0.4316675731488887,1,1,0,1,0,0,0,0,1,0.43316730065884795,0.4761092044291654,0,0,1,0,0,1,0
0,0,0,0,-0.9165632908644868,0,0,1,1,1,0,0,0,0,-0.7994880220818319,-0.8112734379872715,0,0,0,0,0,0,0
0,1,0,0,-1.2434071366859112,1,0,0,0,0,0,0,0,1,-0.6800382465268806,-0.9701795946689389,0,0,0,0,0,1,0
1,0,1,0,-0.7122858872260965,1,0,0,0,0,0,0,0,0,-1.5261408233744538,-0.8794044526645364,1,0,0,1,0,0,1
0,1,1,0,-1.2025516559582332,1,0,0,1,0,0,0,0,1,0.3253306977272945,-0.904079047549273,0,0,1,0,0,0,0
0,0,0,0,1.3304881491578058,0,0,1,0,1,1,1,1,0,-0.16076352779493844,0.7211998808110983,0,1,0,0,1,0,0
1,0,0,0,-0.22202011849396003,1,0,0,0,0,0,0,0,0,-1.4830061822018323,-0.7612621392316246,1,0,0,1,0,0,0
1,1,0,0,-1.2842626174135892,1,1,0,0,0,0,0,0,1,0.31869459908535314,-0.9767565439315968,0,0,1,0,0,1,0
1,0,0,0,0.10482372732746434,1,0,0,0,0,0,0,0,0,-1.466415935596978,-0.6767770325958713,1,0,0,1,0,0,0
1,0,0,0,-1.2434071366859112,1,0,0,0,0,0,0,0,1,-0.6037231121445503,-0.9707975630560343,0,0,0,0,0,0,0
0,0,0,0,1.1262107455194155,1,0,0,1,1,0,1,1,1,1.1565020526304992,1.6128179118920267,0,1,1,0,0,1,0
0,0,0,1,0.676800457514957,1,0,0,0,0,0,0,0,0,-1.504573502788143,-0.6029298103379741,1,0,0,1,1,0,0
1,0,0,0,-1.2025516559582332,0,0,1,1,0,0,0,0,1,-0.9736856114328029,-0.9624329195307078,0,0,0,0,0,0,1
0,0,1,1,-0.34458656067699417,1,0,0,0,0,0,0,0,0,-1.4896422808437741,-0.7741070535633926,1,0,0,1,0,0,1
1,0,1,1,1.2079217069747716,1,1,0,0,1,0,1,0,1,0.8064478492680714,1.3791375803718189,0,1,1,0,1,0,0
0,0,1,1,-0.30373107994931614,1,1,0,0,1,0,0,1,1,0.8064478492680714,0.035828798923250936,0,0,1,0,0,1,0
0,0,1,1,-0.9165632908644868,1,0,0,0,0,0,1,1,1,0.7981527259656442,-0.5993323515130975,0,0,1,0,0,1,0
1,0,1,1,1.4121991106131617,1,0,1,1,0,0,0,0,1,-0.3515513637507638,0.6846073241752365,0,1,0,0,0,0,0
1,1,0,0,-1.0391297330475209,1,1,0,0,0,0,1,0,1,0.6637717284663239,-0.7681701429873692,0,0,1,0,0,1,0
1,0,1,1,-0.34458656067699417,1,1,1,0,0,1,1,1,0,0.5376858542694307,-0.16039823427906935,0,0,0,0,0,0,0
1,1,1,0,1.616476514251552,1,1,1,1,1,1,1,1,1,1.7006621412697225,2.7003760622812667,0,1,1,0,0,0,0
1,0,0,0,0.8402223804256691,1,1,0,1,1,1,0,1,1,0.3021043524804988,0.7375981133686649,0,1,0,0,0,0,0
1,1,1,0,-1.2434071366859112,1,1,0,0,0,0,1,0,1,0.7317917395462268,-0.9405833229869784,0,0,1,0,0,0,1
0,0,0,0,-1.120840694502877,1,1,0,0,0,0,0,0,0,0.35685216627651795,-0.8270095615586643,0,0,1,0,0,1,0
0,0,1,0,0.7993668996979911,0,0,1,0,1,0,0,0,0,-0.9736856114328029,-0.14490488400260673,1,0,0,0,0,0,1
0,0,1,1,1.616476514251552,1,0,1,1,1,1,0,1,1,0.31703557442486735,1.302222586477984,0,1,0,0,0,1,0
1,0,1,1,1.5347655527961959,1,1,1,1,1,1,1,0,1,0.4796199911524404,1.5204757786203469,0,1,0,0,0,0,0
1,0,0,0,-0.9574187715921648,1,0,0,0,0,0,0,0,1,-1.481347157541347,-0.9373389889547278,1,0,0,1,0,0,1
0,0,0,0,-1.2434071366859112,1,0,0,0,0,0,0,0,0,-1.5029144781276575,-0.9974364145997526,0,0,0,1,0,0,1
0,0,0,0,-0.181164637766282,1,0,1,1,0,1,0,0,1,-0.16242255245542403,-0.27920265669815486,1,0,0,0,0,1,0
1,0,1,0,1.616476514251552,1,1,0,1,1,1,1,1,0,0.7019292956574892,1.7058883650484977,0,1,0,0,0,0,0
1,0,1,0,0.3908120924212107,0,0,1,0,0,0,1,0,1,-0.8177372933471719,-0.29184893833407094,0,0,0,0,0,0,0
0,0,1,0,-0.8757078101368088,1,1,0,1,0,0,1,1,1,1.2344762116733146,-0.5040327981031753,0,0,1,0,0,1,0
0,0,1,1,1.1670662262470934,1,0,1,0,0,0,0,0,1,-0.5008635831944531,0.29758255145721985,1,0,0,0,0,0,0
1,0,1,1,1.2487771877024496,1,1,1,0,1,1,0,1,0,0.3618292402579744,1.054726247446287,0,1,0,0,0,0,1
1,0,0,0,-1.2842626174135892,1,0,0,0,0,0,0,0,1,-0.628608482051832,-0.9893586849684347,0,0,0,0,0,0,1
1,0,1,1,-0.3854420414046722,1,1,0,0,0,0,0,0,1,-0.5456572490275601,-0.5385507465823597,1,0,0,0,1,0,0
0,0,1,0,1.1670662262470934,1,0,0,0,0,0,0,0,0,-1.478029108220376,-0.4451271686332627,0,1,0,1,1,0,0
1,0,0,0,-1.0391297330475209,1,0,0,0,0,0,0,0,0,-1.5029144781276575,-0.9528323392311903,1,0,0,1,0,0,1
1,0,0,0,-0.7531413679537746,1,0,0,0,0,0,0,0,0,-1.4730520342389197,-0.8879015179870978,1,0,0,1,0,0,0
0,1,1,1,-0.3854420414046722,1,0,0,1,1,0,0,1,1,0.7848805286817611,-0.06915961598434517,0,0,1,0,0,0,0
0,0,1,0,-0.9574187715921648,1,1,1,1,1,0,0,0,0,0.8943761562737998,-0.6274278428263979,0,0,1,0,0,0,0
0,1,1,0,-0.8757078101368088,1,1,0,0,1,0,1,1,1,1.153184003309528,-0.5102786928727463,0,0,1,0,0,1,0
0,0,0,0,0.6359449767872789,1,0,0,1,0,0,0,0,0,0.3435799689926347,0.6556731614794497,1,0,1,0,0,1,0
1,0,1,0,1.2487771877024496,1,0,0,0,0,0,0,0,1,-1.4879832561832886,-0.46454903222768873,0,1,0,1,0,0,0
0,0,0,0,-1.079985213775199,1,0,0,0,1,1,1,1,1,1.1664562005934118,-0.7678611587938214,0,0,1,0,0,0,1
0,0,0,0,-1.120840694502877,0,0,0,1,0,0,1,1,1,-0.45938796668231724,-0.9083386153603233,0,0,0,0,1,0,0
1,0,1,0,1.5347655527961959,1,1,1,1,0,1,0,0,1,0.769949306737392,1.632857743873548,0,1,1,0,1,0,0
1,0,0,0,-0.9982742523198429,1,0,0,0,0,0,1,1,1,0.04827357942622662,-0.7683908459827603,0,0,0,0,0,1,0
0,0,1,1,0.5542340153319228,1,1,0,0,0,0,0,0,0,-1.3220807901347449,-0.4949619049925967,1,0,0,1,0,0,1
1,0,0,1,-1.079985213775199,1,0,0,0,0,0,0,0,0,-1.5012554534671723,-0.9528323392311903,0,0,0,1,0,0,1
0,0,1,1,1.45305459134084,1,1,0,1,1,0,0,0,1,0.6504995311824406,1.5270527278830046,0,1,1,0,1,0,0
1,0,1,1,-0.05859819558324785,1,0,0,0,0,0,0,0,1,-1.4647569109364926,-0.6997080738170175,0,0,0,1,0,1,0
0,0,1,1,-0.3854420414046722,1,0,0,0,0,0,0,0,0,-1.4846652068623178,-0.8263695228720299,1,0,0,1,0,0,1
0,0,0,0,-1.079985213775199,1,0,0,0,1,0,0,1,0,0.6339092845775863,-0.7899755989320202,0,0,1,0,0,1,0
1,0,0,0,-1.2842626174135892,1,0,0,1,0,0,0,0,1,-0.46602406532425905,-0.9871957956136008,0,0,0,0,0,1,0
1,0,0,0,-1.2434071366859112,1,1,0,1,0,0,0,0,1,0.4862560897943823,-0.9455270700837414,0,0,1,0,0,1,0
1,1,1,0,0.4316675731488887,1,1,0,1,0,1,1,0,1,0.978986413958557,0.7353469428156746,0,0,1,0,0,1,0
1,0,1,1,0.5542340153319228,1,0,0,0,0,0,0,0,0,-1.4946193548252305,-0.6315329185406743,0,1,0,1,1,0,0
1,0,1,0,0.676800457514957,1,0,0,0,1,1,1,1,1,1.1432298553466156,1.1624734497962734,1,0,1,0,1,0,0
1,0,0,0,0.758511418970313,1,1,1,1,0,0,1,0,1,0.9955766605634114,1.125748471363177,1,0,1,0,0,1,0
1,0,1,1,-0.181164637766282,1,0,0,1,1,1,1,0,0,0.9325337234649651,0.2123691249366756,1,0,1,0,0,0,0
1,0,1,0,1.3304881491578058,1,1,0,1,0,0,1,0,1,0.8976942055947705,1.6127296306938703,0,0,1,0,0,0,0
1,0,0,0,0.758511418970313,1,1,0,0,0,0,0,1,0,0.6173190379727319,0.8219949388062615,0,0,1,0,0,0,0
1,0,0,0,-1.2842626174135892,1,0,0,0,0,0,0,0,0,-1.4647569109364926,-1.0004821159361514,0,0,0,1,0,1,0
1,0,0,1,-1.2842626174135892,1,0,0,1,0,0,0,0,1,0.3502160676345761,-0.9763372082403536,0,0,1,0,0,1,0
0,0,1,0,-0.34458656067699417,1,0,0,0,0,0,0,0,0,-1.4730520342389197,-0.7964863372960608,1,0,0,1,1,0,0
0,0,1,0,0.6359449767872789,0,0,0,1,1,0,0,0,0,-0.9985709813400845,-0.30136123743543186,1,0,0,0,0,0,1
1,1,1,0,-1.2842626174135892,1,1,1,0,0,0,0,0,1,0.5144595090226345,-0.9741522485859806,0,0,1,0,0,1,0
0,0,0,0,-1.2434071366859112,1,1,0,1,0,0,0,0,0,-0.35321038841124935,-0.9647282306827761,0,0,0,0,0,0,1
1,0,0,0,-0.22202011849396003,1,0,1,1,0,0,0,0,0,-0.31007574723862785,-0.35735358736618045,1,0,0,0,0,0,0
1,0,0,1,-1.2842626174135892,1,0,0,0,0,1,0,0,1,-0.49422748455251153,-0.9875709907057658,0,0,0,0,0,0,1
0,0,1,1,1.5347655527961959,0,0,0,1,1,1,1,1,1,-0.21219329226998715,0.8059719013408599,1,0,0,0,0,0,0
1,0,0,0,0.10482372732746434,1,1,0,0,0,0,0,0,0,0.3502160676345761,0.15397111235616293,0,0,1,0,1,0,0
1,0,0,0,1.4121991106131617,0,0,1,0,1,1,1,0,1,-0.5124767558178512,0.45646663783934815,1,0,0,0,0,0,0
1,0,0,0,-1.2434071366859112,1,0,0,0,0,0,0,0,0,-0.628608482051832,-0.973843264392433,0,0,0,0,0,0,1
0,0,1,1,-0.7122858872260965,1,0,0,0,0,0,0,0,0,-1.4680749602574634,-0.878963046673754,1,0,0,1,0,0,1
0,0,0,0,-1.2842626174135892,1,0,0,0,0,0,0,0,0,-1.5012554534671723,-1.000967662526012,0,0,0,1,0,0,1
1,0,1,1,1.2079217069747716,1,1,0,0,0,0,0,0,0,-1.3270578641162014,-0.3579715557532759,1,0,0,1,0,0,0
0,0,1,1,0.14567920805514237,1,0,0,0,0,0,0,0,0,-1.478029108220376,-0.6926897185635771,0,1,0,1,0,0,0
1,0,0,0,-1.2842626174135892,1,0,0,0,0,0,0,0,1,-1.4830061822018323,-1.0007248892310818,0,0,0,1,0,0,1
1,0,1,0,1.616476514251552,1,1,0,1,1,0,1,1,1,1.327381592660499,2.2877497420978705,0,1,1,0,0,0,0
1,0,1,0,1.5347655527961959,1,1,1,1,1,1,1,0,0,0.48459706513389694,1.4308924327910564,1,0,0,0,0,0,0
1,0,0,0,-1.2842626174135892,1,0,1,0,0,1,0,0,1,-0.35984648705319094,-0.9857832964430973,0,0,0,0,0,1,0
1,0,1,0,-0.34458656067699417,1,1,1,0,0,1,0,0,1,-0.2138523169304725,-0.4150674206609805,1,0,0,0,0,1,0
1,1,0,0,0.5133785346042448,1,0,1,0,1,0,0,1,0,-0.06951717146823937,0.2225876736232884,1,0,0,0,1,0,0
1,0,0,0,-0.14030915703860394,1,0,0,0,0,0,0,0,1,-1.4929603301647452,-0.7570246417201133,1,0,0,1,0,0,1
0,0,1,1,0.02311276587210824,1,1,0,1,1,1,0,0,0,0.789857602663217,0.26549233592733856,0,0,1,0,1,0,0
0,0,0,0,-1.0391297330475209,1,0,0,0,1,1,1,1,1,1.1813874225377807,-0.6939918662363852,0,0,1,0,0,1,0
0,0,0,0,-1.0391297330475209,1,0,0,0,0,0,1,0,1,0.5144595090226345,-0.777108614300713,0,0,1,0,0,0,1
1,0,1,0,-0.5897194450430624,1,1,0,0,0,0,0,0,1,0.2772189825732172,-0.43314299598352024,0,0,1,0,0,1,0
1,0,0,1,-1.2434071366859112,1,0,0,0,0,0,0,0,0,-1.5112096014300849,-0.9882551699914787,0,0,0,1,0,0,1
1,0,1,1,1.3713436298854838,1,1,0,1,1,0,1,1,0,0.49952828707826546,1.3011411418005672,0,1,0,0,0,0,0
0,0,0,0,-1.2025516559582332,1,0,0,0,0,0,0,0,1,-1.4995964288066868,-0.9832231416965591,0,0,0,1,0,0,1
0,0,1,0,1.616476514251552,1,1,0,0,0,0,0,0,0,-1.2723100503201816,-0.16452538029288485,0,1,0,1,1,0,0
0,0,1,1,1.616476514251552,1,1,1,1,0,1,0,0,0,0.064863826031081,1.0916277882756966,0,1,0,0,1,0,0
0,1,1,0,-0.7939968486814527,0,0,0,0,0,0,1,1,0,-0.6468577533171719,-0.7763361538168437,0,0,0,0,0,1,0
1,0,0,0,-0.34458656067699417,1,0,0,1,1,1,0,0,1,0.7019292956574892,-0.07948851616865359,0,0,1,0,0,1,0
1,0,1,0,1.5347655527961959,1,1,1,0,1,1,0,1,1,0.33196679636923637,1.3368288161553252,0,1,0,0,1,0,0
1,0,1,1,1.575621033523874,1,1,1,0,0,0,1,1,1,1.0752098442667126,2.0406506684578773,0,1,1,0,0,1,0
1,0,1,0,0.9627888226087032,1,1,0,1,1,0,0,0,0,-0.17569474973930746,0.4864381046134738,0,1,0,0,1,0,0
0,0,0,0,-1.079985213775199,1,1,0,0,0,0,1,1,1,0.9541010440512755,-0.7728269761901235,0,0,1,0,0,0,0
0,0,0,0,-1.2842626174135892,1,0,0,0,0,0,0,0,1,-0.6468577533171719,-0.9896014582633649,0,0,0,0,0,1,0
0,0,1,1,-0.4671530028600283,1,0,0,0,0,0,0,0,1,-0.6584709259405698,-0.6007448506836012,0,0,0,0,0,1,0
1,0,1,1,-0.7531413679537746,1,0,1,1,0,0,1,0,1,0.021729184858459708,-0.5957348926882209,0,0,0,0,0,1,0
1,0,1,0,-0.7939968486814527,1,1,1,0,0,0,0,1,1,0.03500138214234293,-0.611338594462379,0,0,0,0,0,1,0
0,0,0,0,-0.8348523294091307,1,1,0,0,0,0,1,1,1,0.9756683646375863,-0.5478423426883294,0,0,1,0,0,1,0
1,0,1,0,1.3304881491578058,1,1,0,1,0,0,0,1,1,0.8578776137431204,1.6083817816846635,0,0,1,0,0,1,0
1,0,0,0,-0.0994536763109259,1,0,1,1,1,0,0,0,1,0.6471814818614695,0.06681549947617602,0,0,1,0,1,0,0
0,0,0,0,-1.2434071366859112,0,0,0,0,0,0,0,0,0,-1.3370120120791138,-0.9891159116735043,0,0,0,0,0,1,0
0,0,1,1,-0.8348523294091307,1,0,0,0,0,0,0,0,1,-1.4830061822018323,-0.9070143973879761,0,0,0,1,1,0,0
1,0,1,0,0.9627888226087032,1,1,0,1,0,1,1,1,1,1.4086738010242856,1.6535376145417042,1,0,1,0,0,1,0
0,1,0,0,1.4121991106131617,1,0,1,1,0,1,1,0,1,0.9176025015205961,1.7010108288503523,0,1,1,0,0,0,0
1,0,1,1,-1.161696175230555,1,1,0,0,0,0,0,0,1,-0.4610469913428028,-0.9100159581252966,0,0,0,0,0,1,0
0,1,1,0,1.3304881491578058,1,0,1,1,1,0,0,1,0,0.9823044632795283,1.6945221607858507,0,0,1,0,0,1,0
1,0,1,0,1.1262107455194155,1,1,0,0,1,0,1,1,0,1.2062727924450622,1.668589558827384,0,1,1,0,1,0,0
0,0,1,0,0.18653468878282042,1,1,0,0,1,0,1,1,1,1.1515249786490427,0.650972187677617,0,0,1,0,0,1,0
1,0,0,0,1.616476514251552,1,0,0,0,0,0,0,0,1,-1.4929603301647452,-0.36128210068414396,0,1,0,1,1,0,0
0,0,1,1,0.7993668996979911,1,0,1,0,1,0,1,1,0,1.1780693732168095,1.305334498713,1,0,1,0,0,1,0
1,1,0,0,-0.7939968486814527,1,1,0,1,1,0,1,1,1,1.3970606284008877,-0.4073869564213667,0,0,1,0,0,1,0
0,1,0,0,0.9627888226087032,1,1,1,1,0,0,0,1,1,1.0635966716433143,1.2943876301415962,0,0,1,0,0,1,0
0,0,0,0,0.758511418970313,1,0,0,0,0,0,0,0,0,-1.4647569109364926,-0.5590319845546635,0,1,0,1,0,0,0
1,0,1,1,-1.0391297330475209,0,0,1,1,1,0,1,1,0,-0.19726207032561813,-0.8040343797384399,0,0,0,0,0,0,1
0,1,0,0,-0.6305749257707405,1,1,0,0,0,0,1,1,1,0.9756683646375863,-0.299750105569076,0,0,1,0,0,1,0
1,0,0,0,-0.5897194450430624,1,0,0,0,0,0,0,0,0,-1.4846652068623178,-0.8380667816277638,0,1,0,1,1,0,0
1,0,1,0,0.7176559382426351,1,1,0,0,0,1,1,1,0,1.148206929328072,1.223806812215489,1,0,1,0,0,1,0
0,1,0,0,-0.017742714855569806,1,0,0,1,0,1,0,0,0,-0.336620141806395,-0.20178004591492027,0,0,0,0,0,0,0
0,0,0,0,-1.2842626174135892,1,0,0,1,0,0,0,0,1,0.3286487470482657,-0.9766241221343622,0,0,1,0,0,1,0
1,0,1,0,0.5542340153319228,1,1,0,1,1,0,1,0,1,0.9905995865819555,0.8939661856033335,1,0,1,0,0,1,0
1,0,1,1,-0.6714304064984186,1,0,0,0,0,0,0,0,0,-1.4946193548252305,-0.8712605121346009,0,0,0,1,0,1,0
0,0,0,0,-1.2842626174135892,1,0,0,0,0,0,0,0,1,0.19924482353040135,-0.9783456054984134,0,0,1,0,0,0,1
0,0,1,0,0.758511418970313,1,1,0,0,1,0,1,1,1,1.1299576580627317,1.174281060049703,1,0,1,0,0,1,0
0,0,0,0,-0.30373107994931614,1,1,0,1,1,1,1,1,0,1.4634216148203052,0.23033434876151979,0,1,1,0,0,1,0
1,0,0,0,-0.9982742523198429,1,0,0,0,0,0,0,0,0,-0.7049236164341622,-0.8615495803373879,0,0,0,0,0,0,1
0,0,1,0,0.02311276587210824,1,0,0,1,0,1,0,0,1,-0.3664825856951328,-0.1897738029656387,1,0,0,0,1,0,0
1,0,0,0,0.8810778611533472,1,0,1,1,0,0,1,0,1,0.016752110877003207,0.5410179553737188,0,1,0,0,0,0,0
0,0,1,1,-0.5897194450430624,1,1,0,0,0,0,0,0,0,-1.3171037161532886,-0.8204767528950847,0,1,0,1,0,0,1
0,0,1,1,-0.22202011849396003,1,0,0,0,0,0,0,0,1,-1.4680749602574634,-0.7521250352224286,1,0,0,1,0,0,1
1,0,1,1,1.45305459134084,1,1,0,1,0,0,1,1,1,1.2029547431240912,1.9789421109464964,1,0,1,0,1,0,0
0,0,1,1,1.0853552647917375,1,1,0,0,0,0,0,0,0,-1.3054905435298905,-0.3324582894860526,0,1,0,1,0,0,1
0,1,1,0,0.9627888226087032,1,1,0,0,0,1,0,0,1,0.3999868074491392,0.87774451544208,0,0,1,0,0,0,0
1,1,0,0,1.616476514251552,1,1,0,0,0,0,0,0,0,-1.307149568190376,-0.21093922022365527,0,1,0,1,0,0,0
0,1,0,0,0.8810778611533472,1,1,0,1,0,1,1,0,0,0.24237946470302263,0.705728600834175,1,0,0,0,0,0,1
0,0,0,0,0.5950894960596009,1,0,0,0,0,0,0,0,1,-1.4680749602574634,-0.5921595041628833,0,1,0,1,0,0,1
1,0,0,1,0.7176559382426351,0,0,1,1,0,0,1,0,1,-0.7215138630390165,-0.03495065169870842,1,0,0,0,0,0,0
1,0,1,0,1.575621033523874,1,1,0,1,0,1,1,1,1,1.3058142720741885,2.2414903942638738,0,1,1,0,1,0,0
0,0,0,0,-1.2842626174135892,1,0,0,0,0,0,0,0,0,-0.6651070245825116,-0.9898442315582953,0,0,0,0,0,0,1
0,0,0,0,-1.2025516559582332,1,1,0,0,0,0,0,0,1,0.3551931416160326,-0.9122229880792087,0,0,1,0,0,1,0
0,0,0,0,-0.4671530028600283,0,0,1,0,0,1,0,0,0,-0.985298784056201,-0.6695379743470397,0,1,0,0,0,0,1
1,0,1,1,1.3713436298854838,0,0,0,0,0,1,1,1,0,-0.4726601639662009,0.47553537664114837,0,1,0,0,0,0,0
0,0,0,1,0.6359449767872789,1,0,0,1,1,1,1,0,1,1.0188030058102078,1.0331635647965665,0,1,1,0,0,0,1
1,1,1,0,0.5950894960596009,1,1,0,0,1,0,1,1,1,1.1697742499143824,1.1405135017548484,0,0,1,0,0,1,0
1,0,1,1,1.1262107455194155,1,1,0,0,0,0,0,0,0,-1.3552612833444535,-0.34466316513118617,1,0,0,1,1,0,0
1,0,0,0,0.18653468878282042,1,1,1,1,1,1,1,1,1,0.8562185890826346,0.4729310812955321,1,0,0,0,0,0,0
1,0,0,1,-0.5897194450430624,1,1,0,0,1,0,0,0,1,0.5227546323250617,-0.3886934127117316,0,0,1,0,1,0,0
1,0,1,1,1.616476514251552,1,1,1,1,1,1,1,1,0,0.831333219175353,1.887306227260068,0,1,0,0,1,0,0
0,0,1,0,-1.079985213775199,1,1,0,1,0,0,0,1,1,0.8611956630640911,-0.7834869308675187,0,0,1,0,0,1,0
1,1,1,0,0.02311276587210824,1,0,1,1,0,1,0,1,1,0.9541010440512755,0.3391188551898446,1,0,1,0,0,1,0
1,0,0,0,0.10482372732746434,1,1,1,1,1,1,0,0,1,1.0602786223223437,0.4926839993830449,0,0,1,0,0,0,1
0,0,0,0,0.18653468878282042,1,1,1,1,1,1,1,0,1,0.4680068185290425,0.3044464146138862,0,0,0,0,1,0,0
1,1,0,0,-1.2842626174135892,1,0,0,0,0,0,0,0,1,0.16108725633923657,-0.9788532223878132,0,0,1,0,0,1,0
1,0,1,0,1.575621033523874,1,1,0,0,0,0,0,0,0,-1.3386710367395993,-0.24567787169823083,0,1,0,1,0,0,0
1,1,1,0,-0.6714304064984186,1,1,0,0,0,0,1,0,1,0.6720668517687511,-0.3955352055688589,0,0,1,0,1,0,0
1,1,1,0,0.8810778611533472,1,1,0,0,0,0,0,0,0,0.30542240180146946,0.7203391391290727,0,0,1,0,0,0,0
0,0,1,1,1.616476514251552,1,0,1,1,1,1,1,1,0,0.6803619750711782,1.6958684490577371,0,1,0,0,0,0,0
0,0,0,0,-0.8348523294091307,1,1,1,0,0,0,0,0,1,0.4978692624177801,-0.5676614716744596,0,0,1,0,0,1,0
0,0,1,1,1.493910072068518,1,0,0,0,0,0,0,0,0,-1.481347157541347,-0.4192166369743352,0,1,0,1,0,0,0
1,1,0,0,-0.34458656067699417,1,1,0,1,1,0,1,1,1,1.265997680222538,0.09246118754063397,0,0,1,0,1,0,0
0,0,1,1,-0.9982742523198429,1,0,0,0,0,0,0,0,1,-1.4946193548252305,-0.9455932809823587,1,0,0,1,0,0,1
1,1,0,1,-0.8757078101368088,1,0,0,1,0,1,0,0,1,-0.3399381911273659,-0.7442017976878843,0,0,0,0,0,1,0
0,0,0,0,-0.9574187715921648,1,0,0,0,0,0,0,0,1,-0.6982875177922203,-0.8305187391853845,0,0,0,0,0,1,0
1,0,1,1,0.06396824659978628,1,0,0,0,0,0,1,0,0,0.44809852260321703,0.12230023251752503,0,0,1,0,0,1,0
0,0,0,0,1.3713436298854838,0,0,1,1,1,1,0,0,1,-0.5771787175767834,0.39286003456760293,0,1,0,0,0,0,1
0,0,1,0,0.3499566116935326,1,0,0,0,0,0,0,0,0,-1.4647569109364926,-0.6231241344162693,0,1,0,1,1,0,0
0,0,1,1,-0.6714304064984186,1,0,0,0,0,0,0,0,0,-1.5078915521091139,-0.8878132367889413,0,0,0,1,0,0,1
1,0,0,0,1.3304881491578058,1,1,0,1,1,0,1,1,0,1.3373357406234114,1.9177411703245155,0,1,1,0,1,0,0
1,0,0,0,-0.22202011849396003,1,0,0,0,0,0,0,0,0,-1.4763700835598907,-0.7469385148307353,1,0,0,1,0,0,1
1,0,1,1,1.45305459134084,1,0,0,1,1,1,1,1,0,1.3589030612097224,2.2225982178583865,1,0,1,0,1,0,0
1,1,0,0,-0.3854420414046722,1,1,0,1,1,0,1,1,1,1.3804703817960333,0.08663462846230624,0,0,1,0,0,1,0
1,0,0,0,0.02311276587210824,1,0,0,0,0,0,0,0,0,-1.4747110588994052,-0.7051373675036411,0,1,0,1,0,0,1
1,1,0,0,-0.30373107994931614,1,1,0,1,0,0,1,0,1,0.8197200465519552,-0.040203382989019126,0,0,1,0,0,1,0
1,0,1,1,1.616476514251552,1,1,1,1,1,1,1,1,0,1.6475733521341887,2.5660341489866405,0,1,1,0,0,0,0
1,0,1,0,0.26824565023817654,1,0,0,0,0,0,0,0,1,-1.4713930095784342,-0.6608864169277046,0,1,0,1,0,0,0
1,0,0,1,1.2079217069747716,1,0,0,0,0,0,0,0,0,-1.4863242315228034,-0.45779552056871786,0,1,0,1,0,0,0
1,0,0,1,0.8402223804256691,1,0,0,0,0,0,0,0,0,-1.4946193548252305,-0.5450835552459393,0,1,0,1,0,0,0
0,0,0,0,0.8402223804256691,1,0,1,1,1,1,0,1,0,1.1515249786490427,1.3846992958556774,0,1,1,0,0,0,1
1,0,0,0,-0.5897194450430624,1,1,0,0,1,1,1,1,1,0.5708663474791394,-0.38039498008502226,1,0,0,0,1,0,0
1,1,1,0,1.2079217069747716,1,1,1,1,1,0,0,0,1,0.8064478492680714,1.470354128367004,0,0,1,0,0,1,0
0,0,1,0,1.5347655527961959,1,1,1,0,1,1,0,0,0,0.016752110877003207,1.0913850149807662,0,1,0,0,1,0,0
1,1,0,0,-0.22202011849396003,1,1,0,1,0,1,1,1,1,1.322404518679043,0.2987302070332541,1,0,1,0,0,0,0
0,0,1,0,1.1670662262470934,1,1,0,0,1,1,1,1,1,1.2776108528459358,1.867641590370712,1,0,1,0,0,0,0
1,1,1,0,0.8402223804256691,1,1,0,1,1,0,1,1,1,1.2958601241112755,1.4117354127911,0,0,1,0,0,1,0
0,0,0,0,0.8810778611533472,1,1,1,0,1,0,1,1,1,1.2991781734322467,1.4795133026757392,1,0,1,0,0,0,0
1,1,1,1,1.2896326684301276,1,1,1,0,1,1,1,1,1,1.5530089464865184,2.123943978918518,0,1,1,0,0,0,0
0,1,0,0,-0.0994536763109259,1,1,0,1,0,0,1,1,1,1.1581610772909845,0.30020891710237513,0,0,1,0,0,1,0
0,0,1,1,0.7176559382426351,1,0,0,0,0,0,0,0,0,-1.4680749602574634,-0.5371823880109342,0,1,0,1,1,0,0
1,0,0,0,0.22739016951049848,1,1,1,1,0,0,1,1,1,1.3290406173209843,0.7062582880231137,1,0,1,0,0,1,0
0,0,1,1,1.616476514251552,1,1,0,1,1,1,0,1,1,1.1233215594207904,2.1373847913378423,0,1,1,0,0,0,0
1,1,1,0,0.26824565023817654,1,1,0,1,1,0,1,1,1,1.3555850118887518,0.8817392396586609,0,0,1,0,0,1,0
1,0,0,0,-0.0994536763109259,1,1,1,0,0,0,0,1,1,-0.009792283690763702,-0.1760240063527666,0,0,0,0,0,0,1
0,1,0,0,-0.26287559922163806,1,1,1,1,0,0,0,1,1,1.0022127592053534,0.09268189053602517,0,0,1,0,0,1,0
0,0,0,0,-1.079985213775199,1,0,0,1,0,0,0,1,1,0.7019292956574892,-0.7824496267891802,0,0,1,0,0,0,1
0,0,0,0,-0.6714304064984186,1,0,0,1,0,1,0,0,1,-0.36150551171367656,-0.6413983424346611,0,0,0,0,0,0,1
0,0,1,1,0.758511418970313,0,0,0,0,1,1,1,1,1,-0.28684940199183184,0.27001674733285824,1,0,0,0,0,1,0
0,0,1,1,-0.6305749257707405,1,0,0,0,1,1,1,1,0,1.1216625347603046,-0.25702200566133876,1,0,1,0,0,0,0
0,0,1,0,-1.2842626174135892,1,0,0,0,0,0,1,0,0,0.4646887692080714,-0.9748143575721542,0,0,1,0,0,1,0
1,0,0,0,1.2079217069747716,1,0,0,0,0,0,0,0,1,-1.4846652068623178,-0.47918164082212555,0,1,0,1,1,0,0
1,0,1,1,-0.7939968486814527,1,0,0,0,0,0,1,1,1,-0.0014971603883365135,-0.622329603632861,1,0,0,0,0,1,0
1,0,1,1,1.2896326684301276,1,0,1,0,1,0,1,1,1,0.27390093325224607,1.0600010490361367,1,0,0,0,1,0,0
1,0,1,0,0.47252305387656673,1,1,1,0,1,0,0,0,1,0.6637717284663239,0.591095465027983,0,0,1,0,1,0,0
0,0,1,1,-0.6714304064984186,1,1,1,0,1,1,1,1,1,1.5978026123196256,-0.17862830169838287,0,0,1,0,0,1,0
1,0,0,1,-0.7122858872260965,1,1,0,0,0,0,0,0,1,-1.3270578641162014,-0.86651539773369,0,0,0,1,0,1,0
0,0,1,1,0.14567920805514237,0,0,1,0,1,1,0,0,0,-0.8011470467423175,-0.3265875898086466,0,1,0,0,1,0,0
1,0,0,1,-1.2842626174135892,1,0,0,0,0,0,1,1,1,0.8645137123850618,-0.9694954153832263,0,0,1,0,0,1,0
1,1,0,0,-0.34458656067699417,1,0,0,0,0,0,0,0,0,0.17270042896263443,-0.2448171300162052,0,0,1,0,1,0,0
0,0,0,0,1.1262107455194155,1,0,0,0,0,0,0,0,0,-1.4913013055042594,-0.5116470514441719,0,1,0,1,0,0,0
0,0,1,0,-1.2025516559582332,1,1,0,1,0,0,0,1,1,0.8860810329713726,-0.9023575641852217,0,0,1,0,1,0,0
1,0,1,1,-0.6714304064984186,1,1,0,0,1,0,1,0,1,0.8628546877245764,-0.3730014297394169,0,0,1,0,0,0,0
1,0,1,0,1.3713436298854838,1,0,1,1,1,1,1,1,1,0.7002702709970038,1.4602017905790088,0,1,0,0,0,0,0
1,0,0,0,1.3713436298854838,1,1,0,1,0,1,1,1,1,1.3091323213951593,2.0187127907159916,1,0,1,0,0,1,0
1,0,0,0,0.5133785346042448,1,0,0,0,0,0,0,0,1,-1.4730520342389197,-0.598890945522315,1,0,0,1,0,1,0
1,1,1,1,0.4316675731488887,1,1,0,1,1,1,1,1,1,1.5248055272582661,1.0596699945430499,0,0,1,0,0,0,0
1,1,1,1,1.575621033523874,1,0,0,0,0,0,0,0,0,-1.4929603301647452,-0.3967270017439714,0,1,0,1,1,0,0
1,0,0,0,-1.2842626174135892,1,0,0,0,0,0,0,0,0,-0.6551528766195991,-0.9897118097610605,0,0,0,0,0,0,1
1,0,1,1,-1.2842626174135892,1,0,0,0,0,0,0,0,1,0.2058809221723432,-0.978257324300257,0,0,1,0,0,1,0
0,1,0,0,-0.5080084835877063,1,0,0,0,0,0,0,1,1,0.5526170762137997,-0.2717428954539322,0,0,1,0,0,1,0
0,1,0,0,1.3304881491578058,0,0,0,1,1,0,1,1,1,-0.37477770899755997,0.5432249853276309,0,1,0,0,0,0,0
1,0,0,1,-0.5488639643153844,1,0,0,0,0,0,0,0,1,-1.4863242315228034,-0.8429443178259094,0,0,0,1,0,1,0
1,0,1,0,0.14567920805514237,1,0,0,0,0,0,0,0,0,-1.4863242315228034,-0.7152897052916365,1,0,0,1,0,0,1
1,0,1,0,1.575621033523874,1,1,0,1,1,1,1,1,1,1.4534674668573921,2.385212184862626,0,1,1,0,1,0,0
0,1,1,0,-1.2842626174135892,0,0,0,0,0,0,0,0,1,-1.3270578641162014,-0.9986502810744043,0,0,0,0,0,1,0
1,0,0,0,0.02311276587210824,1,0,0,0,0,0,0,0,0,0.11463456584564412,-0.05123853275857937,0,0,1,0,0,1,0
1,0,1,0,1.575621033523874,1,0,1,0,0,1,0,0,0,-0.34159721578785124,0.6581229647282919,0,1,0,0,0,0,0
0,0,0,0,-0.7939968486814527,1,0,1,1,0,1,0,1,0,0.0997033439012751,-0.6378229539093236,0,0,0,0,0,0,0
0,0,0,0,-0.14030915703860394,1,0,0,0,0,0,0,0,0,-1.5062325274486286,-0.7649478792546576,0,1,0,1,0,0,1
0,0,0,0,-0.7939968486814527,1,0,1,0,0,0,1,1,1,0.2374023907215666,-0.601804225061479,0,0,0,0,0,1,0
1,0,0,0,-0.4262975221323503,0,0,0,0,1,1,1,1,0,-0.2669411060660065,-0.43362854257338096,0,1,0,0,0,0,0
1,1,1,0,-1.0391297330475209,1,1,0,0,1,0,1,1,1,1.1432298553466156,-0.7158635330796536,0,0,1,0,0,1,0
1,0,1,0,0.5950894960596009,1,1,0,0,0,0,0,0,0,-1.307149568190376,-0.506747444946487,0,0,0,1,0,1,0
1,0,0,0,-0.26287559922163806,1,0,0,0,0,0,0,0,1,-1.4763700835598907,-0.7839283368583012,0,0,0,1,0,1,0
1,1,0,0,-0.7939968486814527,1,0,0,1,0,0,1,0,1,-0.16242255245542403,-0.6616147368124955,0,0,0,0,0,1,0
1,0,0,0,-0.26287559922163806,1,0,0,1,1,0,1,0,0,0.8296741945148677,0.021218260628353216,0,0,1,0,0,1,0
1,0,0,1,-1.2434071366859112,1,0,0,0,0,0,0,0,0,-1.4730520342389197,-0.9906608326412427,0,0,0,1,0,0,1
0,0,0,0,-1.161696175230555,0,0,0,0,0,0,0,0,1,-1.3386710367395993,-0.9713713908440516,0,0,0,0,0,1,0
0,0,0,0,0.7993668996979911,1,1,0,0,1,1,1,1,1,0.5360268296089454,0.8592937450273751,0,1,0,0,0,0,0
1,1,0,0,-1.2025516559582332,1,1,0,0,1,0,1,0,0,0.8711498110270036,-0.8819866777106136,0,0,1,0,0,1,0
1,1,0,0,1.2079217069747716,1,1,0,1,1,1,1,1,1,1.5248055272582661,2.103793795439301,1,0,1,0,0,0,0
0,0,1,1,1.5347655527961959,1,1,1,1,1,1,0,0,0,0.9657142166746738,1.894434934011204,0,1,1,0,0,0,0
0,0,1,0,1.575621033523874,1,1,1,0,1,0,1,1,1,1.3041552474137028,2.262214405531108,1,0,1,0,1,0,0
1,0,0,0,1.493910072068518,0,0,0,1,1,0,0,0,1,-0.9637314634698904,0.09049693088165232,1,0,0,0,0,0,0
1,0,0,0,0.10482372732746434,1,1,0,0,0,0,0,0,0,-1.280605173622609,-0.5880985690476851,1,0,0,1,0,0,0
1,0,1,0,1.2487771877024496,1,1,0,0,1,0,1,1,0,1.2543845075991396,1.7698260228133298,0,1,1,0,0,1,0
0,1,1,0,1.493910072068518,1,1,0,1,0,1,1,1,0,1.3472898885863245,2.079781309540738,0,1,1,0,1,0,0
0,0,1,1,1.616476514251552,1,1,1,1,0,1,1,0,0,1.1647971759329263,2.1913466737109917,0,1,1,0,0,0,0
0,0,1,0,0.14567920805514237,1,0,0,0,0,0,0,1,0,0.5177775583436057,0.28709915917613765,0,0,1,0,0,1,0
1,0,1,0,0.02311276587210824,1,1,1,1,1,0,1,0,1,0.2639467852893335,0.0707219424946003,0,0,0,0,0,0,0
0,0,1,0,-0.181164637766282,1,0,0,1,1,0,0,1,0,0.8329922438358388,0.06456432892318577,0,0,1,0,1,0,0
0,0,0,0,-0.22202011849396003,1,0,0,0,0,0,0,0,1,-1.4995964288066868,-0.7619021779182589,0,1,0,1,0,0,1
0,0,0,0,-1.2842626174135892,1,0,0,0,1,1,1,1,0,0.30874045112244014,-0.9768889657288317,1,0,0,0,1,0,0
1,0,1,1,1.616476514251552,0,0,1,1,1,0,0,0,0,-0.8724851071431913,0.21000760288598974,0,1,0,0,1,0,0
0,0,0,0,1.2487771877024496,1,1,1,1,1,0,1,0,0,1.1017542388344796,1.735263933735067,0,1,1,0,1,0,0
1,0,0,1,-0.8348523294091307,1,0,1,0,0,0,1,1,1,0.16772335498117794,-0.6399196323655401,0,0,0,0,0,0,1
1,0,1,1,-0.8348523294091307,1,1,0,0,0,0,0,0,1,-1.307149568190376,-0.8714370745309139,0,1,0,1,0,0,0
0,1,1,0,1.5347655527961959,1,1,1,1,1,1,1,1,1,1.599461636980111,2.5161773423277674,0,1,1,0,1,0,0
0,0,0,0,-1.2842626174135892,1,0,0,0,0,0,0,0,0,-0.6451987286566863,-0.9895793879638259,0,0,0,0,0,0,1
0,0,0,0,-0.5080084835877063,1,1,1,0,0,0,1,0,1,0.8064478492680714,-0.18008494146796478,0,0,1,0,0,0,0
0,0,1,0,1.616476514251552,1,1,0,0,0,0,0,0,0,-1.3204217654742594,-0.19334919149097618,0,1,0,1,1,0,0
0,0,0,0,-1.120840694502877,1,0,0,0,0,1,0,0,1,0.3601702155974891,-0.8332775266277745,0,0,1,0,0,0,1
1,0,1,1,0.26824565023817654,0,0,0,0,0,0,0,0,1,-1.3121266421718323,-0.5912546218817794,1,0,0,0,1,0,0
1,0,0,0,-1.2842626174135892,1,1,0,1,0,0,0,0,0,-0.3482333144297931,-0.9856288043463232,0,0,0,0,0,1,0
1,0,0,1,-0.7122858872260965,1,0,0,0,1,1,0,0,0,-0.318370870541055,-0.6279796003148759,1,0,0,0,1,0,0
0,0,1,0,1.616476514251552,1,1,0,0,0,0,0,0,0,-1.3353529874186285,-0.23682768158304354,0,1,0,1,0,1,0
1,0,0,1,-0.34458656067699417,0,0,1,0,0,1,0,0,0,-0.9637314634698904,-0.6428770525037822,0,1,0,0,0,0,1
1,0,0,1,0.06396824659978628,1,1,1,1,0,0,1,1,1,1.2942010994507902,0.5224347631617794,1,0,1,0,0,1,0
0,0,0,0,-0.9574187715921648,1,0,0,0,0,0,0,1,1,0.48957413911535297,-0.6902840559138129,0,0,1,0,0,1,0
0,1,1,1,1.616476514251552,1,1,1,1,1,1,1,1,1,0.7716083313978773,1.8267232550251824,0,1,0,0,1,0,0
0,0,1,1,-0.9982742523198429,1,0,0,0,0,0,0,0,0,-1.4514847136526092,-0.9479106624339664,0,0,0,1,1,0,0
0,0,1,1,-1.079985213775199,1,0,0,0,0,0,0,0,0,-1.519504724732512,-0.9630288176182639,1,0,0,1,1,0,0
0,0,0,0,0.14567920805514237,1,0,0,0,1,1,0,1,1,0.755018084793023,0.349094630581527,0,0,1,0,0,1,0
1,0,1,0,1.616476514251552,1,1,0,0,0,0,0,0,0,-1.307149568190376,-0.2543956400161834,0,1,0,1,0,0,1
0,0,0,0,-0.9982742523198429,1,0,1,0,0,0,0,0,1,-0.4958865092129969,-0.8482411897152983,0,0,0,0,0,1,0
1,0,0,0,0.47252305387656673,1,0,0,0,0,0,0,0,0,-1.4846652068623178,-0.6364987359369764,0,1,0,1,0,0,1
0,0,0,0,-0.5897194450430624,1,0,0,0,0,0,0,0,1,0.1660643303206926,-0.4703535210064773,0,0,1,0,0,1,0
0,0,1,1,0.26824565023817654,1,1,0,0,0,1,1,1,1,1.1664562005934118,0.653355780027842,0,0,1,0,1,0,0
1,0,1,1,1.1262107455194155,1,1,1,0,1,0,1,0,1,1.015484956489237,1.5558544687815568,1,0,1,0,0,0,0
1,1,0,0,-1.2842626174135892,0,0,0,0,1,0,0,1,1,-0.8343275399520262,-0.9920954021112856,0,0,0,0,0,1,0
1,0,0,0,-0.4671530028600283,1,0,0,0,0,0,0,0,0,-1.4863242315228034,-0.8252218672959956,0,0,0,1,0,0,1
1,0,0,1,1.1262107455194155,1,1,1,0,1,1,1,1,1,0.6687488024477805,1.1907455035058867,0,1,0,0,0,1,0
0,0,1,1,1.2079217069747716,1,0,1,0,1,1,1,0,1,0.197585798869916,0.8723152217554563,1,0,0,0,0,0,0
0,0,1,1,-0.9982742523198429,1,0,0,0,0,0,0,0,0,-1.4929603301647452,-0.9389501208210834,1,0,0,1,0,1,0
1,0,0,0,1.3304881491578058,1,1,0,0,0,0,0,0,1,-1.3171037161532886,-0.24817181554615148,0,1,0,1,0,0,0
0,0,1,1,-0.6305749257707405,1,0,0,0,0,0,0,0,0,-1.4614388616155216,-0.8249790940010653,1,0,0,1,0,0,1
1,0,0,0,1.1262107455194155,1,0,1,1,1,0,0,0,0,-0.11265181264086088,0.5963481963182938,0,1,0,0,0,1,0
0,0,1,1,-0.8757078101368088,1,0,0,0,0,0,0,0,1,-1.5112096014300849,-0.9300116495077396,0,0,0,1,0,0,1
0,0,0,0,-1.2434071366859112,1,0,0,0,0,0,0,0,0,-1.4879832561832886,-0.9927575110974591,0,0,0,1,0,0,1
0,0,1,0,-0.4671530028600283,1,1,1,0,1,0,1,1,1,1.2975191487717614,-0.014579765224100368,0,0,1,0,0,1,0
0,0,0,0,1.3713436298854838,1,1,1,1,1,1,0,1,1,1.270974754203994,1.9014753595641836,0,0,1,0,0,0,0
1,0,0,0,-0.6714304064984186,1,0,0,0,0,0,0,0,0,-1.5211637493929973,-0.8653456718581167,0,1,0,1,1,0,0
1,0,1,1,1.3713436298854838,1,0,1,1,1,1,1,0,1,0.3419209443321489,1.2031710821464114,1,0,0,0,0,1,0
0,0,0,0,0.5542340153319228,1,1,1,0,1,0,1,1,0,0.4779609664919551,0.5767277000280158,0,1,0,0,0,0,1
0,0,0,0,1.5347655527961959,1,1,0,1,1,1,0,0,1,0.8446054164592367,1.8091994371911206,1,0,1,0,0,0,0
1,0,1,1,1.616476514251552,1,0,0,0,0,0,0,0,0,-1.4747110588994052,-0.41175687573011244,0,1,0,1,0,1,0
1,0,0,0,-1.2842626174135892,1,0,0,0,0,0,0,0,0,-0.6700840985639679,-0.9899104424569127,0,0,0,0,0,0,1
0,0,0,1,-1.2842626174135892,1,1,0,0,0,0,0,0,0,-1.3536022586839682,-0.9990034058670303,0,0,0,1,0,0,1
1,1,0,0,-0.9982742523198429,1,1,0,0,1,0,1,1,1,1.188023521179722,-0.6479090807987016,0,0,1,0,0,1,0
0,0,0,0,-1.2434071366859112,1,0,0,1,0,0,0,0,0,-0.5174538297993075,-0.9638233484016724,0,0,0,0,0,0,1
1,0,0,1,-1.2842626174135892,1,0,0,0,0,0,0,0,1,-1.5128686260905702,-1.001122154622786,0,0,0,1,0,0,1
1,0,0,0,-0.6305749257707405,1,0,0,0,0,0,0,0,1,-1.469733984917949,-0.8481308382176027,1,0,0,1,0,0,1
1,0,1,1,1.0444997840640593,0,0,1,1,1,0,1,0,0,-0.4909094352315406,0.2792421325402107,1,0,0,0,0,0,1
1,0,1,1,1.0853552647917375,1,0,1,1,1,1,1,1,1,0.7284736902252561,1.2795343185517682,0,1,0,0,0,1,0
0,0,0,0,-0.8348523294091307,1,0,0,0,1,1,0,1,1,0.8164019972309845,-0.525970675845061,0,0,1,0,0,1,0
0,0,0,0,-1.2025516559582332,1,1,0,0,0,1,1,0,1,-0.03965472757950153,-0.9408923071805261,0,0,0,0,0,1,0
1,0,1,1,-0.017742714855569806,0,0,0,0,1,0,1,1,0,-0.47100113930571536,-0.2797544141866329,0,0,0,0,1,0,0
0,0,1,1,-1.0391297330475209,0,0,0,0,0,0,0,0,1,-1.330375913437172,-0.94380558671969,0,0,0,0,0,1,0
1,0,1,1,-0.9982742523198429,1,0,0,0,0,0,0,0,0,-1.4896422808437741,-0.9416426973648563,1,0,0,1,1,0,0
1,0,1,0,-0.4262975221323503,1,1,0,0,0,0,0,1,1,0.6737258764292364,-0.18253474471680714,0,0,1,0,0,1,0
1,0,1,0,1.3713436298854838,1,1,1,1,1,1,0,0,0,1.0553015483408872,1.8261052866380871,0,1,1,0,0,0,1
0,1,0,0,-0.3854420414046722,1,0,1,0,0,0,0,0,1,0.3518750922950619,-0.28412433349537874,0,0,1,0,0,0,0
0,1,0,0,-1.2842626174135892,1,0,0,1,0,0,0,1,1,0.7035883203179745,-0.9716362344385209,0,0,1,0,0,1,0
1,0,0,0,-0.4671530028600283,1,0,1,0,1,0,1,0,0,0.01841113553748855,-0.38085845637534377,0,0,0,0,0,0,0
0,0,0,0,-0.9574187715921648,1,1,0,0,0,0,0,0,1,0.33030777170875103,-0.6976996765589575,0,0,1,0,0,1,0
0,0,1,1,0.47252305387656673,1,0,1,0,0,1,0,0,0,-0.28353135267086094,0.05840671535177123,0,0,0,0,0,0,0
1,1,0,0,-0.7122858872260965,1,0,0,0,0,0,0,1,1,0.48459706513389694,-0.4992876837022644,0,0,1,0,0,1,0
0,0,1,1,1.4121991106131617,1,1,1,1,0,1,1,0,0,0.30542240180146946,1.1393437758792748,0,1,0,0,1,0,0
0,0,1,0,0.9627888226087032,1,1,0,1,0,0,1,1,1,1.1100493621369067,1.4218215396804783,1,0,1,0,0,1,0
0,0,1,0,-1.161696175230555,0,0,1,0,0,0,0,0,1,-1.1860407679749392,-0.9523909332404079,0,0,0,0,0,1,0
1,0,1,1,0.4316675731488887,1,0,1,0,1,1,1,1,1,0.47630194183146973,0.5647214570787341,0,1,0,0,1,0,0
1,1,1,0,1.1670662262470934,1,1,0,1,0,0,0,0,1,0.575843421460596,1.155433024243294,0,0,1,0,0,1,0
1,0,0,0,0.47252305387656673,1,0,1,0,0,1,1,0,0,0.020070160197974366,0.21510584207952665,1,0,0,0,0,1,0
0,0,1,1,-0.9574187715921648,1,0,0,0,0,1,0,0,1,0.36680631423943044,-0.7237867706141978,0,0,1,0,0,1,0
0,0,1,1,1.616476514251552,1,1,1,1,1,1,1,1,1,1.6923670179672952,2.731980731221287,0,1,1,0,0,0,0
0,0,0,0,-1.0391297330475209,1,0,0,0,1,0,1,1,1,1.0138259318287512,-0.7178719303377136,0,0,1,0,0,1,0
1,0,0,0,-0.9574187715921648,1,0,0,0,0,0,0,0,1,-0.6767201972059097,-0.8559216539549122,0,0,0,0,0,0,1
0,0,1,1,0.758511418970313,1,0,0,0,0,0,0,0,0,-1.4879832561832886,-0.5555007366284042,0,1,0,1,0,0,1
1,0,0,0,1.3713436298854838,0,0,0,0,0,1,0,0,0,-1.1727685706910553,-0.13422285902567238,1,0,0,0,1,0,0
1,0,0,0,-0.7531413679537746,1,1,0,0,0,0,0,0,1,-1.3270578641162014,-0.8675968424111069,1,0,0,1,1,0,0
0,0,1,1,-0.9165632908644868,1,0,0,0,0,0,0,0,0,-1.481347157541347,-0.912134706881052,0,1,0,1,0,0,1
0,0,1,0,-0.6305749257707405,1,0,0,0,0,0,0,0,0,-1.5078915521091139,-0.8740855104756083,1,0,0,1,0,0,1
1,0,0,0,0.6359449767872789,1,1,1,0,0,1,0,1,1,1.015484956489237,0.9525849011792376,0,0,1,0,0,1,0
1,0,0,0,-0.5488639643153844,1,0,0,0,0,0,0,0,1,-1.4879832561832886,-0.8447320120885782,0,1,0,1,0,0,1
1,0,0,1,-1.2842626174135892,1,0,0,0,0,0,0,0,1,-1.5095505767695994,-1.0010780140237074,0,0,0,1,0,0,1
1,0,1,1,1.2487771877024496,1,0,0,0,0,0,0,0,0,-1.5012554534671723,-0.4597818475272387,0,1,0,1,0,0,1
1,1,0,0,1.4121991106131617,1,0,1,1,0,1,1,1,1,1.3356767159629261,2.156034194448399,0,1,1,0,0,1,0
0,0,1,1,1.2487771877024496,1,0,1,1,1,1,0,0,0,-0.041313752239987116,0.7622947785529406,0,1,0,0,0,0,1
0,1,1,1,1.575621033523874,1,1,1,1,0,0,1,0,0,0.14615603439486755,1.189708199427548,1,0,0,0,0,1,0
1,0,1,1,0.14567920805514237,1,0,1,1,0,0,0,0,0,-0.3698006350161037,-0.153556441421942,1,0,0,0,0,0,1
1,1,1,0,-0.6714304064984186,1,0,0,0,1,1,0,1,1,0.887740057631858,-0.32980985354135817,0,0,1,0,0,1,0
0,0,0,0,-1.2434071366859112,1,0,0,0,0,0,0,0,1,-1.4680749602574634,-0.9947659083555193,0,0,0,1,0,0,1
1,0,0,0,1.616476514251552,1,1,0,1,1,0,1,1,1,1.3323586666419556,2.3205020666139253,1,0,1,0,0,1,0
0,0,1,1,-0.34458656067699417,1,0,1,0,0,1,0,0,0,-0.32002989520154057,-0.4270074527116448,0,0,0,0,0,1,0
1,0,0,0,0.3908120924212107,1,1,0,1,0,0,1,1,1,1.2261810883708875,0.8767292816632803,0,0,1,0,0,1,0
0,0,1,1,0.5133785346042448,1,0,0,0,0,0,0,0,0,-1.4581208122945508,-0.6157967949692813,0,1,0,1,0,0,1
1,0,1,0,1.0853552647917375,1,1,0,0,1,0,1,1,1,1.1515249786490427,1.6216681020072141,1,0,1,0,0,0,0
0,0,1,0,1.2487771877024496,1,0,0,1,0,0,1,1,1,1.035393252415062,1.6872831025370192,1,0,1,0,0,1,0
1,0,0,0,-1.2842626174135892,1,0,0,0,0,0,0,0,1,-1.478029108220376,-1.0006586783324642,0,0,0,1,0,0,1
1,0,0,0,0.4316675731488887,1,0,0,1,0,0,0,1,1,-0.1591045031344531,0.11534808816270208,0,1,0,0,0,1,0
0,0,1,1,1.575621033523874,1,0,1,1,1,1,1,1,0,0.7450639368301104,1.7839289442188278,0,1,0,0,1,0,0
0,0,0,0,-0.8348523294091307,1,0,0,0,0,0,0,0,0,-0.696628493131735,-0.7708185789320636,0,0,0,0,0,0,0
1,0,1,1,-0.30373107994931614,1,0,0,0,0,0,0,0,1,-1.5145276507510557,-0.7987816484481294,0,0,0,1,0,0,1
1,0,1,1,1.616476514251552,1,1,1,0,1,1,1,1,1,0.622296111954188,1.6800219739886486,0,1,0,0,1,0,0
0,0,0,0,-1.079985213775199,1,0,0,0,0,0,0,1,1,-0.3250069691829969,-0.8593425503834758,0,0,0,0,0,1,0
1,0,0,1,-0.0994536763109259,1,1,0,0,0,0,0,0,0,-1.3088085928508613,-0.6903281965128912,1,0,0,1,0,0,0
0,1,1,0,0.5542340153319228,1,1,0,0,0,1,1,1,0,1.1764103485563242,1.0887807196351502,1,0,1,0,0,1,0
1,0,0,0,-1.2434071366859112,1,1,0,0,0,0,0,0,1,0.2805370318941879,-0.9517508945537733,0,0,1,0,1,0,0
0,0,0,0,0.5950894960596009,1,1,0,1,1,0,1,1,1,1.3788113571355474,1.1308246402571747,0,0,1,0,0,1,0
0,0,1,1,0.758511418970313,0,0,1,0,0,1,0,0,0,-1.015161227944939,-0.22301167407155412,0,1,0,0,0,0,0
0,0,0,0,0.3908120924212107,1,0,0,0,0,0,0,0,1,-1.4614388616155216,-0.6368518607296023,0,1,0,1,0,0,0
0,0,1,0,1.2079217069747716,1,1,0,0,1,0,1,1,1,1.2129088910870036,1.7115383617305127,0,0,1,0,0,1,0
0,0,0,0,-1.120840694502877,1,0,0,0,0,0,0,0,0,-1.4680749602574634,-0.9671780339316186,0,0,0,1,1,0,0
1,0,1,1,0.8402223804256691,1,1,1,0,0,1,0,1,0,0.23408434140059545,0.6800608424701778,0,0,0,0,0,1,0
0,0,0,0,-0.9165632908644868,1,1,1,0,0,0,1,1,1,1.1249805840812759,-0.5799987691168279,0,0,1,0,0,1,0
1,0,1,1,-0.5897194450430624,1,0,0,0,1,0,0,1,0,-0.2437147608192103,-0.5722300236790576,0,0,0,0,0,1,0
1,0,0,0,-1.2842626174135892,1,0,0,0,0,0,0,0,0,-1.4946193548252305,-1.0008793813278556,0,0,0,1,0,0,1
0,0,1,1,0.758511418970313,1,0,1,1,1,1,1,1,0,0.6869980737131202,0.9422780712944682,0,1,0,0,1,0,0
1,1,1,0,1.1670662262470934,1,1,0,1,0,1,0,0,1,0.6886570983736054,1.3085567624457117,1,0,1,0,0,0,0
1,0,0,0,-1.0391297330475209,1,0,0,0,0,0,0,0,1,-0.6684250739034825,-0.8672437176184811,0,0,0,0,0,0,0
1,0,1,1,0.7176559382426351,1,1,0,1,1,0,1,1,1,1.2958601241112755,1.2053339715012452,0,0,1,0,0,0,0
1,0,0,0,-1.161696175230555,1,1,1,0,0,0,0,0,1,0.5078234103806927,-0.8612185258443011,0,0,1,0,0,1,0
0,1,0,0,0.5950894960596009,1,1,0,1,1,0,0,0,1,0.6770439257502076,0.7424977198663496,0,0,1,0,0,0,0
0,0,1,1,-0.017742714855569806,1,1,0,1,1,0,0,0,0,-0.07781229477066655,-0.10667912520085009,0,0,0,0,0,0,0
0,0,0,0,-1.2434071366859112,0,0,0,0,0,0,1,1,1,-0.6485167779776572,-0.9718569374339121,0,0,0,0,0,1,0
1,1,1,0,-0.22202011849396003,0,0,0,0,0,0,0,1,0,-0.9388460935626088,-0.5540661671583613,0,0,0,0,0,0,0
0,0,1,1,-0.9165632908644868,1,0,0,1,1,0,0,0,1,-0.30675769791765717,-0.7662500269274657,0,0,0,0,0,0,1
0,0,0,0,-1.2842626174135892,1,0,0,0,0,0,1,0,1,0.5128004843621492,-0.9741743188855198,0,0,1,0,0,1,0
0,0,1,1,-0.4671530028600283,1,0,0,1,0,0,0,0,1,0.3070814264619548,-0.3184877898777893,0,0,1,0,0,0,0
1,0,0,1,-0.8348523294091307,1,0,0,0,0,0,0,0,0,-1.4514847136526092,-0.9055136170193159,0,0,0,1,1,0,0
1,0,0,0,-1.2842626174135892,1,0,0,0,0,0,0,0,0,-1.4946193548252305,-1.0008793813278556,0,0,0,1,0,0,1
0,1,0,0,0.758511418970313,1,0,0,0,0,0,0,0,0,-1.4995964288066868,-0.5823602911675138,0,1,0,1,1,0,0
0,0,1,1,-1.2025516559582332,1,0,0,1,0,0,1,0,1,-0.20223914430707438,-0.9351760995998939,0,0,0,0,1,0,0
0,0,1,1,1.616476514251552,1,1,1,0,1,1,1,1,0,1.4153098996662274,2.334803620715275,0,1,1,0,0,0,1
0,0,0,0,-1.2842626174135892,1,0,0,0,0,0,0,0,0,-0.6767201972059097,-0.9899987236550691,0,0,0,0,0,0,1
1,0,1,0,-1.120840694502877,1,1,0,1,0,1,0,0,1,0.6836800243921495,-0.8325492067429837,0,0,1,0,0,1,0
0,1,0,0,-1.2842626174135892,1,1,0,0,0,0,0,1,1,0.6720668517687511,-0.9720555701297641,0,0,1,0,0,1,0
1,0,0,0,1.3713436298854838,1,1,0,0,0,0,0,0,0,-1.3171037161532886,-0.2602221990945112,0,1,0,1,0,0,1
1,0,1,0,1.1670662262470934,1,1,1,0,1,1,0,1,0,0.3502160676345761,1.0779442025614419,0,1,0,0,1,0,0
1,0,1,1,-0.017742714855569806,1,1,1,0,0,0,1,1,1,1.153184003309528,0.404954558715041,0,0,1,0,1,0,0
0,0,1,0,1.3304881491578058,1,0,0,0,0,0,0,0,0,-1.5078915521091139,-0.4269633121125665,0,1,0,1,0,0,0
0,1,0,0,0.3499566116935326,1,0,0,0,1,1,1,1,1,1.2046137677845765,0.7631775905345054,1,0,1,0,0,0,0
0,0,0,0,-0.7531413679537746,1,0,0,0,0,0,1,1,1,0.8296741945148677,-0.5112056454533894,0,0,1,0,0,0,1
1,0,1,1,-1.2434071366859112,1,0,0,0,0,0,1,1,1,0.8213790712124405,-0.927694268056132,0,0,1,0,0,0,0
0,0,0,0,-0.14030915703860394,1,0,1,0,1,1,0,0,0,-0.2254654895538706,-0.2439784586337186,1,0,0,0,1,0,0
0,0,0,0,-0.9165632908644868,1,0,0,1,0,0,0,0,0,-0.45109284337989003,-0.7896666147384725,0,0,0,0,0,1,0
1,0,1,1,-0.017742714855569806,1,0,0,0,0,0,0,0,1,0.16440530566020725,0.026779976112211536,0,0,1,0,0,0,0
1,0,0,0,-1.0391297330475209,1,0,0,0,0,0,0,0,1,-1.4879832561832886,-0.9444897660054027,0,0,0,1,0,0,1
0,0,0,0,1.575621033523874,1,0,1,1,1,1,1,0,0,0.4165770540539936,1.4402502397956438,0,1,0,0,1,0,0
1,0,0,0,-0.8757078101368088,1,0,0,0,0,0,0,0,0,-1.5029144781276575,-0.9094862709363576,1,0,0,1,0,0,1
1,0,0,0,-1.2434071366859112,1,0,0,0,0,0,0,0,0,-1.4614388616155216,-0.9900870048532258,0,0,0,1,0,0,1
1,0,0,1,-1.2842626174135892,1,0,0,0,0,0,0,0,1,-1.4514847136526092,-1.0003055535398384,0,0,0,1,0,0,1
1,0,0,1,-0.3854420414046722,1,0,0,0,0,0,0,0,0,-1.4929603301647452,-0.8041447312361355,1,0,0,1,0,0,1
0,0,1,1,1.2079217069747716,1,1,1,0,0,0,1,1,1,1.2062727924450622,1.9206103092646012,0,1,1,0,0,0,0
0,0,0,0,-1.0391297330475209,1,1,0,1,0,0,0,0,1,0.4563936459056442,-0.7787638867661469,0,0,1,0,0,0,0
0,0,1,1,1.575621033523874,1,1,1,1,1,1,1,1,0,1.6210289575664216,2.595277295875975,0,1,1,0,1,0,0
0,0,0,0,-1.2434071366859112,1,0,0,1,0,0,1,0,1,0.7417458875091397,-0.9284887988395404,0,0,1,0,0,0,0
0,0,1,1,1.616476514251552,1,0,1,1,1,0,0,1,0,0.1312248124504985,1.1480836144967668,0,1,0,0,1,0,0
0,0,1,1,1.575621033523874,1,0,0,0,0,0,0,0,0,-1.4913013055042594,-0.42413831377155914,0,1,0,1,0,0,0
1,1,1,0,-0.8348523294091307,1,0,0,0,0,0,0,1,1,0.519436583004091,-0.5901731772043625,0,0,1,0,0,1,0
0,0,1,1,-1.2025516559582332,1,0,0,0,0,0,0,0,0,-0.6800382465268806,-0.950228043885574,0,0,0,0,0,0,1
0,0,0,0,-0.4671530028600283,1,0,0,1,0,1,1,1,1,1.1399118060256448,-0.14603046927910185,0,0,1,0,0,0,0
1,0,0,0,-0.9982742523198429,1,0,0,0,0,0,0,0,1,-1.4962783794857157,-0.9350436778026591,0,0,0,1,0,0,0
1,0,0,0,-0.9165632908644868,1,0,0,0,0,0,0,0,0,-1.5029144781276575,-0.909905606627601,1,0,0,1,0,0,1
1,0,0,0,-1.2025516559582332,1,0,0,1,0,0,0,0,1,-0.49422748455251153,-0.9521702302450167,0,0,0,0,0,0,1
1,0,1,0,0.7993668996979911,1,0,1,0,0,0,1,0,0,0.6405453832195277,0.9099230121701175,0,0,1,0,0,1,0
1,0,0,0,1.0444997840640593,1,0,0,0,0,0,0,0,1,-1.5145276507510557,-0.5525212461906229,0,1,0,1,0,0,0
0,0,0,0,0.14567920805514237,1,0,1,1,1,1,0,1,1,0.35685216627651795,0.17343711654966715,1,0,0,0,0,0,1
1,0,1,0,1.1670662262470934,1,0,1,1,0,1,1,1,1,0.5393448789299161,1.0860440024922988,0,1,0,0,0,0,1
1,0,1,1,1.2079217069747716,1,0,0,0,0,0,0,0,0,-1.4846652068623178,-0.4517041178959205,0,1,0,1,1,0,0
0,1,1,0,1.616476514251552,1,1,1,1,1,1,1,1,1,1.6608455494180718,2.6619958113827367,0,1,1,0,0,0,0
0,0,1,0,1.0853552647917375,1,1,0,0,1,1,1,0,0,0.9474649454093337,1.3680362197036415,0,0,1,0,0,1,0
1,0,0,0,-0.7939968486814527,1,0,0,0,0,0,0,0,1,-1.4730520342389197,-0.8985173320654147,0,0,0,1,0,1,0
1,0,1,1,0.06396824659978628,1,1,0,0,1,0,0,1,1,0.8379693178172949,0.3574372038073146,0,0,1,0,1,0,0
0,0,1,1,-1.2842626174135892,1,0,0,0,0,0,0,0,1,-0.6335855560332881,-0.9894248958670521,0,0,0,0,0,1,0
1,0,0,0,-0.4262975221323503,1,1,1,0,0,0,0,0,1,-0.3432562404483366,-0.5119781059372587,0,0,0,0,0,1,0
0,0,1,0,1.575621033523874,1,1,0,0,0,0,0,0,1,-1.3453071353815411,-0.2446626379194313,0,1,0,1,1,0,0
1,1,1,0,0.676800457514957,1,1,0,1,0,0,0,1,0,0.8379693178172949,0.9975862419395042,0,0,1,0,1,0,0
0,1,0,0,-0.9574187715921648,1,1,0,0,1,0,1,0,1,0.8396283424777802,-0.6490567363747359,0,0,1,0,0,1,0
1,0,0,0,-1.161696175230555,1,0,0,0,0,0,1,0,0,0.43316730065884795,-0.8775284772037112,0,0,1,0,0,1,0
1,0,1,1,1.616476514251552,1,1,0,0,0,0,0,0,1,-1.3171037161532886,-0.21912730135266895,0,1,0,1,1,0,0
0,0,0,0,-0.30373107994931614,1,0,0,1,1,0,1,1,1,1.1515249786490427,0.03611571281725954,0,0,1,0,0,1,0
1,1,0,0,-1.2842626174135892,0,0,0,0,0,0,0,0,1,-1.3171037161532886,-0.9985178592771697,0,0,0,0,0,1,0
1,0,0,0,0.3908120924212107,1,0,0,0,0,0,0,0,0,-1.4929603301647452,-0.6344461980798382,1,0,0,1,0,0,0
0,1,0,0,0.10482372732746434,1,1,1,0,0,0,1,1,1,1.1365937567046736,0.5594245851893452,0,0,1,0,0,1,0
0,0,0,1,-1.2842626174135892,0,0,0,0,0,0,0,0,0,-1.330375913437172,-0.9986944216734827,0,0,0,0,0,0,1
0,0,0,0,-1.2025516559582332,1,0,0,0,0,0,0,0,0,-1.5261408233744538,-0.9848784141619932,0,0,0,1,0,0,1
1,0,1,0,0.47252305387656673,1,0,1,1,0,1,0,0,1,-0.16408157711590937,0.13980198005204741,1,0,0,0,0,0,0
1,0,1,1,0.5133785346042448,1,1,0,1,1,0,0,1,1,1.0022127592053534,0.9188394131839225,1,0,1,0,1,0,0
1,0,1,1,-1.2842626174135892,0,0,0,1,0,0,0,0,0,-1.1478832007837738,-0.9962666887241794,0,0,0,0,0,1,0
1,0,1,0,1.575621033523874,1,1,1,1,1,1,1,1,0,0.8545595644221492,1.8171668153247433,0,1,0,0,0,0,0
0,0,1,0,-0.5897194450430624,1,0,0,0,1,0,1,1,1,1.0337342277545767,-0.2391229927351121,0,0,1,0,1,0,0
0,0,0,0,-1.2434071366859112,1,1,0,0,0,0,0,0,1,0.3352848456902075,-0.9495438645998612,0,0,1,0,0,0,1
0,0,1,1,-1.2842626174135892,1,0,0,0,1,0,0,0,0,-0.4759782132871716,-0.9873282174108357,0,0,0,0,0,0,1
0,0,0,0,0.02311276587210824,1,1,0,1,0,0,1,1,1,1.168115225253897,0.4561355833462613,0,0,1,0,0,1,0
1,0,1,0,1.616476514251552,1,1,1,1,1,1,1,1,1,0.7931756519841883,1.7720109824677026,0,1,0,0,1,0,0
1,1,0,0,1.575621033523874,0,0,1,1,0,0,1,1,1,-0.27689525402891907,0.7495602157188681,1,0,0,0,0,1,0
0,0,1,1,-1.2434071366859112,1,0,0,1,0,0,0,0,1,0.29049117985710043,-0.9454167185860457,0,0,1,0,0,0,0
0,0,1,1,1.0036443033363813,1,0,0,0,0,0,0,0,1,-1.4830061822018323,-0.5294798534717812,0,1,0,1,0,0,0
0,0,1,1,0.7993668996979911,1,0,0,0,1,0,0,0,1,-0.45938796668231724,0.14275940019028968,1,0,0,0,0,0,0
1,0,0,0,0.676800457514957,1,1,0,1,1,0,1,1,1,1.2908830501298196,1.2134558417316417,0,0,1,0,0,0,0
0,0,0,0,-1.2842626174135892,1,0,0,0,0,0,0,0,0,0.197585798869916,-0.9783676757979527,0,0,1,0,0,0,1
0,0,0,0,-1.2842626174135892,1,0,0,0,0,0,0,0,0,-1.4564617876340653,-1.0003717644384558,0,0,0,1,0,0,1
0,0,1,1,-1.0391297330475209,1,0,0,0,0,0,0,0,0,-1.4647569109364926,-0.9394356674109442,0,0,0,1,0,0,1
1,1,0,0,-0.5897194450430624,1,1,0,0,1,1,1,0,0,0.9657142166746738,-0.2398292423203639,0,0,1,0,0,0,0
1,0,0,0,-1.2434071366859112,1,0,0,0,0,0,0,0,1,0.18265457692554699,-0.9460346869731412,0,0,1,0,0,1,0
1,0,1,0,0.18653468878282042,1,1,1,0,0,0,0,0,1,-0.32334794452251153,-0.11321193386442972,0,0,0,0,0,0,1
1,0,0,0,-1.2842626174135892,1,1,0,0,0,0,0,0,1,-1.351943234023483,-0.9989813355674911,0,0,0,1,0,0,1
0,0,1,1,0.6359449767872789,0,0,1,0,1,0,0,1,0,-0.6568119012800844,-0.040137172090401727,1,0,0,0,1,0,0
1,0,0,0,0.18653468878282042,1,0,0,1,0,0,1,1,1,1.0387113017360328,0.6001222175394835,0,0,1,0,1,0,0
1,0,0,0,-1.2025516559582332,1,1,0,0,0,0,0,0,0,0.3220126484063238,-0.9136134169501733,0,0,1,0,0,1,0
1,0,0,0,0.10482372732746434,1,0,0,0,0,0,1,0,0,-0.3250069691829969,-0.12212833487823442,0,0,0,0,0,0,1
0,0,0,0,-0.7122858872260965,1,0,0,0,0,0,0,0,0,-1.4896422808437741,-0.8681485998995849,0,0,0,1,0,0,1
1,0,0,0,-1.2842626174135892,1,0,0,0,0,0,0,0,0,-1.4747110588994052,-1.0006145377333862,0,0,0,1,0,0,1
1,0,1,1,1.616476514251552,1,0,0,0,0,0,0,0,0,-1.4680749602574634,-0.3772609975504672,0,1,0,1,0,1,0
1,0,0,0,-0.5897194450430624,1,0,0,0,0,0,0,0,0,-1.519504724732512,-0.8556347400609037,0,0,0,1,0,1,0
0,0,0,0,-1.2434071366859112,1,0,1,1,0,1,0,0,1,0.7118834436204017,-0.9294157514201834,0,0,1,0,0,1,0
1,0,0,0,0.10482372732746434,1,1,1,0,0,0,0,0,0,-0.31671184588056966,-0.16028788278137376,0,1,0,0,0,0,1
0,0,0,0,-0.8757078101368088,1,0,1,0,0,0,0,0,0,-0.5390211503856184,-0.788452748263821,0,0,0,0,1,0,0
0,1,0,0,-0.26287559922163806,1,0,0,0,0,0,0,1,1,0.4646887692080714,-0.12409259153721616,0,0,1,0,0,1,0
1,1,1,0,0.18653468878282042,1,0,0,0,0,0,0,0,1,0.24735653868447913,0.12722190931474872,0,0,1,0,0,0,0
0,1,0,0,0.9627888226087032,1,1,0,1,1,1,1,0,1,1.1647971759329263,1.509197855555856,0,1,1,0,0,0,0
1,0,1,1,1.493910072068518,1,0,1,1,1,0,0,0,1,-0.16739962643688028,0.786881092239521,0,1,0,0,0,0,0
0,0,1,1,1.575621033523874,1,0,0,0,0,0,0,0,0,-1.4896422808437741,-0.39282055872554716,0,1,0,1,1,0,0
1,0,1,1,1.2079217069747716,1,1,1,1,1,1,1,1,0,1.684071894664868,2.1504504086650016,0,1,1,0,0,0,0
1,0,0,0,0.7176559382426351,0,0,1,1,0,0,0,0,1,-0.988616833377172,-0.22283511167524112,0,0,0,0,0,0,1
0,0,1,1,1.2079217069747716,1,1,0,1,1,1,1,1,1,1.5264645519187514,2.010039162997117,1,0,1,0,0,1,0
0,0,0,0,0.8810778611533472,1,0,1,1,0,0,1,1,1,1.1697742499143824,1.3297001094041891,1,0,1,0,1,0,0
1,0,0,0,1.2487771877024496,1,0,1,1,1,1,1,1,1,0.7268146655647707,1.334047958413396,0,1,0,0,0,0,0
1,0,1,1,-0.4262975221323503,1,0,1,1,0,1,0,0,1,-0.22712451421435595,-0.4482170105687395,0,0,0,0,0,0,1
0,0,0,0,-0.0994536763109259,1,0,0,0,0,0,0,0,0,-1.5062325274486286,-0.7542437839781841,0,1,0,1,1,0,0
1,1,0,0,1.0036443033363813,1,0,0,0,1,1,0,0,1,-0.37477770899755997,0.33042315717143117,1,0,0,0,0,1,0
0,1,1,0,1.0444997840640593,1,1,0,1,0,0,1,1,1,1.0951181401925376,1.3999498728372097,1,0,1,0,0,0,0
1,1,0,0,0.9219333418810253,0,0,1,1,0,0,1,0,1,-0.6617889752615407,0.08467037180332461,0,0,0,0,0,1,0
0,0,0,0,0.18653468878282042,1,1,0,1,1,0,1,1,1,1.231158162352344,0.5553415797746079,0,0,1,0,0,0,0
1,0,0,0,-1.2434071366859112,1,0,1,0,0,1,0,0,1,-0.3432562404483366,-0.9710624066505037,0,0,0,0,0,0,1
1,1,1,0,0.676800457514957,1,1,1,1,1,0,0,0,1,0.7765854053793338,0.8264089987140856,0,0,1,0,0,1,0
1,1,1,0,-0.34458656067699417,1,1,1,0,0,0,0,0,1,0.46634779386855674,-0.22731538248168262,0,0,1,0,0,1,0
0,0,0,0,-0.14030915703860394,1,1,0,1,0,0,0,0,1,-0.31671184588056966,-0.29443116338014796,1,0,0,0,0,1,0
1,0,1,0,-1.2842626174135892,1,0,0,0,0,0,0,0,0,-0.666766049242997,-0.9898663018578345,0,0,0,0,1,0,0
1,0,1,0,1.616476514251552,1,1,1,1,0,1,1,1,1,1.4982611326904993,2.4564992523739853,0,1,1,0,1,0,0
0,0,0,0,-0.8757078101368088,1,0,1,0,1,0,0,1,0,-0.024723505635132734,-0.6856272227110586,0,0,0,0,0,0,0
0,0,1,1,-1.0391297330475209,1,0,0,0,0,0,0,0,1,0.13951993575292568,-0.7858484529182046,0,0,1,0,0,1,0
0,0,1,1,1.0853552647917375,1,0,0,0,0,0,0,0,0,-1.466415935596978,-0.4419490454996293,0,1,0,1,0,0,1
0,0,1,0,1.45305459134084,1,0,1,0,0,1,0,0,0,-0.29514452529425905,0.6892862276775302,1,0,0,0,0,0,0
0,0,1,1,1.4121991106131617,1,1,0,1,0,1,1,0,0,0.9723503153166152,1.7724965290575636,0,1,1,0,1,0,0
0,1,1,0,-1.2434071366859112,1,1,0,0,1,0,0,0,0,0.4779609664919551,-0.9333001241390687,0,0,1,0,0,1,0
1,1,0,0,-0.05859819558324785,1,1,0,1,0,0,1,0,1,0.8595366384036057,0.24626910502876473,0,0,1,0,0,1,0
1,0,1,1,-0.6714304064984186,1,0,1,0,1,0,1,0,0,-0.01808740699319089,-0.5575974150846207,0,1,0,0,0,0,1
0,0,0,0,-1.2842626174135892,1,0,0,0,0,0,0,1,0,0.5094824350411785,-0.974218459484598,0,0,1,0,1,0,0
1,0,0,0,-0.6305749257707405,1,0,1,0,0,0,1,1,0,0.964055192014188,-0.29202550073038386,0,0,1,0,0,1,0
0,1,0,0,-1.0391297330475209,1,0,0,0,0,0,1,1,1,0.8081068739285573,-0.7560756188399312,0,0,1,0,0,1,0
1,0,0,0,-1.2842626174135892,1,0,0,0,0,0,0,0,0,-1.4548027629735798,-1.0003496941389167,0,0,0,1,0,0,0
0,0,0,0,-0.9165632908644868,0,0,0,1,0,1,0,0,0,-0.947141216865036,-0.844511309093187,0,0,0,0,0,1,0
0,0,1,0,-1.2434071366859112,1,0,1,1,0,0,1,0,0,0.8479234657802074,-0.925509308401759,0,0,1,0,0,1,0
0,0,1,1,1.0853552647917375,1,1,1,1,1,1,1,1,0,0.8462644411197221,1.2830876367775668,0,1,0,0,1,0,0
0,1,0,0,-1.2025516559582332,1,1,0,0,0,0,0,0,1,0.3402619196716636,-0.8964868645078157,0,0,1,0,1,0,0
0,0,1,0,1.616476514251552,1,0,1,1,1,1,1,1,0,0.6737258764292364,1.707433286016236,0,1,0,0,0,0,1
0,0,0,0,-0.4262975221323503,1,0,1,0,0,1,0,1,1,0.8047888246075862,-0.17699509953248793,0,0,1,0,0,1,0
1,0,0,0,-0.7939968486814527,1,0,0,0,0,1,0,0,1,-0.4726601639662009,-0.7400084407754515,0,0,0,0,0,0,1
0,0,0,0,-0.9165632908644868,1,0,0,0,0,0,0,0,0,-0.6485167779776572,-0.8203664013973891,0,0,0,0,0,0,1
0,0,1,1,0.10482372732746434,0,0,1,0,0,1,1,0,1,-0.6120182354469775,-0.2759583226659042,0,1,0,0,1,0,0
1,0,1,0,1.575621033523874,1,1,1,1,1,0,1,0,1,1.1349347320441883,2.0778611934808344,0,1,1,0,0,1,0
1,1,1,0,-0.017742714855569806,1,1,0,0,0,0,0,0,1,0.3352848456902075,0.007115339222855106,0,0,1,0,0,1,0
1,0,0,0,-1.120840694502877,1,0,1,0,1,0,0,0,1,-0.29846257461522996,-0.888497416074654,0,0,0,0,0,0,1
0,1,1,0,-0.05859819558324785,1,1,0,0,0,0,0,1,1,0.6654307531268092,0.1528013864805895,0,0,1,0,0,1,0
1,0,0,0,0.5542340153319228,1,0,0,0,0,0,0,0,1,-0.6501758026381426,-0.0980275677815148,0,0,0,0,1,0,0
0,1,0,0,-0.5080084835877063,1,1,1,0,0,0,0,0,1,0.47630194183146973,-0.33826277826484125,0,0,1,0,0,1,0
1,0,0,0,-0.9165632908644868,1,1,0,1,0,0,0,0,0,0.49952828707826546,-0.657686223494532,0,0,1,0,0,1,0
1,0,1,1,0.5950894960596009,1,1,0,0,1,1,1,1,1,1.4119918503452562,1.2499380468698076,0,0,1,0,0,0,0
0,0,1,0,-0.3854420414046722,1,1,0,0,1,0,0,1,0,0.841287367138266,-0.10694396879531949,0,0,1,0,0,0,1
0,0,1,0,-0.4671530028600283,1,1,0,0,0,0,1,1,1,0.978986413958557,-0.1495837875049003,0,0,1,0,0,1,0
0,0,0,0,1.2487771877024496,1,0,0,0,1,1,1,0,1,0.8379693178172949,1.5580614987354688,1,0,1,0,1,0,0
0,1,1,0,-1.2434071366859112,1,0,0,1,0,0,0,0,0,-0.4859323612500844,-0.9587913201067528,0,0,0,0,1,0,0
0,0,0,0,-1.120840694502877,1,0,0,0,0,0,0,0,0,-1.4879832561832886,-0.961219053056056,0,0,0,1,0,0,1
0,1,0,0,-1.161696175230555,1,1,1,0,0,0,0,0,1,0.5128004843621492,-0.8755421502451903,0,0,1,0,0,1,0
0,0,1,0,0.7993668996979911,0,0,1,1,1,1,1,1,0,0.04827357942622662,0.4603289402586942,0,1,0,0,1,0,0
1,0,0,0,-0.26287559922163806,1,0,0,0,0,0,0,0,1,-1.4995964288066868,-0.8013197328951281,1,0,0,1,0,0,0
0,1,0,0,-1.2434071366859112,1,0,0,0,0,0,0,0,1,0.1793365276045763,-0.9584161250145878,0,0,1,0,0,0,0
0,0,0,0,-1.2842626174135892,1,0,0,0,0,0,0,0,0,-1.481347157541347,-1.0007028189315426,0,0,0,1,0,0,1
1,0,1,0,0.47252305387656673,0,0,0,1,1,0,1,1,0,-0.3482333144297931,0.04556180102000295,0,1,0,0,0,0,0
1,0,0,0,-1.2434071366859112,0,0,0,0,0,0,0,0,1,-1.318762740813774,-0.9847239220652194,0,0,0,0,0,1,0
0,0,1,0,-1.2434071366859112,1,0,0,0,0,0,0,0,0,-1.4913013055042594,-0.9866440381251228,0,0,0,1,0,0,0
0,0,0,0,0.02311276587210824,1,1,0,1,1,0,1,1,0,1.418627948987198,0.5995483897514663,0,0,1,0,0,1,0
1,0,0,0,-0.0994536763109259,1,1,1,1,1,1,0,0,1,1.0022127592053534,0.24946929846193722,0,0,1,0,1,0,0
0,1,1,0,-0.7531413679537746,1,1,0,1,0,0,1,1,1,1.174751323895839,-0.4049592234720634,0,0,1,0,0,1,0
1,0,0,0,-1.2842626174135892,1,0,0,0,0,0,0,0,1,-1.4995964288066868,-1.000945592226473,0,0,0,1,0,0,1
1,0,0,0,-0.8348523294091307,1,1,0,0,0,0,1,1,0,0.9872815372609842,-0.4915851491631113,0,0,1,0,0,1,0
1,0,0,0,0.3499566116935326,1,1,0,1,0,0,1,0,1,0.8097658985890426,0.5996587412491619,0,0,1,0,0,1,0
1,0,1,1,-0.9574187715921648,1,1,0,1,1,0,1,1,1,1.2543845075991396,-0.6133249214208999,0,0,1,0,1,0,0
0,1,0,0,1.493910072068518,1,1,1,0,1,1,1,1,0,1.5082152806534117,2.286624156821375,0,1,1,0,1,0,0
1,0,0,0,-1.2842626174135892,1,0,0,0,0,0,0,1,0,0.5011873117387513,-0.9743288109822935,0,0,1,0,0,1,0
1,0,1,0,-1.2434071366859112,1,0,0,0,0,0,0,0,0,-1.4863242315228034,-0.9928237219960766,0,0,0,1,0,0,1
0,0,0,0,-1.2434071366859112,1,1,0,0,0,0,0,0,1,-0.510817731157366,-0.9625653413279424,0,0,0,0,0,1,0
1,0,0,0,-0.0994536763109259,1,0,1,0,1,0,0,0,1,-0.3034396485966862,-0.27957785179031996,0,1,0,0,0,0,1
0,0,1,0,0.758511418970313,1,0,1,1,1,0,1,0,1,0.9524420193907902,1.0294998950730725,1,0,1,0,0,1,0
0,1,1,0,0.7176559382426351,1,1,0,0,0,1,1,1,1,1.1896825458402078,1.2811895910172024,1,0,1,0,0,1,0
0,0,1,0,1.493910072068518,1,1,0,0,0,0,0,0,0,-1.3453071353815411,-0.284896793979248,0,1,0,1,0,0,0
0,0,1,0,1.5347655527961959,1,1,0,1,1,1,1,1,1,1.516510403955839,2.4122041611989706,0,1,1,0,0,1,0
1,0,1,0,0.7993668996979911,1,1,0,1,0,1,0,0,0,-0.11431083730134622,0.38946120843857845,0,0,0,0,0,0,0
1,0,0,0,-0.5897194450430624,1,0,1,0,0,0,0,0,0,-0.510817731157366,-0.6234551889093561,0,0,0,0,0,1,0
1,0,0,0,0.5542340153319228,1,1,1,0,0,0,1,0,1,0.8081068739285573,0.8644140545204513,0,0,1,0,1,0,0
1,0,1,1,0.9219333418810253,1,0,0,0,0,0,0,0,0,-1.5078915521091139,-0.5005456907759942,0,1,0,1,0,0,0
0,1,0,0,-1.120840694502877,1,0,0,0,1,0,0,0,1,0.35685216627651795,-0.8552595449687386,0,0,1,0,1,0,0
0,1,0,0,-1.2025516559582332,1,0,0,0,1,0,1,0,1,0.7317917395462268,-0.9120684959824348,0,0,1,0,0,1,0
1,0,0,0,-1.079985213775199,1,0,0,0,0,0,0,0,0,-1.5211637493929973,-0.9609762797611257,0,0,0,1,0,0,1
1,0,1,1,1.5347655527961959,1,1,0,1,1,1,1,1,1,0.6405453832195277,1.6298782534357668,0,1,0,0,0,1,0
0,0,1,1,1.0853552647917375,1,1,0,0,1,1,1,0,1,0.24237946470302263,0.8420347707877832,0,1,0,0,0,0,0
0,0,0,0,0.30910113096585456,0,0,1,0,0,1,1,1,1,-0.3399381911273659,-0.022525073058183742,1,0,0,0,0,0,0
1,0,0,0,1.575621033523874,1,0,0,0,0,0,0,0,1,-1.4896422808437741,-0.41144789153656486,0,1,0,1,1,0,0
1,0,0,0,-1.120840694502877,1,0,0,0,0,0,1,0,1,0.5078234103806927,-0.8336747920194788,0,0,1,0,0,0,1
0,0,1,1,-0.9165632908644868,1,1,0,0,0,0,0,1,0,0.7019292956574892,-0.6306059659600313,0,0,1,0,0,1,0
0,1,1,1,1.3304881491578058,1,1,0,1,1,0,1,1,1,1.4153098996662274,2.101211570393224,1,0,1,0,0,1,0
1,0,0,0,-1.120840694502877,0,0,0,0,0,0,0,0,0,-1.3436481107210556,-0.9653682693694108,0,0,0,0,0,0,1
1,0,0,1,-1.2842626174135892,1,0,0,1,0,0,0,0,1,-0.49422748455251153,-0.9875709907057658,0,0,0,0,0,1,0
1,0,1,1,1.0036443033363813,1,0,0,0,0,0,0,0,0,-1.5062325274486286,-0.541000549831202,1,0,0,1,0,0,1
0,0,1,0,1.2079217069747716,1,0,1,0,1,1,1,1,0,0.5376858542694307,1.191208979796208,0,1,0,0,0,0,1
1,1,0,0,-0.0994536763109259,1,1,0,0,1,1,1,0,1,0.1428379850738964,-0.08533714554652051,0,1,0,0,1,0,0
1,0,1,0,-0.14030915703860394,0,0,0,0,0,0,1,0,0,-1.0300924498893078,-0.5641081534486612,0,0,0,0,0,0,1
0,0,1,1,0.9627888226087032,1,1,0,0,0,0,0,0,1,-1.3220807901347449,-0.36121588978552654,0,1,0,1,1,0,0
1,0,1,0,1.0444997840640593,0,0,0,0,0,0,1,1,1,-0.6568119012800844,0.17749805166486524,1,0,0,0,1,0,0
1,1,0,0,0.10482372732746434,1,0,0,0,1,1,1,1,1,0.27224190859176073,0.08122740507522173,1,0,0,0,0,1,0
1,0,1,1,1.4121991106131617,1,1,1,0,0,1,1,1,0,1.3207454940185572,2.029814151384169,0,1,1,0,0,0,0
0,0,1,0,1.5347655527961959,1,1,0,1,1,1,1,1,1,0.6637717284663239,1.6024448711086403,0,1,0,0,0,0,0
1,0,1,1,-0.34458656067699417,1,0,1,0,1,0,0,0,1,-0.28353135267086094,-0.3676824875504889,1,0,0,0,1,0,0
1,0,0,0,0.06396824659978628,1,0,1,0,1,0,0,0,0,-0.2603050074240647,-0.1755605300624451,1,0,0,0,0,0,1
0,1,0,0,1.575621033523874,1,1,0,1,0,0,1,1,1,1.1565020526304992,2.0586821031813387,0,0,1,0,1,0,0
0,1,1,0,-1.161696175230555,1,1,0,0,0,0,1,0,1,0.6123419639912754,-0.8736220341852868,0,0,1,0,0,1,0
1,0,1,0,-0.8348523294091307,1,0,1,0,0,1,0,0,0,0.5327087802879742,-0.6271409289323893,0,0,1,0,0,0,0
1,0,0,0,-0.7122858872260965,1,1,0,0,0,0,0,0,0,-0.43947967075649214,-0.6717008637018735,0,0,0,0,0,1,0
1,0,1,1,0.5542340153319228,1,1,0,0,0,0,0,0,0,-1.3237398147952304,-0.4910333916746333,1,0,0,1,0,1,0
1,0,1,1,0.47252305387656673,1,0,0,1,1,1,0,0,1,-0.0960615660360065,0.2810960377014969,0,0,0,0,0,0,1
1,0,0,0,0.30910113096585456,1,1,0,1,1,0,1,1,1,1.2560435322596255,0.803764871386948,0,0,1,0,0,0,1
0,1,0,0,-0.7531413679537746,1,1,0,1,1,0,1,1,1,1.3290406173209843,-0.33362801536162595,0,0,1,0,0,1,0
0,1,1,0,1.45305459134084,1,0,0,1,1,1,0,0,1,-0.13753718254814246,0.7453889291059744,1,0,0,0,0,0,0
1,0,1,0,0.02311276587210824,1,0,1,1,0,1,0,0,1,-0.124264985264259,-0.11866329785059244,0,1,0,0,0,0,1
0,0,1,1,-0.14030915703860394,1,0,0,0,0,0,0,0,0,-1.4863242315228034,-0.7712158443237678,1,0,0,1,0,1,0
0,0,1,0,1.0853552647917375,1,1,1,1,1,1,0,1,1,1.4003786777218583,1.706064927444811,1,0,1,0,1,0,0
1,0,0,0,-0.30373107994931614,1,0,1,0,0,0,0,0,0,0.315376549764382,-0.1478623041408489,0,0,1,0,0,0,0
0,0,1,0,-1.0391297330475209,1,0,0,0,0,0,0,0,1,0.14615603439486755,-0.7988037187476684,0,0,1,0,0,0,0
1,1,0,0,-0.6714304064984186,1,0,0,0,0,0,0,0,0,0.16108725633923657,-0.5490782794625202,0,0,1,0,0,1,0
1,0,1,1,0.22739016951049848,1,0,1,1,1,1,1,0,0,0.3070814264619548,0.22735485832373853,1,0,0,0,0,1,0
0,0,1,0,-0.9165632908644868,1,0,0,0,1,0,1,1,1,0.0997033439012751,-0.7212928267662773,0,0,0,0,1,0,0
1,0,1,0,1.493910072068518,1,0,0,0,0,0,0,0,0,-1.4896422808437741,-0.4077621515135317,0,1,0,1,0,0,1
1,1,0,0,0.8810778611533472,0,0,0,1,1,0,1,1,1,-0.31007574723862785,0.3000323547060621,1,0,0,0,0,1,0
0,0,0,1,0.8402223804256691,1,1,0,1,1,1,1,1,1,0.657135629824382,0.9545491578382193,1,0,0,0,0,1,0
1,0,1,1,-1.2842626174135892,1,0,0,0,0,0,0,0,0,-1.4896422808437741,-1.0008131704292382,0,0,0,1,0,0,1
0,0,0,0,0.3499566116935326,1,1,1,0,1,1,0,1,1,0.32698972238778035,0.35463427576584633,0,0,0,0,0,0,0
0,0,0,1,-0.05859819558324785,1,0,0,0,0,0,0,0,0,-1.4830061822018323,-0.7494986695772733,1,0,0,1,1,0,0
1,1,1,0,-0.5080084835877063,1,1,0,1,0,1,1,1,0,1.4020377023823436,-0.05084126736687516,0,0,1,0,0,1,0
1,0,0,1,-0.5488639643153844,0,0,0,0,0,0,0,0,1,-1.3088085928508613,-0.759717218263886,0,0,0,0,1,0,0
0,0,1,0,0.7176559382426351,1,1,0,0,1,0,1,1,0,0.3618292402579744,0.7013807518249681,1,0,0,0,0,0,0
1,0,0,1,-0.22202011849396003,1,0,0,0,0,0,0,0,0,-1.4962783794857157,-0.7847890785403269,0,1,0,1,1,0,0
1,0,1,0,0.8810778611533472,1,0,1,1,1,1,1,1,0,1.4916250340485575,1.6874817352328713,0,1,1,0,0,0,0
0,1,1,0,0.3908120924212107,1,1,0,0,0,0,1,1,1,1.0038717838658386,0.7315287809954067,0,0,1,0,0,1,0
0,0,1,1,-1.2842626174135892,1,0,0,0,0,0,0,0,1,-1.519504724732512,-1.0012104358209424,0,0,0,1,0,0,1
1,0,1,1,-0.8348523294091307,1,0,0,0,0,0,0,0,1,-1.5128686260905702,-0.9041011178488122,0,0,0,1,0,1,0
1,0,0,1,0.676800457514957,1,1,0,0,0,1,1,1,1,1.188023521179722,1.228176731524235,1,0,1,0,0,0,0
1,0,0,0,-0.22202011849396003,1,0,0,0,0,0,0,0,1,0.14117896041341102,-0.21804585667525203,0,0,1,0,0,0,1
0,0,0,0,-0.34458656067699417,1,0,0,0,0,0,0,0,1,-1.5012554534671723,-0.8020480527799191,0,1,0,1,0,0,0
1,0,1,1,1.4121991106131617,1,1,0,1,1,0,1,1,1,1.3472898885863245,2.0755879526283048,1,0,1,0,0,1,0
0,0,0,0,-1.2434071366859112,1,0,0,0,0,0,0,0,1,-0.643539703996201,-0.9738653346919721,0,0,0,0,0,1,0
1,0,1,0,1.616476514251552,1,1,1,1,1,1,1,1,1,1.6359601795107903,2.5597882542170693,0,1,1,0,1,0,0
0,1,1,0,0.7993668996979911,1,1,0,1,1,0,1,1,1,1.383788431117004,1.4719211196342818,1,0,1,0,0,1,0
1,0,0,0,-0.9165632908644868,1,1,0,0,0,0,0,0,1,0.310399475782926,-0.651263766328648,0,0,1,0,0,0,1
1,1,1,0,1.616476514251552,1,0,1,1,1,1,1,0,0,0.31869459908535314,1.3566700154409945,0,1,0,0,0,0,0
0,0,0,0,-1.0391297330475209,1,1,0,0,0,1,1,1,1,0.32698972238778035,-0.7795804878490945,0,0,0,0,0,1,0
1,1,1,1,1.616476514251552,1,1,1,1,1,1,1,1,1,1.6907079933068099,2.6978379778342676,0,1,1,0,1,0,0
0,0,1,1,0.758511418970313,1,1,0,0,0,1,0,0,1,0.5293907309670035,0.807627173806294,0,0,1,0,0,1,0
0,1,1,0,-0.26287559922163806,1,1,0,0,1,0,1,1,1,1.1050722881554502,0.09864087141158771,0,0,1,0,0,0,0
0,1,1,0,0.7993668996979911,1,1,1,1,1,0,1,1,1,1.4700577134622466,1.4834418159937024,0,0,1,0,0,1,0
1,0,0,1,0.5950894960596009,1,0,0,0,0,0,0,0,0,-1.4680749602574634,-0.562430810683688,1,0,0,1,1,0,0
1,0,0,0,0.14567920805514237,1,0,0,0,0,0,0,0,1,-1.534435946676881,-0.7054684219967279,0,1,0,1,1,0,0
0,0,0,0,-1.2025516559582332,1,0,0,0,0,0,0,0,0,-1.4913013055042594,-0.9814575177334295,0,0,0,1,0,0,1
0,1,0,0,-1.2842626174135892,1,0,0,0,0,0,0,0,1,0.2141760454747704,-0.9781469728025615,0,0,1,0,0,1,0
1,1,0,0,-0.8348523294091307,0,0,0,0,1,1,0,1,1,-0.7016055671131912,-0.7769982628030173,0,0,0,0,0,1,0
1,0,1,0,1.616476514251552,1,1,1,0,1,1,1,1,1,1.5629630944494315,2.5530126722585593,0,1,1,0,1,0,0
1,0,0,0,-0.8348523294091307,1,0,0,0,0,0,0,0,0,-1.4846652068623178,-0.8924259293926174,0,0,0,1,1,0,0
1,1,1,0,-1.2842626174135892,1,1,0,0,0,0,1,1,1,1.005530808526324,-0.9676194399224011,0,0,1,0,0,1,0
1,0,0,0,-0.0994536763109259,1,0,1,1,0,1,1,0,0,0.18597262624651814,-0.10703224999347599,1,0,0,0,0,1,0
0,0,0,0,0.3908120924212107,1,0,0,1,0,0,0,0,1,-0.5058406571759096,-0.09237757109950007,0,0,0,0,0,1,0
1,0,0,0,-1.2025516559582332,1,0,0,0,0,1,1,1,1,0.15113310837632357,-0.925134113309594,0,0,0,0,0,1,0
1,1,1,0,-0.7939968486814527,1,0,0,1,0,1,0,1,1,0.8047888246075862,-0.49343905432439744,0,0,1,0,0,0,0
0,0,0,0,-0.8348523294091307,1,1,0,0,1,0,1,1,1,1.1730922992353536,-0.4956681545778486,0,0,1,0,0,0,0
1,1,1,0,1.0036443033363813,1,1,0,0,1,0,1,1,0,1.188023521179722,1.526787884288535,0,0,1,0,0,1,0
1,1,1,0,-0.017742714855569806,1,1,0,0,0,0,0,1,1,0.6704078271082657,0.15661954830085736,0,0,1,0,0,1,0
1,0,0,0,1.45305459134084,1,1,1,1,1,0,0,1,1,0.401645832109625,1.2075851420542356,1,0,0,0,1,0,0
0,0,1,1,-0.9982742523198429,1,0,0,0,0,0,0,0,1,-1.4913013055042594,-0.944887031397107,0,1,0,1,0,0,1
0,0,0,0,-1.2842626174135892,1,0,0,0,0,0,0,0,1,-1.4796881328808613,-1.0006807486320035,0,0,0,1,0,0,1
1,0,1,1,0.5542340153319228,1,0,0,0,0,0,0,0,1,-1.4830061822018323,-0.5960659471813077,0,1,0,1,0,0,1
1,0,0,0,-0.9165632908644868,1,1,0,1,1,0,0,1,1,1.0105078825077805,-0.5586788597620376,0,0,1,0,0,1,0
1,1,1,0,-1.161696175230555,0,0,0,0,1,0,0,0,1,-1.1578373487466866,-0.9574008912357882,0,0,0,0,0,1,0
1,1,0,0,-1.2842626174135892,1,0,0,0,0,0,0,0,0,-0.6136772601074632,-0.9891600522725825,0,0,0,0,0,1,0
0,1,0,0,-1.161696175230555,1,1,0,0,0,0,0,1,1,0.657135629824382,-0.8506468523650624,0,0,1,0,0,1,0
0,0,0,0,1.45305459134084,1,0,0,0,0,0,0,0,0,-1.4995964288066868,-0.3732442030343472,0,1,0,1,1,0,0
1,0,1,1,1.0444997840640593,1,1,0,0,1,1,0,1,0,0.9806454386190424,1.446231290970745,0,1,1,0,0,0,0
1,0,0,0,-1.2842626174135892,0,0,0,0,0,0,0,0,0,-1.3403300614000848,-0.9988268434707173,0,0,0,0,0,0,1
1,1,0,0,-0.8348523294091307,1,1,0,0,0,0,0,0,1,0.2821960565546732,-0.6440909189784338,0,0,1,0,1,0,0
1,0,1,1,1.616476514251552,1,1,1,1,1,1,1,1,1,1.6425962781527321,2.5474950973737793,0,1,1,0,1,0,0
0,0,0,0,-1.120840694502877,1,1,0,0,1,0,1,1,1,1.1847054718587515,-0.7827144703836496,0,0,1,0,0,1,0
0,0,1,1,-0.5080084835877063,1,0,0,0,0,0,0,0,0,-1.4962783794857157,-0.8349769396922869,1,0,0,1,0,0,0
1,0,0,1,-0.22202011849396003,1,0,0,0,0,0,0,0,0,-1.5145276507510557,-0.7724076404988803,0,0,0,1,0,0,1
0,0,0,0,-0.05859819558324785,1,1,1,0,1,0,0,0,1,0.6621127038058385,0.1439732666649413,0,0,1,0,1,0,0
0,0,1,0,1.5347655527961959,1,1,0,0,1,0,1,1,1,1.0901410662110818,2.0725201809923672,1,0,1,0,0,1,0
1,0,1,1,1.4121991106131617,1,1,1,1,1,1,0,0,1,0.15113310837632357,1.0443752769624397,1,0,0,0,1,0,0
1,0,0,0,-1.2025516559582332,1,1,0,0,0,0,0,0,0,-0.47763723794765717,-0.9490141774109224,0,0,0,0,0,0,0
1,0,0,0,-1.2842626174135892,1,0,0,0,0,0,0,0,0,-1.4796881328808613,-1.0006807486320035,0,0,0,1,0,0,1
1,0,0,1,-0.181164637766282,1,0,0,1,0,1,0,0,1,-0.34491526510882214,-0.3401608240252057,1,0,0,0,1,0,0
1,0,0,1,-0.14030915703860394,1,0,0,0,0,0,0,0,0,-1.4913013055042594,-0.7734228742776799,1,0,0,1,0,0,1
0,0,0,0,-1.161696175230555,1,1,0,0,0,0,0,0,0,0.3502160676345761,-0.8603577841622755,0,0,1,0,0,1,0
0,0,0,0,0.7176559382426351,1,1,0,1,0,1,1,1,1,0.4912331637758383,0.7667088384607648,0,1,0,0,0,0,1
0,1,1,0,0.06396824659978628,1,0,0,0,1,1,1,0,0,-0.019746431653676233,-0.07986371126081859,1,0,0,0,0,0,0
1,0,1,1,1.4121991106131617,1,1,1,1,0,1,0,0,0,0.8213790712124405,1.6558549959933118,1,0,1,0,0,1,0
1,0,1,1,1.616476514251552,1,1,1,1,1,1,0,1,0,1.2991781734322467,2.3087606672591128,0,1,1,0,1,0,0
0,1,1,0,-1.161696175230555,1,1,1,0,0,0,1,1,1,1.1548430279700133,-0.8561423569503034,0,0,1,0,0,1,0
0,1,0,0,-1.0391297330475209,1,0,0,0,1,0,1,0,1,0.6488405065219549,-0.740493987365312,0,0,1,0,0,1,0
0,0,0,0,0.5950894960596009,1,0,1,0,1,1,1,1,1,1.2908830501298196,1.078518030349459,1,0,1,0,0,1,0
0,0,1,1,-0.8757078101368088,1,0,1,0,0,0,0,0,0,-0.4577289420218319,-0.7528312848076805,0,0,0,0,0,0,0
1,0,0,0,0.30910113096585456,1,1,0,0,1,1,1,1,0,1.327381592660499,0.8142703339675693,0,0,1,0,0,0,0
1,1,1,0,0.30910113096585456,1,1,1,0,0,0,1,1,0,1.229499137691858,0.7941201504883525,0,0,1,0,0,1,0
0,0,0,0,0.3499566116935326,1,0,0,0,0,0,0,0,1,-1.4946193548252305,-0.6534045853839426,1,0,0,1,0,0,1
1,0,0,0,-0.05859819558324785,1,0,0,1,0,0,1,1,1,0.9856225126004989,0.30543957809314665,0,0,1,0,0,1,0
1,0,0,0,1.2079217069747716,1,1,0,0,0,0,0,0,0,-1.3735105546097934,-0.3785410749237361,0,1,0,1,0,0,0
0,0,0,0,1.1670662262470934,1,1,0,1,1,0,1,1,1,1.2991781734322467,1.825553529149609,1,0,1,0,0,1,0
0,0,1,1,1.4121991106131617,0,0,1,1,0,0,0,0,0,-0.950459266186007,0.06498366461442898,0,1,0,0,0,0,0
0,1,1,0,1.616476514251552,1,1,0,0,0,0,0,0,0,-1.3436481107210556,-0.22446831384113605,0,1,0,1,0,0,0
1,0,1,0,1.2079217069747716,0,0,1,1,0,1,0,0,1,-0.8691670578222204,0.025742672033872913,0,1,0,0,1,0,0
0,1,0,0,-1.2434071366859112,1,0,0,0,0,0,0,0,1,0.15942823167875075,-0.9514860509593038,0,0,1,0,0,1,0
0,0,1,0,1.0853552647917375,1,0,0,1,0,1,1,1,1,1.1697742499143824,1.6542217938274169,0,1,1,0,0,0,1
1,0,0,0,-1.161696175230555,1,0,0,0,0,0,1,0,1,-0.27855427868940463,-0.9059329527105593,0,0,0,0,0,1,0
1,0,1,0,1.616476514251552,1,1,1,1,1,1,1,1,1,0.8446054164592367,1.801916238343211,0,1,0,0,1,0,0
1,0,0,1,1.5347655527961959,1,1,1,1,0,1,0,0,0,0.005138938253605332,0.9994622174003294,1,0,0,0,0,0,0
1,0,1,0,1.575621033523874,1,1,0,0,0,0,0,0,1,-1.3370120120791138,-0.2079155891867957,0,1,0,1,0,1,0
1,0,0,1,0.22739016951049848,1,1,0,0,1,0,1,1,1,1.1432298553466156,0.6576594884379705,0,0,1,0,0,0,0
1,1,0,0,-0.5488639643153844,1,1,1,0,0,0,1,0,1,0.8562185890826346,-0.2768632049470081,0,0,1,0,0,1,0
1,0,1,0,-1.2025516559582332,1,0,0,0,0,0,0,0,1,0.18265457692554699,-0.917409508470902,0,0,1,0,0,1,0
0,0,1,1,-1.161696175230555,1,1,0,1,0,1,0,0,1,-0.20887524294901622,-0.9103470126183834,0,0,0,0,0,0,1
0,0,0,0,-1.161696175230555,1,0,0,0,0,0,0,0,1,-0.6236314080703756,-0.9241409498303337,0,0,0,0,0,0,1
1,0,1,1,-0.5897194450430624,1,0,0,0,1,0,1,1,0,1.0071898331868099,-0.22391655635265806,0,0,1,0,0,0,1
1,0,0,0,0.758511418970313,1,1,0,0,0,0,0,0,1,-1.333693962758143,-0.45060060291896453,1,0,0,1,0,0,0
0,0,0,0,-0.7939968486814527,1,1,0,0,0,0,0,1,1,0.657135629824382,-0.5173411887252649,0,0,1,0,0,1,0
1,0,0,0,-1.2025516559582332,1,0,0,0,0,0,0,1,1,0.5161185336831199,-0.8975683091852326,0,0,1,0,0,1,0
0,1,0,0,-0.9165632908644868,1,0,0,0,1,0,0,1,1,0.657135629824382,-0.6275381943240935,0,0,1,0,1,0,0
1,0,1,0,1.1670662262470934,1,1,1,0,1,1,1,0,0,1.148206929328072,1.6139655674680609,0,0,1,0,0,0,0
1,0,1,0,-0.8348523294091307,1,0,0,0,0,0,0,0,0,-1.4929603301647452,-0.9203227880100657,1,0,0,1,0,0,0
1,0,1,1,-0.05859819558324785,0,0,1,0,0,1,0,0,0,-0.9753446360932885,-0.5339821945777617,0,0,0,0,0,0,0
1,0,0,0,-1.2842626174135892,1,0,0,0,0,0,0,0,1,-1.4846652068623178,-1.0007469595306207,0,0,0,1,0,0,1
1,0,0,0,1.616476514251552,0,0,1,1,1,1,1,1,1,0.025047234179430396,1.112440080741087,0,1,0,0,0,0,0
1,1,0,0,-0.7531413679537746,1,0,0,0,0,0,1,1,0,0.8512415151011785,-0.4507330247161993,0,0,1,0,1,0,0
1,0,1,0,-0.8757078101368088,1,1,0,1,0,0,0,0,1,0.5210956076645764,-0.6137001165130649,0,0,1,0,0,0,0
1,1,0,1,0.9627888226087032,1,0,1,0,0,0,1,1,0,0.9955766605634114,1.314096407630031,1,0,1,0,1,0,0
1,0,0,0,-0.05859819558324785,1,1,0,1,0,0,0,0,1,0.5426629282508872,0.15595743931468375,0,0,1,0,0,1,0
1,0,0,0,-1.161696175230555,1,0,0,0,0,0,0,0,1,-1.4979374041462012,-0.9797801749684563,0,0,0,1,0,0,1
1,1,1,0,-0.4671530028600283,1,0,1,1,0,0,0,1,1,0.005138938253605332,-0.41820140319553567,0,0,0,0,0,0,0
0,0,1,1,-0.4262975221323503,1,0,0,0,0,0,0,0,0,-1.4614388616155216,-0.8099271497153852,1,0,0,1,0,0,0
1,0,0,1,-1.2842626174135892,1,0,0,0,0,0,0,0,0,0.16440530566020725,-0.978809081788735,0,0,1,0,0,0,0
1,1,1,0,-0.3854420414046722,1,0,0,0,0,0,1,1,1,0.8512415151011785,-0.07503031566175129,0,0,1,0,0,1,0
0,0,0,0,-0.14030915703860394,0,0,1,1,0,1,0,0,0,-0.8393046139334825,-0.5316648131261541,1,0,0,0,1,0,0
1,1,0,0,0.5950894960596009,1,1,0,1,0,1,0,0,0,-0.17237670041833655,0.20603494896894806,0,1,0,0,0,0,0
0,1,1,0,1.3304881491578058,1,1,1,1,1,0,1,1,1,1.4800118614251596,2.1806425784345183,0,0,1,0,1,0,0
0,0,0,0,-1.2842626174135892,0,0,1,0,0,0,0,0,0,-1.1578373487466866,-0.996399110521414,0,0,0,0,0,0,1
1,0,1,1,-0.9982742523198429,1,0,0,0,0,0,1,0,1,-0.34491526510882214,-0.7998851634250853,0,0,0,0,0,1,0
0,0,1,1,-0.34458656067699417,1,1,0,1,1,0,0,0,0,0.6090239146703047,-0.11219670008563021,1,0,1,0,0,0,0
1,1,0,0,-0.9574187715921648,1,1,0,0,0,0,0,1,1,0.6322502599171005,-0.6608202060290871,0,0,1,0,0,1,0
1,1,0,0,-1.120840694502877,1,0,0,0,1,0,0,0,0,-0.4792962626081425,-0.9048735783326814,0,0,0,0,0,1,0
0,1,0,0,-0.30373107994931614,1,1,0,1,0,0,0,1,1,0.826356145193897,-0.04399947450974781,0,0,1,0,0,1,0
0,0,0,0,-1.2434071366859112,1,0,0,0,0,0,0,0,0,0.13786091109244034,-0.9567387822496146,0,0,1,0,0,1,0
0,0,1,1,-1.079985213775199,1,0,0,0,0,0,0,0,0,-1.4962783794857157,-0.9679063538164097,1,0,0,1,0,0,1
1,0,1,1,0.3499566116935326,1,0,0,0,0,0,0,0,0,-1.5029144781276575,-0.6572668878032887,1,0,0,1,0,0,0
0,0,0,0,-0.8757078101368088,1,0,0,0,0,0,0,0,1,-0.6684250739034825,-0.8011431704988152,0,0,0,0,0,0,1
0,1,1,0,-0.14030915703860394,1,1,0,0,1,0,1,1,1,1.1365937567046736,0.29380853023603015,0,0,1,0,0,0,0
0,0,1,1,-0.0994536763109259,1,0,0,0,0,0,0,0,0,-1.5012554534671723,-0.7410016042547118,1,0,0,1,0,0,0
0,0,1,1,1.616476514251552,1,1,1,1,1,1,1,1,1,1.7122753138931208,2.761444581106013,0,1,1,0,1,0,0
1,0,1,1,1.5347655527961959,1,1,1,1,0,0,1,0,1,1.0868230168901105,1.934161473181621,0,0,1,0,1,0,0
0,0,1,0,-0.30373107994931614,1,1,0,1,0,0,0,0,0,-0.3548694130717347,-0.4035467243015597,0,0,0,0,0,1,0
0,0,1,1,-0.8348523294091307,0,0,0,1,0,0,0,0,0,-1.1810636939934827,-0.8731585578949653,0,0,0,0,0,0,1
0,0,0,0,-0.8348523294091307,1,0,0,0,0,0,0,0,0,-1.4962783794857157,-0.9123333395769042,0,0,0,1,0,0,1
0,0,1,0,1.2487771877024496,1,1,0,1,1,0,1,1,1,1.4169689243267127,2.02451727949478,1,0,1,0,0,1,0
0,0,1,0,0.5950894960596009,1,1,1,1,1,0,1,0,1,1.1266396087417612,0.9916051907644025,0,0,1,0,0,1,0
1,0,1,0,1.616476514251552,1,1,1,1,1,0,0,1,1,1.1399118060256448,2.2665622545403146,0,1,1,0,0,1,0
0,0,1,0,-0.5897194450430624,1,0,0,0,0,1,0,0,1,-0.4809552872686281,-0.6084694555222934,0,0,0,0,0,0,1
0,0,1,0,1.575621033523874,1,0,1,1,1,1,1,1,1,0.6637717284663239,1.659187611223719,1,0,0,0,0,0,0
1,0,0,0,-1.2842626174135892,1,1,0,0,0,0,0,0,1,0.34855704297409074,-0.9763592785398926,0,0,1,0,0,1,0
1,0,1,1,0.3908120924212107,1,0,1,1,0,0,0,0,0,-0.34159721578785124,0.006144246043133885,0,0,0,0,0,0,1
0,0,1,0,-0.5488639643153844,1,1,0,1,0,0,0,1,1,0.8064478492680714,-0.2941663197856786,0,0,1,0,0,1,0
1,0,1,1,1.616476514251552,1,1,1,1,1,1,0,1,1,1.33069964198147,2.4036408849777917,0,1,1,0,1,0,0
0,0,0,0,1.5347655527961959,1,1,1,1,1,1,1,1,1,1.6210289575664216,2.4948353626734376,0,1,1,0,0,0,0
0,1,1,1,0.9627888226087032,1,0,1,0,0,1,1,1,1,0.258969711307877,0.7932594088063267,0,1,0,0,1,0,0
0,0,1,0,0.5542340153319228,0,0,1,1,0,0,1,0,0,-0.6385626300147447,-0.09935178575386203,0,0,0,0,0,1,0
0,0,1,0,-1.2434071366859112,1,0,0,0,0,0,0,0,0,-1.4830061822018323,-0.9905504811435472,0,0,0,1,0,0,0
0,0,1,1,1.616476514251552,1,0,1,1,1,1,1,1,1,1.4435133188944795,2.380246367466324,0,1,1,0,0,0,0
1,1,1,0,1.493910072068518,1,1,1,1,0,0,0,0,1,0.6670897777872951,1.54422342092444,0,0,1,0,1,0,0
0,0,0,0,-1.2842626174135892,1,0,0,0,0,0,0,0,0,-1.4896422808437741,-1.0008131704292382,0,0,0,1,0,0,0
0,0,1,0,0.8402223804256691,1,0,0,0,0,0,0,0,0,-1.4597798369550363,-0.558568508264342,1,0,0,1,0,0,0
0,0,0,0,-0.14030915703860394,1,0,0,0,0,0,0,0,0,-1.4863242315228034,-0.7450625393699101,1,0,0,1,0,0,1
1,0,0,0,0.10482372732746434,0,0,0,0,1,0,1,1,0,-0.5174538297993075,-0.2584786454309207,0,0,0,0,0,1,0
1,0,1,0,-0.9574187715921648,1,1,1,0,0,0,0,1,1,0.7716083313978773,-0.6558985292318633,0,0,1,0,0,1,0
1,0,1,0,-0.5488639643153844,1,1,1,1,0,1,0,0,1,0.796493701305159,-0.27141184096084536,0,0,1,0,1,0,0
0,0,0,0,1.1670662262470934,1,1,1,1,1,1,1,1,1,1.6691406727204992,2.077441857789591,1,0,1,0,0,0,1
1,0,0,0,-0.9982742523198429,1,0,0,0,0,0,0,1,1,-0.33330209248542403,-0.8162392553835736,0,0,0,0,1,0,0
0,0,0,0,-0.14030915703860394,1,1,0,0,1,0,1,1,0,1.1863644965192368,0.26110034631905366,0,0,1,0,0,0,0
1,0,1,0,1.616476514251552,1,1,0,1,1,1,1,1,1,1.4468313682154508,2.3978363961990032,0,1,1,0,0,1,0
1,0,0,1,-1.2842626174135892,1,1,0,0,1,0,1,1,1,1.1598201019514698,-0.9655669020652627,0,0,1,0,0,1,0
0,0,0,0,-1.0391297330475209,1,0,0,0,0,0,1,1,1,0.06818187535205168,-0.8073890652683863,0,0,0,0,0,1,0
1,0,0,0,-0.6714304064984186,1,0,0,0,0,1,0,0,1,-0.5091587064968803,-0.6569137630106628,0,0,0,0,0,0,1
1,0,1,1,-0.4671530028600283,0,0,0,0,0,0,0,0,1,-1.2855822476040655,-0.7598717103606599,0,0,0,0,0,1,0
0,0,0,0,-1.0391297330475209,0,0,0,1,0,0,0,1,1,-0.8193963180076572,-0.8801327725493274,0,0,0,0,1,0,0
1,1,1,0,-1.0391297330475209,1,0,0,0,0,0,1,1,1,0.8197200465519552,-0.7108977156833515,0,0,1,0,0,1,0
1,0,1,1,-0.017742714855569806,1,0,1,1,0,0,0,1,1,0.8628546877245764,0.3251483555815813,1,0,1,0,0,1,0
1,0,0,0,1.4121991106131617,1,1,1,1,1,1,1,1,0,1.705639215251179,2.4123145126966663,0,1,1,0,1,0,0
0,0,1,1,1.4121991106131617,1,1,1,0,1,1,1,1,1,1.4800118614251596,2.204544712835386,1,0,1,0,0,1,0
1,0,0,0,-0.34458656067699417,1,1,0,0,0,1,0,0,0,-0.33827916646688033,-0.46126055759635975,1,0,0,0,0,0,0
1,0,0,0,-0.6305749257707405,1,0,0,0,0,0,0,0,0,-1.4498256889921235,-0.8394130698996501,0,0,0,1,1,0,0
1,0,0,0,-0.34458656067699417,1,0,0,1,0,0,0,0,1,-0.5008635831944531,-0.47185430137513756,0,0,0,0,0,0,1
1,0,1,0,-0.181164637766282,1,1,0,1,1,0,1,0,0,1.0553015483408872,0.17529102171095318,0,0,1,0,1,0,0
0,1,1,0,0.22739016951049848,1,1,1,1,0,0,0,1,0,1.0022127592053534,0.5756021147515206,1,0,1,0,1,0,0
0,0,1,1,0.22739016951049848,1,0,1,1,0,1,1,1,0,0.5144595090226345,0.3405092840608092,1,0,0,0,1,0,0
1,0,0,0,-1.2842626174135892,1,1,0,1,0,0,0,0,1,0.47630194183146973,-0.9746598654753804,0,0,1,0,0,1,0
1,0,1,1,1.616476514251552,1,1,0,1,1,0,1,1,1,1.280928902166907,2.244734728296124,0,1,1,0,0,1,0
0,0,1,0,-0.9982742523198429,1,0,0,1,1,0,1,1,0,1.2062727924450622,-0.6375360400153149,0,0,1,0,0,1,0
1,1,1,0,1.2079217069747716,1,1,0,1,0,0,0,1,1,0.8296741945148677,1.4753199457633062,0,0,1,0,0,0,0
1,0,1,0,1.4121991106131617,1,1,0,1,0,0,1,0,1,0.7832215040212757,1.549807206707838,1,0,1,0,0,0,0
0,0,1,1,-0.5897194450430624,1,0,0,0,0,0,0,0,1,-1.478029108220376,-0.8321740116508185,0,0,0,1,0,0,1
1,0,1,0,-1.2434071366859112,1,0,0,1,0,1,0,1,1,-0.019746431653676233,-0.946189179069915,0,0,0,0,0,0,1
1,0,0,1,0.02311276587210824,0,0,1,0,0,1,0,0,0,-1.0201383019263954,-0.5178929462137429,1,0,0,0,1,0,0
0,0,1,0,1.575621033523874,1,1,0,0,0,0,0,0,1,-1.3403300614000848,-0.24799525314983847,0,1,0,1,1,0,0
0,0,0,0,-1.0391297330475209,1,0,0,0,0,0,0,0,0,-1.4647569109364926,-0.9407819556828304,0,0,0,1,0,0,1
1,0,0,0,-1.120840694502877,1,0,0,0,0,0,0,0,1,0.1627462809997219,-0.8697155911668625,0,0,1,0,0,1,0
0,0,0,1,-0.6305749257707405,1,1,0,1,1,1,0,0,1,0.9258976248230233,-0.3223942328962137,0,0,1,0,1,0,0
1,0,0,0,-0.8348523294091307,1,0,0,0,0,0,0,0,0,-1.4846652068623178,-0.8917417501069047,1,0,0,1,1,0,0
0,1,1,0,0.7176559382426351,1,1,1,1,1,0,1,1,0,1.4584445408388487,1.3880760516851627,0,0,1,0,0,0,0
1,0,0,0,0.5133785346042448,1,0,1,0,0,0,0,0,1,-0.4610469913428028,0.004996590467099661,0,0,0,0,0,0,0
1,0,0,0,0.9627888226087032,1,1,0,1,0,0,1,1,0,1.1216625347603046,1.4539117552103593,0,0,1,0,0,1,0
0,0,1,1,1.0853552647917375,1,0,0,1,0,1,1,1,1,0.3701243635604016,0.9954233525846705,0,1,0,0,1,0,0
1,0,0,0,-1.2842626174135892,1,1,0,0,0,0,0,1,1,0.7234966162437996,-0.9713713908440516,0,0,1,0,0,1,0
1,0,0,0,-1.2842626174135892,1,0,0,0,0,0,0,1,1,0.5310497556274889,-0.9739315455905894,0,0,1,0,0,1,0
1,0,1,1,1.4121991106131617,1,1,0,1,0,0,0,1,1,0.8213790712124405,1.803527370209567,0,0,1,0,0,0,0
1,0,0,1,0.26824565023817654,0,0,1,0,0,1,1,0,0,-0.6551528766195991,-0.21921558255082543,1,0,0,0,0,0,0
0,0,1,1,0.14567920805514237,1,1,1,1,1,1,1,1,1,0.9325337234649651,0.4820240447056497,0,1,0,0,1,0,0
0,0,1,1,1.616476514251552,1,1,1,1,1,1,0,0,1,0.18763165090700348,1.2705737769388854,0,1,0,0,0,0,0
1,1,1,0,1.3713436298854838,1,1,0,0,0,1,1,1,1,1.1697742499143824,2.0237006784118328,0,0,1,0,1,0,0
0,0,0,0,-0.9574187715921648,1,0,0,0,0,0,0,0,1,-1.5029144781276575,-0.9306516881943742,0,0,0,1,0,1,0
0,0,1,0,1.45305459134084,1,1,0,0,0,0,0,0,0,-1.2938773709064926,-0.16584959826523207,0,1,0,1,1,0,0
1,0,0,0,-1.0391297330475209,1,1,0,0,0,0,0,0,0,-1.3701925052888226,-0.9332339132404512,0,0,0,1,0,0,1
1,0,0,0,-1.2842626174135892,1,0,0,0,0,0,0,0,0,-1.4946193548252305,-1.0008793813278556,0,0,0,1,0,0,0
1,0,0,0,-1.161696175230555,1,1,0,0,0,0,0,0,0,-0.47763723794765717,-0.9184026719501623,0,0,0,0,0,0,1
1,0,0,0,0.26824565023817654,1,1,0,0,0,0,0,0,1,0.2772189825732172,0.19581640028233524,0,0,1,0,1,0,0
0,0,1,1,-1.0391297330475209,1,0,0,0,0,0,0,0,0,-1.4647569109364926,-0.950426676581426,1,0,0,1,0,0,1
1,1,1,0,1.616476514251552,1,1,1,1,1,0,1,1,0,0.652158555842926,1.5946319850717916,0,1,0,0,1,0,0
1,1,1,0,0.5542340153319228,1,1,0,0,1,0,1,1,1,1.2012957184636057,1.0562049575154082,0,0,1,0,0,1,0
1,0,1,1,1.1670662262470934,1,0,0,1,0,1,1,1,1,1.1166854607788486,1.7029309449102557,1,0,1,0,0,0,0
1,0,0,0,-0.5080084835877063,1,0,0,0,0,0,0,0,1,-1.4962783794857157,-0.826016398079404,1,0,0,1,0,0,1
1,0,0,0,0.4316675731488887,1,1,0,0,0,1,1,1,1,1.168115225253897,0.8494062508338494,1,0,1,0,0,1,0
1,0,1,1,1.2079217069747716,1,0,0,0,0,0,0,0,0,-1.4647569109364926,-0.47176602017698105,0,1,0,1,1,0,0
0,0,1,1,1.493910072068518,0,0,1,1,1,1,0,0,0,-0.6153362847679484,0.3682075099824054,0,1,0,0,0,0,0
1,0,0,1,-1.2434071366859112,1,1,1,1,0,0,0,0,0,-0.12758303458522968,-0.9501839032864958,0,0,0,0,0,0,0
1,1,0,0,-0.017742714855569806,1,1,0,0,1,0,0,0,1,0.5410039035904014,0.14655549171101837,0,0,1,0,1,0,0
1,0,0,0,-0.9165632908644868,1,0,1,1,1,0,1,1,1,1.3141093953766159,-0.5322386409141712,0,0,1,0,0,1,0
1,0,1,1,1.45305459134084,1,0,1,0,0,1,1,1,1,1.153184003309528,1.9336979968912995,0,1,1,0,0,1,0
1,0,1,0,-0.7939968486814527,1,1,0,0,1,0,1,1,1,0.34855704297409074,-0.5728479920661529,1,0,0,0,0,0,1
1,0,0,0,-1.2434071366859112,1,0,1,1,0,0,0,0,1,-0.3631645363741619,-0.9618590917426905,0,0,0,0,0,0,1
1,0,0,0,0.06396824659978628,1,1,0,0,0,0,0,0,0,-1.2839232229435797,-0.5768647865822729,0,1,0,1,0,0,0
0,0,1,1,1.616476514251552,1,1,1,1,1,1,1,1,0,0.8296741945148677,1.8641544830435308,0,1,0,0,1,0,0
1,0,0,0,1.2896326684301276,1,1,0,0,1,1,1,1,1,1.322404518679043,2.031601845646838,1,0,1,0,1,0,0
1,0,1,1,1.1262107455194155,1,0,0,0,0,0,0,0,0,-1.4680749602574634,-0.4776808604534654,0,1,0,1,0,0,1
0,0,0,0,-1.2025516559582332,1,1,0,0,0,1,1,0,0,-0.006474234369793015,-0.9327042260515125,0,0,0,0,0,1,0
0,0,1,0,-1.2434071366859112,1,0,0,0,0,0,0,0,1,0.18431360158603233,-0.9565180792542234,0,0,1,0,0,1,0
0,0,0,0,1.3304881491578058,1,1,0,1,1,0,1,0,1,1.0188030058102078,1.7067491067305236,1,0,1,0,0,1,0
1,0,1,1,0.7176559382426351,1,1,0,0,0,0,0,0,0,-1.3220807901347449,-0.45278556257333746,0,1,0,1,0,0,1
0,0,1,0,1.2487771877024496,1,0,1,0,1,0,0,0,1,0.5426629282508872,1.2965284491968911,1,0,1,0,1,0,0
0,1,1,0,1.1262107455194155,1,1,0,1,0,0,0,1,0,0.8180610218914698,1.3274710091507382,0,0,1,0,0,1,0
0,0,0,0,-0.4262975221323503,1,1,0,0,0,0,0,0,0,-1.2789461489621234,-0.7421492598307461,0,1,0,1,0,0,1
0,1,1,0,-0.9982742523198429,1,1,0,1,0,0,0,0,1,0.5260726816460328,-0.7300547356833081,0,0,1,0,1,0,0
0,0,1,0,-0.3854420414046722,1,1,0,0,0,1,1,1,1,0.29380922917807156,-0.2844774582880047,0,0,0,0,1,0,0
1,0,0,0,-1.161696175230555,1,0,0,0,1,0,0,0,1,0.3021043524804988,-0.8856282771345684,0,0,1,0,0,1,0
1,1,0,0,-1.2434071366859112,1,0,0,0,0,0,0,0,0,-1.5128686260905702,-0.9931768467887025,0,0,0,1,0,1,0
0,0,1,1,-0.5080084835877063,1,0,0,0,0,0,0,0,0,-1.4747110588994052,-0.8142308581255137,0,0,0,1,0,0,1
0,0,1,1,-1.3251180981412674,1,0,1,1,1,0,1,1,0,0.5327087802879742,-1.009597149645808,0,1,0,0,0,0,1
0,0,0,1,-1.2434071366859112,1,0,0,0,0,0,0,0,1,-1.4995964288066868,-0.9937727448762588,0,0,0,1,0,1,0
0,0,0,0,1.2079217069747716,1,1,0,0,0,0,0,0,1,-1.2938773709064926,-0.31926025036165856,0,1,0,1,1,0,0
0,1,0,0,-0.7531413679537746,1,1,0,0,1,0,0,0,1,0.5161185336831199,-0.5425454707989406,0,0,1,0,0,0,0
0,0,0,0,0.9627888226087032,1,0,0,0,0,0,0,0,1,-1.5012554534671723,-0.5326359063058754,0,1,0,1,0,0,0
0,1,1,0,0.06396824659978628,1,1,0,1,1,0,0,1,1,0.9773273892980717,0.4106486959961341,0,0,1,0,0,1,0
1,0,0,0,1.2487771877024496,1,1,0,1,0,0,0,1,0,0.8512415151011785,1.5618134496571192,1,0,1,0,1,0,0
0,0,1,1,0.676800457514957,0,0,1,0,0,1,0,0,1,-0.9620724388094051,-0.22301167407155412,1,0,0,0,1,0,0
1,0,1,0,0.06396824659978628,1,1,0,0,1,0,1,1,0,1.1963186444821494,0.5473742016409855,0,0,1,0,0,1,0
1,0,0,0,-1.2842626174135892,1,0,0,0,0,0,0,0,1,-0.6883333698293078,-0.9901532157518429,0,0,0,0,0,0,0
1,0,1,1,1.616476514251552,1,1,1,1,1,1,1,1,1,0.8628546877245764,1.814341816983736,0,1,0,0,1,0,0
1,0,1,1,-0.7939968486814527,1,0,1,0,0,0,0,0,1,-0.49256845989202597,-0.7502932003606816,0,0,0,0,0,0,1
0,0,1,1,1.45305459134084,1,1,0,0,0,0,1,0,1,0.6040468406888483,1.5001490327448168,1,0,1,0,0,1,0
0,0,0,0,-1.161696175230555,1,0,0,0,0,0,0,0,0,0.18597262624651814,-0.885562066235951,0,0,1,0,0,1,0
1,0,0,0,-0.5897194450430624,1,0,0,0,1,1,0,0,0,-0.318370870541055,-0.5425454707989406,0,0,0,0,1,0,0
1,0,0,0,-0.5488639643153844,1,1,0,1,0,0,1,1,1,1.1664562005934118,-0.15691112695188827,0,0,1,0,0,1,0
0,1,0,0,0.30910113096585456,1,0,1,1,0,0,0,0,1,0.4779609664919551,0.4178436136458873,0,0,1,0,1,0,0
0,0,1,1,-0.7531413679537746,1,0,0,0,0,0,0,0,1,-1.5029144781276575,-0.8895347201529927,1,0,0,1,0,0,1
0,0,0,0,0.5542340153319228,1,0,0,0,0,0,0,0,0,-0.6584709259405698,-0.05223169623783979,0,0,0,0,0,0,0
1,0,0,0,-1.2842626174135892,1,0,0,0,1,0,1,0,1,0.6654307531268092,-0.9721438513279207,0,0,1,0,0,1,0
0,0,0,0,-0.9982742523198429,1,0,0,1,0,1,1,0,1,0.021729184858459708,-0.764859598056501,0,0,0,0,0,1,0
1,0,1,1,-0.3854420414046722,1,1,0,1,0,1,0,0,0,-0.16905865109736562,-0.3853607974813244,0,1,0,0,0,0,1
0,1,0,0,0.9627888226087032,1,1,1,0,1,1,0,1,0,0.2805370318941879,0.7799510181842371,0,1,0,0,0,0,0
1,0,0,0,-1.2025516559582332,1,0,0,1,0,0,0,1,0,0.6471814818614695,-0.9058446715124027,0,0,1,0,0,1,0
0,0,0,0,0.9219333418810253,1,0,0,1,1,0,0,1,1,-0.0014971603883365135,0.5870124596132458,0,1,0,0,0,0,1
1,0,0,0,-1.161696175230555,1,0,0,1,0,0,0,0,0,-0.5157948051388221,-0.9175860708672149,0,0,0,0,0,0,1
0,0,1,1,1.616476514251552,0,0,1,1,1,1,1,1,1,0.01343406155603252,1.1022877429530917,0,1,0,0,1,0,0
0,0,0,0,-0.6305749257707405,1,0,0,0,0,0,0,0,0,-1.5062325274486286,-0.8515517346461664,0,1,0,1,0,0,1
0,0,1,1,1.3304881491578058,1,1,1,1,0,1,1,0,1,1.1365937567046736,1.8227726714076797,0,1,1,0,1,0,0
1,0,0,0,-1.2842626174135892,1,0,0,0,0,0,0,0,1,-1.4796881328808613,-1.0006807486320035,0,0,0,1,0,0,1
0,0,0,0,0.7993668996979911,1,1,0,1,0,0,0,0,1,0.5111414597016638,0.8873892363406758,1,0,1,0,0,0,1
1,0,0,0,-0.30373107994931614,1,0,0,0,0,0,0,0,0,-1.4896422808437741,-0.7841269695541533,1,0,0,1,1,0,0
0,0,1,0,1.0444997840640593,1,1,0,1,1,0,0,1,1,0.978986413958557,1.4667566695421272,1,0,1,0,0,1,0
0,0,1,0,1.575621033523874,0,0,1,1,1,1,0,0,1,-0.5705426189348416,0.48138400601901526,0,1,0,0,0,0,0
1,0,0,0,-1.2025516559582332,1,0,0,0,1,0,0,0,1,0.2921502045175858,-0.9069702567888979,0,0,1,0,1,0,0
1,0,1,1,-0.6305749257707405,1,1,0,1,1,1,0,0,1,0.06320480137059566,-0.5341808272736138,0,0,0,0,0,0,1
1,0,0,0,-1.2842626174135892,1,0,0,0,0,0,0,0,1,0.18431360158603233,-0.9785442381942656,0,0,1,0,0,1,0
1,0,1,0,-0.6305749257707405,1,1,0,1,0,0,0,0,1,0.5210956076645764,-0.41948148056880463,0,0,1,0,0,0,0
0,0,1,1,-0.7939968486814527,1,0,1,0,0,1,0,0,0,-0.35321038841124935,-0.7001494798077998,1,0,0,0,0,0,0
0,1,1,0,-1.2842626174135892,1,0,0,0,0,0,0,0,1,0.1577692070182654,-0.9788973629868915,0,0,1,0,0,1,0
1,0,0,0,-0.14030915703860394,1,0,1,1,0,1,0,0,1,-0.20058011964658903,-0.26088430808068486,1,0,0,0,0,1,0
0,0,0,0,1.0036443033363813,1,1,1,1,1,0,1,1,1,1.5978026123196256,1.8440925807624702,0,1,1,0,0,0,0
0,0,1,0,-0.8348523294091307,1,0,0,1,0,0,0,0,1,-0.4494338187194047,-0.7394125426878952,0,0,0,0,0,1,0
1,1,0,0,-0.7939968486814527,1,0,0,0,0,0,1,1,1,0.8529005397616639,-0.47940234381751673,0,0,1,0,0,1,0
1,0,0,0,0.8402223804256691,1,1,0,0,0,0,0,0,0,-1.333693962758143,-0.44503888743510617,0,1,0,1,0,0,1
1,0,1,0,1.0036443033363813,1,0,1,1,0,1,0,0,1,-0.16739962643688028,0.5133197294521226,0,1,0,0,0,1,0
0,1,1,0,1.3304881491578058,1,1,0,1,1,0,1,1,1,1.3754933078145768,2.071328384817255,1,0,1,0,0,1,0
0,0,0,0,-1.161696175230555,1,0,1,1,0,1,0,0,1,-0.14583230585056964,-0.8894685092543753,0,0,0,0,0,0,1
0,1,0,0,-0.7939968486814527,1,0,0,1,1,0,0,0,1,-0.3316430678249387,-0.686796948586632,0,0,0,0,0,1,0
0,0,1,1,-0.9982742523198429,1,0,0,0,0,0,0,0,0,-1.5178457000720267,-0.9205655613049962,0,1,0,1,0,0,1
0,0,1,0,1.1262107455194155,1,1,0,1,1,0,1,1,1,1.372175258493606,1.8203670087579158,0,0,1,0,0,1,0
0,0,1,0,-0.7122858872260965,1,0,0,0,0,0,1,1,0,0.7749263807188486,-0.3957779788637893,0,0,1,0,0,1,0
0,0,0,0,-1.2842626174135892,1,0,0,0,0,0,0,0,1,0.15611018235778007,-0.9789194332864307,0,0,1,0,0,1,0
0,0,0,0,-1.161696175230555,1,0,0,0,0,0,0,0,0,-1.481347157541347,-0.9722983434246946,0,0,0,1,0,0,1
1,0,1,1,0.06396824659978628,0,0,1,0,0,0,0,0,0,-1.1412471021418322,-0.5952714163978993,1,0,0,0,0,0,0
1,0,1,1,-1.2842626174135892,1,0,0,0,0,0,0,0,0,-0.6717431232244534,-0.9899325127564517,0,0,0,0,0,1,0
0,1,0,0,0.10482372732746434,1,1,1,1,1,0,1,1,1,1.445172343554965,0.6351477829080676,1,0,1,0,0,1,0
1,0,0,1,-1.2434071366859112,1,0,0,0,0,0,0,1,1,-0.3150528212200843,-0.9616383887472992,0,0,0,0,0,1,0
0,0,1,1,0.06396824659978628,1,0,0,0,0,0,0,0,0,-1.4647569109364926,-0.6933738978492898,0,0,0,1,0,0,1
1,0,0,0,-0.7122858872260965,1,0,0,0,0,0,0,0,0,-1.4929603301647452,-0.8751448848534862,1,0,0,1,0,0,1
0,0,1,0,0.3908120924212107,1,1,1,1,0,1,0,0,1,0.05325065340768312,0.194470112010449,0,0,0,0,1,0,0
0,0,0,0,1.5347655527961959,1,0,0,0,0,0,0,0,0,-1.4962783794857157,-0.4174510130112056,1,0,0,1,0,0,0
1,0,1,1,0.06396824659978628,1,0,0,0,0,0,0,1,1,0.46966584318952787,0.15889278915338662,1,0,1,0,0,0,0
1,0,0,0,-1.2842626174135892,1,0,0,0,0,0,0,0,0,-1.4830061822018323,-1.0007248892310818,0,0,0,1,0,0,1
1,1,0,0,0.3908120924212107,1,1,0,1,0,0,0,0,1,0.4829380404734111,0.46650862412964794,0,0,1,0,0,0,0
0,0,0,0,-1.2842626174135892,1,0,0,0,0,0,0,0,1,-1.5112096014300849,-1.0011000843232467,0,0,0,1,0,0,0
0,0,1,1,1.0036443033363813,1,0,1,1,0,0,0,0,0,-0.37643673365804536,0.33801534021288854,1,0,0,0,0,1,0
0,0,1,0,-0.7531413679537746,1,1,1,0,0,0,1,0,1,-0.003156185048821857,-0.5942341123195607,0,0,0,0,0,0,0
1,0,0,0,-0.9165632908644868,1,0,0,0,0,0,0,1,1,-0.2669411060660065,-0.7874595847845605,0,0,0,0,0,0,0
0,0,0,0,-0.4262975221323503,1,0,0,1,1,0,1,0,0,0.015093086216517863,-0.3731779921357299,1,0,0,0,0,0,0
0,0,0,0,-0.7122858872260965,1,0,0,0,0,0,0,0,0,-1.4946193548252305,-0.8783671485861978,0,0,0,1,0,0,0
1,0,1,0,1.1262107455194155,1,1,0,0,0,0,0,0,0,-1.348625184702512,-0.3448838681265774,1,0,0,1,0,0,0
1,1,0,0,-0.9574187715921648,1,1,0,1,0,0,1,1,1,1.1498659539885574,-0.6037684817204606,0,0,1,0,1,0,0
1,0,0,0,1.0853552647917375,1,0,0,0,1,0,0,1,1,-0.11431083730134622,0.5995483897514663,1,0,0,0,0,0,0
1,0,0,0,0.06396824659978628,1,1,0,1,1,0,1,1,1,1.3788113571355474,0.5570630631386594,0,0,1,0,0,1,0
0,0,0,0,-1.2842626174135892,1,1,0,1,0,0,1,1,1,1.1764103485563242,-0.9653461990698715,0,0,1,0,1,0,0
0,0,1,0,0.6359449767872789,1,0,0,1,1,0,1,1,1,1.070232770285256,1.0618990947965012,1,0,1,0,0,1,0
1,0,1,1,1.575621033523874,1,1,1,1,1,1,1,1,0,0.8329922438358388,1.8406275437348283,0,1,0,0,1,0,0
0,0,1,1,1.575621033523874,0,0,1,1,0,1,1,1,0,-0.16905865109736562,0.8101652582532929,0,1,0,0,0,0,0
0,0,0,0,-0.9574187715921648,1,0,0,0,0,0,0,0,1,-0.6833562958478513,-0.8315560432637232,0,0,0,0,0,0,0
0,0,0,0,-0.9165632908644868,1,1,0,0,0,0,0,0,1,-1.3370120120791138,-0.8903513212359401,0,0,0,1,0,0,1
0,0,0,0,1.616476514251552,1,1,1,1,1,1,1,1,0,1.6674816480600136,2.7004202028803452,0,1,1,0,1,0,0
1,0,1,0,-1.2025516559582332,0,0,0,1,0,0,0,0,0,-1.1611553980676577,-0.9679284241159486,0,0,0,0,1,0,0
1,0,0,0,1.0036443033363813,0,0,1,0,1,0,1,1,1,-0.3664825856951328,0.40113639689477315,0,0,0,0,0,1,0
0,0,1,0,0.10482372732746434,1,0,0,1,0,1,0,0,0,-0.2636230567450356,-0.18809646020066556,0,0,0,0,0,1,0
1,0,0,0,0.7176559382426351,1,1,0,0,1,1,0,1,0,0.15611018235778007,0.4992168080466245,0,1,0,0,0,0,0
1,0,0,0,-0.9574187715921648,1,1,0,0,0,0,1,0,1,0.6869980737131202,-0.6601360267433743,0,0,1,0,0,1,0
1,0,1,1,-0.8348523294091307,1,0,1,0,0,0,0,0,1,-0.5174538297993075,-0.7574881180104348,0,0,0,0,0,1,0
1,1,1,0,1.1262107455194155,1,0,0,1,1,0,1,1,1,1.1000952141739941,1.5801317982745893,1,0,1,0,0,1,0
1,0,0,0,0.5542340153319228,0,0,0,1,0,0,0,0,0,-1.1445651514628032,-0.4004127417670046,0,0,0,0,0,0,0
0,0,0,0,-0.8348523294091307,0,0,1,0,0,1,0,0,1,-1.0350695238707641,-0.8173869109596078,1,0,0,0,0,0,1
0,0,0,0,-0.8757078101368088,1,0,0,0,1,1,0,0,0,-0.36482356103464747,-0.7219990763515292,1,0,0,0,0,0,0
1,0,0,0,0.26824565023817654,0,0,0,0,0,1,0,1,1,-0.8028060714028029,-0.3499158964214969,0,0,0,0,0,1,0
1,0,1,1,0.7176559382426351,1,1,0,1,0,1,1,1,0,1.2908830501298196,1.2287946999113304,0,0,1,0,0,1,0
0,0,1,0,-0.5488639643153844,1,1,0,0,0,0,1,0,1,0.7317917395462268,-0.31906161766580643,0,0,1,0,0,1,0
1,0,1,1,1.616476514251552,1,0,1,0,1,1,1,1,1,1.33069964198147,2.327233507973357,0,1,1,0,1,0,0
1,1,1,0,-1.0391297330475209,1,1,0,0,0,0,1,1,1,1.0221210551311783,-0.7251771994851625,0,0,1,0,0,0,0
1,0,0,0,0.18653468878282042,1,1,1,1,1,1,0,0,0,0.08809017127787722,0.06889010763285346,1,0,0,0,0,1,0
1,0,1,1,-0.05859819558324785,1,1,0,0,0,0,0,0,0,-1.2955363955669779,-0.6760707830106194,0,1,0,1,0,0,1
0,0,0,0,-1.2842626174135892,1,0,0,0,0,0,0,0,1,0.1710414043021491,-0.9787208005905786,0,0,1,0,0,0,1
0,1,0,0,1.616476514251552,1,1,0,1,1,1,1,1,0,1.5546679711470042,2.4966892678347237,0,1,1,0,0,1,0
0,0,1,1,-0.017742714855569806,1,0,1,1,0,1,0,0,0,-0.11265181264086088,-0.18652946893338793,0,0,0,0,0,0,0
1,0,0,0,0.5542340153319228,1,1,0,0,0,0,0,0,0,0.26560580994981886,0.42470747680255383,0,0,1,0,0,0,0
0,0,0,0,-0.22202011849396003,1,1,0,0,0,0,1,1,1,1.0221210551311783,0.13596174793224053,0,0,1,0,0,0,0
1,0,1,1,1.493910072068518,1,0,0,0,0,0,0,0,1,-1.4680749602574634,-0.3902604039790092,1,0,0,1,1,0,0
0,1,0,0,-1.161696175230555,1,1,0,0,1,0,0,1,1,0.7981527259656442,-0.8451954883788997,0,0,1,0,0,1,0
1,0,0,0,-0.7531413679537746,1,0,0,0,0,0,1,1,1,0.9325337234649651,-0.4192387072738743,0,0,1,0,0,1,0
0,0,0,0,-0.017742714855569806,1,0,0,0,0,0,0,0,0,-1.4946193548252305,-0.7340936004989671,1,0,0,1,0,0,0
1,0,0,0,1.4121991106131617,1,0,0,0,0,0,0,0,1,-1.504573502788143,-0.4816976549695853,1,0,0,1,0,0,1
0,0,0,0,-1.2842626174135892,1,0,0,0,0,0,0,0,0,-1.4946193548252305,-1.0008793813278556,0,0,0,1,0,1,0
1,0,0,0,0.4316675731488887,1,0,1,1,1,1,0,0,1,0.8578776137431204,0.7040733283687409,1,0,1,0,1,0,0
1,0,0,0,-0.4671530028600283,1,0,0,0,0,0,0,0,1,-1.4879832561832886,-0.8257956950840127,0,0,0,1,0,0,1
1,0,0,0,-1.2434071366859112,1,0,0,1,0,0,0,0,0,-0.5157948051388221,-0.9667807685399143,0,0,0,0,0,0,1
0,0,0,0,-0.8348523294091307,0,0,1,0,1,1,0,1,0,-0.4958865092129969,-0.7658969021348399,0,1,0,0,0,0,1
0,0,0,0,-0.181164637766282,0,0,0,0,1,1,0,0,1,-0.9637314634698904,-0.5852294301075994,0,0,0,0,0,0,1
0,1,0,0,-0.0994536763109259,1,1,0,1,1,0,1,1,1,1.3041552474137028,0.3680750881851706,0,0,1,0,0,1,0
1,0,0,0,-0.6714304064984186,1,1,0,0,0,1,0,1,1,0.8047888246075862,-0.37017643139840956,0,0,1,0,1,0,0
1,0,0,1,-0.05859819558324785,1,1,0,1,0,1,1,1,1,0.4862560897943823,0.13262913270183324,1,0,0,0,0,0,1
0,0,1,1,-0.7531413679537746,1,0,1,1,0,1,0,0,0,-0.1773537743997928,-0.6649252817433636,0,0,0,0,0,0,0
0,1,1,0,1.616476514251552,1,1,1,0,1,1,1,1,1,1.4916250340485575,2.554910718018924,0,1,1,0,0,0,1
0,0,1,1,0.8402223804256691,1,0,0,0,0,0,0,0,0,-1.4564617876340653,-0.5037238139096276,0,1,0,1,0,0,1
1,0,0,0,1.45305459134084,0,0,0,0,1,0,0,1,1,-0.8260324166495991,0.22472849267858305,0,0,0,0,0,0,0
0,0,0,0,0.7176559382426351,1,0,0,0,1,1,0,1,1,0.826356145193897,0.8904349376770743,0,1,1,0,0,0,0
0,1,1,0,1.5347655527961959,1,1,0,1,0,1,1,1,1,1.3522669625677806,2.166473446130403,1,0,1,0,0,0,0
0,0,1,0,1.3304881491578058,1,0,0,0,0,1,1,0,1,-0.16574060177639494,0.6713651444517642,0,1,0,0,1,0,0
0,0,0,0,-1.2842626174135892,1,0,0,0,0,0,0,0,0,0.18929067556748883,-0.9784780272956483,0,0,1,0,0,1,0
0,0,0,0,0.14567920805514237,1,0,0,1,0,0,1,1,1,0.9955766605634114,0.5643021213874909,0,0,1,0,1,0,0
0,0,1,0,1.0036443033363813,0,0,1,1,1,0,1,1,1,-0.20058011964658903,0.5077138733691858,0,0,0,0,0,0,0
0,0,0,0,-0.9574187715921648,1,0,0,0,0,0,1,1,1,0.7832215040212757,-0.6615043853147999,0,0,1,0,0,0,1
1,0,0,1,-1.2025516559582332,1,0,0,0,0,0,1,0,1,-0.33496111714590937,-0.9348009045077289,0,0,0,0,1,0,0
0,0,1,1,-0.5488639643153844,1,1,0,0,0,0,0,0,1,-1.3237398147952304,-0.8031515677568751,0,1,0,1,0,0,0
0,0,1,0,1.45305459134084,1,1,1,1,1,1,1,1,0,1.7852723989544796,2.517258787005184,0,1,1,0,0,0,1
1,1,1,0,-0.14030915703860394,1,1,0,1,1,0,0,1,1,1.0320752030940914,0.20215057625006277,0,0,1,0,0,1,0
0,1,0,0,-0.6305749257707405,1,1,0,0,1,0,0,0,1,0.5924336680654504,-0.36070827289612684,0,0,1,0,1,0,0
1,1,1,0,1.575621033523874,1,1,1,1,1,1,1,1,1,1.6674816480600136,2.528978116060457,0,1,1,0,0,0,0
1,0,1,1,-1.2842626174135892,1,0,0,0,0,0,1,1,0,0.8081068739285573,-0.9702458055675562,0,0,1,0,0,0,1
0,0,1,1,0.676800457514957,1,1,0,1,0,1,1,1,0,0.48127901581292576,0.7129676590830063,0,1,0,0,0,0,0
0,0,0,0,-0.7939968486814527,1,1,0,1,1,0,0,0,1,0.652158555842926,-0.5423247678035493,0,0,1,0,0,1,0
1,0,0,0,0.26824565023817654,1,0,1,0,1,0,1,1,1,1.183046447198266,0.6684960055116785,0,1,1,0,0,1,0
0,0,0,1,0.676800457514957,1,0,0,0,0,0,0,0,0,-1.4713930095784342,-0.5573105011906121,0,1,0,1,1,0,0
0,0,0,1,-0.4262975221323503,1,1,0,0,0,0,0,1,1,0.6621127038058385,-0.2076728158918654,0,0,1,0,0,1,0
1,0,1,1,1.1670662262470934,1,0,1,1,1,1,0,0,1,0.10799846720370228,0.8258793115251468,0,1,0,0,0,0,0
1,0,0,0,-1.2842626174135892,1,0,0,0,0,0,0,0,0,-1.4680749602574634,-1.0005262565352295,0,0,0,1,0,1,0
0,0,1,0,-1.2434071366859112,1,1,0,0,1,1,1,1,1,1.3141093953766159,-0.9024237750838391,0,0,1,0,0,1,0
0,0,0,1,-1.0391297330475209,1,0,0,0,0,0,0,0,0,-1.4846652068623178,-0.9668690497380708,1,0,0,1,0,0,1
1,1,1,0,1.575621033523874,1,1,0,0,0,0,0,0,0,-1.3054905435298905,-0.21963491824206866,0,1,0,1,1,0,0
1,0,0,0,-0.6305749257707405,1,0,0,0,0,0,0,0,0,-1.4879832561832886,-0.8724964489087917,1,0,0,1,0,0,1
0,0,1,0,-1.2025516559582332,1,1,0,0,0,0,0,0,1,0.36680631423943044,-0.8963323724110419,0,0,1,0,0,1,0
1,0,0,0,1.616476514251552,1,1,0,0,0,0,0,0,0,-1.3287168887766867,-0.22495386043099677,0,1,0,1,0,0,0
1,1,1,0,0.30910113096585456,1,0,0,0,0,0,0,1,0,-0.29846257461522996,-0.001734850892332087,1,0,0,0,0,1,0
1,0,0,0,-0.7531413679537746,1,0,0,0,0,0,0,0,1,-1.4846652068623178,-0.877484336604633,0,0,0,1,0,1,0
0,0,1,0,1.3304881491578058,1,1,0,1,1,1,1,1,1,1.4352181955920524,2.1327279581350878,1,0,1,0,1,0,0
0,0,1,0,0.5950894960596009,1,1,0,0,1,0,1,1,1,1.1847054718587515,1.0681449895660726,0,0,1,0,0,1,0
1,0,0,0,-0.30373107994931614,1,0,0,0,0,0,0,0,1,-1.481347157541347,-0.7728490464896628,0,0,0,1,0,0,1
1,1,0,0,-1.2434071366859112,1,1,0,0,0,0,0,0,1,0.258969711307877,-0.9414882052680822,0,0,1,0,0,0,1
1,1,1,0,0.5542340153319228,0,0,0,1,1,1,1,1,1,-0.16242255245542403,0.23368903429146606,1,0,0,0,0,0,0
0,0,1,1,0.9219333418810253,1,0,0,0,0,0,0,0,0,-1.4531437383130945,-0.47536347900185777,0,1,0,1,0,0,1
0,0,0,0,1.2487771877024496,1,1,0,1,1,1,1,1,1,1.494943083369528,2.0815469335038674,0,0,1,0,1,0,0
1,0,1,1,1.2079217069747716,1,0,1,1,1,1,1,1,0,0.7069063696389452,1.2924454437821538,0,1,0,0,0,1,0
0,0,1,0,0.6359449767872789,0,0,1,0,1,0,0,1,1,-0.6468577533171719,-0.06278129941753942,0,0,0,0,0,0,0
1,0,1,0,-0.5897194450430624,1,0,0,0,1,1,0,0,0,0.4447804732822463,-0.36128210068414396,0,0,1,0,0,1,0
1,0,0,0,1.575621033523874,1,1,0,0,1,1,0,0,1,0.7168605176018582,1.7147606254632242,0,1,1,0,1,0,0
1,0,1,1,0.10482372732746434,1,1,0,1,0,0,1,0,1,0.8246971205334116,0.3859520308118582,0,0,1,0,0,0,0
0,0,0,0,-0.22202011849396003,1,0,1,1,0,0,0,0,1,-0.2686001307264919,-0.27997511718202406,0,0,0,0,0,0,1
1,0,1,1,1.45305459134084,1,1,1,1,1,1,1,1,1,0.9093073782181689,1.8122451385275196,0,1,0,0,1,0,0
0,0,0,0,-1.2025516559582332,1,0,0,0,0,0,0,0,0,-1.4730520342389197,-0.9817223613278989,0,0,0,1,0,0,1
0,0,0,0,0.26824565023817654,1,0,0,0,0,0,0,0,0,-1.4630978862760071,-0.6730471519737599,0,1,0,1,1,0,0
0,0,0,0,0.8402223804256691,1,0,0,1,1,1,0,1,1,0.9839634879400135,1.216302910372188,1,0,1,0,1,0,0
0,0,1,1,-0.181164637766282,1,0,0,0,0,0,1,1,1,0.8396283424777802,0.13759495009813535,1,0,1,0,0,0,0
1,0,0,0,-1.120840694502877,1,0,0,1,0,0,0,0,1,0.32698972238778035,-0.8402517412821366,0,0,1,0,0,1,0
1,0,0,0,-0.9165632908644868,1,0,0,0,0,0,0,0,0,-1.4946193548252305,-0.9176743520653713,0,0,0,1,1,0,0
1,0,0,0,0.7176559382426351,0,0,1,0,0,1,0,0,1,-0.9753446360932885,-0.23762221236645184,1,0,0,0,0,0,1
1,0,0,0,-0.5488639643153844,1,0,0,0,0,0,1,0,1,0.4613707198871007,-0.3496510528270275,0,0,1,0,0,0,0
1,0,1,1,-0.6305749257707405,1,1,1,0,1,0,1,0,1,0.18431360158603233,-0.47918164082212555,1,0,0,0,0,0,0
1,0,0,0,-0.5080084835877063,1,0,0,1,0,0,0,0,1,-0.431184547454065,-0.557663625983238,0,0,0,0,0,0,1
0,0,1,1,1.2487771877024496,1,0,0,0,0,0,0,0,0,-1.4863242315228034,-0.4758269552921793,0,1,0,1,1,0,0
1,0,0,0,1.616476514251552,1,1,1,1,1,1,1,1,0,0.7251556409042854,1.7380668617765356,0,1,0,0,0,0,0
1,0,1,0,0.7993668996979911,1,1,1,0,1,1,0,0,1,0.8893990822923433,1.0331414944970274,0,1,1,0,1,0,0
0,0,1,1,1.0853552647917375,1,0,0,0,0,0,0,0,0,-1.5029144781276575,-0.4699121150156949,0,1,0,1,1,0,0
1,0,0,1,-0.0994536763109259,1,0,0,1,1,0,1,0,0,-0.009792283690763702,-0.1577056577352966,1,0,0,0,1,0,0
0,1,1,0,-0.5488639643153844,1,1,0,0,0,0,1,1,1,1.0005537345448678,-0.23261225437107153,0,0,1,0,0,1,0
1,0,1,1,0.5950894960596009,1,1,1,1,1,1,1,1,1,1.6143928589244798,1.33771162813689,1,0,1,0,0,0,0
1,0,0,0,0.4316675731488887,0,0,0,0,1,1,0,1,0,-0.6850153205083369,-0.15710975964774038,1,0,0,0,0,1,0
1,0,1,0,1.0036443033363813,0,0,0,1,1,1,1,1,1,-0.24205573615872497,0.4320127459500026,0,1,0,0,0,0,0
1,0,0,0,1.0853552647917375,1,1,0,0,1,0,0,0,0,-0.35321038841124935,0.3658901285307978,0,1,0,0,1,0,0
0,0,0,0,-0.8348523294091307,1,0,0,1,0,0,0,1,1,0.657135629824382,-0.5605327649233237,0,0,1,0,0,1,0
1,0,1,0,0.4316675731488887,1,0,0,0,0,0,1,0,1,-0.28021330334989,0.04587078521355076,1,0,0,0,0,0,1
1,0,0,0,1.2896326684301276,1,1,0,1,1,1,1,1,0,0.7218375915833142,1.4766441637356535,0,1,0,0,1,0,0
1,0,1,1,-1.079985213775199,1,0,0,0,0,0,0,0,0,-1.4913013055042594,-0.9483079278256706,0,0,0,1,1,0,0
1,1,1,0,-1.2842626174135892,1,0,0,0,0,0,0,0,1,0.18265457692554699,-0.9785663084938047,0,0,1,0,0,1,0
1,0,1,1,-0.6305749257707405,1,1,0,0,0,0,0,0,1,-1.3154446914928033,-0.827473037848986,0,1,0,1,0,0,1
0,1,0,0,1.1262107455194155,1,1,0,0,1,1,1,1,1,1.3671981845121495,1.8336753993800052,1,0,1,0,0,1,0
1,0,1,1,1.616476514251552,1,1,1,1,1,1,1,1,1,1.634301154850305,2.6493053891477425,0,1,1,0,1,0,0
1,0,0,0,-1.120840694502877,0,0,1,1,1,1,0,0,1,-0.7148777643970747,-0.9129292376644604,0,0,0,0,0,0,1
0,0,1,1,1.3304881491578058,1,1,1,0,1,1,1,1,0,1.4766938121041884,2.229241378019662,0,1,1,0,0,1,0
1,0,0,0,-1.079985213775199,1,0,0,1,0,0,1,0,0,-0.1773537743997928,-0.8517503673420185,0,0,0,0,0,1,0
1,0,0,0,-1.161696175230555,1,0,0,0,1,1,1,1,1,0.31869459908535314,-0.87730777420832,0,0,0,0,0,1,0
0,0,1,1,-0.5080084835877063,1,1,0,1,1,0,1,1,1,1.3622211105306932,-0.02100222238998431,0,0,1,0,0,0,0
0,0,1,0,1.1670662262470934,1,1,0,0,0,0,0,0,0,-1.3403300614000848,-0.38372759531542944,0,1,0,1,0,0,1
0,1,1,0,1.3304881491578058,1,1,1,0,1,0,1,1,0,1.342312814604868,1.9859604661999366,0,0,1,0,0,0,0
0,0,1,0,1.616476514251552,1,1,1,1,1,1,1,1,1,1.684071894664868,2.6595460081338937,0,1,1,0,1,0,0
0,1,0,0,-0.9982742523198429,1,1,0,1,1,0,1,1,1,1.3506079379072953,-0.6434288099922603,0,0,1,0,0,1,0
0,0,0,0,-0.8348523294091307,1,1,0,0,0,1,1,1,0,0.3070814264619548,-0.6244042117895383,1,0,0,0,0,0,1
0,1,0,0,0.4316675731488887,1,0,1,1,0,1,1,1,1,1.4385362449130237,1.021179392146824,0,0,1,0,1,0,0
0,1,0,0,-0.0994536763109259,0,0,0,0,1,0,1,0,1,-0.8127602193657156,-0.49184999275758073,0,0,0,0,0,1,0
1,0,0,0,1.0444997840640593,1,1,0,0,0,1,0,0,0,0.5260726816460328,1.1123959401420092,0,0,1,0,0,0,0
0,0,1,0,0.5542340153319228,1,0,1,1,0,1,0,1,0,0.1926087248884595,0.41660767687169664,1,0,0,0,0,0,1
1,0,0,0,-0.34458656067699417,1,1,0,0,0,0,1,1,1,0.9723503153166152,0.015722756043112095,0,0,1,0,0,1,0
1,0,1,1,0.676800457514957,0,0,0,1,0,0,1,1,1,-0.431184547454065,0.1121258244299904,1,0,0,0,0,0,0
1,1,0,0,-1.161696175230555,1,0,0,0,0,0,0,0,1,0.19426774954894532,-0.8798899992543971,0,0,1,0,0,1,0
1,0,1,1,-0.9165632908644868,1,0,0,1,0,0,0,0,0,-0.5058406571759096,-0.7996203198306159,1,0,0,0,0,0,1
1,0,0,1,0.8810778611533472,1,1,0,1,0,0,0,0,1,-0.3250069691829969,0.35551708774741114,0,0,0,0,1,0,0
0,0,0,0,0.7176559382426351,0,0,0,1,1,1,0,0,0,-0.8326685152915407,-0.15646972096110587,0,1,0,0,1,0,0
0,0,1,1,0.6359449767872789,1,1,0,0,0,0,0,1,1,0.5725253721396248,0.7692469229077635,1,0,1,0,0,0,1
0,0,0,0,-0.0994536763109259,1,0,0,0,0,1,1,0,0,0.6753849010897223,0.11859242219495275,0,0,1,0,0,1,0
0,0,0,1,-1.2025516559582332,1,0,1,0,0,1,0,1,1,-0.009792283690763702,-0.9312917268810086,0,0,0,0,0,0,0
0,0,1,1,-1.2842626174135892,1,0,0,0,0,0,0,0,1,-1.4896422808437741,-1.0008131704292382,0,0,0,1,0,1,0
0,0,0,1,0.6359449767872789,0,0,0,1,1,0,0,1,0,-0.6385626300147447,-0.07895882897971478,0,0,0,0,1,0,0
0,0,0,0,-0.14030915703860394,1,1,1,0,0,0,0,1,1,0.043296505444770116,-0.16556268437122348,0,0,0,0,0,1,0
0,0,0,0,-1.2025516559582332,1,0,0,0,0,0,0,0,0,-1.4863242315228034,-0.981523728632047,0,0,0,1,0,0,1
0,0,0,0,-0.7531413679537746,1,0,0,0,0,1,0,1,0,-0.18896694702319092,-0.6684565296696229,1,0,0,0,1,0,0
0,1,0,0,0.676800457514957,1,1,1,0,0,0,1,1,0,1.2195449897289454,1.2285077860173217,0,0,1,0,1,0,0
0,0,1,1,1.493910072068518,1,0,0,0,0,0,0,0,0,-1.5062325274486286,-0.41537640485452826,0,1,0,1,0,0,1
0,0,1,1,1.616476514251552,0,0,1,0,1,0,1,1,1,-0.36482356103464747,0.7350379586221268,0,1,0,0,1,0,0
0,0,1,1,1.3713436298854838,1,0,1,1,0,1,0,0,1,-0.21882939091192877,0.6725128000277987,0,1,0,0,1,0,0
1,0,0,1,0.8402223804256691,1,0,1,1,1,0,0,1,0,1.0337342277545767,1.2137206853261109,1,0,1,0,0,1,0
1,1,1,0,-0.7122858872260965,1,1,0,0,0,0,0,1,1,0.6903161230340908,-0.41566331874853685,0,0,1,0,0,0,0
0,0,0,0,-0.9165632908644868,0,0,0,0,0,1,0,0,1,-1.1677914967095993,-0.8775946881023285,0,1,0,0,0,0,1
1,0,0,0,-0.22202011849396003,1,0,1,0,0,0,0,0,0,-0.4792962626081425,-0.3866188045550543,0,0,0,0,0,0,1
0,0,0,0,1.616476514251552,1,0,1,1,1,1,0,1,1,0.27224190859176073,1.3144936730217351,0,1,0,0,1,0,0
1,0,1,0,-0.4671530028600283,1,0,0,0,0,0,1,0,0,-0.33827916646688033,-0.5129271288174407,0,0,0,0,0,0,0
0,0,0,0,-1.2842626174135892,1,0,0,0,0,0,0,1,1,-0.33330209248542403,-0.9854301716504712,0,0,0,0,0,0,1
1,0,1,0,0.9219333418810253,1,0,1,1,1,0,0,0,0,-0.2055571936280453,0.3449012736690941,0,1,0,0,0,1,0
0,0,1,1,1.0444997840640593,1,0,0,0,0,0,0,0,0,-1.4763700835598907,-0.4972351458451261,0,1,0,1,1,0,0
0,1,0,0,-1.079985213775199,1,0,0,0,1,0,0,0,0,0.31869459908535314,-0.8179828090471641,0,0,1,0,0,1,0
0,0,0,0,-0.8348523294091307,1,0,0,0,0,0,0,0,0,-1.4962783794857157,-0.8944343266506775,1,0,0,1,0,0,1
0,0,0,0,-0.5897194450430624,0,0,1,1,0,1,0,0,1,-0.8160782686866863,-0.6953381545082715,1,0,0,0,0,0,1
1,0,0,0,-1.2025516559582332,1,0,0,0,0,0,0,0,1,0.18265457692554699,-0.9123112692773651,0,0,1,0,0,0,1
1,0,1,1,0.9219333418810253,1,0,1,0,0,0,0,1,0,-0.1773537743997928,0.38392156325425913,1,0,0,0,1,0,0
1,0,1,0,-1.161696175230555,1,1,0,0,0,0,0,0,1,0.32698972238778035,-0.8765573840239899,0,0,1,0,0,1,0
0,1,0,0,-0.9165632908644868,0,0,0,0,0,0,0,1,1,-0.9985709813400845,-0.8640214538857695,0,0,0,0,0,1,0
0,1,1,0,1.5347655527961959,1,1,1,0,0,0,0,1,1,0.8645137123850618,1.8463437513154608,0,0,1,0,0,1,0
0,0,0,0,0.7176559382426351,1,0,0,0,0,0,0,0,0,-1.4946193548252305,-0.5730245544624659,1,0,0,1,0,0,0
1,0,1,1,1.616476514251552,1,1,0,0,0,0,0,0,0,-1.3436481107210556,-0.28425675529261346,0,1,0,1,0,0,0
1,1,0,0,1.3713436298854838,1,1,0,1,1,1,1,1,0,1.5297826012397227,2.2709542441485997,1,0,1,0,1,0,0
1,1,0,0,-1.2434071366859112,1,1,0,0,0,0,1,1,1,0.9690322659956445,-0.9293936811206444,0,0,1,0,0,1,0
0,0,0,1,0.47252305387656673,1,1,0,1,0,0,1,1,1,0.42321315269593546,0.522567184959014,1,0,0,0,0,0,1
1,0,0,0,0.9627888226087032,1,1,0,0,0,0,0,0,0,-1.3237398147952304,-0.42076155794207365,1,0,0,1,0,1,0
1,0,0,0,-1.079985213775199,1,0,0,0,0,1,0,0,1,-0.507499681836395,-0.8715694963281486,0,0,0,0,1,0,0
1,0,1,0,-0.30373107994931614,1,0,0,0,0,0,0,0,1,-1.4548027629735798,-0.7910349733098979,1,0,0,1,0,0,0
1,0,0,0,-1.079985213775199,1,0,0,0,0,0,0,0,0,-1.466415935596978,-0.9581292111205792,1,0,0,1,0,0,1
1,0,0,0,-1.2842626174135892,1,0,0,0,0,0,0,0,1,-0.6534938519591135,-0.9896897394615215,0,0,0,0,0,0,0
0,0,1,0,0.8402223804256691,1,0,1,1,1,0,1,1,1,1.3705162338331203,1.537205065671,1,0,1,0,0,0,0
0,0,1,0,-0.7531413679537746,1,0,1,1,0,1,1,1,0,1.3655391598516642,-0.4141846086794157,1,0,1,0,0,0,1
1,0,1,1,1.3713436298854838,0,0,0,0,1,1,1,1,0,-0.336620141806395,0.5935894088759037,0,1,0,0,0,0,0
1,0,1,0,1.45305459134084,1,0,0,1,0,1,1,1,1,1.1780693732168095,1.9718134041953608,1,0,1,0,0,1,0
0,0,0,0,-0.181164637766282,1,0,0,1,0,1,0,0,0,-0.336620141806395,-0.3397635586335015,0,0,0,0,0,0,0
0,0,1,1,-1.2025516559582332,0,0,1,0,0,0,0,0,0,-1.1644734473886282,-0.9691202202910613,0,0,0,0,1,0,0
0,0,0,0,-0.34458656067699417,1,0,1,0,0,0,1,1,1,0.9889405619214696,-0.0018010617909494885,0,0,1,0,0,1,0
0,0,0,0,-0.9574187715921648,0,0,0,1,0,0,0,1,0,-0.7978289974213466,-0.8509558365586101,0,0,0,0,0,1,0
1,0,1,0,-0.4262975221323503,1,0,0,0,0,0,0,0,1,-1.4713930095784342,-0.8014521546923629,0,0,0,1,0,0,0
0,0,0,0,0.9627888226087032,1,1,0,1,0,1,1,1,1,1.3489489132468098,1.6021800275141707,0,0,1,0,0,0,0
1,0,0,1,-0.4671530028600283,1,0,0,0,0,0,0,0,0,-0.6352445806937738,-0.5747901784255955,0,0,0,0,0,0,1
1,1,0,0,-0.6714304064984186,1,1,0,0,0,0,1,0,1,0.7234966162437996,-0.44415607545354135,0,0,1,0,0,1,0
1,0,1,1,1.616476514251552,1,1,0,0,0,0,0,0,1,-1.3137856668323176,-0.21555191282733135,0,1,0,1,0,0,0
1,0,0,0,-1.2842626174135892,1,0,0,0,0,0,0,0,1,-0.6584709259405698,-0.9897559503601389,0,0,0,0,0,0,1
0,0,1,1,-0.017742714855569806,1,1,0,1,0,0,1,1,1,1.1299576580627317,0.3541707994755247,0,0,1,0,0,1,0
0,0,0,0,-1.2842626174135892,1,0,0,0,0,0,0,0,0,-1.4946193548252305,-1.0008793813278556,0,0,0,1,0,0,1
0,0,0,0,-0.30373107994931614,1,0,0,0,0,0,0,0,0,-1.5178457000720267,-0.8059765660978826,0,0,0,1,0,0,1
0,0,1,1,-0.6305749257707405,1,1,0,0,1,1,0,0,1,-0.09440254137552093,-0.5369837553150821,1,0,0,0,0,0,1
1,0,1,0,0.02311276587210824,1,0,0,0,1,0,1,1,1,1.0287571537731202,0.33084249286267436,1,0,1,0,0,1,0
1,0,1,1,-0.7531413679537746,1,1,1,1,0,0,0,1,0,0.14615603439486755,-0.5926229804532048,0,0,0,0,0,0,1
0,0,1,0,1.616476514251552,0,0,1,1,1,1,1,1,0,0.02338820951894505,1.1619879032064127,0,1,0,0,0,0,0
1,0,0,0,0.5950894960596009,1,1,0,1,1,0,1,1,1,1.270974754203994,1.1485691610866275,1,0,1,0,0,1,0
0,0,1,0,0.26824565023817654,1,0,1,0,1,1,1,1,1,1.3240635433395282,0.8155504113408386,1,0,1,0,1,0,0
0,0,0,0,-1.079985213775199,1,0,0,0,0,0,0,0,1,-1.4548027629735798,-0.9612631936551342,0,0,0,1,0,0,1
0,0,1,1,-0.8757078101368088,1,0,0,0,0,0,0,0,0,-1.466415935596978,-0.9063522884018025,1,0,0,1,0,0,1
0,1,1,0,-0.5080084835877063,1,0,0,0,0,0,1,1,1,0.8694907863665182,-0.18880270978591737,1,0,1,0,0,0,0
1,0,1,1,1.2079217069747716,1,1,1,1,0,0,1,1,1,1.3506079379072953,1.8538917937578396,0,0,1,0,0,1,0
1,0,0,0,-1.2842626174135892,0,0,0,0,0,0,0,0,1,-1.3453071353815411,-0.9988930543693347,0,0,0,0,0,1,0
1,0,1,1,0.06396824659978628,0,0,0,0,0,1,1,0,1,-0.8044650960632884,-0.4243590167669503,0,1,0,0,0,1,0
1,0,1,1,-0.181164637766282,1,0,0,0,1,0,1,0,0,0.6853390490526348,0.0011784286468317765,0,0,1,0,0,1,0
1,0,1,1,0.3908120924212107,0,0,0,1,1,0,0,1,1,-0.6534938519591135,-0.10513420423311155,1,0,0,0,1,0,0
0,1,1,0,-0.34458656067699417,0,0,0,0,1,0,0,1,1,-0.8011470467423175,-0.5976329384485852,0,0,0,0,1,0,0
0,0,0,0,0.9219333418810253,1,1,0,0,0,0,0,0,1,0.2755599579127314,0.8199865415482015,0,0,1,0,0,1,0
1,0,0,0,0.14567920805514237,1,1,0,0,0,0,0,1,1,0.6621127038058385,0.33675733313915873,0,0,1,0,0,1,0
1,0,0,0,-0.34458656067699417,1,1,1,0,0,0,0,0,1,-0.3034396485966862,-0.39138598925550433,0,0,0,0,0,0,0
0,0,0,0,-0.30373107994931614,1,0,0,1,0,1,0,1,1,0.033342357481857585,-0.2681895772281337,0,0,0,0,0,0,0
0,0,1,1,0.02311276587210824,1,0,0,0,0,0,0,0,0,-1.4830061822018323,-0.7538465185864799,1,0,0,1,0,0,1
0,1,0,0,-1.2842626174135892,1,0,0,0,0,0,1,0,0,0.4530755965846735,-0.9749688496689282,0,0,1,0,0,1,0
0,1,0,0,-1.2434071366859112,1,0,0,0,0,0,0,0,1,0.18431360158603233,-0.948219646627514,0,0,1,0,0,1,0
1,0,0,1,0.26824565023817654,1,1,0,0,0,1,1,1,0,1.1863644965192368,0.7098336765484513,0,1,1,0,0,0,1
1,0,1,0,0.9219333418810253,0,0,0,0,1,1,1,1,1,-0.3399381911273659,0.3050423127014426,0,0,0,0,0,0,0
0,0,1,1,1.616476514251552,1,1,1,0,1,0,1,0,1,0.22081214411671224,1.2088431491279656,0,1,0,0,0,0,0
0,0,1,1,1.5347655527961959,1,0,1,1,1,1,0,1,0,0.30874045112244014,1.2955573560171698,1,0,0,0,1,0,0
0,0,0,0,-1.161696175230555,1,0,0,1,0,0,1,1,1,0.1279067631295278,-0.8942798345539036,0,0,0,0,0,0,0
1,0,0,0,-1.0391297330475209,1,1,0,0,0,0,0,1,1,0.6770439257502076,-0.7436279698998672,0,0,1,0,0,0,1
0,0,1,1,0.8810778611533472,1,0,0,0,0,0,0,0,1,-1.4747110588994052,-0.527427315614643,0,1,0,1,0,0,0
0,0,1,1,-0.05859819558324785,1,1,0,0,1,1,1,1,1,1.3074732967346738,0.4220811111573984,0,0,1,0,0,1,0
0,1,1,1,1.1262107455194155,1,0,1,1,1,1,0,1,1,0.3336258210297217,0.9574624373773833,1,0,0,0,1,0,0
0,0,0,0,-1.2842626174135892,1,0,1,0,0,0,0,0,0,-0.4859323612500844,-0.9874606392080703,0,0,0,0,0,1,0
1,1,1,0,1.3304881491578058,1,0,0,0,0,0,0,0,1,0.20422189751185785,1.0010954195662243,1,0,1,0,0,0,0
0,0,0,0,-0.8348523294091307,1,0,0,0,0,0,0,0,0,-1.481347157541347,-0.8945226078488339,1,0,0,1,0,1,0
1,0,1,1,1.616476514251552,0,0,1,1,1,1,1,1,1,0.010116012235061362,1.088979352331002,0,1,0,0,1,0,0
0,0,0,0,-1.0391297330475209,1,0,0,0,0,0,0,0,0,-1.5095505767695994,-0.9456153512818979,0,0,0,1,0,0,1
0,1,1,0,0.47252305387656673,1,0,1,1,0,1,0,0,1,0.6753849010897223,0.6105835395210265,0,0,1,0,0,1,0
1,1,1,0,-1.0391297330475209,1,0,0,0,0,0,1,1,1,0.8031297999471008,-0.7423478925265982,0,0,1,0,0,1,0
1,0,0,0,-0.8348523294091307,1,1,0,0,0,0,0,0,0,-1.3204217654742594,-0.8700245753604102,0,0,0,1,0,1,0
1,0,1,0,1.2079217069747716,1,0,0,1,1,1,0,0,1,-0.15412742915299682,0.6470878149587317,0,1,0,0,1,0,0
1,0,1,1,-1.161696175230555,1,0,0,0,0,0,0,0,1,-1.469733984917949,-0.9753440447610932,0,0,0,1,0,0,1
0,0,0,0,-1.120840694502877,1,1,0,1,0,0,0,1,1,-0.02638253029561808,-0.846166581558621,0,0,0,0,0,1,0
0,0,0,0,-1.2434071366859112,1,0,0,0,1,0,0,0,1,0.3651472895789451,-0.9386411366275358,0,0,1,0,0,1,0
1,0,0,0,-1.2842626174135892,1,0,0,0,0,0,0,0,1,0.18265457692554699,-0.9785663084938047,0,0,1,0,0,1,0
0,0,1,1,0.30910113096585456,1,0,1,1,0,1,0,1,1,0.21749409479574108,0.24717398730986856,0,0,0,0,0,0,1
0,0,0,0,-1.2842626174135892,0,0,0,0,1,1,0,0,0,-0.9587543894884341,-0.9937506745767196,0,0,0,0,0,0,1
1,0,1,1,-0.30373107994931614,1,0,0,0,0,0,0,0,0,-1.4995964288066868,-0.8281130765356204,1,0,0,1,0,1,0
1,0,0,0,-1.079985213775199,1,0,1,1,0,0,0,0,1,-0.30178062393620064,-0.8614392288396923,0,0,0,0,0,0,0
1,0,0,0,0.3499566116935326,1,0,0,0,0,1,0,0,1,0.31371752510389667,0.3539500964801335,0,0,1,0,0,1,0
1,0,0,1,-0.9574187715921648,1,0,0,1,0,0,0,0,1,-0.4875913859105697,-0.7959345798075828,0,0,0,0,0,1,0
1,1,0,0,-1.2842626174135892,1,1,0,0,0,0,0,0,1,0.3502160676345761,-0.9763372082403536,0,0,1,0,0,1,0
0,0,0,0,-0.4262975221323503,1,1,0,0,0,0,0,0,1,0.37178338822088697,-0.2223054244863023,1,0,1,0,1,0,0
0,0,0,0,0.22739016951049848,1,0,0,0,0,0,1,1,1,0.8064478492680714,0.4655816715490049,1,0,1,0,0,0,1
1,0,1,0,-0.3854420414046722,1,1,1,1,1,0,1,0,1,1.1432298553466156,-0.04450709139914762,0,0,1,0,0,1,0
1,0,1,1,1.1262107455194155,1,0,0,1,0,1,1,1,0,0.40330485677011035,0.9961296021699222,0,1,0,0,0,0,0
0,0,1,0,0.5950894960596009,1,0,1,0,1,0,1,0,1,0.041637480784284774,0.32408898120370344,1,0,0,0,1,0,0
0,0,1,1,1.616476514251552,1,1,1,1,1,1,1,1,0,0.9242386001625379,1.962389386292156,0,1,0,0,0,0,0
1,0,1,1,1.5347655527961959,1,1,1,1,0,0,1,1,1,1.368857209172635,2.3248057750240534,0,0,1,0,0,1,0
1,0,0,0,-1.2842626174135892,1,0,0,0,0,0,0,0,1,0.1926087248884595,-0.97843388669657,0,0,1,0,0,0,1
0,0,1,1,-1.161696175230555,1,1,0,0,0,0,0,1,1,0.7019292956574892,-0.8412890453604753,0,0,1,0,0,1,0
0,0,0,0,-0.9982742523198429,1,0,0,1,0,0,0,0,0,0.3585111909370033,-0.7732021712822886,0,0,1,0,0,1,0
1,0,1,1,1.575621033523874,1,1,1,1,1,1,1,1,1,1.6326421301898195,2.5992940903920947,0,1,1,0,0,0,0
0,0,0,0,-1.2434071366859112,1,0,0,0,0,0,1,0,1,0.5111414597016638,-0.9451298046920371,0,0,1,0,0,1,0
1,0,1,1,0.06396824659978628,1,0,0,0,0,0,0,0,0,-1.4995964288066868,-0.7099707631027085,1,0,0,1,1,0,0
1,0,1,0,0.30910113096585456,1,0,0,1,1,0,0,0,1,0.504505361059722,0.38910808364595245,0,0,1,0,0,1,0
1,0,0,0,-0.5080084835877063,1,0,0,0,0,0,0,0,0,-1.5062325274486286,-0.8262371010747951,0,0,0,1,0,0,1
0,0,0,0,-0.22202011849396003,1,0,0,0,1,1,0,1,1,0.8097658985890426,0.042538169983143484,0,0,1,0,0,1,0
1,0,0,0,-0.0994536763109259,1,0,0,1,0,0,1,1,1,1.0685737456247708,0.32402277030508625,1,0,1,0,0,0,0
0,0,0,0,-0.9574187715921648,1,0,0,0,0,0,0,0,0,0.14117896041341102,-0.7220211466510682,0,0,1,0,0,1,0
0,0,1,0,-1.2025516559582332,1,1,0,0,0,0,1,1,0,0.9988947098843826,-0.8890050329640538,0,0,1,0,0,1,0
1,0,0,0,-0.8348523294091307,1,1,0,0,0,0,0,0,0,-1.3220807901347449,-0.8858269098304205,1,0,0,1,1,0,0
0,0,1,0,1.575621033523874,1,1,1,1,1,1,1,1,0,0.6952931970155474,1.7376254557857531,0,1,0,0,1,0,0
0,0,1,1,-0.22202011849396003,1,1,0,0,0,0,0,0,0,-1.3370120120791138,-0.6732678549691511,0,1,0,1,0,1,0
0,0,0,1,0.30910113096585456,1,0,1,0,0,1,1,0,1,-0.023064480974647392,0.07641607977569342,0,0,0,0,1,0,0
1,0,0,0,0.7993668996979911,0,0,0,1,0,0,0,0,0,-1.1512012501047448,-0.2930186642096443,1,0,0,0,0,0,1
0,0,1,0,1.5347655527961959,1,1,1,1,1,1,1,1,1,0.9955766605634114,2.018028611430279,0,1,0,0,1,0,0
1,0,0,1,-1.2025516559582332,1,0,0,0,0,1,1,1,0,0.19592677420943067,-0.9099938878257574,0,0,0,0,0,0,1
1,0,1,1,-0.9165632908644868,1,1,0,0,0,0,0,0,1,-1.3403300614000848,-0.8975241685861542,0,0,0,1,0,0,1
1,0,0,0,-1.0391297330475209,1,0,0,0,0,0,0,0,0,-1.5112096014300849,-0.9600272568809435,0,0,0,1,0,1,0
1,0,1,0,1.1670662262470934,1,1,0,0,0,0,1,1,1,1.0519834990199164,1.4948080202563494,1,0,1,0,0,0,0
0,0,0,0,-1.0391297330475209,1,0,0,0,1,1,0,1,0,-0.06619912214726868,-0.8249570237015262,0,0,0,0,0,0,0
1,0,1,1,1.616476514251552,1,1,1,1,1,1,0,1,1,1.33069964198147,2.3175005058766045,1,0,1,0,1,0,0
1,0,0,0,-1.2842626174135892,1,0,0,0,0,0,0,0,1,-1.4713930095784342,-1.0005703971343078,0,0,0,1,0,0,1
1,0,0,0,-1.2842626174135892,1,1,0,1,0,1,0,0,0,-0.15578645381348216,-0.9830686495997853,0,0,0,0,0,0,1
1,1,0,0,-1.2025516559582332,1,1,0,0,0,0,0,0,1,0.4049638814305957,-0.9046528753372902,0,0,1,0,0,1,0
1,0,1,1,-0.30373107994931614,1,1,0,0,0,0,0,0,0,-1.3038315188694052,-0.7312465318584206,0,1,0,1,1,0,0
0,0,1,1,-1.2842626174135892,0,0,1,0,0,0,0,0,0,-1.1379290528208614,-0.9961342669269446,0,0,0,0,0,0,0
0,0,1,1,0.02311276587210824,1,1,0,0,1,1,1,1,1,0.47630194183146973,0.10777797542078371,1,0,0,0,0,1,0
0,1,0,0,-0.017742714855569806,1,0,0,0,0,0,0,1,1,0.4879151144548676,0.1667498157893136,0,0,1,0,0,1,0
1,0,1,1,0.7993668996979911,1,1,0,0,0,0,0,0,0,-1.3353529874186285,-0.42206370561488177,0,1,0,1,0,0,1
0,1,1,0,-0.181164637766282,1,1,0,0,0,1,1,1,1,1.2112498664265183,0.23172477763248422,0,0,1,0,1,0,0
0,1,0,0,-0.6714304064984186,1,1,0,0,0,0,1,0,1,0.6621127038058385,-0.4136328511909377,0,0,1,0,0,1,0
1,0,1,1,-0.26287559922163806,1,0,0,0,0,0,0,1,0,0.46966584318952787,-0.11166701289669129,1,0,1,0,0,0,0
1,0,0,0,-1.2842626174135892,1,0,0,0,0,0,1,0,1,0.46966584318952787,-0.9747481466735369,0,0,1,0,0,1,0
1,0,1,1,1.0444997840640593,1,1,0,0,0,0,1,0,0,0.5874565940839939,1.1215330441512048,0,1,1,0,0,0,0
0,1,1,0,1.1262107455194155,1,1,0,1,1,0,1,1,1,1.363880135191179,1.8159529488500916,0,0,1,0,0,1,0
1,0,0,0,-0.017742714855569806,1,0,0,0,0,0,1,1,0,0.8711498110270036,0.2579001528858812,0,0,1,0,0,1,0
0,0,0,0,-0.5897194450430624,1,0,0,0,0,0,0,0,1,-1.5012554534671723,-0.8377798677337551,0,0,0,1,0,0,1
1,0,0,0,-1.2842626174135892,1,1,0,0,0,0,1,1,1,1.0171439811497223,-0.9674649478256272,0,0,1,0,0,1,0
0,1,1,1,0.6359449767872789,0,0,0,1,0,0,0,0,0,-1.1578373487466866,-0.39659457994673675,1,0,0,0,0,0,0
1,1,1,1,0.758511418970313,1,1,0,1,1,0,0,0,1,0.6438634325404988,0.8204941584376015,0,0,1,0,0,1,0
0,0,1,0,1.616476514251552,0,0,0,1,1,0,1,1,1,-0.3515513637507638,0.7284168687603907,0,1,0,0,0,1,0
1,0,0,0,-0.3854420414046722,1,1,0,0,1,0,0,0,1,0.5376858542694307,-0.16337772471685064,0,0,1,0,0,1,0
1,0,1,0,-1.120840694502877,1,1,0,1,0,0,0,0,1,0.5476400022323432,-0.825839835683091,0,0,1,0,0,1,0
1,1,1,0,-0.8757078101368088,1,0,0,0,0,0,0,0,0,-1.4879832561832886,-0.9148052131252856,0,0,0,1,0,0,1
1,1,1,0,0.7993668996979911,1,1,1,0,1,0,1,1,1,1.3074732967346738,1.448305899127423,0,0,1,0,0,1,0
0,0,0,0,0.3499566116935326,1,0,0,0,0,1,0,0,0,-0.4892504105710553,-0.11396232404875985,1,0,0,0,0,0,0
0,0,1,0,1.2487771877024496,1,1,0,1,0,0,0,0,1,0.5559351255347704,1.2102556482984692,0,0,1,0,0,0,0
1,0,1,0,1.1670662262470934,1,1,1,1,0,0,1,1,1,1.3738342831540915,1.80445432279021,0,0,1,0,0,1,0
0,0,0,0,-0.8348523294091307,1,1,0,1,0,0,0,1,1,0.8081068739285573,-0.5427882440938708,0,0,1,0,0,1,0
0,0,0,0,-1.2842626174135892,1,0,0,0,0,0,1,1,0,0.8562185890826346,-0.9696057668809218,0,0,1,0,0,1,0
1,0,0,0,-1.161696175230555,1,0,0,0,0,0,0,0,0,-1.4946193548252305,-0.9750350605675454,0,0,0,1,0,0,1
0,0,0,0,-0.7531413679537746,1,0,0,1,0,1,0,0,1,0.5061643857202073,-0.5186212660985339,0,0,1,0,1,0,0
1,0,0,0,1.493910072068518,1,1,0,0,0,0,0,0,0,-1.3552612833444535,-0.2534245468364622,0,1,0,1,0,0,0
1,0,0,0,0.47252305387656673,0,0,1,0,1,0,1,1,1,-0.3581874623927056,0.06754381936096703,1,0,0,0,0,1,0
0,1,0,0,-0.7939968486814527,1,1,1,0,0,0,1,1,1,1.194659619821664,-0.4321939731033381,0,0,1,0,0,1,0
1,0,1,1,-0.9574187715921648,1,0,0,1,0,1,1,1,1,1.2178859650684601,-0.60930812690478,0,0,1,0,0,1,0
1,0,0,1,-0.4262975221323503,1,0,0,0,0,0,0,0,0,-1.481347157541347,-0.8186890586324159,0,0,0,1,1,0,0
0,0,1,1,-1.2842626174135892,1,0,0,0,0,0,0,0,1,-1.469733984917949,-1.0005483268347688,0,0,0,1,0,0,1
1,1,0,0,-1.2842626174135892,0,0,0,1,1,0,0,1,1,-0.7132187397365893,-0.9904842702449297,0,0,0,0,0,1,0
0,0,1,0,1.575621033523874,1,1,0,0,0,0,1,1,1,0.959078118032732,1.8972157917531334,0,1,1,0,0,0,0
0,0,1,1,0.3908120924212107,1,1,0,0,0,0,0,0,0,-1.3884417765541623,-0.5619011234947492,0,1,0,1,0,1,0
1,0,0,0,-1.2842626174135892,1,0,0,0,0,0,1,0,1,0.48957413911535297,-0.9744833030790674,0,0,1,0,0,1,0
1,0,0,0,-1.2842626174135892,1,1,0,0,0,0,0,0,1,0.3352848456902075,-0.9765358409362056,0,0,1,0,0,1,0
0,1,0,0,0.3908120924212107,1,1,0,0,0,0,1,0,1,0.6587946544848678,0.5535759558114782,0,0,1,0,0,1,0
0,0,1,1,-0.9982742523198429,1,0,0,1,0,1,0,0,0,-0.2818723280103756,-0.8323726443466707,0,0,0,0,0,0,0
1,1,1,0,1.3304881491578058,1,1,1,0,0,0,1,1,1,1.1930005951611786,1.9366333467300023,1,0,1,0,0,1,0
1,0,0,0,-0.5080084835877063,1,1,0,1,0,1,1,0,1,0.12956578779001315,-0.38447798549975953,1,0,0,0,0,1,0
0,0,0,0,-1.2842626174135892,1,0,0,0,0,0,0,1,1,0.5692073228186542,-0.9734239287011898,0,0,1,0,0,1,0
1,0,1,1,0.3908120924212107,1,1,1,1,0,0,1,0,1,0.15279213303680939,0.3403547919640354,0,0,0,0,0,0,0
1,0,1,1,0.758511418970313,1,1,0,0,0,0,0,0,1,-1.3552612833444535,-0.4726929727576242,1,0,0,1,0,0,1
1,0,1,0,0.4316675731488887,1,1,1,0,1,0,1,1,1,0.5111414597016638,0.5713425469404703,1,0,0,0,0,1,0
0,0,0,0,0.5542340153319228,1,1,0,1,1,0,0,1,1,0.974009339977101,0.9363190904189056,1,0,1,0,0,1,0
1,0,0,0,0.7993668996979911,1,1,1,1,1,1,1,1,1,0.811424923249528,1.0440000818702744,0,1,0,0,0,0,1
0,0,0,0,-0.9165632908644868,1,0,0,0,0,0,0,0,1,-1.4929603301647452,-0.9220884119731955,1,0,0,1,0,0,1
1,1,0,0,0.10482372732746434,1,1,1,0,0,0,0,1,0,0.8694907863665182,0.39429460403764577,0,0,1,0,1,0,0
1,0,1,1,1.3713436298854838,1,0,1,1,1,1,0,0,0,0.03500138214234293,0.7988652648892635,0,1,0,0,0,0,1
0,0,1,1,0.7993668996979911,1,1,0,1,1,0,1,0,1,1.0254391044521496,1.1869052713860795,1,0,1,0,1,0,0
1,0,0,0,0.5542340153319228,1,1,0,1,1,1,1,1,0,1.4551264915178779,1.1547047043585028,0,1,1,0,0,1,0
1,0,1,1,0.7176559382426351,1,1,1,0,0,1,1,0,1,0.18929067556748883,0.5294310481156805,0,1,0,0,1,0,0
1,0,1,0,-0.7939968486814527,1,1,0,0,1,0,1,1,1,1.2427713349757417,-0.40972640817251343,0,0,1,0,1,0,0
0,1,0,0,-0.22202011849396003,1,1,0,0,1,0,0,0,1,0.4398033993007898,-0.06697465632997232,0,0,1,0,0,1,0
1,0,0,0,-0.4262975221323503,1,1,0,1,0,0,1,1,1,1.1896825458402078,0.056817653784954396,0,0,1,0,0,1,0
1,0,1,0,1.575621033523874,1,0,1,1,1,1,1,1,1,0.7069063696389452,1.6590993300255623,0,1,0,0,0,0,0
1,0,0,0,-0.26287559922163806,1,0,0,0,0,0,0,0,0,-0.6418806793357154,-0.4652773521124796,0,0,0,0,0,1,0
1,1,0,0,0.5133785346042448,1,1,0,0,0,0,1,1,1,0.9657142166746738,0.844418363138008,0,0,1,0,0,0,0
0,0,0,0,-0.6714304064984186,1,0,0,0,0,0,0,0,0,-1.5078915521091139,-0.8791396090700669,1,0,0,1,1,0,0
1,0,0,0,0.676800457514957,1,1,0,1,0,1,1,1,1,1.3887655050984604,1.2716331513167634,1,0,1,0,0,0,0
0,0,1,1,-0.7531413679537746,1,1,0,0,0,0,0,0,0,-1.3021724942089197,-0.8451954883788997,0,0,0,1,0,0,1
1,1,0,0,-0.6305749257707405,1,0,0,0,0,0,0,0,1,-0.6551528766195991,-0.6694496931488833,0,0,0,0,0,1,0
0,0,1,1,1.616476514251552,1,1,0,0,0,0,0,0,0,-1.3618973819863953,-0.2683661396244467,0,1,0,1,0,0,0
1,0,1,0,0.676800457514957,1,0,0,1,0,0,1,1,1,0.9955766605634114,1.0608838610177016,0,1,1,0,0,1,0
0,0,0,0,1.4121991106131617,1,0,0,0,0,0,0,0,0,-1.4680749602574634,-0.41661234162871896,1,0,0,1,0,1,0
0,0,0,0,-0.14030915703860394,0,0,0,0,0,1,0,0,1,-1.1147027075740652,-0.6007669209831403,0,0,0,0,0,1,0
1,0,1,1,-0.7939968486814527,1,0,0,0,1,0,1,1,0,1.0685737456247708,-0.4205629252462216,0,0,1,0,0,1,0
0,0,1,1,1.616476514251552,1,1,1,1,1,0,1,1,0,1.4849889354066155,2.4718822511527523,0,1,1,0,1,0,0
1,0,1,0,1.0444997840640593,1,0,0,0,1,0,0,0,0,-0.4809552872686281,0.26101206512089725,1,0,0,0,1,0,0
1,0,1,1,1.616476514251552,1,1,0,1,1,1,0,0,0,0.8512415151011785,1.8886083749328764,0,1,1,0,0,0,0
0,1,0,0,-1.2842626174135892,1,1,0,0,0,0,0,0,1,0.24237946470302263,-0.9777717777103965,0,0,1,0,0,1,0
1,1,0,0,-1.120840694502877,1,0,0,0,0,0,0,0,0,-1.4846652068623178,-0.9680387756136443,0,0,0,1,0,0,0
0,0,0,1,0.06396824659978628,1,1,1,1,1,1,1,1,1,1.7039801905906937,0.7325881553732846,0,1,1,0,1,0,0
0,0,1,1,1.616476514251552,1,1,1,1,1,1,1,1,1,1.752091905744771,2.6580010871661552,0,1,1,0,0,0,0
1,1,0,0,0.758511418970313,1,0,0,0,1,0,1,1,1,0.9690322659956445,1.1558302896349981,1,0,1,0,0,0,0
0,0,1,1,-1.161696175230555,1,0,0,1,0,1,0,0,0,-0.2752362293684337,-0.9058226012128636,0,0,0,0,0,0,1
1,0,0,0,-1.161696175230555,1,1,0,0,0,0,0,1,1,0.6919751476945766,-0.8600046593696494,0,0,1,0,0,1,0
0,1,1,0,-0.34458656067699417,1,1,0,0,0,0,1,1,1,0.9541010440512755,-0.010231916214893473,0,0,1,0,0,1,0
0,1,1,0,-0.05859819558324785,0,0,1,1,1,0,0,1,1,-0.47763723794765717,-0.3121315436105227,1,0,0,0,1,0,0
1,0,0,0,-1.2842626174135892,1,1,0,0,1,0,0,0,0,-0.3465742897693075,-0.9856067340467842,0,0,0,0,0,1,0
1,1,0,0,-1.2842626174135892,1,0,0,0,0,0,0,0,0,-0.6534938519591135,-0.9896897394615215,0,0,0,0,0,1,0
0,0,0,1,0.06396824659978628,1,0,1,0,1,1,1,0,0,0.09472626991981906,0.022983884591482855,0,1,0,0,1,0,0
0,1,0,0,-0.4262975221323503,1,1,0,0,0,0,0,0,1,0.31869459908535314,-0.26247336964750156,0,0,1,0,0,0,0
0,1,0,0,-1.161696175230555,1,0,0,0,0,0,0,0,0,-1.4846652068623178,-0.9692305717887568,0,0,0,1,0,0,1
1,0,0,0,1.616476514251552,1,1,0,1,1,0,1,1,1,1.1979776691426351,2.2828722058997246,0,1,1,0,0,0,0
1,0,1,0,-0.9982742523198429,1,0,0,0,0,0,0,0,0,-1.478029108220376,-0.9397005110054136,0,0,0,1,0,0,1
1,0,0,0,-1.2842626174135892,0,0,0,0,0,0,0,0,1,-1.3386710367395993,-0.9988047731711783,0,0,0,0,0,0,1
0,0,0,0,-1.2842626174135892,1,0,0,0,0,0,0,1,1,0.49455121309680944,-0.9744170921804501,0,0,1,0,0,1,0
0,0,0,0,-1.2842626174135892,1,1,0,0,0,0,0,0,1,-1.2971954202274631,-0.9982530156827003,0,0,0,1,0,1,0
0,0,0,0,-0.9574187715921648,1,0,0,0,0,0,1,1,1,0.8628546877245764,-0.6521686486097519,0,0,1,0,0,0,0
1,1,1,0,0.02311276587210824,1,1,0,1,0,0,1,1,1,1.188023521179722,0.43391079171036706,0,0,1,0,0,0,0
1,0,1,1,0.8402223804256691,1,1,0,1,1,0,1,1,1,1.342312814604868,1.451815076754143,1,0,1,0,0,1,0
1,0,0,0,1.0036443033363813,1,1,0,0,0,0,1,0,1,0.7334507642067126,1.1706173903262087,1,0,1,0,0,1,0
0,0,0,0,1.1262107455194155,1,1,0,0,1,0,0,0,1,0.4779609664919551,1.0937023964323738,1,0,1,0,0,0,0
1,0,1,0,1.616476514251552,0,0,1,1,1,1,1,1,1,-0.003156185048821857,1.0853377529070474,0,1,0,0,0,1,0
1,1,1,0,-0.017742714855569806,1,1,0,1,1,0,0,1,1,0.9524420193907902,0.30173176777057453,0,0,1,0,0,1,0
1,1,0,0,0.6359449767872789,1,1,0,1,0,0,1,1,1,1.1349347320441883,1.0845873627227174,1,0,1,0,0,1,0
0,0,1,1,-0.4262975221323503,1,0,0,0,0,0,0,0,0,-1.5178457000720267,-0.8091767595310551,0,0,0,1,0,0,0
0,0,0,1,1.3304881491578058,0,0,0,1,0,1,1,0,0,-0.6485167779776572,0.2854659570102426,0,1,0,0,0,0,1
0,0,1,0,1.3304881491578058,1,0,1,0,1,1,0,0,0,-0.19560304566513276,0.6929498974010241,0,1,0,0,1,0,0
0,0,0,0,-1.2842626174135892,1,0,0,0,0,0,0,0,0,-1.4929603301647452,-1.0008573110283163,0,0,0,1,1,0,0
0,1,1,0,1.3713436298854838,1,1,0,1,0,0,1,1,1,1.194659619821664,1.9437399831815994,0,0,1,0,0,1,0
1,0,1,0,1.575621033523874,1,0,0,1,1,1,1,1,1,1.342312814604868,2.2090249836418274,0,1,1,0,0,1,0
1,0,1,0,-0.6305749257707405,1,0,0,0,0,0,0,0,1,0.18597262624651814,-0.4737082065364237,0,0,1,0,0,0,0
1,1,0,0,-1.2434071366859112,1,0,0,0,0,0,0,0,0,-0.6584709259405698,-0.9720114295306859,0,0,0,0,0,0,1
1,0,1,0,0.758511418970313,1,1,1,1,0,0,0,1,1,1.0486654496989458,1.158169741386145,1,0,1,0,1,0,0
1,0,0,0,-0.5080084835877063,1,0,0,0,0,0,0,0,0,0.19094970022797417,-0.3503352321127402,0,0,1,0,1,0,0
1,0,1,0,1.575621033523874,1,1,1,1,1,0,1,1,1,1.486647960067101,2.4572717128578545,1,0,1,0,0,1,0
1,0,1,1,1.4121991106131617,1,1,1,1,1,0,1,1,1,1.5430547985236058,2.293046613987259,1,0,1,0,0,1,0
0,1,0,0,-1.2842626174135892,1,0,0,0,1,0,0,0,1,0.34855704297409074,-0.9763592785398926,0,0,1,0,0,0,0
1,0,1,0,-0.6714304064984186,1,1,0,0,0,0,0,0,1,0.3518750922950619,-0.48458886420921005,0,0,1,0,0,1,0
0,1,1,0,0.9219333418810253,1,0,0,0,1,1,1,0,0,0.796493701305159,1.111491057860905,0,1,1,0,1,0,0
0,0,1,1,-1.0391297330475209,1,0,1,1,1,1,1,0,1,0.3618292402579744,-0.7650361604528141,0,0,0,0,0,1,0
0,0,0,1,0.4316675731488887,1,0,1,1,0,0,0,1,1,-0.028041554956103422,0.1985531174251863,0,0,0,0,0,1,0
0,0,0,0,-1.2842626174135892,1,0,0,0,0,0,1,0,1,-0.3250069691829969,-0.9853198201527756,0,0,0,0,1,0,0
0,0,1,0,-1.161696175230555,0,0,0,0,0,0,0,0,1,-1.3154446914928033,-0.9654786208671063,0,0,0,0,0,1,0
1,1,1,0,1.616476514251552,1,1,1,1,1,1,1,1,1,1.649232376794674,2.6681754952536902,0,1,1,0,0,0,1
0,1,0,0,0.676800457514957,1,1,1,1,1,1,0,1,0,1.2676567048830234,1.2707944799342765,1,0,1,0,0,0,0
1,0,1,0,0.8402223804256691,1,0,0,1,0,0,1,1,1,0.9773273892980717,1.139145143183423,1,0,1,0,0,0,0
0,0,1,0,1.1262107455194155,0,0,1,1,1,0,0,1,0,-0.4892504105710553,0.27555639251717756,1,0,0,0,0,1,0
0,1,1,0,1.45305459134084,1,1,1,1,0,0,0,1,1,1.0536425236804017,1.895692941084934,1,0,1,0,1,0,0
1,1,0,0,1.0036443033363813,1,1,0,1,1,0,1,1,1,0.4962102377572948,0.9494509186446823,0,1,0,0,0,0,0
0,0,1,0,-1.0391297330475209,1,0,0,0,0,0,1,0,1,0.5410039035904014,-0.7550603850611316,0,0,1,0,0,1,0
0,0,0,0,-1.2842626174135892,1,0,0,0,0,0,0,0,0,-1.5161866754115412,-1.001166295221864,0,0,0,1,0,0,1
0,0,1,1,-1.0391297330475209,1,0,1,1,1,0,1,0,0,0.15445115769729473,-0.7990244217430597,1,0,0,0,0,1,0
1,0,0,0,1.45305459134084,1,1,0,0,0,0,0,0,1,-1.348625184702512,-0.34799578036159345,0,1,0,1,0,0,0
1,0,1,1,-0.5488639643153844,1,0,0,1,0,1,1,1,0,1.168115225253897,-0.1759357251546101,1,0,1,0,0,0,0
0,0,0,0,-1.2434071366859112,1,1,0,1,0,0,0,0,0,0.48957413911535297,-0.9426137905445775,0,0,1,0,0,1,0
0,0,1,1,1.4121991106131617,1,1,0,0,1,1,1,1,1,1.3555850118887518,1.9557241558313416,0,1,1,0,0,0,0
1,0,1,1,1.4121991106131617,1,0,1,1,0,1,0,0,0,-0.15744547847396775,0.7534004478386752,1,0,0,0,0,0,1
1,0,1,0,0.10482372732746434,1,1,0,1,0,1,1,0,1,0.13951993575292568,0.06818385804760144,1,0,0,0,0,1,0
0,0,0,1,1.4121991106131617,1,1,0,1,0,1,1,1,1,1.3871064804379747,2.188256831775515,1,0,1,0,0,0,0
0,0,0,0,-0.8757078101368088,1,1,0,0,0,1,1,0,0,0.841287367138266,-0.5735101010523265,0,0,1,0,0,1,0
1,1,1,0,0.9627888226087032,1,0,1,1,1,1,1,1,1,0.6919751476945766,1.119943982584388,0,1,0,0,0,0,0
1,0,0,0,-0.9982742523198429,0,0,1,0,0,0,0,0,0,-1.1760866200120264,-0.9140548229409556,0,0,0,0,0,0,1
0,0,1,1,-0.4262975221323503,1,1,0,0,0,0,0,0,0,-1.3121266421718323,-0.7644402623652577,0,1,0,1,1,0,0
1,0,1,0,1.575621033523874,1,1,0,1,1,1,1,1,0,0.6438634325404988,1.619792126546389,0,1,0,0,1,0,0
0,0,1,1,0.5542340153319228,0,0,1,1,0,0,0,0,0,-0.9869578087166866,-0.29440909308060886,0,0,0,0,0,0,0
0,0,0,0,1.3713436298854838,1,1,1,1,1,1,1,0,1,1.3190864693580717,1.982716132167686,1,0,1,0,0,0,0
1,0,0,0,-0.7122858872260965,1,1,0,0,0,0,0,0,1,-0.5240899284412494,-0.6788737110520877,0,0,0,0,0,1,0
1,0,1,0,-0.30373107994931614,1,0,0,0,0,1,1,1,1,1.0254391044521496,0.022564548900239446,0,0,1,0,1,0,0
1,0,0,0,-0.017742714855569806,1,0,0,0,0,0,0,0,0,-1.4929603301647452,-0.7413547290473378,1,0,0,1,0,0,1
1,0,0,0,-0.9982742523198429,1,0,1,0,1,0,0,1,1,0.06320480137059566,-0.7540230809827929,0,0,0,0,0,1,0
1,0,1,0,-1.079985213775199,1,1,0,0,0,0,0,0,0,-1.3171037161532886,-0.934116725222016,1,0,0,1,0,0,1
0,0,1,0,-1.2025516559582332,1,0,0,0,0,0,0,0,1,-0.6203133587494047,-0.9521481599454775,0,0,0,0,0,0,1
1,0,1,1,-0.8757078101368088,1,0,0,0,1,0,1,0,1,-0.1707176757578512,-0.7080065064437268,0,0,0,0,0,0,0
1,0,0,1,-0.7122858872260965,1,1,0,1,0,0,1,0,1,0.8694907863665182,-0.3783645125274232,0,0,1,0,0,1,0
0,0,0,0,-0.3854420414046722,1,1,1,0,0,0,1,0,1,0.8379693178172949,-0.051834430846135586,0,0,1,0,0,0,0
0,0,0,0,-1.2842626174135892,1,0,0,0,0,0,0,0,1,-0.6899923944897931,-0.9901752860513822,0,0,0,0,0,0,1
1,0,1,1,0.18653468878282042,0,0,1,0,1,1,0,0,1,-0.8160782686866863,-0.3362985216058596,1,0,0,0,0,1,0
1,0,1,1,1.493910072068518,1,0,1,1,0,1,1,1,0,0.5260726816460328,1.4369176245652366,0,1,0,0,0,0,0
1,0,1,0,1.575621033523874,1,0,0,1,1,1,1,1,1,0.4746429171709839,1.4467609781596844,0,1,0,0,1,0,0
0,0,1,1,-0.9982742523198429,1,0,1,1,0,0,0,0,0,-0.336620141806395,-0.796729110590991,0,0,0,0,0,0,1
0,0,0,0,-1.079985213775199,0,0,1,1,1,1,1,1,1,-0.04629082622144338,-0.8556347400609037,0,1,0,0,0,0,1
0,0,1,0,1.0444997840640593,1,1,1,0,1,1,1,1,1,0.6471814818614695,1.1605312634368306,0,1,0,0,0,1,0
0,0,1,1,0.26824565023817654,1,1,0,1,1,1,0,0,1,0.8213790712124405,0.524045895028135,1,0,1,0,0,1,0
1,1,1,0,-0.3854420414046722,1,0,1,1,0,0,0,1,1,0.8363102931568095,-0.11614728370313279,0,0,1,0,0,1,0
1,0,0,1,1.3713436298854838,1,0,0,0,0,0,0,0,0,-1.4879832561832886,-0.4494088067438521,0,1,0,1,1,0,0
1,0,1,0,0.758511418970313,1,0,1,1,1,1,1,1,1,0.6123419639912754,0.7955105793593169,0,1,0,0,1,0,0
0,0,0,0,-1.0391297330475209,1,0,0,0,0,0,1,0,1,0.49455121309680944,-0.750911168747777,0,0,1,0,0,1,0
1,0,1,1,-0.7122858872260965,1,0,0,0,0,0,0,0,0,-1.4979374041462012,-0.8627634468120395,1,0,0,1,0,0,1
1,0,0,0,0.758511418970313,1,1,0,0,1,0,0,0,0,0.504505361059722,0.8630015553499476,0,0,1,0,1,0,0
1,0,0,0,-1.161696175230555,1,0,0,0,0,0,0,0,0,-1.519504724732512,-0.9771758796228402,0,0,0,1,0,0,1
0,0,0,0,-0.5897194450430624,1,1,0,0,0,0,0,0,1,-0.4809552872686281,-0.6064610582642335,0,0,0,0,0,1,0
1,0,0,0,0.5542340153319228,1,1,1,1,0,0,0,1,1,0.959078118032732,0.8243564608569476,0,0,1,0,0,1,0
1,1,1,0,-1.2025516559582332,1,1,0,1,1,0,1,1,1,1.363880135191179,-0.8618806348304747,0,0,1,0,0,1,0
1,0,0,0,1.2487771877024496,1,1,0,0,0,0,0,0,0,-1.3121266421718323,-0.3213127882187968,0,1,0,1,0,0,1
1,0,1,1,0.7993668996979911,1,1,0,0,1,1,0,1,1,1.0436883757174893,1.1931290958561116,0,1,1,0,0,0,0
0,0,0,0,-0.6305749257707405,1,1,0,0,1,1,1,0,1,0.13951993575292568,-0.5205193118588982,0,0,0,0,0,0,1
0,0,0,0,0.4316675731488887,1,1,0,1,1,1,1,1,0,0.6737258764292364,0.6069419400970716,1,0,0,0,1,0,0
1,0,0,0,1.493910072068518,1,0,0,0,0,0,0,0,0,-1.4879832561832886,-0.3919156764444432,0,1,0,1,1,0,0
0,0,1,1,1.5347655527961959,1,1,1,1,1,1,1,0,0,0.49455121309680944,1.5255298772148054,0,1,0,0,0,0,0
0,0,0,0,-1.161696175230555,1,1,0,0,0,0,0,0,0,-1.3569203080049392,-0.9665600655445232,1,0,0,1,0,1,0
1,0,1,1,1.1262107455194155,1,0,0,0,0,0,0,0,1,-1.4548027629735798,-0.44876876805721755,0,1,0,1,0,0,0
0,0,1,0,-0.5080084835877063,0,0,0,0,0,0,0,0,1,-1.3386710367395993,-0.7964863372960608,0,0,0,0,0,1,0
1,0,1,1,1.493910072068518,1,1,0,1,1,0,1,0,0,1.0270981291126349,1.8645076078361567,1,0,1,0,1,0,0
0,0,1,1,0.6359449767872789,1,1,1,1,0,0,1,1,1,1.342312814604868,1.196329289289284,0,0,1,0,1,0,0
0,0,0,0,-1.2842626174135892,0,0,0,0,0,1,0,0,0,-1.136270028160376,-0.9961121966274055,0,0,0,0,0,0,1
1,0,1,1,-0.9982742523198429,1,0,0,0,1,0,0,0,1,-0.45606991736134656,-0.8263915931715691,0,0,0,0,0,1,0
1,1,0,0,-1.2842626174135892,1,0,0,0,0,0,0,0,1,-0.628608482051832,-0.9893586849684347,0,0,0,0,0,0,1
0,0,0,0,-1.2842626174135892,1,0,0,0,0,0,0,0,0,-1.5012554534671723,-1.000967662526012,0,0,0,1,1,0,0
1,0,0,0,-0.4262975221323503,1,0,0,0,0,0,0,0,0,-1.4995964288066868,-0.8231031185402401,1,0,0,1,0,0,1
1,1,0,0,-0.6714304064984186,0,0,0,1,0,0,1,0,1,-0.855894860538337,-0.709507286812387,0,0,0,0,0,0,1
1,0,0,0,1.616476514251552,1,1,1,1,1,1,1,1,1,1.7720002016705965,2.7631660644700644,0,1,1,0,0,1,0
1,0,0,0,-0.8757078101368088,1,0,0,1,0,0,1,0,1,-0.11762888662231716,-0.6873928466741882,1,0,0,0,0,1,0
1,0,0,0,-1.161696175230555,1,1,1,0,0,0,1,0,0,0.8578776137431204,-0.8471818153374204,0,0,1,0,0,1,0
0,0,0,0,-0.9982742523198429,1,0,0,0,0,0,0,0,0,-1.4863242315228034,-0.9470940613510189,0,1,0,1,0,0,1
0,1,0,0,0.8810778611533472,1,1,1,1,0,1,1,1,0,0.5857975694235085,0.9105630508567523,1,0,0,0,0,0,0
1,0,0,0,1.493910072068518,1,1,1,1,1,1,0,1,1,0.5542761008742851,1.4416406686666083,0,1,0,0,1,0,0
1,1,1,0,0.5542340153319228,1,0,0,0,0,0,0,1,1,0.5177775583436057,0.5817597283229351,0,0,1,0,0,1,0
0,0,1,1,1.4121991106131617,1,0,0,1,0,0,0,0,0,-0.4726601639662009,0.5051978592217262,1,0,0,0,1,0,0
1,0,1,1,1.575621033523874,1,1,1,1,1,1,1,1,0,0.8479234657802074,1.7824060935506285,0,1,0,0,0,1,0
1,1,0,0,-0.5080084835877063,1,0,0,0,0,0,1,1,0,0.8346512684963242,-0.2819614441405449,0,0,1,0,0,1,0
0,0,1,0,0.3499566116935326,1,1,1,1,1,1,1,1,1,1.619369932905936,1.018641307699825,0,0,1,0,0,0,0
1,1,0,0,-1.2025516559582332,0,0,0,0,1,0,0,1,1,-0.7845568001374631,-0.9512432776643737,0,0,0,0,0,1,0
1,0,0,0,-0.7122858872260965,0,0,0,0,1,0,1,1,0,-0.46602406532425905,-0.7058215467893538,1,0,0,0,0,1,0
1,0,0,0,-0.4262975221323503,1,1,0,1,0,0,0,0,1,0.4829380404734111,-0.24581029349546563,0,0,1,0,0,1,0
1,0,0,0,-0.5897194450430624,1,1,0,1,0,0,0,0,1,0.5260726816460328,-0.3687197916288275,0,0,1,0,0,1,0
0,0,0,0,-0.9574187715921648,1,1,0,0,1,0,1,1,0,1.111708386797392,-0.6019587171582528,0,0,1,0,1,0,0
1,0,0,0,-0.26287559922163806,1,0,0,1,0,0,0,0,0,0.3551931416160326,-0.11879571964782724,1,0,1,0,0,0,0
1,1,0,0,1.575621033523874,1,1,0,1,0,1,1,1,0,1.3589030612097224,2.2492370694021053,1,0,1,0,0,0,0
0,0,0,0,-0.6714304064984186,1,0,0,0,0,0,0,0,0,-1.5178457000720267,-0.865411882756734,1,0,0,1,0,0,1
0,1,1,0,1.616476514251552,1,1,1,1,1,1,1,1,0,0.8064478492680714,1.7943902662003708,0,1,0,0,1,0,0
1,0,0,0,0.3908120924212107,1,1,0,0,0,0,0,0,0,-1.318762740813774,-0.5903276693011363,1,0,0,1,0,1,0
1,0,1,1,0.5950894960596009,1,0,1,1,1,0,0,1,1,1.0387113017360328,0.9288151885756046,1,0,1,0,0,1,0
1,0,1,0,1.3713436298854838,1,1,1,1,1,0,0,0,1,0.043296505444770116,0.9451472102345538,0,1,0,0,1,0,0
1,0,0,0,-1.120840694502877,1,0,0,0,0,1,0,0,1,-0.5174538297993075,-0.9138561902451035,0,0,0,0,0,1,0
1,0,0,0,-1.161696175230555,0,0,0,0,1,0,0,0,1,-1.1661324720491137,-0.9572905397380926,0,0,0,0,0,1,0
0,0,1,1,0.3908120924212107,1,0,0,0,0,0,0,0,1,-1.5178457000720267,-0.6733119955682294,1,0,0,1,0,1,0
1,0,1,0,1.493910072068518,0,0,0,1,1,1,1,1,1,-0.13256010856668618,0.872293151455917,1,0,0,0,1,0,0
1,0,0,0,1.1262107455194155,1,1,1,1,1,1,1,1,1,1.7189114125350622,2.102094382374789,1,0,1,0,1,0,0
0,0,0,0,-0.8348523294091307,1,0,0,0,0,0,0,0,1,-1.5078915521091139,-0.9127747455676866,1,0,0,1,0,0,0
1,0,0,0,-1.2025516559582332,1,0,0,0,0,0,0,0,1,-0.6451987286566863,-0.9471382019500971,0,0,0,0,0,1,0
1,0,0,0,0.8810778611533472,1,0,1,1,0,1,1,1,1,1.3472898885863245,1.4814334187356424,1,0,1,0,1,0,0
1,0,0,1,-1.079985213775199,1,0,0,0,0,0,0,0,1,-1.4796881328808613,-0.9661848704523582,0,0,0,1,0,0,1
1,0,0,0,-1.2434071366859112,1,0,0,0,0,0,0,0,0,-1.4846652068623178,-0.9907491138393993,0,0,0,1,0,0,1
1,1,0,0,1.0036443033363813,1,1,1,0,0,1,0,1,0,0.9607371426932173,1.4735543218001765,0,1,1,0,0,1,0
0,0,0,0,1.2487771877024496,1,0,0,0,0,0,0,0,1,-1.466415935596978,-0.4363431894166927,0,1,0,1,0,0,1
0,0,1,1,0.3499566116935326,1,1,1,1,0,0,1,0,1,0.978986413958557,0.7090612160645821,0,0,1,0,0,0,0
1,0,0,0,-0.30373107994931614,1,0,0,0,1,1,1,1,0,1.1448888800071009,0.09987680818577853,0,1,1,0,0,0,0
0,0,0,0,1.3304881491578058,1,0,1,1,1,1,1,1,1,0.6654307531268092,1.4001264352335225,0,1,0,0,0,0,0
0,0,0,0,0.8810778611533472,1,0,0,0,0,0,0,0,0,-1.4830061822018323,-0.533121452895736,0,1,0,1,0,0,1
1,0,1,0,1.1670662262470934,1,0,0,1,1,1,0,1,0,0.974009339977101,1.5204757786203469,0,0,1,0,1,0,0
1,0,1,1,-0.5488639643153844,1,0,0,0,0,0,0,0,0,-1.4929603301647452,-0.857532785821268,1,0,0,1,0,0,1
0,0,0,0,-0.8348523294091307,1,0,0,0,0,0,0,0,0,-1.504573502788143,-0.9091993570423491,0,0,0,1,0,0,0
0,0,1,1,-0.5897194450430624,1,1,0,0,0,0,0,0,1,-1.3320349380976575,-0.8015404358905194,0,1,0,1,1,0,0
1,0,1,1,1.45305459134084,1,0,1,1,0,1,0,1,0,1.005530808526324,1.9404956491493484,0,1,1,0,0,0,0
0,0,1,1,-0.9165632908644868,1,1,1,0,0,0,1,1,1,1.1764103485563242,-0.5396542615593156,0,0,1,0,0,1,0
1,1,1,0,-0.5080084835877063,1,1,0,0,0,0,1,1,1,0.9872815372609842,-0.1710802592560036,0,0,1,0,0,1,0
1,0,1,0,0.3908120924212107,1,1,0,1,1,1,0,1,1,1.1498659539885574,0.8169629105113422,0,0,1,0,0,1,0
1,0,0,0,0.5133785346042448,0,0,1,0,1,1,0,0,0,-0.7463992329462982,-0.19707907211308756,1,0,0,0,0,0,0
1,0,1,0,1.616476514251552,1,1,1,1,1,1,1,1,0,1.6707996973809849,2.6759001000923823,0,1,1,0,0,0,0
0,1,0,0,0.10482372732746434,1,1,1,1,1,1,1,1,1,1.5264645519187514,0.6837686527927501,1,0,1,0,0,0,0
1,0,1,1,1.616476514251552,1,1,0,1,0,0,1,0,1,0.826356145193897,1.89880485331995,1,0,1,0,0,1,0
0,0,0,0,-0.9982742523198429,1,1,0,0,1,0,1,1,1,1.1565020526304992,-0.647423534208841,0,0,1,0,0,1,0
0,0,0,0,0.18653468878282042,1,0,0,0,0,0,1,1,1,-0.0014971603883365135,0.02558817993709891,0,0,0,0,0,1,0
0,0,0,0,-0.4671530028600283,1,0,0,1,1,1,1,1,1,1.3190864693580717,-0.02111257388767991,1,0,1,0,0,0,1
0,0,1,0,1.575621033523874,1,1,0,0,1,1,1,1,1,0.519436583004091,1.489753921661891,0,1,0,0,0,0,0
1,0,0,0,0.30910113096585456,1,0,1,0,1,0,0,1,0,0.08809017127787722,0.19588261118095263,0,0,0,0,0,1,0
1,0,0,0,-0.9165632908644868,1,0,1,0,0,1,1,0,0,-0.0844483934126084,-0.7390373475957301,0,0,0,0,0,0,0
0,1,1,0,-0.30373107994931614,1,0,0,1,1,0,0,1,0,0.7832215040212757,-0.04241041294293118,0,0,1,0,0,0,0
0,0,1,1,0.3499566116935326,1,0,1,0,0,1,1,1,1,0.3286487470482657,0.39745065687174,1,0,0,0,1,0,0
1,1,0,0,-0.5488639643153844,1,0,0,0,1,0,1,1,1,1.0320752030940914,-0.22482143863376197,0,0,1,0,1,0,0
0,1,1,0,-0.3854420414046722,1,0,1,0,0,0,1,1,1,1.005530808526324,0.017135255213615926,0,0,1,0,0,1,0
1,0,1,0,1.0036443033363813,1,1,0,0,1,1,1,1,0,1.4319001462710816,1.6255304044265604,0,1,1,0,0,1,0
0,0,1,0,-1.2434071366859112,1,1,0,0,0,0,1,0,1,0.6388863585590423,-0.950426676581426,0,0,1,0,0,1,0
0,0,0,0,1.5347655527961959,1,0,1,0,1,1,1,1,0,0.4912331637758383,1.4576195655329314,0,1,0,0,0,0,0
1,0,0,0,-1.2842626174135892,1,0,0,0,0,0,1,1,1,0.7815624793607899,-0.9705989303601823,0,0,1,0,0,1,0
1,0,1,0,1.5347655527961959,1,0,1,1,1,1,1,1,1,1.4833299107461302,2.3162424988028745,1,0,1,0,0,0,0
0,0,1,0,1.616476514251552,1,1,1,1,1,1,0,0,1,1.0685737456247708,2.1262392900705867,0,1,1,0,0,0,0
1,1,0,0,-0.30373107994931614,1,1,0,1,1,0,1,1,0,1.3655391598516642,0.1624461073791851,0,0,1,0,0,0,1
1,0,0,0,-0.3854420414046722,1,1,0,0,1,1,1,1,1,1.3024962227532175,0.08071978818582191,0,0,1,0,0,0,1
1,0,0,0,1.3304881491578058,1,0,0,0,0,0,0,0,1,-1.5012554534671723,-0.4716777389788246,0,1,0,1,1,0,0
1,0,0,1,-0.30373107994931614,1,0,0,0,0,0,0,0,0,-1.4597798369550363,-0.8064621126877431,0,0,0,1,0,0,1
0,1,1,0,-0.7122858872260965,1,1,0,0,1,1,0,0,1,0.6057058653493336,-0.4541759914443021,0,0,1,0,0,1,0
1,1,1,0,0.3499566116935326,0,0,0,1,1,0,1,1,1,-0.35984648705319094,-0.03170631766645774,0,0,0,0,0,1,0
0,0,0,0,-1.2842626174135892,1,0,0,0,0,0,1,0,1,-0.336620141806395,-0.9854743122495494,0,0,0,0,0,1,0
1,0,0,0,0.6359449767872789,1,1,1,0,0,1,0,1,1,0.20422189751185785,0.592353472101713,1,0,0,0,0,0,0
1,0,1,1,-1.161696175230555,1,0,0,0,0,1,0,1,0,-0.1109927879803753,-0.9082724044617059,0,0,0,0,1,0,0
1,0,0,0,-0.6305749257707405,1,0,0,0,0,0,0,0,1,-1.4979374041462012,-0.8544208735862521,1,0,0,1,0,0,0
0,1,0,0,0.3908120924212107,1,1,0,1,1,0,1,1,1,1.3257225680000135,0.8987995812024008,0,0,1,0,0,0,0
1,0,1,1,0.676800457514957,0,0,1,0,0,0,0,1,1,-0.849258761896395,-0.19822672768912178,0,0,0,0,0,1,0
1,0,0,0,-0.4671530028600283,1,0,0,0,0,0,0,0,0,-1.4995964288066868,-0.8372722508443554,0,1,0,1,0,0,1
1,0,1,1,1.1262107455194155,1,1,1,0,1,1,1,1,1,1.5198284532768096,1.8978779007393072,0,1,1,0,0,1,0
1,0,0,0,1.0444997840640593,1,1,0,0,0,0,0,0,1,-1.3386710367395993,-0.3414850419975529,0,1,0,1,1,0,0
1,0,0,0,-0.05859819558324785,1,0,0,0,0,0,0,0,0,-1.4713930095784342,-0.7277373542317005,0,1,0,1,0,0,1
0,0,1,0,1.1670662262470934,1,1,0,0,0,1,1,1,0,1.2062727924450622,1.8082945549100167,1,0,1,0,0,0,0
1,0,1,1,1.2896326684301276,1,1,0,0,1,0,0,1,0,0.8446054164592367,1.475143383366993,1,0,1,0,1,0,0
0,0,1,1,1.1670662262470934,0,0,0,1,1,1,1,1,1,-0.1109927879803753,0.6461829326776278,0,1,0,0,0,0,0
1,0,1,0,1.4121991106131617,1,1,1,1,1,1,0,0,0,0.2025628728513725,1.0549028098426003,0,1,0,0,1,0,0
1,0,1,0,0.9219333418810253,1,1,0,0,0,0,0,0,0,-1.2971954202274631,-0.3723613910527824,0,1,0,1,0,0,0
0,0,1,0,-0.5080084835877063,1,0,0,0,0,0,0,0,1,-1.4863242315228034,-0.8257736247844736,1,0,0,1,0,0,1
1,0,0,0,-0.8757078101368088,1,0,1,0,1,0,0,0,1,0.4879151144548676,-0.6583924730797839,0,0,1,0,0,0,0
0,0,1,1,1.616476514251552,1,1,1,1,1,1,1,1,1,1.725547511177004,2.723262962903335,0,1,1,0,1,0,0
0,0,1,1,1.0036443033363813,1,1,1,0,1,1,1,1,1,0.6538175805034113,1.1291914380912795,0,1,0,0,0,1,0
1,1,0,0,1.5347655527961959,0,0,0,1,1,0,1,0,1,-0.6883333698293078,0.31976320249403595,1,0,0,0,1,0,0
0,0,0,0,1.45305459134084,1,1,1,1,0,1,1,1,0,1.5082152806534117,2.203551549356126,0,1,1,0,1,0,0
1,0,0,0,-1.2842626174135892,1,0,1,0,0,0,0,1,1,0.657135629824382,-0.9722542028256164,0,0,1,0,0,0,1
1,0,1,0,0.5950894960596009,1,1,0,1,0,0,0,0,1,0.4680068185290425,0.6016892088067609,1,0,1,0,0,1,0
0,0,0,0,-0.7122858872260965,1,1,1,0,0,0,0,1,1,-0.004815209709307201,-0.5705968215131626,0,0,0,0,0,0,0
0,0,1,1,1.493910072068518,1,0,0,0,0,0,0,0,1,-1.4747110588994052,-0.3728027970435648,1,0,0,1,1,0,0
0,0,0,0,-1.2025516559582332,1,0,1,1,0,0,0,0,0,-0.31339379655959876,-0.9366768799685541,0,0,0,0,0,1,0
0,0,1,1,-1.2842626174135892,1,0,0,0,0,0,0,0,0,-1.504573502788143,-1.0010118031250903,0,0,0,1,0,0,1
1,0,0,0,0.02311276587210824,1,0,1,0,0,1,1,0,1,0.8014707752866155,0.3268256983465545,0,1,1,0,0,1,0
1,0,1,1,0.8402223804256691,1,1,1,1,0,0,0,1,0,0.1627462809997219,0.617447402677693,0,1,0,0,0,0,0
0,1,0,0,-0.5080084835877063,1,0,0,0,0,0,1,0,0,0.5277317063065182,-0.29707959932484246,0,0,1,0,0,0,0
1,1,0,0,-1.2842626174135892,1,1,0,0,0,0,1,1,1,0.9541010440512755,-0.9683036192081136,0,0,1,0,0,1,0
1,0,0,0,-0.9165632908644868,1,0,1,0,1,0,1,1,1,1.1316166827232177,-0.5395218397620809,1,0,1,0,0,1,0
0,0,0,0,-0.017742714855569806,1,0,0,0,0,0,0,0,0,-1.4896422808437741,-0.7440693758906496,0,0,0,1,0,0,0
1,1,0,0,0.9627888226087032,1,1,0,0,1,0,1,1,1,1.2029547431240912,1.4596279627909914,0,0,1,0,0,1,0
0,0,1,0,1.575621033523874,1,0,0,0,0,0,0,0,0,-1.5161866754115412,-0.40378949759648997,0,1,0,1,1,0,0
0,1,1,0,-0.7939968486814527,1,0,0,0,0,0,0,0,1,0.17767750294409096,-0.6049382075960341,0,0,1,0,0,1,0
0,0,0,0,-1.2434071366859112,1,0,0,0,0,0,0,0,0,-1.4830061822018323,-0.9920291912126682,0,0,0,1,0,0,1
1,0,0,0,-0.6305749257707405,1,1,0,0,1,1,0,1,1,1.023780079791664,-0.2856913247626563,0,0,1,0,0,0,0
1,0,0,0,-1.2434071366859112,1,0,1,0,1,0,0,0,1,-0.3216889198620259,-0.9595637805906221,0,0,0,0,0,0,1
0,0,1,0,1.616476514251552,1,1,0,1,1,0,1,1,1,1.2129088910870036,2.222885131752395,1,0,1,0,0,1,0
1,0,0,0,-0.26287559922163806,0,0,1,0,0,1,1,1,0,-0.3399381911273659,-0.40802699510800117,1,0,0,0,1,0,0
1,0,1,1,-1.120840694502877,1,1,0,0,0,0,0,0,1,-1.2905593215855216,-0.9500073408901828,0,0,0,1,0,0,0
1,0,0,0,-1.2025516559582332,1,1,0,0,1,0,1,1,1,1.1996366938031204,-0.8639552429871521,0,0,1,0,0,1,0
0,0,0,0,-0.26287559922163806,1,1,0,0,1,0,0,0,1,0.5277317063065182,-0.04159381185998376,0,0,1,0,0,1,0
0,0,1,1,1.0853552647917375,1,1,1,1,0,1,0,0,0,0.02338820951894505,0.6683194431153657,1,0,0,0,0,0,1
0,0,1,1,-0.22202011849396003,1,0,0,1,0,0,0,0,0,-0.4958865092129969,-0.4198125350618914,0,0,0,0,0,0,1
1,0,1,0,1.0036443033363813,1,1,1,1,1,1,1,0,1,1.2693157295435087,1.606064400233056,0,0,1,0,0,1,0
0,0,0,0,-1.2842626174135892,1,0,0,0,0,0,0,0,1,-0.6866743451688222,-0.990131145452304,0,0,0,0,0,1,0
0,0,0,0,0.18653468878282042,1,0,0,0,0,0,0,0,1,-1.4929603301647452,-0.7027979157524943,1,0,0,1,0,1,0
0,0,0,0,-1.079985213775199,1,0,1,0,0,0,0,0,1,-0.5091587064968803,-0.8707308249456621,0,0,0,0,0,1,0
1,0,0,0,-0.5897194450430624,1,0,0,0,0,1,0,0,1,0.3684653388999163,-0.4035246540020206,0,0,1,0,0,0,0
1,0,1,1,-0.5488639643153844,1,1,0,0,0,1,1,1,1,1.1996366938031204,-0.1817181436338597,1,0,1,0,0,1,0
0,0,1,1,1.4121991106131617,1,1,1,0,0,0,1,1,1,0.3551931416160326,1.298713408851264,0,1,0,0,0,1,0
1,1,1,0,0.06396824659978628,1,0,0,0,0,0,0,0,0,0.22413019343768292,0.0618496820798739,0,0,1,0,1,0,0
0,0,0,0,-0.4262975221323503,1,0,1,0,0,0,0,0,1,-0.5307260270831913,-0.544090391766679,0,0,0,0,1,0,0
1,0,0,0,0.7993668996979911,1,0,1,0,1,0,1,0,0,0.8777859096689454,1.0819168564784836,1,0,1,0,0,1,0
1,0,1,0,0.9627888226087032,0,0,0,0,1,1,1,1,1,-0.35652843773222026,0.29687630187196806,1,0,0,0,0,0,0
1,1,0,0,-0.5897194450430624,1,1,0,0,0,0,1,1,1,1.0171439811497223,-0.23601108050009612,0,0,1,0,0,1,0
1,1,1,1,0.9627888226087032,1,1,1,0,1,0,1,1,1,1.3190864693580717,1.5481960748414818,1,0,1,0,0,0,0
1,0,0,0,-1.161696175230555,1,0,0,0,1,1,0,1,1,0.8495824904406932,-0.8521697030332617,0,0,1,0,0,1,0
0,0,1,0,1.2896326684301276,1,1,1,1,1,1,1,1,1,1.6658226233995284,2.255107769079511,1,0,1,0,0,1,0
1,0,1,0,1.1670662262470934,1,1,0,1,1,0,1,1,0,0.53436780494846,1.1676378998884276,0,1,0,0,0,0,0
0,1,1,0,1.575621033523874,1,0,1,1,1,1,1,0,1,1.148206929328072,2.1545113437801997,0,1,1,0,0,1,0
1,0,0,0,-1.2434071366859112,1,0,0,0,0,0,0,0,1,0.1660643303206926,-0.9501397626874176,0,0,1,0,1,0,0
1,1,0,0,1.2896326684301276,1,1,0,0,1,1,1,1,0,1.2377942609942854,1.942570257306026,1,0,1,0,0,1,0
1,0,0,0,0.5133785346042448,1,1,1,0,1,1,1,1,1,1.448490392875936,1.181851172791621,0,0,1,0,1,0,0
1,0,0,0,-0.5897194450430624,1,1,0,0,0,0,0,0,0,-1.3618973819863953,-0.8222203065586753,1,0,0,1,0,0,1
1,0,1,1,1.3713436298854838,1,1,0,0,0,0,0,0,1,-1.2971954202274631,-0.25278450814982767,1,0,0,1,1,0,0
1,0,0,0,0.18653468878282042,0,0,1,1,0,1,0,0,1,-0.8044650960632884,-0.3956676273660937,0,1,0,0,0,0,1
1,0,0,1,0.26824565023817654,1,1,0,0,0,0,0,0,0,-1.3204217654742594,-0.566271042803495,0,1,0,1,0,0,1
1,0,0,0,-0.30373107994931614,1,1,0,0,0,0,0,1,1,0.6637717284663239,-0.1076060777814931,0,0,1,0,0,1,0
1,0,1,0,-0.4262975221323503,1,0,0,0,1,0,1,0,1,0.7367688135276833,-0.19270915280434167,0,0,1,0,0,0,0
1,0,1,0,-0.9165632908644868,1,0,0,0,0,0,0,0,0,-1.4995964288066868,-0.9259727846920807,1,0,0,1,0,0,0
0,0,1,0,-0.5080084835877063,1,0,0,0,0,0,0,0,0,-1.4747110588994052,-0.8360583843697037,1,0,0,1,0,0,1
1,1,1,0,-0.9982742523198429,1,0,0,0,1,1,0,1,1,-0.013110333011734388,-0.7528312848076805,0,0,0,0,1,0,0
0,0,1,0,0.676800457514957,1,1,0,0,0,0,0,0,1,-0.41957137483066687,0.13088557903824283,0,0,0,0,1,0,0
0,1,1,0,1.3304881491578058,1,0,0,1,1,1,1,1,1,1.3622211105306932,1.959078841361288,0,1,1,0,1,0,0
1,1,0,0,-1.2842626174135892,1,0,0,0,0,0,0,0,0,-0.6501758026381426,-0.9896455988624433,0,0,0,0,0,1,0
1,0,1,0,-1.120840694502877,1,0,0,0,1,0,1,1,1,0.9839634879400135,-0.7897328256370899,0,0,1,0,0,1,0
0,1,1,0,1.616476514251552,1,1,1,1,1,1,0,0,1,1.0553015483408872,2.004102252421094,0,1,1,0,0,0,0
0,0,1,0,1.616476514251552,1,1,0,1,1,1,1,1,1,1.5048972313324411,2.5211210894245304,0,1,1,0,0,1,0
0,0,0,0,0.8402223804256691,1,0,0,1,1,0,1,1,1,1.1780693732168095,1.286067127215348,1,0,1,0,0,0,1
1,0,0,0,-0.4671530028600283,1,1,0,0,0,0,0,0,0,0.34855704297409074,-0.3162807599238773,0,0,1,0,0,0,1
0,1,1,1,1.5347655527961959,1,1,0,1,1,1,1,1,1,1.4302411216105964,2.290287826544869,1,0,1,0,0,1,0
0,0,1,1,0.02311276587210824,1,1,1,0,1,0,1,1,1,1.2908830501298196,0.5207574203968062,1,0,1,0,0,0,1
0,0,0,0,-0.3854420414046722,1,1,0,0,0,0,0,0,0,0.3585111909370033,-0.23334057425586255,0,0,1,0,0,0,0
1,0,1,1,0.5133785346042448,1,0,1,0,0,1,0,0,0,-0.336620141806395,0.11762132901523133,0,1,0,0,0,0,0
0,0,1,1,0.10482372732746434,1,0,0,0,0,0,0,0,0,-1.4979374041462012,-0.6967285833792362,1,0,0,1,0,0,1
1,0,0,0,-0.6714304064984186,1,0,0,0,0,0,0,0,0,-1.478029108220376,-0.865058757964108,0,0,0,1,0,0,0
0,0,1,0,0.676800457514957,1,1,1,1,1,1,0,1,0,1.3887655050984604,1.2743919387591534,0,1,1,0,1,0,0
1,0,0,0,-1.2842626174135892,1,0,0,0,0,0,0,0,1,-1.5095505767695994,-1.0010780140237074,0,0,0,1,0,0,1
1,0,1,0,1.1670662262470934,1,1,1,1,1,1,0,1,1,0.5310497556274889,1.136011160648868,0,1,0,0,0,0,0
1,1,1,1,1.45305459134084,1,0,0,0,0,0,0,0,0,-1.5029144781276575,-0.4827570293474631,1,0,0,1,0,0,0
1,0,0,0,-1.2842626174135892,1,0,0,0,0,0,0,0,1,-1.4946193548252305,-1.0008793813278556,0,0,0,1,0,0,1
0,0,0,0,1.1262107455194155,0,0,1,0,1,0,1,1,0,-0.37145965967658906,0.41925611281639114,0,1,0,0,0,1,0
1,0,1,1,0.8402223804256691,1,1,0,0,0,0,0,0,0,-1.3021724942089197,-0.41983460536143064,0,1,0,1,1,0,0
0,1,0,0,-0.181164637766282,1,1,0,0,1,1,1,1,1,1.2776108528459358,0.2663530776093644,0,0,1,0,0,1,0
0,0,0,0,-1.2434071366859112,1,0,0,0,0,0,0,0,0,0.16108725633923657,-0.9455270700837414,0,0,1,0,0,1,0
0,1,0,0,-1.2842626174135892,1,0,0,0,0,0,0,0,1,0.1793365276045763,-0.9786104490928831,0,0,1,0,0,1,0
0,0,0,0,-0.6714304064984186,1,1,0,0,0,0,0,0,0,0.26062873596836283,-0.4824259748543763,0,0,1,0,0,1,0
0,0,1,1,1.616476514251552,1,0,0,0,0,0,0,0,0,-1.4830061822018323,-0.364769208011325,0,1,0,1,0,0,0
0,0,0,0,-1.079985213775199,1,0,1,1,0,0,0,0,0,-0.32002989520154057,-0.867067155222168,0,0,0,0,0,0,1
1,0,0,0,-1.2025516559582332,1,0,0,1,1,1,1,1,1,1.4319001462710816,-0.8689652009825325,0,0,1,0,0,1,0
1,0,1,1,0.676800457514957,1,0,0,1,1,0,1,0,1,0.8495824904406932,0.9743682868243493,0,0,1,0,1,0,0
0,0,0,0,-1.2842626174135892,1,0,0,0,1,0,0,0,1,-0.4759782132871716,-0.9873282174108357,0,0,0,0,0,0,1
1,0,1,0,0.7176559382426351,1,1,1,1,0,0,0,1,1,0.9823044632795283,1.159869154450657,0,0,1,0,1,0,0
0,1,1,1,-0.8348523294091307,0,0,0,0,0,1,0,0,1,-1.1777456446725119,-0.8525007575263485,0,0,0,0,0,0,1
1,1,1,0,-0.017742714855569806,1,0,0,0,0,0,0,1,1,0.5144595090226345,0.08643599576645423,0,0,1,0,1,0,0
1,0,1,1,1.45305459134084,1,0,1,1,1,0,1,1,1,1.2759518281854505,2.1130853915452708,0,1,1,0,1,0,0
1,0,0,0,-1.2842626174135892,1,0,0,0,0,0,0,0,0,-1.4597798369550363,-1.0004159050375339,0,0,0,1,0,0,1
1,0,0,0,0.30910113096585456,0,0,0,1,0,1,0,0,0,-0.9554363401674631,-0.39917680499281377,1,0,0,0,1,0,0
1,0,0,0,-1.120840694502877,1,0,0,1,0,0,0,0,1,-0.4461157693984338,-0.8938163582635821,0,0,0,0,0,1,0
1,0,1,0,1.616476514251552,1,1,1,1,1,1,0,1,0,0.46634779386855674,1.534291786131836,0,1,0,0,0,0,0
0,0,0,0,-1.2842626174135892,1,0,0,0,1,0,1,0,1,0.6853390490526348,-0.9718790077334513,0,0,1,0,0,1,0
0,0,1,0,1.0444997840640593,1,1,1,1,0,1,1,1,1,1.4700577134622466,1.8125982633201452,0,1,1,0,1,0,0
0,0,0,0,-0.34458656067699417,1,1,0,0,0,0,0,0,0,-1.333693962758143,-0.7424361737247547,1,0,0,1,0,0,0
0,1,1,0,-1.2025516559582332,1,0,0,0,0,1,1,0,1,0.6339092845775863,-0.8915651877105918,0,0,1,0,0,0,1
0,0,1,1,1.2079217069747716,1,0,0,0,0,0,0,0,0,-1.4763700835598907,-0.43746877469318785,0,1,0,1,0,0,0
1,0,1,1,1.616476514251552,1,1,0,1,1,1,1,1,0,1.5297826012397227,2.487552163825528,0,1,1,0,1,0,0
0,1,1,0,0.7176559382426351,1,0,0,0,0,0,0,0,1,0.20753994683282853,0.5109802777009758,0,0,1,0,0,1,0
1,0,1,1,1.3713436298854838,1,0,0,0,0,0,0,0,0,-1.4863242315228034,-0.40301703711262077,0,1,0,1,1,0,0
1,0,1,1,0.30910113096585456,1,1,0,0,1,0,0,0,1,0.5443219529113725,0.44364379380711927,0,0,1,0,0,1,0
1,0,1,0,0.30910113096585456,1,1,0,1,0,1,1,0,0,0.197585798869916,0.2800808039226973,1,0,0,0,1,0,0
1,0,1,1,1.4121991106131617,1,0,0,1,1,1,1,1,0,1.27263377886448,2.0341178597942977,0,1,1,0,0,0,0
0,1,0,0,0.9627888226087032,1,1,0,1,1,0,1,1,0,1.3257225680000135,1.5688097346110206,0,0,1,0,0,1,0
0,0,1,1,1.2896326684301276,1,0,0,0,0,0,0,0,0,-1.4796881328808613,-0.4455906449235842,0,1,0,1,0,0,1
1,1,0,0,-0.5080084835877063,1,1,0,0,0,0,1,0,1,0.6488405065219549,-0.23925541453234678,0,0,1,0,0,1,0
1,1,1,0,1.575621033523874,1,0,0,1,1,1,0,1,1,1.0188030058102078,1.9509790414304307,0,1,1,0,1,0,0
1,0,1,1,0.3499566116935326,1,1,1,1,1,0,1,0,1,0.32367167306680916,0.3250159337843467,0,0,0,0,1,0,0
1,0,1,1,1.616476514251552,0,0,1,0,1,1,1,0,0,-0.5274079777622203,0.5472417798437508,0,1,0,0,0,0,1
1,0,1,1,-0.5897194450430624,0,0,0,1,1,0,1,0,0,-0.6103592107864922,-0.6509989227341785,1,0,0,0,1,0,0
1,1,1,0,1.575621033523874,1,0,1,1,0,1,1,0,1,0.2058809221723432,1.2027738167547075,1,0,0,0,0,0,0
1,0,1,0,0.5542340153319228,1,0,1,1,1,1,0,0,0,0.028365283500401555,0.3354331151668115,0,1,0,0,0,0,1
0,0,1,1,0.5542340153319228,1,0,0,0,0,0,0,0,0,-1.478029108220376,-0.6165913257526897,0,1,0,1,0,0,0
1,0,0,0,1.0036443033363813,1,0,0,1,0,1,0,0,1,-0.336620141806395,0.3740782096598113,1,0,0,0,0,0,1
0,0,0,0,1.45305459134084,1,1,0,1,1,0,1,1,1,0.5260726816460328,1.3431850624225918,0,1,0,0,0,1,0
0,0,0,0,-1.2842626174135892,0,0,0,0,0,0,0,0,1,-1.3154446914928033,-0.9984957889776305,0,0,0,0,0,0,1
1,0,1,0,0.22739016951049848,1,0,0,0,0,0,0,0,0,-1.4730520342389197,-0.6814117954990866,0,1,0,1,0,0,0
0,1,1,0,-0.017742714855569806,1,1,0,0,1,0,0,0,0,0.48127901581292576,0.12481624666498468,0,0,1,0,0,0,1
0,0,1,0,-1.2434071366859112,1,0,0,0,0,0,0,0,1,-0.6568119012800844,-0.9699809619730869,0,0,0,0,0,1,0
1,0,0,0,-0.9165632908644868,1,0,0,0,0,0,0,0,0,0.17767750294409096,-0.6849430434253458,0,0,1,0,0,0,1
0,0,1,0,1.616476514251552,1,0,0,0,0,0,0,0,0,-1.5062325274486286,-0.3490551547394712,0,1,0,1,0,0,0
0,0,1,1,1.3304881491578058,1,1,0,1,1,1,1,1,1,1.5264645519187514,2.188786518964454,0,1,1,0,1,0,0
1,0,0,0,-0.4671530028600283,1,1,0,0,0,0,0,1,1,0.6405453832195277,-0.24267631096091047,0,0,1,0,0,1,0
0,0,1,0,1.4121991106131617,1,0,0,0,0,0,0,0,0,-1.4979374041462012,-0.42023187075313473,0,1,0,1,0,0,1
0,0,0,0,-0.8348523294091307,1,1,0,0,0,1,1,1,1,0.36680631423943044,-0.6324378008217781,1,0,0,0,0,0,1
0,1,0,0,-0.30373107994931614,1,1,1,1,0,0,1,1,1,1.2610206062410814,0.16463106703355795,0,0,1,0,0,0,1
0,1,0,0,-0.9982742523198429,1,1,0,0,0,0,0,1,0,0.6770439257502076,-0.7024889315589466,0,0,1,0,0,1,0
1,0,0,0,-1.2842626174135892,1,0,0,0,0,0,0,0,0,-1.504573502788143,-1.0010118031250903,0,0,0,1,0,1,0
0,0,1,1,1.3304881491578058,1,1,0,1,0,1,1,1,1,0.48459706513389694,1.2291698950034953,0,1,0,0,0,0,0
0,1,0,0,-1.2434071366859112,1,0,1,1,0,0,0,0,0,-0.3299840431644531,-0.9636026454062812,0,0,0,0,0,0,1
0,0,1,1,1.2079217069747716,0,0,1,1,0,1,1,0,0,-0.534044076404162,0.3183948439226105,0,1,0,0,0,0,0
1,0,0,0,0.14567920805514237,1,1,0,0,0,0,0,1,1,0.6670897777872951,0.3442833052819987,0,0,1,0,0,1,0
0,0,0,0,0.22739016951049848,1,0,0,0,0,0,0,0,0,-1.5095505767695994,-0.6761149236096976,1,0,0,1,0,0,1
1,0,1,1,1.0036443033363813,1,0,1,1,0,1,0,0,0,-0.17237670041833655,0.5394730344059804,1,0,0,0,0,0,1
1,0,0,0,-0.017742714855569806,1,0,0,0,0,0,0,0,0,-1.4747110588994052,-0.6973024111672533,1,0,0,1,1,0,0
1,0,0,0,0.47252305387656673,1,1,0,0,1,0,0,1,1,0.8495824904406932,0.7838353909031223,0,0,1,0,0,0,1
1,0,0,0,-1.2434071366859112,1,1,0,1,0,0,0,0,1,-0.34491526510882214,-0.9592327260975352,0,0,0,0,0,0,1
0,0,0,0,0.3499566116935326,1,1,1,1,1,1,1,1,1,1.649232376794674,0.9888464033220123,0,0,1,0,0,0,0
0,0,1,1,-0.7531413679537746,1,1,0,1,0,0,0,1,1,0.8661727370455475,-0.45386700725075435,0,0,1,0,0,0,0
0,0,1,0,0.9627888226087032,1,1,0,0,0,0,1,0,1,0.6903161230340908,1.15452814196219,0,0,1,0,0,0,0
0,1,1,0,-1.0391297330475209,1,1,0,0,0,0,0,1,1,0.6554766051638967,-0.7240736845082065,0,0,1,0,0,1,0
1,0,0,0,-0.8757078101368088,1,0,0,0,0,0,0,0,1,-1.4713930095784342,-0.9048515080331423,0,0,0,1,1,0,0
0,0,0,0,-0.7939968486814527,1,0,0,0,0,0,0,0,0,-1.4796881328808613,-0.8889829626645147,1,0,0,1,0,0,1
0,0,1,0,1.575621033523874,1,1,0,1,1,0,1,1,1,1.3389947652838974,2.325225110715297,0,1,1,0,0,0,0
1,0,0,0,-0.4262975221323503,1,1,0,0,0,0,0,0,1,-1.3253988394557157,-0.7918074337937672,0,0,0,1,1,0,0
1,0,0,0,0.3908120924212107,1,1,1,1,1,0,0,1,1,1.1349347320441883,0.8877644314328406,1,0,1,0,0,1,0
0,0,0,1,-0.7122858872260965,1,0,0,0,0,0,0,0,0,-1.4979374041462012,-0.8901526885400881,1,0,0,1,0,0,1
1,0,1,1,1.493910072068518,1,0,0,1,0,1,1,0,1,0.9076483535576835,1.8511109360159104,0,1,1,0,0,0,1
0,0,1,1,-0.3854420414046722,1,0,0,0,1,0,0,0,1,0.34855704297409074,-0.2579268879424427,0,0,1,0,1,0,0
1,0,0,0,-0.5488639643153844,1,0,0,1,0,0,0,0,1,0.30044532782001293,-0.38081431577626557,0,0,1,0,1,0,0
0,0,1,1,1.2487771877024496,1,0,1,0,0,0,0,0,1,-0.46934211464523,0.412281898162029,0,1,0,0,0,0,0
1,0,1,1,1.45305459134084,1,0,0,0,1,1,1,1,1,0.2705828839312754,1.1767970741971625,0,1,0,0,0,0,0
1,0,1,0,-1.2842626174135892,1,0,0,0,0,0,1,0,1,0.5227546323250617,-0.9740418970882849,0,0,1,0,0,1,0
0,0,1,0,-0.5897194450430624,0,0,0,0,1,0,1,0,1,-0.8542358358778516,-0.713921346720211,0,0,0,0,0,1,0
0,0,1,0,1.575621033523874,0,0,0,1,1,1,1,1,0,-0.21717036625144343,0.8204279475389838,0,1,0,0,0,0,0
0,0,1,1,-0.7122858872260965,1,0,0,0,0,0,0,0,0,-1.4747110588994052,-0.8613068070424575,1,0,0,1,1,0,0
1,0,1,1,-0.9982742523198429,1,0,0,0,0,0,0,0,0,-1.4962783794857157,-0.9521040193463993,0,1,0,1,0,0,1
1,1,0,0,-0.4671530028600283,1,0,0,0,1,0,1,1,1,1.061937646982829,-0.11341056656028183,0,0,1,0,0,0,0
0,0,0,0,-1.079985213775199,1,1,0,1,0,0,1,0,1,0.8280151698543823,-0.7656541288399094,0,0,1,0,0,1,0
1,1,1,0,1.493910072068518,0,0,0,0,1,0,0,0,1,-1.1611553980676577,-0.06750434351891113,1,0,0,0,1,0,0
1,0,1,1,1.45305459134084,0,0,1,1,1,1,0,1,1,-0.27855427868940463,0.7332723346589972,0,1,0,0,0,0,1
0,0,1,0,-1.2842626174135892,1,0,0,0,0,0,0,0,1,-1.4763700835598907,-1.0006366080329252,0,0,0,1,0,0,0
1,0,1,1,1.2079217069747716,1,0,0,0,0,0,0,0,0,-1.4879832561832886,-0.4601349723198646,1,0,0,1,0,0,0
1,0,1,1,0.22739016951049848,1,1,0,1,1,0,1,1,0,0.46966584318952787,0.2539495692683787,1,0,0,0,1,0,0
1,0,0,0,-1.120840694502877,1,1,0,1,1,0,0,0,1,0.6803619750711782,-0.822374798655449,0,0,1,0,0,1,0
1,1,1,0,-1.2025516559582332,1,1,0,0,0,0,1,1,1,0.9889405619214696,-0.8862021049225856,0,0,1,0,0,1,0
0,0,0,0,0.5133785346042448,1,1,1,1,1,1,1,1,1,1.6873899439858393,1.2528292561094325,0,0,1,0,0,1,0
0,0,0,0,-1.2842626174135892,1,0,0,0,0,0,0,0,0,-1.4548027629735798,-1.0003496941389167,0,0,0,1,0,0,1
0,1,0,0,-0.9574187715921648,1,0,0,0,1,0,0,0,0,0.3551931416160326,-0.7282449711211002,0,0,1,0,1,0,0
0,0,1,0,-0.5080084835877063,1,0,0,0,0,0,0,0,1,0.1660643303206926,-0.32967743174412345,0,0,1,0,0,0,0
0,1,0,0,0.8810778611533472,1,1,0,1,0,0,0,0,1,0.4879151144548676,0.9194573815710176,0,0,1,0,0,1,0
1,0,0,0,-0.5080084835877063,1,0,0,0,0,0,0,0,1,-1.4962783794857157,-0.8244714771116655,0,1,0,1,0,0,1
1,0,0,0,0.6359449767872789,1,1,0,1,1,0,1,1,1,1.4368772202525377,1.2272056383445136,0,1,1,0,0,0,0
1,1,1,0,0.8810778611533472,0,0,0,0,0,0,0,0,1,-1.3220807901347449,-0.40718832372551456,0,0,0,0,0,0,0
0,0,0,0,-1.2842626174135892,1,1,0,0,0,0,0,0,1,-0.4875913859105697,-0.9874827095076094,0,0,0,0,0,1,0
0,0,0,0,-1.2842626174135892,1,0,0,0,0,0,0,0,0,-0.696628493131735,-0.9902635672495385,0,0,0,0,0,1,0
1,0,0,0,-1.2842626174135892,1,0,0,0,0,0,0,0,0,-1.5012554534671723,-1.000967662526012,0,0,0,1,0,0,1
1,0,0,0,0.6359449767872789,1,0,0,0,0,0,0,0,0,-1.4879832561832886,-0.5662048319048776,1,0,0,1,0,0,0
0,0,0,0,-1.2842626174135892,1,0,0,0,0,0,0,0,1,-1.5012554534671723,-1.000967662526012,0,0,0,1,0,0,1
0,0,1,0,0.18653468878282042,1,1,0,1,0,1,0,1,0,0.24237946470302263,0.16383653625014974,1,0,0,0,0,0,1
1,0,0,0,-1.2842626174135892,1,0,0,0,0,0,0,0,0,-1.5161866754115412,-1.001166295221864,0,0,0,1,0,0,1
1,0,1,1,0.26824565023817654,1,1,0,0,0,0,0,0,0,-1.3137856668323176,-0.5735101010523265,0,1,0,1,0,0,1
0,0,0,0,-1.161696175230555,1,0,0,0,0,0,1,0,0,-0.3084167225781425,-0.9092434976414273,0,0,0,0,1,0,0
0,0,1,1,0.02311276587210824,1,1,0,0,0,0,0,0,0,-1.348625184702512,-0.6563399352226457,1,0,0,1,1,0,0
1,0,0,0,-0.5897194450430624,1,0,0,0,0,0,0,0,0,-1.5112096014300849,-0.8633372746000567,0,0,0,1,0,0,1
1,0,1,0,-1.161696175230555,1,0,0,0,0,1,0,0,0,-0.4892504105710553,-0.930430985198983,0,0,0,0,0,0,1
1,0,0,1,0.9627888226087032,1,0,0,0,0,0,0,0,1,-1.4465076396711527,-0.46284961916317635,1,0,0,1,0,0,1
0,0,0,0,-0.6305749257707405,1,0,0,0,0,0,0,0,1,0.17270042896263443,-0.5044079931953402,0,0,1,0,0,1,0
1,0,0,0,0.7176559382426351,1,0,1,1,1,1,0,0,1,0.8396283424777802,0.9985573351192254,1,0,1,0,1,0,0
1,0,1,1,1.616476514251552,1,0,0,0,0,0,0,0,0,-1.4763700835598907,-0.3911211456610348,0,1,0,1,0,0,0
1,0,0,0,-0.9165632908644868,1,1,0,0,0,0,0,0,0,0.3402619196716636,-0.6625196190935995,0,0,1,0,0,1,0
0,0,1,1,-0.30373107994931614,1,0,0,0,0,0,0,0,0,-1.4830061822018323,-0.7950517678260179,0,1,0,1,0,0,1
0,0,1,0,1.575621033523874,1,1,0,0,0,0,0,0,0,-1.318762740813774,-0.18253474471680714,0,1,0,1,1,0,0
0,0,1,1,-0.5080084835877063,1,1,0,0,0,0,0,0,1,-1.3021724942089197,-0.7856277499228135,0,0,0,1,0,0,0
1,0,1,0,-0.7531413679537746,1,1,0,0,0,0,1,0,1,0.7069063696389452,-0.4642179777346019,0,0,1,0,0,1,0
1,0,0,1,1.2079217069747716,1,0,1,1,0,0,0,0,0,-0.28684940199183184,0.5300048759036975,1,0,0,0,0,0,0
1,0,0,1,-0.9982742523198429,0,0,0,0,0,0,0,0,0,-1.3038315188694052,-0.9146065804294337,0,0,0,0,0,0,1
1,1,0,0,0.8810778611533472,1,1,0,1,0,0,0,1,1,0.8379693178172949,1.1673289156948798,0,0,1,0,0,1,0
0,0,0,0,1.1670662262470934,1,1,1,1,1,1,1,1,1,1.7852723989544796,2.2416669566601866,1,0,1,0,0,1,0
0,0,1,1,1.4121991106131617,0,0,0,1,1,1,1,1,1,-0.17403572507882212,0.8018888959261227,0,1,0,0,0,1,0
1,1,0,0,0.676800457514957,1,1,1,1,1,1,0,1,0,0.5492990268928286,0.7829084383224792,0,1,0,0,1,0,0
1,0,1,0,1.3713436298854838,1,1,1,1,1,1,1,1,0,0.8927171316133145,1.6723415097490346,0,1,0,0,0,0,0
1,0,1,0,0.5950894960596009,1,1,0,1,1,0,1,1,1,1.3041552474137028,1.2570888239204827,0,0,1,0,0,1,0
1,0,0,0,-0.4671530028600283,0,0,0,1,0,1,0,0,1,-0.9554363401674631,-0.6652342659369112,0,0,0,0,0,0,1
1,0,0,0,0.758511418970313,1,0,0,1,1,0,1,1,1,1.1349347320441883,1.214272442814589,0,0,1,0,0,1,0
0,1,0,0,-0.4262975221323503,1,0,1,1,0,0,0,0,0,0.560912199516227,-0.20584098103011836,0,0,1,0,0,1,0
1,0,0,0,-1.2025516559582332,1,0,0,0,0,0,0,0,0,-1.4630978862760071,-0.9842163051758196,0,0,0,1,0,0,1
0,0,0,0,1.2896326684301276,1,1,0,1,1,1,1,1,1,1.516510403955839,2.1108121506927415,0,1,1,0,1,0,0
0,0,0,0,1.4121991106131617,0,0,0,0,1,1,1,1,1,-0.37809575831853093,0.5702611022630534,0,0,0,0,1,0,0
1,0,1,0,1.616476514251552,1,1,0,0,0,0,0,0,0,-1.307149568190376,-0.2163464436107398,0,1,0,1,0,0,1
1,0,0,1,0.18653468878282042,1,0,1,1,0,1,0,0,0,-0.1109927879803753,0.006673933232072697,0,1,0,0,1,0,0
0,1,1,0,0.18653468878282042,1,0,0,0,0,0,0,0,0,-1.4995964288066868,-0.6883418695543704,1,0,0,1,0,0,1
1,1,0,0,0.3499566116935326,1,1,0,0,1,0,1,1,1,1.1150264361183633,0.8389007882532279,0,0,1,0,0,1,0
1,0,1,0,1.3304881491578058,1,1,1,0,1,0,1,1,1,1.3091323213951593,1.9976797952552097,0,0,1,0,0,1,0
1,0,1,0,0.5950894960596009,1,0,0,0,0,0,0,0,0,-1.4896422808437741,-0.5933733706375349,1,0,0,1,0,0,0
0,0,0,0,-0.26287559922163806,1,1,0,0,0,0,0,0,1,0.33694387035069284,-0.1996392268596255,0,0,1,0,0,0,0
1,0,0,0,-0.9574187715921648,1,1,0,0,0,0,1,0,1,0.6820209997316636,-0.6747465650382722,0,0,1,0,0,1,0
0,0,1,1,1.1262107455194155,1,0,0,1,1,1,1,1,1,0.5244136569855471,1.1739058649575376,0,1,0,0,0,0,0
1,1,1,0,-1.2842626174135892,1,1,0,0,0,0,1,0,1,0.7052473449784599,-0.9716141641389817,0,0,1,0,0,1,0
0,0,0,0,1.2079217069747716,0,0,0,1,1,0,0,1,1,-0.7032645917736766,0.2036954972178012,0,1,0,0,1,0,0
0,0,0,0,-1.079985213775199,1,0,0,0,0,0,0,0,1,0.1478150590553529,-0.8249128831024479,0,0,1,0,0,0,1
0,0,0,0,0.8402223804256691,1,1,1,1,1,0,1,0,0,1.1216625347603046,1.3350852624917346,1,0,1,0,0,0,1
0,0,1,0,-0.017742714855569806,1,0,1,0,0,0,0,0,1,0.3551931416160326,0.01653935712605951,0,0,1,0,0,0,0
1,0,0,0,1.4121991106131617,1,1,1,1,1,1,1,1,1,1.7769772756520525,2.435201413318734,1,0,1,0,0,0,0
0,0,0,0,-0.7122858872260965,1,1,0,0,0,0,0,0,1,-1.307149568190376,-0.8332113157291573,0,0,0,1,1,0,0
1,0,0,0,0.676800457514957,0,0,0,0,1,0,0,0,1,-1.1478832007837738,-0.3681901044398887,0,0,0,0,0,0,0
0,0,1,1,-0.4262975221323503,1,0,0,1,0,1,0,0,0,-0.32002989520154057,-0.477239454462683,0,0,0,0,0,1,0
1,0,1,0,1.2896326684301276,1,1,0,1,0,1,1,1,1,1.342312814604868,2.002292487858886,0,1,1,0,0,1,0
1,0,0,0,-0.4671530028600283,1,1,0,1,0,0,0,0,1,0.5824795201025373,-0.19173805962462045,0,0,1,0,0,1,0
0,1,1,0,-0.8348523294091307,1,1,0,1,1,0,1,0,1,1.1050722881554502,-0.5416185182182974,0,0,1,0,0,1,0
0,0,1,0,0.4316675731488887,1,1,1,1,0,0,0,1,1,0.9723503153166152,0.8033896762947831,0,0,1,0,0,1,0
1,0,1,1,1.3713436298854838,1,0,0,0,0,0,0,0,1,-1.4747110588994052,-0.4095057051771222,1,0,0,1,0,1,0
0,0,1,0,0.47252305387656673,1,1,0,0,0,0,1,1,1,1.0387113017360328,0.916742734727706,0,0,1,0,0,1,0
0,1,0,0,-0.6305749257707405,1,0,0,0,0,0,0,0,0,-1.4647569109364926,-0.8636683290931435,1,0,0,1,0,0,1
0,0,0,0,-1.2842626174135892,1,1,0,0,0,0,0,0,1,-0.4875913859105697,-0.9874827095076094,0,0,0,0,0,0,1
1,1,0,0,0.758511418970313,1,1,0,0,1,0,1,1,1,1.0951181401925376,1.1591629048654053,0,0,1,0,0,1,0
1,0,0,0,-0.9574187715921648,1,0,0,0,0,0,0,0,0,-1.478029108220376,-0.930806180291148,0,0,0,1,0,0,1
0,0,0,0,1.2896326684301276,1,1,0,0,1,0,1,1,1,1.1697742499143824,1.7510441979055382,1,0,1,0,1,0,0
1,0,1,0,-0.9982742523198429,1,0,1,0,0,0,0,0,1,0.33860289501117824,-0.7191078671119043,0,0,1,0,0,0,1
1,0,1,1,1.0036443033363813,1,1,0,0,0,0,0,0,1,0.315376549764382,0.7641266134146877,0,0,1,0,0,1,0
0,0,0,0,1.0853552647917375,1,1,1,0,0,1,0,1,0,0.12956578779001315,0.7873445685298424,1,0,0,0,0,0,0
1,0,1,0,1.2896326684301276,1,1,1,0,0,0,1,0,1,0.04495553010525593,0.9292786648659263,1,0,0,0,1,0,0
0,0,1,1,-1.2842626174135892,1,0,0,0,0,0,0,0,1,-1.5062325274486286,-1.0010338734246294,0,0,0,1,0,0,1
0,0,1,1,1.616476514251552,1,1,1,0,1,1,1,1,1,0.7002702709970038,1.6877245085278016,0,1,0,0,1,0,0
1,0,0,0,-1.2842626174135892,1,0,0,0,0,0,0,1,0,0.5210956076645764,-0.9740639673878242,0,0,1,0,0,1,0
1,1,0,0,0.758511418970313,1,1,0,0,0,0,0,0,0,-1.3204217654742594,-0.45311661706642425,1,0,0,1,0,0,0
0,0,1,0,0.3908120924212107,1,1,0,0,1,1,0,0,1,0.6471814818614695,0.5743441076777908,0,0,1,0,0,1,0
0,0,0,0,-1.2842626174135892,1,0,0,0,0,0,0,0,0,-1.4763700835598907,-1.0006366080329252,0,0,0,1,1,0,0
0,0,1,0,0.9627888226087032,1,1,0,0,1,1,1,1,0,1.2742928035249652,1.5259933535051269,0,1,1,0,0,0,0
1,0,0,0,0.26824565023817654,1,1,1,1,0,0,1,1,1,1.3804703817960333,0.7739699670091355,0,0,1,0,0,1,0
1,0,0,1,-0.30373107994931614,0,0,1,0,0,0,1,0,1,-0.8011470467423175,-0.5811905652919405,1,0,0,0,1,0,0
1,1,1,1,1.575621033523874,1,1,0,1,1,1,0,1,1,0.26892385927079004,1.2590751508790035,1,0,0,0,0,0,0
1,0,0,0,-0.9165632908644868,1,0,0,0,0,0,0,0,0,-0.6236314080703756,-0.7923812615817843,0,0,0,0,0,0,1
1,0,0,0,0.30910113096585456,1,1,0,0,0,0,1,0,1,0.6670897777872951,0.4775217035996692,0,0,1,0,0,1,0
1,0,1,1,1.45305459134084,1,1,0,0,0,0,0,0,1,-1.3536022586839682,-0.27496515918664377,0,1,0,1,0,0,0
1,0,1,1,1.1670662262470934,1,0,0,0,0,0,0,0,0,-1.4730520342389197,-0.4682347722507218,1,0,0,1,0,0,1
1,0,1,1,1.493910072068518,1,1,1,0,1,1,1,1,0,0.7334507642067126,1.7245156978595158,0,1,0,0,0,0,0
0,0,0,0,-0.0994536763109259,1,0,1,1,1,1,1,1,0,0.6820209997316636,0.1073365694300013,1,0,0,0,0,0,0
1,0,0,0,-1.2842626174135892,1,0,0,0,0,0,0,0,0,-0.6169953094284338,-0.9892041928716608,0,0,0,0,1,0,0
0,0,0,0,-0.4262975221323503,1,0,0,0,0,0,0,0,1,-1.5112096014300849,-0.827495108148525,1,0,0,1,0,0,1
1,0,1,1,0.22739016951049848,1,1,0,0,1,1,1,0,1,0.9988947098843826,0.5866372645210808,0,1,1,0,0,0,0
0,0,0,0,-1.2025516559582332,1,1,0,0,0,0,0,0,0,0.3468980183136054,-0.902776899876465,0,0,1,0,0,1,0
1,0,0,0,-1.2842626174135892,0,0,0,0,0,0,0,1,1,-0.9736856114328029,-0.9939493072725718,0,0,0,0,0,1,0
1,0,0,0,0.3499566116935326,1,0,0,1,0,1,1,0,1,0.8213790712124405,0.6367368444748843,1,0,1,0,0,1,0
0,0,1,0,-1.0391297330475209,1,0,1,0,0,0,0,0,1,-0.4809552872686281,-0.8528538823189745,0,0,0,0,0,0,0
0,0,1,1,1.45305459134084,1,1,0,1,0,1,1,1,1,1.292542074790305,2.0976582521674256,0,1,1,0,1,0,0
1,0,0,0,-1.120840694502877,1,0,0,0,1,1,1,0,1,-0.028041554956103422,-0.8691859039779236,0,0,0,0,1,0,0
1,0,1,1,0.3499566116935326,1,1,0,0,1,1,1,1,1,1.2543845075991396,0.8502007816172578,1,0,1,0,0,1,0
0,0,1,1,0.10482372732746434,1,1,0,0,0,0,0,0,1,-1.2955363955669779,-0.6200342924807926,0,0,0,1,0,1,0
1,0,0,0,-0.5488639643153844,1,1,0,0,0,0,0,1,1,0.7035883203179745,-0.33316453907130444,0,0,1,0,0,0,0
1,0,0,1,1.493910072068518,1,1,1,1,1,1,1,0,1,0.4862560897943823,1.4192613849339402,0,1,0,0,1,0,0
1,0,1,1,0.5133785346042448,1,1,1,1,0,1,1,0,0,0.30044532782001293,0.4783824452816948,0,1,0,0,1,0,0
1,0,1,1,1.4121991106131617,1,0,1,0,1,1,0,1,0,0.10136236856176044,1.0330752835984098,0,1,0,0,0,0,1
0,0,1,1,1.1670662262470934,1,1,1,1,1,1,0,1,1,0.48459706513389694,1.118222499220337,1,0,0,0,0,1,0
1,0,0,0,-0.34458656067699417,1,1,0,1,1,0,0,0,1,0.6654307531268092,-0.10524455573080715,0,0,1,0,0,0,0
0,0,1,0,-0.4262975221323503,1,0,0,0,0,0,0,0,1,0.1478150590553529,-0.3236522399699435,0,0,1,0,0,1,0
0,0,1,0,1.2487771877024496,1,1,0,0,0,1,0,0,1,0.5443219529113725,1.1820277351879342,1,0,1,0,1,0,0
0,0,0,0,-1.2842626174135892,0,0,0,0,0,0,1,0,1,-0.9637314634698904,-0.993816885475337,0,0,0,0,0,1,0
0,0,0,0,-0.34458656067699417,1,1,0,1,1,0,1,1,1,1.3058142720741885,0.09155630525953015,0,0,1,0,0,1,0
0,0,0,0,0.26824565023817654,1,0,1,0,1,1,1,0,1,1.020462030470693,0.6204489634150133,1,0,1,0,0,1,0
1,0,1,1,1.2487771877024496,1,1,0,1,0,0,0,1,1,0.8811039589899161,1.5349759654175488,1,0,1,0,0,1,0
1,0,0,0,-1.2842626174135892,1,1,0,0,0,0,0,0,0,-0.46602406532425905,-0.9871957956136008,0,0,0,0,0,0,1
0,0,0,1,-0.26287559922163806,0,0,0,0,1,0,0,0,1,-1.1611553980676577,-0.662431337895443,0,0,0,0,0,0,1
1,0,0,0,0.3499566116935326,0,0,0,0,1,0,1,1,1,-0.4461157693984338,-0.0936355781732299,1,0,0,0,0,1,0
1,0,0,0,-0.4262975221323503,1,0,0,0,0,0,0,0,0,-1.4763700835598907,-0.8033943410518054,1,0,0,1,1,0,0
1,0,1,1,0.10482372732746434,1,0,0,1,0,1,1,0,1,0.826356145193897,0.3877176547749878,1,0,1,0,0,1,0
1,0,1,1,0.18653468878282042,1,0,0,0,0,0,0,0,0,-1.4929603301647452,-0.7107432235865777,1,0,0,1,1,0,0
0,0,1,0,0.9219333418810253,1,1,0,1,1,0,1,1,1,1.2892240254693341,1.4961101679291575,0,0,1,0,1,0,0
0,0,0,0,0.22739016951049848,1,1,1,1,1,0,0,0,1,0.04495553010525593,0.10380532150374203,0,0,0,0,0,0,0
0,0,1,1,-0.017742714855569806,0,0,1,1,0,0,0,0,1,-0.9836397593957157,-0.5456573830339565,0,0,0,0,0,1,0
0,0,0,1,-0.7531413679537746,1,1,1,0,0,1,0,0,1,0.7035883203179745,-0.4957785060755442,0,0,1,0,0,0,1
1,0,0,1,1.2079217069747716,1,1,0,0,1,1,1,1,1,1.3024962227532175,1.8994890326056626,0,1,1,0,0,1,0
0,0,0,0,-0.7531413679537746,1,0,0,1,0,0,0,1,1,0.7135424682808871,-0.4883187448313214,0,0,1,0,0,1,0
1,0,1,1,-0.14030915703860394,1,1,0,0,1,0,0,1,1,0.8097658985890426,0.18147070558190692,0,0,1,0,0,1,0
1,0,0,0,0.8810778611533472,1,0,1,0,1,0,1,0,0,0.8296741945148677,1.0504446093356978,0,0,1,0,0,0,1
0,0,1,1,1.575621033523874,1,1,1,1,1,1,0,0,1,1.0071898331868099,1.9790966030432704,1,0,1,0,1,0,0
1,0,0,0,0.5950894960596009,1,1,1,1,0,0,1,0,0,0.9955766605634114,0.9925542136445848,1,0,1,0,0,0,0
1,1,0,0,-1.2434071366859112,1,0,0,1,1,1,0,1,1,1.005530808526324,-0.9300337198072788,0,0,1,0,1,0,0
0,0,1,1,0.5133785346042448,0,0,1,0,0,0,1,1,1,-0.4610469913428028,0.0205782219417186,0,0,0,0,0,0,0
1,0,1,0,1.5347655527961959,1,1,0,1,1,1,1,0,0,0.37510143754185765,1.314074337330492,0,1,0,0,1,0,0
0,0,1,1,-1.161696175230555,1,0,0,0,0,0,0,0,0,-1.4747110588994052,-0.9758958022495712,0,0,0,1,0,0,1
1,0,1,1,0.02311276587210824,1,0,0,1,1,1,1,1,0,0.5741843968001101,0.1394267849598824,0,1,0,0,1,0,0
1,1,1,1,-0.5080084835877063,1,0,1,0,1,1,0,1,0,0.978986413958557,-0.2069886366061527,1,0,1,0,1,0,0
1,0,1,1,0.9627888226087032,1,1,0,0,0,0,0,0,1,-1.3386710367395993,-0.3776582629421713,1,0,0,1,0,0,1
0,0,0,0,-0.8348523294091307,1,1,1,1,1,0,0,1,1,1.1581610772909845,-0.46293790036133287,0,0,1,0,0,0,0
1,0,0,1,-1.2842626174135892,1,0,0,0,0,0,0,0,0,-1.5012554534671723,-1.000967662526012,0,0,0,1,0,0,1
0,1,0,0,0.22739016951049848,1,0,1,1,0,0,0,0,1,-0.2536689087821231,-0.0161467564913778,0,0,0,0,1,0,0
0,0,1,1,-0.8348523294091307,1,0,0,0,1,0,1,0,1,-0.2138523169304725,-0.6827139431718947,0,0,0,0,1,0,0
1,0,0,0,-1.2842626174135892,1,0,0,0,0,0,0,0,1,-1.4796881328808613,-1.0006807486320035,0,0,0,1,0,0,0
1,0,0,0,-0.181164637766282,1,0,0,0,0,0,0,0,0,-1.5443900946397935,-0.7735773663744536,1,0,0,1,1,0,0
0,0,1,1,0.4316675731488887,1,0,0,1,0,0,0,0,0,-0.4842733365895988,-0.05201099324244859,0,0,0,0,0,0,1
0,0,0,0,1.1670662262470934,1,1,0,0,1,1,1,1,1,1.3871064804379747,1.827937121499834,0,1,1,0,0,1,0
1,0,0,0,-0.6714304064984186,1,1,0,1,0,0,0,0,0,-0.3150528212200843,-0.6232124156144259,0,0,0,0,0,1,0
1,0,1,0,-0.9165632908644868,1,0,0,0,0,0,0,0,1,0.17601847828360512,-0.7184236878261916,0,0,1,0,0,1,0
1,0,1,1,1.2487771877024496,1,0,0,1,1,0,0,0,1,0.5144595090226345,1.1516810733216436,0,0,1,0,1,0,0
1,0,1,0,1.2079217069747716,1,1,0,0,0,0,0,0,1,-1.3618973819863953,-0.37097096218181785,1,0,0,1,1,0,0
1,0,1,0,0.5542340153319228,0,0,1,0,1,1,0,0,0,-0.8094421700447447,-0.19621833043106185,0,1,0,0,1,0,0
1,0,1,1,-1.2842626174135892,1,0,0,0,0,0,0,0,0,-1.4730520342389197,-1.0005924674338469,1,0,0,1,0,0,1
0,0,1,1,-0.9574187715921648,1,1,0,1,0,0,0,0,1,-0.3150528212200843,-0.7883644670656644,0,0,0,0,0,0,1
1,0,0,0,-1.2434071366859112,1,0,0,0,1,0,1,1,1,1.0304161784336054,-0.9223311852681259,0,0,1,0,0,1,0
1,0,1,1,0.10482372732746434,1,1,1,1,1,1,0,0,1,0.1444970097343822,0.08956997830100931,0,1,0,0,1,0,0
1,0,1,1,1.493910072068518,1,1,0,1,1,1,1,1,1,0.5692073228186542,1.4628943671227812,0,1,0,0,0,0,0
1,0,0,0,0.02311276587210824,1,1,1,0,0,0,0,0,0,0.5078234103806927,0.139515066158039,1,0,1,0,0,0,0
0,0,0,0,0.5542340153319228,1,0,0,0,0,0,0,0,1,-1.4498256889921235,-0.5959555956836121,0,1,0,1,0,1,0
0,1,0,0,-1.2842626174135892,1,0,0,0,0,0,0,0,1,0.15942823167875075,-0.9788752926873525,0,0,1,0,0,1,0
0,0,0,0,-1.2842626174135892,1,0,0,0,1,0,0,0,0,0.35685216627651795,-0.976248927042197,0,0,1,0,0,1,0
0,0,1,1,1.3304881491578058,1,1,0,0,0,0,0,0,0,-1.2872412722645508,-0.27913644579953756,0,1,0,1,1,0,0
0,0,0,0,-0.7122858872260965,1,0,1,0,1,1,0,0,0,-0.1939440210046472,-0.5879882175499895,0,0,0,0,0,1,0
1,0,0,0,-1.0391297330475209,1,0,0,0,0,0,0,0,0,0.1444970097343822,-0.7939041122499836,0,0,1,0,0,0,0
1,0,0,0,-0.5488639643153844,1,0,0,1,1,0,0,0,1,0.4464394979427317,-0.35148288768877445,0,0,1,0,0,1,0
1,0,1,1,-0.30373107994931614,1,0,0,1,0,0,0,0,1,0.3551931416160326,-0.17046229086890827,0,0,1,0,0,1,0
1,0,0,0,0.22739016951049848,1,0,0,0,0,0,0,0,1,0.15611018235778007,0.1492039276557128,0,0,1,0,1,0,0
0,0,0,0,0.8402223804256691,1,0,0,0,0,0,0,0,0,-1.5294588726954246,-0.5656751447159387,0,1,0,1,0,0,1
1,0,0,0,-1.2842626174135892,1,0,0,0,0,0,0,0,0,-0.6468577533171719,-0.9896014582633649,0,0,0,0,0,1,0
0,0,1,1,-1.2842626174135892,1,0,0,0,0,0,0,0,1,0.1428379850738964,-0.9790959956827436,0,0,1,0,0,0,1
1,0,1,1,0.7993668996979911,1,0,0,0,0,0,0,0,1,-1.4581208122945508,-0.536586489923378,1,0,0,1,1,0,0
0,0,1,0,0.4316675731488887,1,0,1,0,1,1,1,1,1,0.4646887692080714,0.5178000002585641,0,1,0,0,0,1,0
1,0,0,1,-0.3854420414046722,1,0,0,1,0,1,0,0,0,-0.35321038841124935,-0.43027385704343457,0,0,0,0,0,1,0
0,0,0,0,-1.2434071366859112,1,0,0,0,0,0,0,1,0,0.5227546323250617,-0.9283343067427665,0,0,1,0,0,1,0
0,0,1,0,0.06396824659978628,1,0,0,0,0,1,0,0,0,-0.4842733365895988,-0.2083128545784999,0,0,0,0,0,0,0
1,0,1,1,-1.079985213775199,1,0,0,0,0,0,0,0,1,-0.6700840985639679,-0.8944784672497558,0,0,0,0,0,0,0
1,0,0,0,-0.26287559922163806,1,1,0,0,0,0,0,0,1,-0.43947967075649214,-0.43779982918627464,1,0,0,0,1,0,0
1,0,0,0,-1.2434071366859112,1,0,0,0,0,0,0,0,0,-0.6601299506010553,-0.9605790143694215,0,0,0,0,0,0,0
0,0,0,1,-0.8757078101368088,1,0,0,0,0,0,0,0,0,-1.4962783794857157,-0.9141651744386512,0,0,0,1,1,0,0
1,0,0,0,-1.2842626174135892,1,0,0,0,1,0,0,0,1,-0.5025226078549387,-0.9876813422034615,0,0,0,0,0,0,1
1,0,1,0,0.8402223804256691,1,1,0,1,0,1,0,1,0,1.0934591155320523,1.2165015430680401,1,0,1,0,0,0,0
1,0,0,0,-1.2842626174135892,1,0,0,0,0,0,0,0,1,-1.4946193548252305,-1.0008793813278556,0,0,0,1,1,0,0
1,0,0,0,-0.7531413679537746,1,0,0,0,1,0,0,0,0,0.386714610165256,-0.5163038846469262,0,0,1,0,0,1,0
0,1,1,0,-0.4262975221323503,1,1,0,0,0,0,0,0,0,-1.3005134695484342,-0.7673535419044217,1,0,0,1,0,0,0
1,0,0,0,1.2896326684301276,1,1,1,1,0,0,0,0,1,0.6471814818614695,1.3250212059018958,1,0,1,0,1,0,0
0,0,1,0,1.2079217069747716,1,0,1,1,1,0,1,0,1,0.23906141538205194,0.8814743960641912,0,1,0,0,1,0,0
1,0,0,0,0.14567920805514237,1,0,0,1,0,1,0,1,1,0.020070160197974366,0.09321157772496419,1,0,0,0,0,0,1
1,0,0,0,-1.161696175230555,1,0,0,0,0,0,1,0,1,0.5376858542694307,-0.8591439176876239,0,0,1,0,0,1,0
1,0,1,1,0.22739016951049848,1,1,1,0,1,1,1,1,1,0.6836800243921495,0.4457184019637965,0,1,0,0,0,0,0
1,0,0,0,-0.017742714855569806,1,1,0,0,0,0,0,1,1,0.6919751476945766,0.166440831595766,0,0,1,0,0,0,0
0,0,1,1,1.1670662262470934,0,0,0,1,1,1,1,0,0,-0.4461157693984338,0.4225004468486418,0,1,0,0,1,0,0
0,0,0,0,1.5347655527961959,1,1,0,0,0,0,0,0,0,-1.2855822476040655,-0.19017106835734282,1,0,0,1,1,0,0
1,1,1,0,-0.05859819558324785,1,1,1,0,0,0,1,0,0,0.8180610218914698,0.22971638037442438,0,0,1,0,0,1,0
1,0,0,0,-0.9574187715921648,1,0,0,0,0,0,0,0,1,-1.5211637493929973,-0.9276721977565929,0,0,0,1,0,0,1
0,0,0,0,1.3713436298854838,1,1,1,1,1,1,1,1,1,0.8379693178172949,1.6238089210625086,0,1,0,0,1,0,0
0,0,0,0,-0.9165632908644868,1,0,0,0,0,0,0,0,1,-1.4896422808437741,-0.9215587247842566,0,0,0,1,0,0,1
0,0,1,1,-0.0994536763109259,1,0,0,0,1,1,1,0,1,-0.009792283690763702,-0.13334004704410757,1,0,0,0,0,1,0
1,0,1,1,-1.120840694502877,1,0,1,0,1,0,0,1,1,0.8479234657802074,-0.8178062466508511,0,0,1,0,0,0,1
1,0,1,1,0.8810778611533472,1,1,0,0,0,0,0,0,1,-1.351943234023483,-0.46627051559174004,0,1,0,1,0,0,0
1,0,1,0,1.0853552647917375,0,0,0,1,0,0,0,1,1,-0.7878748494584341,0.07303932394620795,0,0,0,0,0,0,0
1,0,1,1,0.30910113096585456,1,1,0,0,0,0,0,0,0,-1.3121266421718323,-0.5651454575269999,0,1,0,1,1,0,0
1,0,0,0,0.10482372732746434,1,1,1,0,1,1,1,1,1,1.4650806394807905,0.7672826662487819,0,1,1,0,0,1,0
0,0,0,0,-0.8348523294091307,1,1,1,0,1,1,0,0,1,-0.1043566893384337,-0.6945436237248632,0,0,0,0,0,0,1
1,0,1,0,0.3908120924212107,1,1,0,1,1,0,1,0,1,1.0105078825077805,0.7380836599585255,0,0,1,0,0,0,0
0,0,0,0,1.616476514251552,1,1,0,1,1,1,1,1,1,1.4352181955920524,2.4362828579961513,0,1,1,0,1,0,0
1,0,1,1,1.2487771877024496,0,0,0,1,1,1,0,0,0,-0.8442816879149388,0.047592268577602195,0,1,0,0,0,0,0
1,0,0,0,-1.161696175230555,1,0,0,0,0,0,0,0,1,-1.4879832561832886,-0.9834438446919503,0,0,0,1,0,0,1
0,1,1,1,1.45305459134084,0,0,0,1,1,0,1,1,1,-0.3913679556024144,0.6042935041523771,0,1,0,0,0,1,0
1,0,0,0,-0.017742714855569806,1,0,0,0,0,0,1,1,1,0.0018208889326341733,-0.12195177248192142,1,0,0,0,0,0,0
1,0,1,1,-1.120840694502877,1,1,0,1,0,0,0,0,1,0.5094824350411785,-0.8396558431945804,0,0,1,0,0,1,0
0,0,1,0,1.616476514251552,1,1,0,1,1,1,1,1,0,1.4717167381227323,2.42877895615285,1,0,1,0,1,0,0
1,0,1,0,-1.2842626174135892,1,0,0,0,1,0,0,0,0,0.37841948686282884,-0.9759620131481886,0,0,1,0,0,1,0
0,1,0,0,-1.2842626174135892,1,0,1,0,1,0,0,0,1,-0.29846257461522996,-0.9849666953601496,0,0,0,0,0,1,0
0,0,1,1,1.575621033523874,1,1,1,1,1,1,1,1,1,0.8545595644221492,1.7443568971451848,0,1,0,0,1,0,0
0,0,1,1,0.5542340153319228,1,0,0,0,0,0,0,0,1,-1.5112096014300849,-0.6281340924116496,0,1,0,1,0,0,1
0,0,0,0,-0.7939968486814527,0,0,0,0,0,0,0,0,1,-1.3569203080049392,-0.8768222276184593,0,0,0,0,0,1,0
0,0,0,0,0.3499566116935326,1,1,1,0,0,0,0,0,1,0.5476400022323432,0.3987748748440873,0,0,1,0,1,0,0
1,1,1,0,-0.0994536763109259,1,1,0,0,1,0,1,1,0,0.3336258210297217,-0.046559629256285866,0,1,0,0,0,1,0
0,0,0,0,-1.2842626174135892,1,0,0,0,0,0,0,0,1,0.14615603439486755,-0.9790518550836654,0,0,1,0,0,1,0
0,0,0,1,-0.4262975221323503,0,0,0,0,1,0,1,1,1,-0.5091587064968803,-0.5543310107528308,1,0,0,0,1,0,0
1,0,0,1,-1.2842626174135892,1,0,0,0,0,0,0,0,0,-1.4846652068623178,-1.0007469595306207,0,0,0,1,0,0,1
0,0,1,0,-0.9165632908644868,1,1,1,0,0,0,0,0,1,0.44312144862176095,-0.6718553557986473,0,0,1,0,1,0,0
0,0,0,0,-0.5488639643153844,0,0,0,0,0,0,1,1,1,-0.6617889752615407,-0.615178826582186,1,0,0,0,1,0,0
1,0,0,1,-0.22202011849396003,1,0,1,1,0,0,0,0,0,-0.2851903773313463,-0.3176711887948419,1,0,0,0,0,0,1
0,0,0,0,-0.7531413679537746,1,0,0,0,0,1,1,1,1,0.16108725633923657,-0.6028856697388958,0,0,0,0,0,1,0
1,0,1,0,1.0853552647917375,1,1,1,1,1,1,1,1,0,1.6243470068873924,1.8865779073752773,0,1,1,0,0,1,0
1,0,0,0,-1.2434071366859112,1,0,1,0,0,0,0,0,1,0.3618292402579744,-0.9260831361897763,0,0,1,0,0,1,0
1,0,1,1,-0.8348523294091307,1,0,0,0,0,0,0,0,0,-1.4514847136526092,-0.8939267097612777,0,1,0,1,0,0,0
1,0,0,0,-1.161696175230555,1,0,0,0,0,0,0,0,1,-0.6269494573913466,-0.9214263029870218,0,0,0,0,0,1,0
1,1,0,0,1.3304881491578058,1,1,1,0,1,1,1,1,1,1.5115333299743825,2.1888968704621496,0,1,1,0,0,1,0
1,0,1,1,-1.2434071366859112,1,0,1,0,0,0,1,1,0,1.0718917949457414,-0.9283122364432274,0,0,1,0,0,1,0
0,1,0,0,1.575621033523874,1,1,0,1,1,0,1,1,1,1.363880135191179,2.3106366427199383,1,0,1,0,0,1,0
0,1,0,0,-0.0994536763109259,1,1,1,1,1,0,0,0,0,0.8927171316133145,0.2078667838306951,0,0,1,0,1,0,0
0,0,1,0,-0.14030915703860394,1,1,0,0,0,0,0,0,1,0.33694387035069284,-0.06099360515487058,0,0,1,0,0,1,0
0,0,1,1,-1.120840694502877,1,0,0,1,0,1,1,1,1,1.1399118060256448,-0.8043212936324485,0,0,1,0,0,0,1
0,0,1,0,-0.6305749257707405,1,1,0,0,0,0,1,1,0,0.922579575502052,-0.31230810600683556,0,0,1,0,0,1,0
0,0,1,1,1.1670662262470934,1,1,0,0,0,0,0,0,1,-1.3469661600420264,-0.3716772117670697,0,1,0,1,0,0,1
0,0,1,1,-0.6714304064984186,1,0,0,1,1,0,1,0,1,0.8180610218914698,-0.37827623132926674,0,0,1,0,1,0,0
1,0,1,1,0.5950894960596009,1,0,0,0,0,0,0,0,0,-1.4846652068623178,-0.5895772791168062,1,0,0,1,0,0,1
1,0,1,0,0.18653468878282042,1,1,1,0,1,0,1,1,0,0.4796199911524404,0.2756888143144124,1,0,0,0,0,0,1
1,0,0,0,-0.9982742523198429,0,0,0,0,0,0,0,0,1,-1.3121266421718323,-0.9273632135630452,0,0,0,0,1,0,0
0,0,1,1,1.2896326684301276,0,0,0,1,0,1,1,1,1,-0.33827916646688033,0.5015562597977713,0,1,0,0,0,1,0
0,0,1,1,0.30910113096585456,1,1,0,0,0,0,0,0,1,-1.3270578641162014,-0.5572884308910729,0,1,0,1,0,0,1
0,0,0,0,-0.9165632908644868,1,0,0,0,0,0,0,0,1,-1.4680749602574634,-0.9268997372727237,0,0,0,1,0,0,1
0,0,1,0,-0.9574187715921648,1,0,0,0,1,0,0,0,1,0.36348826491845976,-0.7200789602916255,0,0,1,0,0,0,0
0,1,1,0,0.8402223804256691,1,0,0,1,1,1,1,0,1,0.9690322659956445,1.1406900641511613,1,0,1,0,0,1,0
0,0,0,0,-1.2842626174135892,1,0,0,0,0,0,0,0,0,-1.4630978862760071,-1.0004600456366124,0,0,0,1,0,1,0
1,0,0,0,-0.7939968486814527,1,0,0,0,0,0,0,0,1,-1.4879832561832886,-0.8975683091852326,1,0,0,1,0,1,0
0,0,0,0,0.06396824659978628,1,0,1,1,0,0,0,0,0,-0.3250069691829969,-0.17748064612234854,1,0,0,0,0,0,1
1,0,0,1,-0.4671530028600283,1,1,0,0,0,0,0,0,0,-1.330375913437172,-0.8033943410518054,0,0,0,1,0,0,1
1,0,0,1,-1.3251180981412674,1,0,0,0,0,0,0,0,0,-1.478029108220376,-1.009597149645808,0,1,0,1,0,0,1
0,0,0,0,-0.30373107994931614,1,0,1,0,0,1,1,1,1,0.3767604622023435,-0.1298970803160048,0,0,0,0,1,0,0
1,0,1,1,-1.2842626174135892,1,0,0,0,0,0,0,0,1,0.1710414043021491,-0.9787208005905786,0,0,1,0,1,0,0
0,1,0,0,-1.2434071366859112,1,1,0,0,0,0,0,0,1,0.35353411695554726,-0.9396784407058744,0,0,1,0,0,0,1
0,0,1,1,0.5950894960596009,1,0,0,0,0,0,0,0,1,-1.443189590350182,-0.5497403884486938,0,1,0,1,0,0,0
0,0,1,0,1.616476514251552,1,1,1,1,0,0,0,1,1,0.9839634879400135,2.0456826967527966,0,1,1,0,1,0,0
0,1,0,0,-0.05859819558324785,1,1,0,1,0,0,1,1,1,1.1664562005934118,0.3970092508809576,0,0,1,0,0,1,0
0,0,1,1,-1.3251180981412674,1,0,0,0,0,0,0,0,0,-1.4863242315228034,-1.009597149645808,0,1,0,1,0,0,1
1,0,1,0,0.5950894960596009,1,0,0,0,0,0,0,0,0,-1.4979374041462012,-0.5800649800154454,0,1,0,1,0,0,1
1,0,1,0,1.616476514251552,1,1,0,0,0,0,0,0,0,-1.3270578641162014,-0.18226990112233774,0,1,0,1,1,0,0
1,0,0,0,-1.2842626174135892,1,0,0,0,0,0,0,0,0,-1.4680749602574634,-1.0005262565352295,0,0,0,1,1,0,0
1,0,0,0,-0.9574187715921648,0,0,0,0,0,0,1,0,1,-0.9985709813400845,-0.8788968357751367,0,0,0,0,1,0,0
1,0,0,0,-1.161696175230555,0,0,0,0,0,1,0,0,0,-1.1379290528208614,-0.9573346803371708,0,0,0,0,0,1,0
1,1,0,0,-0.5488639643153844,1,0,1,0,0,0,0,1,1,0.7467229614905958,-0.2868831209377688,0,0,1,0,0,1,0
1,0,0,0,0.4316675731488887,1,0,1,0,0,0,0,0,1,0.34523899365312005,0.40228405247080734,0,0,1,0,0,1,0
0,0,1,1,0.4316675731488887,1,0,1,0,1,0,1,1,0,0.34523899365312005,0.4268924364569267,0,1,0,0,0,0,0
1,0,0,1,-0.5897194450430624,1,0,0,0,0,0,0,0,1,-0.6352445806937738,-0.6797785933331916,0,0,0,0,1,0,0
0,1,0,0,0.26824565023817654,1,1,0,0,1,0,1,1,1,1.1598201019514698,0.7719174291519972,0,0,1,0,0,1,0
1,1,0,0,-0.8757078101368088,1,1,0,1,1,1,1,1,1,1.546372847844577,-0.4873917922506784,0,0,1,0,0,1,0
1,0,0,0,-1.2842626174135892,0,0,0,0,0,0,0,1,0,-0.9587543894884341,-0.9937506745767196,0,0,0,0,0,1,0
0,0,1,0,-1.2842626174135892,1,0,0,0,0,0,0,0,1,0.13786091109244034,-0.9791622065813611,0,0,1,0,0,1,0
0,0,1,0,0.4316675731488887,0,0,1,0,0,1,0,0,0,-1.0217973265868807,-0.3451266414215078,0,0,0,0,0,0,0
1,0,1,1,-0.8348523294091307,1,1,0,0,0,0,0,0,0,-1.2739690749806674,-0.8705763328488882,1,0,0,1,0,0,1
1,0,0,1,0.7993668996979911,1,1,1,1,0,1,1,1,1,0.6753849010897223,0.9598901703266866,0,1,0,0,0,0,1
1,0,1,0,1.575621033523874,1,1,1,0,1,1,1,1,0,0.6106829393307901,1.694500090486312,0,1,0,0,0,1,0
0,0,1,0,1.575621033523874,1,1,0,1,1,1,1,1,0,1.475034787443703,2.3926278055077708,0,1,1,0,0,1,0
1,0,0,0,-0.0994536763109259,1,1,1,1,0,0,0,1,1,0.978986413958557,0.17323848385381493,0,0,1,0,1,0,0
0,0,1,1,0.26824565023817654,1,1,0,0,0,0,0,0,1,-1.3469661600420264,-0.6058872304762163,1,0,0,1,0,0,1
0,0,0,1,-1.2025516559582332,1,0,1,0,0,1,0,0,1,-0.3216889198620259,-0.9413337131713084,0,0,0,0,0,0,1
1,0,0,0,-1.2025516559582332,1,0,0,0,0,0,0,0,0,-1.4465076396711527,-0.9866219678255836,1,0,0,1,0,0,1
1,0,1,1,1.45305459134084,1,1,0,1,1,1,0,1,1,0.3651472895789451,1.3271840952567293,1,0,0,0,0,0,0
0,0,1,1,0.3499566116935326,1,0,0,0,0,0,0,0,0,-1.5095505767695994,-0.6686551623654748,0,1,0,1,0,0,0
0,0,0,0,-0.9982742523198429,1,1,0,0,0,0,1,0,1,0.7384278381881686,-0.6732016440705337,0,0,1,0,0,1,0
0,0,1,0,1.616476514251552,1,1,0,0,0,0,0,0,1,-1.348625184702512,-0.22546147732039648,0,1,0,1,1,0,0
1,0,1,0,-0.9165632908644868,1,0,0,0,0,0,1,0,1,0.5028463363992366,-0.6312239343471265,0,0,1,0,0,1,0
1,0,1,1,-0.8348523294091307,1,0,0,0,0,0,0,1,0,-0.3698006350161037,-0.7022240879644772,1,0,0,0,1,0,0
0,0,1,0,1.616476514251552,1,1,1,1,1,0,1,1,1,1.4849889354066155,2.594526905691645,0,1,1,0,0,1,0
0,1,1,0,-0.6305749257707405,1,1,1,0,1,0,0,0,1,0.6820209997316636,-0.3636215524352907,0,0,1,0,0,0,0
0,0,1,1,1.45305459134084,1,1,1,1,1,1,0,1,1,0.4530755965846735,1.3445754912935566,1,0,0,0,0,1,0
0,0,1,0,1.0036443033363813,1,1,0,1,1,0,1,1,1,1.3174274446975864,1.6041222138736135,0,0,1,0,1,0,0
0,1,0,0,0.18653468878282042,1,1,1,1,0,0,1,1,1,1.3920835544194312,0.7810766034607323,0,0,1,0,0,0,0
1,0,0,1,-1.2842626174135892,1,0,0,0,1,0,0,0,0,-0.5257489531017348,-0.9879903263970092,0,0,0,0,0,1,0
0,0,0,0,0.8402223804256691,1,1,1,0,1,0,1,1,1,1.398719653061373,1.544157210025823,1,0,1,0,1,0,0
0,0,0,0,0.06396824659978628,1,0,1,0,1,1,1,1,1,0.5028463363992366,0.1942494090150578,1,0,0,0,0,0,0
0,0,0,0,0.676800457514957,1,1,1,1,0,0,0,0,1,-0.16739962643688028,0.2856204491070166,0,0,0,0,1,0,0
0,0,1,0,1.5347655527961959,1,0,1,1,1,1,1,1,0,0.7185195422623435,1.6168567767076858,0,1,0,0,1,0,0
1,1,0,0,1.4121991106131617,1,1,1,1,0,1,0,0,1,-0.008133259030278358,0.8664224517785113,0,1,0,0,0,0,0
0,0,0,0,0.758511418970313,1,1,0,0,0,0,0,0,0,-1.3220807901347449,-0.4410662335180645,0,1,0,1,0,0,0
0,0,0,0,-1.2025516559582332,1,0,0,0,1,0,1,1,1,0.1710414043021491,-0.912289198977826,1,0,0,0,0,1,0
0,0,0,0,-1.2842626174135892,1,0,0,0,0,0,0,0,1,0.19592677420943067,-0.9783897460974919,0,0,1,0,0,0,1
1,0,1,1,0.9627888226087032,1,1,1,1,0,1,0,1,1,0.36680631423943044,0.8713220582761958,0,1,0,0,1,0,0
1,0,0,0,-0.8348523294091307,1,1,0,1,1,1,1,1,1,1.5978026123196256,-0.3983602039098664,0,0,1,0,0,0,1
1,0,1,1,-0.22202011849396003,1,1,1,1,0,1,1,0,0,1.1930005951611786,0.22349255590439243,0,0,1,0,0,1,0
0,0,1,1,1.0444997840640593,1,1,0,1,1,0,1,1,1,1.3406537899443827,1.7383317053710048,1,0,1,0,1,0,0
0,0,0,0,-1.079985213775199,1,0,0,0,0,0,0,0,0,-1.4796881328808613,-0.9550172988855632,0,0,0,1,0,0,1
0,0,1,1,1.2896326684301276,1,1,0,0,0,0,0,0,1,-1.351943234023483,-0.3213789991174141,0,1,0,1,0,0,1
0,0,1,1,-0.6714304064984186,1,1,0,1,0,0,0,0,1,0.5028463363992366,-0.4499164236332518,0,0,1,0,1,0,0
0,0,1,1,0.47252305387656673,1,1,0,1,1,0,0,1,0,0.9823044632795283,0.8863960728614153,1,0,1,0,0,1,0
1,0,1,1,-0.6714304064984186,1,0,0,0,0,0,0,0,0,-1.481347157541347,-0.8589232146922327,0,0,0,1,0,1,0
0,0,1,0,-0.5897194450430624,1,0,0,0,0,0,0,0,0,-1.4830061822018323,-0.8460562300609253,0,1,0,1,0,0,1
1,0,0,0,0.47252305387656673,1,0,0,0,0,0,0,0,0,-1.5029144781276575,-0.6408024443471049,1,0,0,1,1,0,0
1,1,1,0,-0.0994536763109259,1,1,0,0,0,1,1,1,1,1.2178859650684601,0.2782710393604894,0,0,1,0,0,1,0
1,0,0,0,-0.30373107994931614,1,0,1,1,0,1,1,1,1,0.4713248678500132,-0.17004295517766496,0,0,0,0,0,0,1
0,0,0,0,-0.7531413679537746,1,0,0,0,0,0,0,0,1,0.2058809221723432,-0.6061520740706857,0,0,1,0,1,0,0
0,0,1,1,-1.161696175230555,1,1,0,0,0,0,0,0,0,-0.46270601600328815,-0.9038583445538819,0,0,0,0,0,0,1
0,0,1,0,0.3908120924212107,1,0,0,0,1,1,1,1,1,1.1349347320441883,0.8156166222394557,0,1,1,0,1,0,0
0,0,1,1,-1.0391297330475209,1,0,0,0,0,0,0,0,0,-1.4713930095784342,-0.9430551965353599,0,0,0,1,0,0,1
1,0,0,0,-0.5488639643153844,1,1,1,0,1,0,0,0,1,0.6621127038058385,-0.28041652317280646,0,0,1,0,0,1,0
1,1,0,1,-1.0391297330475209,1,0,0,0,0,0,0,0,1,-0.6319265313728029,-0.8576652076185027,0,0,0,0,0,0,1
0,0,1,1,-0.9165632908644868,1,0,0,1,1,0,0,1,1,0.03666040680282874,-0.7182471254298787,1,0,0,0,0,0,1
0,0,1,0,-0.7122858872260965,1,0,1,0,1,0,1,1,0,1.2261810883708875,-0.2727139886336534,0,0,1,0,0,1,0
1,0,0,0,-0.8348523294091307,1,1,0,1,1,0,1,1,1,1.3904245297589457,-0.45611817780374464,0,0,1,0,0,1,0
0,0,1,1,-0.8348523294091307,1,0,0,0,0,0,0,0,0,-1.519504724732512,-0.9065067804985762,0,0,0,1,0,0,1
0,0,0,0,-0.9982742523198429,1,0,0,0,0,0,0,0,0,-1.5128686260905702,-0.9403626199915872,0,0,0,1,0,0,1
0,0,1,1,-0.9165632908644868,1,0,0,0,0,0,0,0,1,-1.4929603301647452,-0.922750520959369,0,0,0,1,0,0,0
1,1,1,0,0.9219333418810253,1,1,0,0,0,0,0,0,1,0.30542240180146946,0.7791564874008288,0,0,1,0,0,1,0
0,0,0,0,1.493910072068518,1,0,1,0,1,1,1,1,1,0.5857975694235085,1.4425455509477123,0,1,0,0,1,0,0
0,0,0,0,-0.6714304064984186,1,0,0,0,0,0,0,0,0,-1.4830061822018323,-0.8689652009825325,1,0,0,1,0,0,0
1,0,1,0,0.758511418970313,0,0,0,1,0,0,0,0,1,-1.1528602747652303,-0.33448875704365166,0,0,0,0,1,0,0
0,0,1,0,1.575621033523874,1,1,1,1,1,1,1,1,0,0.8396283424777802,1.7760719175829007,0,1,0,0,0,1,0
0,0,1,0,0.8810778611533472,1,1,0,0,0,0,1,1,1,0.17767750294409096,0.6305130200048523,1,0,0,0,1,0,0
1,0,0,0,-1.2842626174135892,1,0,0,0,0,1,0,0,1,-0.5141357804783369,-0.9878358343002352,0,0,0,0,0,1,0
0,0,0,0,-0.26287559922163806,1,0,0,1,1,0,0,0,1,-0.33330209248542403,-0.38858306121403596,0,0,0,0,1,0,0
0,0,1,0,-0.9982742523198429,1,0,0,0,0,0,0,0,0,-1.481347157541347,-0.9406274635860566,0,0,0,1,0,0,0
0,0,0,0,-0.8348523294091307,1,0,0,0,0,0,0,0,0,-1.4763700835598907,-0.9007022917197877,0,0,0,1,0,0,1
0,1,1,0,-1.120840694502877,1,1,0,0,0,0,0,0,1,0.31703557442486735,-0.8618144239318574,0,0,1,0,0,1,0
0,0,1,1,1.493910072068518,0,0,0,1,1,0,1,1,1,-0.3266659938434822,0.6556069505808323,0,1,0,0,1,0,0
1,1,1,0,0.5542340153319228,1,1,0,0,1,0,1,1,1,1.1299576580627317,1.0053770576768135,0,0,1,0,0,1,0
0,0,0,0,0.5542340153319228,1,1,0,0,0,0,1,1,0,1.0370522770755475,0.9323685068014032,0,0,1,0,0,0,0
1,0,0,0,-0.9574187715921648,1,0,0,0,0,1,1,1,1,1.0320752030940914,-0.6443557625729033,0,0,1,0,0,0,0
0,0,1,0,0.8402223804256691,1,1,0,1,1,1,1,1,1,1.5596450451284603,1.5548613053022964,1,0,1,0,0,0,0
0,0,0,0,0.3499566116935326,0,0,0,1,0,0,0,1,1,-0.81110119470523,-0.26898410801154216,0,0,0,0,0,1,0
0,0,0,0,0.3499566116935326,1,0,0,0,0,0,0,0,0,-1.4863242315228034,-0.6519258753148216,0,1,0,1,0,0,1
0,0,0,0,1.45305459134084,0,0,0,1,0,1,0,1,0,-0.6584709259405698,0.35229482401469947,0,0,0,0,0,1,0
0,0,0,0,0.14567920805514237,0,0,1,0,0,0,0,0,0,-1.1196797815555215,-0.512419511928041,0,1,0,0,0,0,0
0,0,0,0,0.5950894960596009,1,1,1,0,1,1,0,0,1,0.006797962914090675,0.2616079632084535,0,1,0,0,0,0,1
1,0,0,1,-1.161696175230555,1,0,1,0,0,0,0,0,1,-0.510817731157366,-0.9282018849455318,0,0,0,0,0,1,0
1,0,1,1,1.1670662262470934,1,1,0,0,1,1,1,1,1,0.5376858542694307,1.1869052713860795,0,1,0,0,0,0,0
1,1,1,0,0.14567920805514237,1,1,0,0,0,0,0,1,1,0.6405453832195277,0.32415519210232085,0,0,1,0,0,1,0
0,0,0,0,-1.2842626174135892,1,0,0,0,0,0,0,0,0,-1.469733984917949,-1.0005483268347688,0,0,0,1,0,0,1
0,1,0,0,-0.7531413679537746,1,1,0,1,0,0,0,0,1,0.46966584318952787,-0.5232339587022101,0,0,1,0,0,1,0
0,0,1,0,0.7176559382426351,1,1,1,1,0,1,1,1,0,1.4518084421969069,1.4669994428370576,1,0,1,0,0,1,0
1,0,1,1,-0.22202011849396003,1,1,0,1,0,1,0,0,1,0.6770439257502076,-0.05986801987837556,0,0,1,0,1,0,0
1,0,0,0,-0.3854420414046722,1,0,0,0,0,0,0,0,0,-1.4713930095784342,-0.7972367274803909,1,0,0,1,0,0,1
1,0,0,0,-1.2025516559582332,1,1,0,0,0,0,0,0,0,0.33860289501117824,-0.9172991569732063,0,0,1,0,0,0,1
0,0,0,0,0.14567920805514237,1,1,0,1,1,0,1,1,1,1.327381592660499,0.7059051632304878,1,0,1,0,0,0,0
0,0,1,0,-0.34458656067699417,1,1,0,0,0,0,0,0,1,0.3518750922950619,-0.23808568865677346,0,0,1,0,1,0,0
0,0,1,1,1.3304881491578058,1,1,0,1,1,0,1,1,1,1.3506079379072953,2.0739106098633315,0,0,1,0,0,1,0
1,0,0,0,-0.05859819558324785,0,0,0,0,1,0,1,1,1,-0.4892504105710553,-0.3371592632878852,1,0,0,0,0,1,0
0,0,0,0,1.2487771877024496,1,1,1,1,1,1,0,1,1,0.5144595090226345,1.195380266409102,0,1,0,0,1,0,0
0,0,0,0,1.4121991106131617,1,0,1,1,0,1,0,0,0,-0.1425142565295987,0.6986440346821172,1,0,0,0,1,0,0
0,0,0,0,1.0444997840640593,1,1,0,0,0,0,0,0,0,-1.34198908606057,-0.3811012296702742,0,1,0,1,1,0,0
0,0,0,0,-0.7122858872260965,1,0,1,0,1,1,1,1,0,1.3373357406234114,-0.31096181773494924,0,0,1,0,0,1,0
1,0,0,0,-0.6714304064984186,1,1,0,1,0,0,0,0,1,0.5227546323250617,-0.45832520775765667,0,0,1,0,0,0,1
1,0,0,0,-1.2842626174135892,1,0,0,0,0,0,0,0,1,-0.636903605354259,-0.9894690364661303,0,0,0,0,0,1,0
0,0,0,0,-0.9982742523198429,1,1,1,1,1,0,0,0,1,0.02338820951894505,-0.75660530602887,0,0,0,0,0,0,0
0,0,0,0,-1.2434071366859112,1,0,0,0,0,0,0,0,1,0.19592677420943067,-0.9426579311436557,0,0,1,0,0,1,0
0,0,1,1,1.575621033523874,1,1,1,1,1,1,1,1,0,0.8329922438358388,1.7901086280897816,0,1,0,0,0,0,0
1,0,0,0,-1.161696175230555,1,0,0,0,0,0,0,0,0,-1.4879832561832886,-0.9794932610744479,1,0,0,1,0,0,1
1,0,1,1,1.45305459134084,1,0,1,1,0,1,1,1,0,0.5990697667073918,1.540162485809242,0,1,0,0,0,0,0
0,0,0,0,-0.7122858872260965,1,0,0,0,0,0,1,0,0,-0.28684940199183184,-0.5982509068356805,1,0,0,0,0,0,1
1,0,0,1,-0.7939968486814527,1,0,1,0,0,0,0,0,1,-0.4212303994911522,-0.7135682219275851,0,0,0,0,1,0,0
0,0,1,0,0.3908120924212107,1,0,0,0,0,0,0,0,0,-1.4747110588994052,-0.6256180782641899,0,0,0,1,1,0,0
1,0,1,1,-1.161696175230555,1,0,0,0,0,0,0,0,0,-0.6634479999220263,-0.9347126233095723,0,0,0,0,0,1,0
0,0,1,0,0.7176559382426351,1,1,1,1,0,1,1,1,1,1.4883069847275867,1.3765553553257421,0,0,1,0,0,0,0
0,0,0,1,-1.161696175230555,0,0,1,1,1,0,1,1,1,-0.2520098841216375,-0.910832559208244,0,0,0,0,0,0,1
0,0,0,1,-1.2434071366859112,1,0,0,1,0,0,0,0,0,-0.43947967075649214,-0.9627198334247163,0,0,0,0,0,0,1
0,0,1,1,0.5542340153319228,1,0,0,0,0,0,0,0,0,-1.5062325274486286,-0.582382361467053,0,1,0,1,0,0,1
1,0,0,0,1.0444997840640593,1,1,0,0,1,1,1,1,1,1.322404518679043,1.735771550624467,1,0,1,0,0,1,0
1,0,1,1,-0.6305749257707405,0,0,1,0,1,0,1,0,0,-0.6750611725454241,-0.6599373940475223,1,0,0,0,1,0,0
1,0,0,1,-0.4671530028600283,1,0,0,0,0,0,0,0,0,-1.4995964288066868,-0.8343589713051915,0,1,0,1,0,0,1
0,0,0,0,-1.2434071366859112,1,1,0,0,0,0,1,1,1,1.0071898331868099,-0.9226843100607516,0,0,1,0,0,1,0
0,0,1,1,1.45305459134084,1,0,1,1,1,1,1,1,1,0.6704078271082657,1.4656972951642495,0,1,0,0,1,0,0
0,1,1,0,-0.181164637766282,1,1,0,1,1,1,1,1,1,1.528123576579237,0.40484420721734543,0,0,1,0,0,1,0
0,0,1,1,0.30910113096585456,1,1,0,0,0,0,0,0,1,-1.280605173622609,-0.5339821945777617,0,0,0,1,0,1,0
0,0,0,0,-0.9982742523198429,1,0,0,0,0,0,0,0,1,-1.4796881328808613,-0.9473809752450276,1,0,0,1,0,0,0
1,0,1,0,0.10482372732746434,1,1,0,0,0,0,0,0,1,0.34523899365312005,0.12755296380783554,0,0,1,0,0,1,0
0,0,0,0,-1.120840694502877,1,0,1,0,0,1,1,0,1,-0.014769357672220203,-0.8539353269963913,0,0,0,0,0,1,0
1,0,0,1,-0.7531413679537746,1,0,0,0,0,0,0,0,0,-1.4879832561832886,-0.8911237817198093,0,0,0,1,0,0,1
1,0,0,0,-1.079985213775199,1,0,0,0,0,1,0,0,0,-0.4892504105710553,-0.8823177322037004,0,0,0,0,0,0,1
1,0,0,0,1.4121991106131617,1,0,1,0,1,0,0,1,0,0.025047234179430396,0.9156171494512108,0,1,0,0,0,0,0
1,1,1,0,1.2487771877024496,1,0,1,1,1,1,1,1,1,0.637227333898557,1.3428981485285834,1,0,0,0,0,0,0
0,0,1,0,-0.9982742523198429,1,1,0,0,0,0,0,1,1,0.6670897777872951,-0.6719436369968038,0,0,1,0,0,1,0
0,0,0,0,-1.120840694502877,1,1,1,0,0,0,0,0,1,-0.36482356103464747,-0.8842599185631429,0,0,0,0,0,1,0
1,0,1,0,-1.079985213775199,1,1,0,0,0,0,1,0,1,0.5990697667073918,-0.8064400423882041,0,0,1,0,0,1,0
1,0,1,0,0.676800457514957,1,1,1,1,0,0,1,0,1,0.964055192014188,1.079621545326415,0,0,1,0,0,0,0
0,0,1,1,1.1670662262470934,1,0,0,0,0,0,0,0,0,-1.5161866754115412,-0.504716977388888,1,0,0,1,1,0,0
0,0,0,0,-1.2842626174135892,1,0,0,0,0,0,0,0,1,0.17601847828360512,-0.9786545896919613,0,0,1,0,0,1,0
1,0,0,0,-0.9165632908644868,1,0,0,0,0,0,0,0,1,-1.4863242315228034,-0.9219339198764216,0,0,0,1,1,0,0
0,0,1,0,1.616476514251552,1,1,1,1,1,1,1,1,1,1.7371606838004023,2.755375248732755,0,1,1,0,1,0,0
1,0,1,0,0.8402223804256691,1,1,1,0,1,1,1,0,0,0.41823607871447943,0.8248640777463472,1,0,0,0,0,0,0
1,0,0,0,-0.9574187715921648,1,0,0,0,0,0,0,0,0,0.17435945362311978,-0.7193727107063738,0,0,1,0,0,0,1
0,0,0,0,-1.2842626174135892,1,0,0,0,0,0,0,0,1,-1.478029108220376,-1.0006586783324642,0,0,0,1,0,0,1
1,0,0,0,-1.161696175230555,1,0,0,0,0,0,0,0,1,-1.4796881328808613,-0.985010835959228,0,0,0,1,0,1,0
0,0,0,1,-0.4262975221323503,1,0,0,0,0,0,0,0,1,-1.4680749602574634,-0.802202544876693,0,0,0,1,0,1,0
1,0,1,0,0.06396824659978628,1,1,0,0,1,0,1,1,1,1.1697742499143824,0.5264956982769775,0,0,1,0,0,1,0
0,0,0,0,-1.120840694502877,1,0,0,1,0,1,0,1,1,0.8147429725704987,-0.8058000037015696,0,0,1,0,0,1,0
0,0,0,0,-1.120840694502877,1,0,0,0,0,0,0,0,0,-1.4913013055042594,-0.9619032323417687,0,0,0,1,1,0,0
0,0,1,0,0.9627888226087032,1,1,0,0,0,0,0,0,0,-1.3436481107210556,-0.45267521107564185,1,0,0,1,0,1,0
1,1,0,0,-0.8757078101368088,1,0,0,0,0,0,0,1,1,0.47630194183146973,-0.6442454110752076,0,0,1,0,1,0,0
0,0,1,1,0.02311276587210824,1,0,1,1,1,0,0,0,1,-0.21053426760950156,-0.14647187526988426,1,0,0,0,0,0,1
1,0,1,0,1.0444997840640593,1,1,1,1,1,0,1,1,1,0.7069063696389452,1.1490988482755662,0,1,0,0,0,1,0
1,1,1,0,0.06396824659978628,1,1,0,0,0,0,0,0,1,0.35685216627651795,0.06098894039784829,0,0,1,0,0,1,0
0,0,0,0,1.3304881491578058,1,1,0,0,0,0,0,0,0,-1.2706510256596963,-0.2598470040023462,0,1,0,1,0,0,0
1,1,0,0,-1.2434071366859112,1,0,0,0,0,0,0,0,1,-0.6850153205083369,-0.9687008845998178,0,0,0,0,0,1,0
1,1,1,0,-0.6305749257707405,1,0,0,0,0,0,0,1,0,0.5542761008742851,-0.4228803066978292,0,0,1,0,0,0,0
1,0,0,1,1.2487771877024496,0,0,1,1,0,1,0,0,1,-0.8028060714028029,0.13318089019031126,1,0,0,0,0,0,0
0,0,1,1,1.616476514251552,1,1,0,0,0,0,0,0,0,-1.3237398147952304,-0.1889351315831521,0,1,0,1,0,0,1
0,0,1,1,0.4316675731488887,1,1,0,0,1,0,0,1,1,0.9209205508415668,0.7732416471243445,0,0,1,0,0,0,0
1,0,0,0,1.616476514251552,1,1,1,1,1,1,1,1,0,1.6127338342639945,2.5940854997008627,0,1,1,0,0,0,0
0,0,1,1,-1.079985213775199,1,0,0,0,0,0,0,0,0,-1.4962783794857157,-0.9594975696920046,0,0,0,1,0,0,1
1,0,0,0,-1.2842626174135892,1,1,0,0,0,0,0,0,1,-1.3204217654742594,-0.9985619998762479,0,0,0,1,0,0,1
0,0,1,1,-0.26287559922163806,1,1,0,1,0,1,0,0,1,-0.15744547847396775,-0.29621885764281675,0,0,0,0,0,1,0
0,0,1,1,1.616476514251552,1,1,1,1,0,0,1,0,1,1.005530808526324,2.011010256176838,0,1,1,0,0,1,0
0,1,0,0,0.9627888226087032,1,1,0,1,1,1,1,1,1,1.5646221191099168,1.823743764587401,1,0,1,0,0,1,0
1,0,0,0,-1.2842626174135892,1,0,0,0,0,0,0,0,0,-1.478029108220376,-1.0006586783324642,0,0,0,1,0,0,1
1,0,1,0,-0.6305749257707405,1,1,0,1,1,0,1,1,1,1.2527254829386543,-0.2404472107074593,0,0,1,0,0,1,0
0,0,1,0,-1.2842626174135892,1,0,0,0,0,0,1,0,1,-0.3150528212200843,-0.9851873983555408,0,0,0,0,0,0,1
1,0,0,1,1.45305459134084,1,1,1,1,0,1,1,1,1,0.7201785669228289,1.5870839426294123,0,1,0,0,0,0,0
0,0,0,1,1.1670662262470934,1,1,0,0,0,0,0,0,1,-1.3204217654742594,-0.3482164833569847,0,1,0,1,1,0,0
0,0,0,0,-0.8757078101368088,0,0,0,1,1,1,0,0,1,-0.8094421700447447,-0.8230589779411619,1,0,0,0,1,0,0
0,0,0,0,-0.7122858872260965,1,1,0,0,0,0,0,0,1,-0.5307260270831913,-0.691740695683395,0,0,0,0,0,0,1
1,0,0,0,-1.2842626174135892,1,0,0,0,0,0,0,0,0,-1.5128686260905702,-1.001122154622786,0,0,0,1,0,0,1
0,0,0,0,0.06396824659978628,1,1,0,0,0,0,1,0,0,0.6820209997316636,0.2689794432545196,0,0,1,0,0,1,0
1,0,1,0,1.616476514251552,1,1,0,0,0,0,0,0,1,-1.3685334806283374,-0.24863529183647298,0,1,0,1,0,0,0
1,0,0,0,-0.26287559922163806,1,1,1,1,0,0,0,0,0,-0.10767473865940462,-0.31131494252757513,1,0,0,0,0,1,0
1,0,1,0,1.3713436298854838,1,1,0,1,1,0,0,1,0,1.0121669071682657,1.7595191929285605,1,0,1,0,0,1,0
0,0,0,0,-1.2842626174135892,1,0,0,1,0,0,0,0,0,-0.49256845989202597,-0.9875489204062269,0,0,0,0,0,1,0
0,0,1,0,1.2896326684301276,1,1,1,0,1,1,1,1,1,0.6704078271082657,1.4112498662012392,0,1,0,0,1,0,0
1,0,0,0,-1.2025516559582332,1,0,0,0,0,1,0,1,0,-0.13753718254814246,-0.9226843100607516,0,0,0,0,0,0,1
0,0,0,0,-0.5080084835877063,1,0,0,0,0,0,0,0,1,-1.5029144781276575,-0.8272964754526729,0,0,0,1,0,0,0
0,0,1,1,0.6359449767872789,1,1,1,1,0,0,1,1,1,1.2759518281854505,1.2140075992201198,1,0,1,0,1,0,0
1,0,1,1,0.4316675731488887,1,1,1,0,0,1,0,1,1,0.23574336606108126,0.3911385512035515,1,0,0,0,1,0,0
1,1,1,0,-0.7531413679537746,1,0,0,0,0,0,0,0,0,-1.4979374041462012,-0.9086696698534101,1,0,0,1,0,0,1
0,0,1,1,1.0036443033363813,1,0,0,0,0,0,0,0,0,-1.4946193548252305,-0.44810665907104397,0,1,0,1,0,0,0
1,0,1,1,1.616476514251552,1,1,1,0,1,1,0,0,1,0.0565687027286538,1.1142719156028342,0,1,0,0,1,0,0
1,0,1,0,1.616476514251552,1,1,0,0,0,0,0,0,0,-1.2955363955669779,-0.18672810162924003,0,1,0,1,1,0,0
1,0,1,1,0.22739016951049848,1,0,1,0,1,1,1,1,0,0.5376858542694307,0.35209619131884745,0,1,0,0,1,0,0
0,0,0,0,-1.2434071366859112,1,0,0,1,0,0,0,0,1,-0.5041816325154241,-0.9589678825030659,0,0,0,0,0,0,1
0,1,0,0,-1.161696175230555,1,1,0,0,0,0,1,1,1,1.0171439811497223,-0.8347562366968957,0,0,1,0,0,1,0
0,0,0,0,-0.26287559922163806,1,1,1,1,0,0,1,0,1,0.15611018235778007,-0.21504429593793165,0,0,0,0,0,0,0
1,0,1,0,-1.2025516559582332,0,0,0,0,0,1,0,0,1,-1.1578373487466866,-0.9688774469961309,0,0,0,0,0,1,0
1,0,1,1,-0.26287559922163806,1,0,0,0,0,0,0,0,1,-1.4846652068623178,-0.7862898589089871,1,0,0,1,0,0,0
0,0,0,0,-0.7122858872260965,0,0,0,1,0,0,0,1,1,-0.8625309591802788,-0.7434293372040152,0,1,0,0,0,0,1
1,0,1,1,-0.4262975221323503,1,0,0,1,1,0,1,1,1,1.1697742499143824,-0.08694827741287635,1,0,1,0,0,0,1
0,0,1,1,-0.7939968486814527,1,1,0,0,0,0,0,0,1,-1.3204217654742594,-0.8628296577106569,0,1,0,1,0,0,0
0,1,0,0,-1.079985213775199,0,0,0,0,0,0,1,1,1,-0.6767201972059097,-0.8934853037704953,0,0,0,0,0,1,0
1,1,0,0,-0.5080084835877063,1,0,1,0,0,1,0,0,0,-0.3581874623927056,-0.5435165639786618,1,0,0,0,0,0,1
1,0,0,1,1.616476514251552,1,0,0,0,0,0,0,0,0,-1.4896422808437741,-0.33440047584549515,0,1,0,1,1,0,0
1,1,0,0,0.06396824659978628,1,0,0,1,1,0,1,1,1,1.1631381512724406,0.46608928843840475,1,0,1,0,0,1,0
1,0,0,0,-1.2842626174135892,1,0,0,0,0,0,0,0,0,-0.6468577533171719,-0.9896014582633649,0,0,0,0,0,1,0
0,0,0,0,0.7993668996979911,1,0,0,0,0,0,0,0,0,-1.4647569109364926,-0.5580608913749422,1,0,0,1,0,0,1
0,0,1,0,1.493910072068518,1,1,0,0,0,0,0,0,1,-1.3220807901347449,-0.25110716538485456,0,1,0,1,1,0,0
0,0,0,0,0.26824565023817654,1,0,0,0,0,0,0,0,0,-1.481347157541347,-0.6449958012595377,0,1,0,1,0,0,1
1,0,1,1,1.3304881491578058,1,0,1,0,0,1,1,1,1,0.33196679636923637,1.1180459368240236,0,1,0,0,0,0,0
1,0,1,0,1.45305459134084,1,1,0,0,0,0,0,0,0,-1.3121266421718323,-0.24675931637564774,0,1,0,1,0,0,0
0,0,0,0,-0.30373107994931614,1,1,0,0,0,0,1,0,1,0.657135629824382,-0.08791937059259758,0,0,1,0,0,0,1
1,0,0,0,-1.079985213775199,1,0,0,1,0,0,0,1,1,0.6504995311824406,-0.7640209266740146,0,0,1,0,0,1,0
0,1,0,0,1.2896326684301276,1,0,1,1,0,1,1,0,1,0.1793365276045763,0.9683430950501696,0,1,0,0,1,0,0
1,0,1,1,-1.0391297330475209,1,0,0,0,0,0,0,0,1,0.1710414043021491,-0.7758726775265222,0,0,1,0,0,0,0
0,0,1,1,-0.017742714855569806,1,0,0,1,0,0,1,0,1,0.7069063696389452,0.19268241774778017,0,0,1,0,0,1,0
1,0,0,0,0.3499566116935326,1,0,0,0,0,0,0,0,0,-1.481347157541347,-0.6554350529415418,0,1,0,1,0,0,1
1,0,0,0,-1.2434071366859112,1,0,0,0,0,0,0,0,0,-0.6684250739034825,-0.9765358409362056,0,0,0,0,0,0,1
1,0,0,0,-0.34458656067699417,0,0,1,0,0,0,1,1,1,-0.47100113930571536,-0.44073517902497766,1,0,0,0,0,0,1
0,0,0,0,-1.2842626174135892,1,0,0,0,0,0,0,0,0,-1.5062325274486286,-1.0010338734246294,0,0,0,1,1,0,0
0,0,0,0,0.8810778611533472,0,0,1,0,0,1,0,1,0,-0.6866743451688222,0.03640262671126795,1,0,0,0,0,0,0
0,0,1,1,0.26824565023817654,1,0,0,0,1,0,1,0,1,-0.16408157711590937,0.023954977771204075,0,0,0,0,0,0,1
0,0,0,0,-0.7531413679537746,1,1,0,0,1,0,0,0,1,0.519436583004091,-0.536409927527065,0,0,1,0,0,1,0
1,0,1,1,-1.0391297330475209,1,0,1,0,0,0,1,1,0,0.1627462809997219,-0.7817654475034673,0,0,0,0,1,0,0
1,0,0,0,-0.30373107994931614,1,0,0,0,0,0,0,0,1,-1.5029144781276575,-0.7816992366048501,1,0,0,1,0,0,0
1,0,1,1,0.47252305387656673,1,0,0,0,1,0,1,1,1,0.9341927481254504,0.8102756097509884,0,0,1,0,0,0,0
1,0,1,1,1.1670662262470934,1,1,0,0,1,0,1,1,1,1.1647971759329263,1.7453721309239845,1,0,1,0,0,1,0
1,0,1,0,1.616476514251552,1,1,1,1,1,1,1,1,0,1.6475733521341887,2.6872000934564113,0,1,1,0,1,0,0
0,0,1,1,0.4316675731488887,1,1,0,0,1,0,1,1,1,1.1448888800071009,0.8487000012485973,0,0,1,0,0,0,0
0,0,0,0,1.0444997840640593,1,1,1,1,1,0,1,1,1,1.4252640476291398,1.7857166384814966,1,0,1,0,0,1,0
0,0,1,0,1.575621033523874,0,0,1,1,1,1,1,1,0,0.06652285069156634,1.060221752031528,1,0,0,0,0,0,0
1,0,0,0,-0.4262975221323503,1,1,0,0,0,0,1,1,1,1.005530808526324,-0.05501255397976905,0,0,1,0,0,1,0
1,1,1,0,0.06396824659978628,1,0,0,0,1,0,1,0,1,0.6770439257502076,0.2592023005586892,0,0,1,0,1,0,0
1,1,0,0,0.7993668996979911,1,1,0,0,0,0,0,0,1,0.2705828839312754,0.6808774435531253,0,0,1,0,0,0,0
0,1,0,0,1.2896326684301276,0,0,0,1,0,1,1,0,1,-0.6949694684712494,0.20471073099660084,0,0,0,0,0,1,0
1,0,0,0,0.47252305387656673,1,1,0,1,1,1,1,1,1,0.678702950410693,0.6254368511108547,1,0,0,0,0,0,0
1,0,1,1,-0.7939968486814527,1,0,0,0,0,0,0,0,0,-0.6634479999220263,-0.7627629196002846,0,0,0,0,0,0,0
1,0,0,0,-0.34458656067699417,1,1,0,1,0,0,1,0,1,0.8545595644221492,-0.002065905385418894,0,0,1,0,1,0,0
1,0,1,1,1.5347655527961959,1,1,1,1,1,1,1,1,0,1.6575275000971013,2.452041051867083,0,1,1,0,1,0,0
1,0,1,0,1.5347655527961959,1,1,1,0,0,1,1,1,1,0.40330485677011035,1.3253522603949826,0,1,0,0,1,0,0
0,1,0,0,-1.2842626174135892,1,0,0,0,1,0,0,1,1,0.6704078271082657,-0.9720776404293033,0,0,1,0,0,1,0
1,0,1,1,1.616476514251552,1,0,0,0,0,0,0,0,0,-1.4531437383130945,-0.3502469509145837,0,1,0,1,0,0,0
0,0,0,0,-0.8757078101368088,1,1,0,0,0,0,0,0,1,0.38837363482574133,-0.639720999669688,0,0,1,0,0,1,0
1,0,0,0,-0.8348523294091307,1,0,0,0,0,1,1,0,1,-0.16574060177639494,-0.6883418695543704,1,0,0,0,0,1,0
1,0,1,0,1.616476514251552,1,1,0,1,1,1,1,1,1,1.5198284532768096,2.504965630161894,0,1,1,0,1,0,0
0,1,0,0,-0.9982742523198429,1,1,0,0,1,0,1,1,0,1.2129088910870036,-0.6650797738401374,0,0,1,0,0,1,0
1,0,0,0,-0.7122858872260965,1,0,0,0,1,0,1,0,0,0.6803619750711782,-0.4711480517898858,0,0,1,0,0,1,0
0,0,0,1,-0.7939968486814527,1,0,1,1,0,0,0,0,1,-0.2918264759732881,-0.6721201993931168,0,0,0,0,0,1,0
0,0,1,0,1.45305459134084,1,0,1,1,0,1,1,1,1,0.4912331637758383,1.4251100143118072,0,1,0,0,0,0,0
0,0,0,0,-0.6305749257707405,1,1,0,0,1,0,0,0,0,0.5061643857202073,-0.41561917814945853,0,0,1,0,0,0,0
0,0,1,1,1.575621033523874,1,1,0,0,0,0,0,0,0,-1.3054905435298905,-0.20917359626052562,0,1,0,1,0,0,0
1,0,0,0,-1.079985213775199,1,0,0,0,0,0,0,0,1,0.1428379850738964,-0.8175855436554599,0,0,1,0,0,1,0
0,0,1,1,-0.34458656067699417,1,0,0,0,0,0,0,0,0,-1.4962783794857157,-0.8098388685172286,0,1,0,1,0,0,1
0,0,0,0,-1.079985213775199,1,0,0,0,0,0,1,1,1,0.872808835687489,-0.808625002042577,0,0,1,0,0,1,0
0,0,1,1,0.5950894960596009,1,0,0,0,0,0,0,0,0,-1.5095505767695994,-0.6165251148540724,0,1,0,1,0,0,0
0,0,0,0,-1.161696175230555,1,1,0,0,0,0,0,0,1,0.3601702155974891,-0.8761380483327467,0,0,1,0,0,1,0
1,1,1,0,-0.7939968486814527,1,1,1,1,0,0,0,1,0,0.9623961673537027,-0.45298419526918954,0,0,1,0,1,0,0
0,0,0,0,-1.2025516559582332,1,0,1,0,0,0,0,0,1,0.32367167306680916,-0.906462639899498,0,0,1,0,0,1,0
1,0,0,0,-0.8348523294091307,1,0,0,1,0,1,0,0,1,-0.3664825856951328,-0.7232791537247981,0,0,0,0,0,0,1
0,0,0,0,-0.6305749257707405,1,0,1,1,0,1,1,1,0,0.49952828707826546,-0.3972125483338321,1,0,0,0,1,0,0
0,0,0,0,-0.5488639643153844,1,0,0,1,0,0,1,0,0,-0.21882939091192877,-0.5482175377804944,1,0,0,0,0,1,0
1,0,0,0,0.7993668996979911,1,0,0,0,0,0,0,0,0,-1.4531437383130945,-0.5208724366515242,0,1,0,1,0,0,0
1,0,0,0,-0.14030915703860394,1,0,0,1,0,1,1,0,0,0.8246971205334116,0.148497678070461,0,0,1,0,0,0,1
1,0,0,0,-1.2025516559582332,1,0,0,0,0,0,0,0,0,-0.6418806793357154,-0.9470499207519407,0,0,0,0,0,0,1
1,1,1,0,-1.2025516559582332,0,0,0,0,0,0,1,0,1,-0.9405051182230941,-0.9682374083094965,0,0,0,0,0,0,1
1,0,0,1,-0.017742714855569806,1,1,0,1,1,1,1,1,0,0.6272731859356445,0.1527572458815113,1,0,0,0,1,0,0
1,0,0,0,-1.2842626174135892,1,0,0,0,0,0,0,1,1,0.5327087802879742,-0.9739094752910503,0,0,1,0,0,0,1
1,0,1,0,0.9219333418810253,1,1,0,0,1,1,1,1,1,1.3058142720741885,1.5254195257171097,1,0,1,0,0,1,0
1,0,0,0,-0.5080084835877063,1,1,0,0,0,1,1,1,1,1.1200035100998194,-0.11268224667549082,0,0,1,0,0,0,1
1,0,1,1,-0.4262975221323503,1,0,0,0,0,0,0,0,0,-1.4879832561832886,-0.8182476526416336,1,0,0,1,0,0,1
1,1,1,1,1.1262107455194155,1,1,1,0,0,0,0,0,1,0.5360268296089454,1.1352387001649988,0,0,1,0,0,1,0
0,1,0,0,-0.22202011849396003,1,1,0,0,1,0,0,1,0,0.7799034547003045,0.0796824841074833,0,0,1,0,1,0,0
1,0,0,0,-1.2842626174135892,1,0,0,1,0,0,0,0,1,0.31703557442486735,-0.976778614231136,0,0,1,0,0,1,0
0,0,0,0,-1.161696175230555,1,1,0,1,0,1,0,1,1,0.9524420193907902,-0.8497198997844193,0,0,1,0,0,1,0
1,0,0,0,-1.2025516559582332,1,1,0,0,0,0,0,1,1,0.6803619750711782,-0.892712843286626,0,0,1,0,0,1,0
1,1,0,0,-0.8348523294091307,0,0,0,1,0,0,0,0,1,-1.1760866200120264,-0.8413331859595535,0,0,0,0,1,0,0
1,0,0,0,-0.6305749257707405,1,0,0,0,0,1,0,0,0,-0.4411386954169775,-0.6121110549462483,0,0,0,0,0,0,1
0,0,1,1,0.6359449767872789,1,0,0,0,0,0,0,0,0,-1.4796881328808613,-0.5561628456145778,0,1,0,1,0,0,0
0,0,0,1,-0.8348523294091307,1,1,1,0,0,0,0,0,1,0.44809852260321703,-0.6082487525269021,0,0,1,0,0,1,0
0,0,1,1,0.5133785346042448,1,1,0,0,0,0,0,0,1,-1.3320349380976575,-0.5069240073428001,0,1,0,1,0,0,0
0,0,0,1,-1.2842626174135892,1,0,1,0,0,0,0,0,0,-0.45109284337989003,-0.9869971629177489,0,0,0,0,0,0,1
1,0,1,0,1.616476514251552,1,1,1,1,1,0,1,1,1,0.678702950410693,1.6755196328826683,0,1,0,0,0,1,0
1,0,0,0,-0.181164637766282,1,1,0,1,0,0,1,1,0,1.174751323895839,0.17710078627316103,1,0,1,0,0,1,0
1,0,0,0,0.758511418970313,1,1,0,1,0,0,0,0,0,0.5376858542694307,0.7938773771934221,0,0,1,0,0,0,0
0,0,0,1,-1.2842626174135892,1,0,1,0,0,0,0,0,0,-0.49422748455251153,-0.9875709907057658,0,0,0,0,0,0,1
0,0,1,0,-0.9982742523198429,1,0,1,0,0,1,0,1,0,0.02338820951894505,-0.7604896787477553,0,1,0,0,0,0,1
0,0,0,1,0.4316675731488887,1,0,1,1,0,1,1,1,1,1.3671981845121495,0.9909872223773072,1,0,1,0,1,0,0
0,0,0,0,-0.4262975221323503,1,0,0,1,0,0,0,1,1,0.6471814818614695,-0.1905021228504296,0,0,1,0,0,0,1
0,0,1,1,-0.5897194450430624,1,0,0,0,0,0,0,0,0,-1.4713930095784342,-0.8520152109364879,0,0,0,1,0,0,1
1,1,0,0,0.8810778611533472,1,0,0,0,1,1,0,1,0,0.015093086216517863,0.5485439275165588,1,0,0,0,0,0,0
1,0,0,0,-0.7939968486814527,1,0,0,0,0,0,0,1,1,0.5327087802879742,-0.5643509267435914,0,0,1,0,0,1,0
0,0,1,0,1.493910072068518,1,1,0,1,1,0,0,0,1,0.6836800243921495,1.581191172652467,0,0,1,0,0,0,0
1,0,1,1,1.3713436298854838,0,0,0,1,1,0,1,1,1,-0.2669411060660065,0.6273128265716799,0,1,0,0,1,0,0
0,0,1,0,0.8402223804256691,1,0,0,0,0,0,0,0,0,-1.5178457000720267,-0.5724065860753704,1,0,0,1,1,0,0
1,0,0,0,-1.2025516559582332,1,0,0,0,0,0,0,0,1,-1.5161866754115412,-0.9861805618348012,0,0,0,1,0,0,1
0,0,0,0,-0.5080084835877063,1,0,0,0,0,0,0,0,0,-1.4962783794857157,-0.8299669816969065,0,1,0,1,0,0,1
1,0,0,0,-1.2842626174135892,1,0,0,0,0,0,0,0,1,-1.5244817987139683,-1.0012766467195597,0,0,0,1,0,0,1
1,0,0,0,0.22739016951049848,1,0,0,0,1,1,0,1,1,-0.08278936875212306,0.029825677448610203,1,0,0,0,0,0,1
0,0,0,0,-0.7939968486814527,1,0,0,0,0,0,0,0,1,-1.4763700835598907,-0.8880339397843324,0,0,0,1,0,0,1
1,1,1,0,1.0036443033363813,1,1,0,1,0,0,0,1,1,0.831333219175353,1.1644818470543334,0,0,1,0,0,1,0
1,0,0,0,1.4121991106131617,1,0,0,0,0,0,0,0,1,-1.4929603301647452,-0.4307814739328344,0,1,0,1,0,0,1
0,1,0,0,-0.8757078101368088,1,1,1,0,0,0,0,0,1,-0.30509867325717155,-0.7532285501993846,0,0,0,0,0,1,0
0,0,0,0,-0.7531413679537746,1,0,1,0,0,0,0,0,0,-0.4875913859105697,-0.6964195991856885,0,0,0,0,0,0,0
1,0,0,1,-0.4671530028600283,1,1,1,0,0,0,0,0,0,0.5161185336831199,-0.23837260255078196,0,0,1,0,0,1,0
1,0,0,0,-1.2842626174135892,1,0,0,0,0,0,0,0,0,-1.4962783794857157,-1.0009014516273946,0,0,0,1,0,0,1
1,0,0,0,1.0853552647917375,1,1,0,0,0,0,0,0,0,-1.3204217654742594,-0.34285340056897834,0,1,0,1,0,0,1
1,0,0,0,0.4316675731488887,1,1,0,1,0,0,1,1,1,1.2145679157474896,0.9890891766169427,0,0,1,0,0,1,0
1,0,1,1,-1.0391297330475209,0,0,1,1,1,0,0,0,0,-0.870826082482706,-0.8860034722267335,0,1,0,0,0,0,1
0,0,1,1,0.9627888226087032,1,1,1,1,1,1,1,0,0,0.5459809775718579,1.0298750901652374,0,1,0,0,1,0,0
1,0,0,0,-0.7939968486814527,1,0,0,1,0,1,1,1,0,0.28385508121515857,-0.5984053989324545,0,0,0,0,0,0,1
0,0,0,1,-1.2025516559582332,0,0,0,1,0,0,0,0,0,-1.1661324720491137,-0.9698485401758521,0,0,0,0,0,0,1
1,0,1,1,-0.9982742523198429,1,1,1,1,0,1,0,1,1,0.3767604622023435,-0.724537160798528,0,1,0,0,1,0,0
0,0,0,0,-1.2842626174135892,1,0,0,0,0,0,0,0,1,0.17767750294409096,-0.978632519392422,0,0,1,0,0,0,1
0,0,1,1,-1.120840694502877,0,0,0,1,0,1,0,0,0,-1.0135022032844534,-0.9374051998533449,0,0,0,0,0,1,0
1,0,0,1,-0.5488639643153844,1,1,0,0,0,0,0,0,1,-1.3502842093629972,-0.8157316384941737,0,0,0,1,1,0,0
0,0,1,1,-1.3251180981412674,0,0,1,0,1,1,1,0,1,-0.4062991775467834,-1.009597149645808,0,1,0,0,0,0,0
0,0,1,1,1.575621033523874,1,0,0,0,0,0,0,0,0,-1.4962783794857157,-0.38463247759653346,0,1,0,1,1,0,0
1,0,0,0,-0.9574187715921648,0,0,0,0,0,0,1,1,1,-0.643539703996201,-0.824736320706135,0,0,0,0,0,1,0
0,0,0,0,-1.2842626174135892,1,0,0,0,1,0,0,0,0,0.2888321551966151,-0.977153809323301,0,0,1,0,0,0,0
0,0,1,1,-0.34458656067699417,1,1,0,0,0,0,0,0,0,-1.330375913437172,-0.7572232744159654,0,1,0,1,0,0,1
1,0,0,0,-1.2025516559582332,1,0,0,0,0,0,0,0,0,-1.4995964288066868,-0.9825168921113073,1,0,0,1,0,0,1
0,0,0,0,0.26824565023817654,1,1,0,1,1,0,1,1,1,1.2825879268273923,0.753577010234988,0,0,1,0,0,1,0
0,0,1,1,1.493910072068518,1,1,0,1,0,1,0,1,1,0.9458059207488483,1.814540449679588,0,1,1,0,0,0,0
0,0,0,0,0.02311276587210824,1,1,1,1,0,0,0,0,1,-0.12924205924571527,-0.1118435752930043,0,0,0,0,0,0,1
1,0,0,0,-0.34458656067699417,1,0,1,0,0,0,0,0,1,-0.4527518680403756,-0.4464955272046881,0,0,0,0,0,1,0
1,0,0,0,-0.6714304064984186,1,0,0,0,0,0,0,0,0,-1.4863242315228034,-0.8879015179870978,0,0,0,1,0,0,1
0,0,1,1,0.26824565023817654,1,0,0,0,0,0,0,0,0,-1.4946193548252305,-0.6750334789322807,0,1,0,1,0,0,1
1,0,1,0,0.18653468878282042,1,0,0,0,0,0,0,0,0,-1.4747110588994052,-0.70165026017646,0,0,0,1,0,0,0
0,0,1,1,1.575621033523874,1,1,1,1,1,1,1,1,0,0.8711498110270036,1.7685018048409826,0,1,0,0,0,0,1
1,1,1,0,-0.14030915703860394,1,0,1,0,1,0,0,1,0,0.8396283424777802,0.16308614606581953,1,0,1,0,0,0,0
0,0,1,0,1.45305459134084,1,1,1,1,1,1,1,1,1,0.8927171316133145,1.8263039193339392,0,1,0,0,0,1,0
0,0,1,1,0.7993668996979911,1,1,0,0,1,0,1,1,0,1.209590841766033,1.330340148090824,1,0,1,0,0,0,0
0,0,0,0,-1.2025516559582332,1,1,0,0,0,0,1,0,1,-0.1508093798320259,-0.9343374282174073,0,0,0,0,0,1,0
1,0,0,0,-1.2842626174135892,1,1,1,0,0,0,0,0,1,0.560912199516227,-0.9735342801988853,0,0,1,0,0,1,0
1,0,1,1,1.616476514251552,1,1,1,1,1,1,1,1,0,1.6508914014551592,2.656743080092425,0,1,1,0,0,0,0
1,0,0,0,-0.26287559922163806,1,1,0,0,0,0,0,1,1,0.6355683092380716,-0.014579765224100368,0,0,1,0,0,1,0
0,0,0,0,-1.2025516559582332,1,0,0,0,0,0,1,0,1,0.5210956076645764,-0.9070364676875153,0,0,1,0,0,1,0
1,0,0,0,-1.2025516559582332,1,0,0,0,0,0,0,0,1,-1.469733984917949,-0.9756309586551017,0,0,0,1,0,1,0
1,0,0,0,1.0853552647917375,1,1,0,1,1,1,1,1,1,1.5447138231840911,1.8682595587578072,0,0,1,0,0,1,0
0,1,0,1,0.02311276587210824,1,1,0,1,1,0,1,1,1,1.3456308639258387,0.5198966787147805,0,0,1,0,0,0,0
0,1,1,0,-0.26287559922163806,1,0,0,0,1,0,1,0,1,0.693634172355062,-0.09721096669856738,0,0,1,0,1,0,0
1,0,0,0,-0.0994536763109259,1,1,1,0,0,0,1,1,1,1.1813874225377807,0.2864811907890422,0,0,1,0,0,0,0
1,0,0,0,-0.4262975221323503,1,1,0,1,0,0,0,0,1,0.46634779386855674,-0.3032372128962571,0,0,1,0,0,0,1
0,0,1,1,1.616476514251552,1,1,1,1,1,1,1,1,0,0.8280151698543823,1.9018726249558875,0,1,0,0,1,0,0
1,0,0,0,-1.0391297330475209,1,1,0,0,0,0,0,0,1,-1.318762740813774,-0.9420841033556386,0,0,0,1,0,0,0
0,1,1,1,1.3713436298854838,1,1,1,1,0,1,1,1,1,1.5198284532768096,2.1733152389875308,1,0,1,0,1,0,0
1,0,1,1,1.575621033523874,1,1,1,0,1,0,1,1,0,1.3522669625677806,2.2592349150933266,0,1,1,0,0,1,0
0,0,0,0,-0.9982742523198429,1,1,0,0,0,0,0,0,1,0.3468980183136054,-0.7550383147615924,0,0,1,0,0,1,0
1,0,1,0,-0.7122858872260965,1,1,0,0,1,1,1,1,1,1.2825879268273923,-0.3299202050390538,0,0,1,0,0,1,0
1,0,1,1,1.5347655527961959,1,0,0,1,1,1,1,1,1,1.372175258493606,2.2899567720517826,1,0,1,0,0,1,0
0,0,1,1,0.9219333418810253,1,1,1,0,1,1,1,1,1,0.6737258764292364,1.0464498851191169,0,1,0,0,0,0,0
1,0,0,0,-1.2842626174135892,1,0,0,0,0,0,0,0,0,-1.5178457000720267,-1.0011883655214031,0,0,0,1,0,0,1
1,0,1,0,1.2487771877024496,1,1,0,1,1,0,1,1,1,1.2477484089571982,1.8348451252555789,0,0,1,0,0,1,0
1,0,0,0,-0.9165632908644868,1,0,0,0,0,0,0,0,0,-1.4863242315228034,-0.9277604789547493,0,0,0,1,0,1,0
0,1,0,0,-1.2025516559582332,1,0,0,0,1,0,0,0,0,0.30044532782001293,-0.9229050130561428,0,0,1,0,0,1,0
1,0,0,0,0.8810778611533472,1,0,0,0,0,0,0,0,0,-1.4863242315228034,-0.5021347523428108,0,1,0,1,0,0,1
1,0,0,1,1.616476514251552,0,0,1,1,1,1,1,1,0,0.07979504797545003,1.052519217492375,0,1,0,0,1,0,0
0,1,1,0,-0.181164637766282,1,1,0,0,0,0,0,0,0,-1.2971954202274631,-0.68534030881705,0,0,0,1,0,0,1
1,1,1,1,1.3304881491578058,1,1,1,1,0,0,0,0,1,0.6952931970155474,1.50131875862039,0,0,1,0,0,1,0
1,0,1,1,1.5347655527961959,1,0,0,0,0,0,0,0,0,-1.4747110588994052,-0.36598307448597667,0,1,0,1,1,0,0
0,0,0,0,0.9219333418810253,1,0,1,0,0,0,0,0,1,-0.4726601639662009,0.24079567074306282,0,0,0,0,1,0,0
0,0,0,0,1.45305459134084,1,0,0,0,0,0,0,0,0,-1.469733984917949,-0.3806377533799526,0,1,0,1,1,0,0
1,0,1,1,0.5133785346042448,1,0,0,0,0,0,0,0,0,-1.5128686260905702,-0.6106985557757445,0,1,0,1,0,1,0
0,0,0,0,-0.9574187715921648,1,0,1,0,0,0,0,0,1,0.3336258210297217,-0.6969934269737056,0,0,1,0,0,1,0
0,0,1,0,1.616476514251552,1,1,1,1,1,1,1,1,1,1.6824128700043828,2.659700500230668,0,1,1,0,0,0,0
1,0,0,1,1.2896326684301276,1,0,0,1,0,1,1,1,1,1.1399118060256448,1.7144075006705983,0,0,1,0,1,0,0
0,0,1,1,1.616476514251552,1,0,1,1,1,1,1,1,1,0.6272731859356445,1.6816110355554652,0,1,0,0,0,0,0
1,1,1,1,0.5950894960596009,1,0,0,1,0,0,1,0,1,0.6687488024477805,0.7639941916174531,1,0,1,0,0,0,0
1,0,0,0,-1.2842626174135892,1,0,0,0,0,0,0,0,0,-1.469733984917949,-1.0005483268347688,0,0,0,1,0,0,1
1,0,1,1,-0.5488639643153844,1,0,0,0,0,0,0,0,0,-1.466415935596978,-0.8264357337706473,0,0,0,1,0,0,1
0,0,1,0,-1.079985213775199,1,0,0,0,0,1,0,0,1,-0.5191128544597932,-0.8900644073419316,0,0,0,0,0,1,0
0,0,0,0,0.6359449767872789,1,1,0,0,0,0,0,0,0,-1.34198908606057,-0.5091751778957903,1,0,0,1,0,0,0
0,0,0,0,-1.2842626174135892,1,0,0,0,0,0,0,0,1,-1.5029144781276575,-1.000989732825551,0,0,0,1,0,0,1
1,0,1,1,1.2487771877024496,1,0,1,1,1,1,1,0,0,0.3220126484063238,1.053777224566105,0,1,0,0,1,0,0
1,0,1,0,-0.9982742523198429,1,0,1,0,0,0,0,0,0,0.33860289501117824,-0.7302092277800819,0,0,1,0,0,1,0
0,0,1,1,1.3304881491578058,1,1,1,0,1,0,1,1,1,1.3107913460556446,1.9589905601631317,0,1,1,0,1,0,0
0,0,1,1,0.4316675731488887,1,0,0,0,0,0,0,0,0,-1.4863242315228034,-0.6485491194853361,1,0,0,1,0,0,1
0,0,1,1,0.22739016951049848,1,0,1,1,0,0,0,0,0,-0.34159721578785124,-0.09321624248198648,0,0,0,0,0,1,0
0,0,0,0,-1.2842626174135892,1,0,0,0,0,0,0,0,0,-0.6518348272986282,-0.9896676691619823,0,0,0,0,0,1,0
1,0,1,1,-1.2434071366859112,1,0,0,0,0,0,0,0,0,-1.4763700835598907,-0.9918305585168161,0,0,0,1,0,0,1
1,0,1,0,-1.161696175230555,1,0,0,0,0,0,1,0,1,0.5161185336831199,-0.8739089480792953,0,0,1,0,0,1,0
1,1,1,0,1.493910072068518,1,1,0,1,1,1,1,1,1,1.4982611326904993,2.360206535484803,0,1,1,0,0,1,0
1,0,0,0,-1.2025516559582332,1,0,0,1,0,0,0,0,0,0.3203536237458385,-0.9120022850838174,0,0,1,0,1,0,0
0,0,1,1,1.5347655527961959,1,1,0,1,1,1,1,1,1,1.5065562559929264,2.384726638272766,0,1,1,0,0,1,0
1,0,0,1,-1.161696175230555,1,0,1,0,0,0,0,0,0,-0.5124767558178512,-0.9126423237704518,0,0,0,0,0,1,0
0,0,1,0,0.5542340153319228,1,1,0,1,0,1,1,1,1,1.27263377886448,1.0185088859025901,1,0,1,0,0,1,0
0,0,1,0,-1.2434071366859112,0,0,0,0,0,0,1,1,0,-0.6700840985639679,-0.9667366279408361,0,0,0,0,0,1,0
1,0,1,1,1.3304881491578058,1,1,1,1,0,0,0,1,1,0.1577692070182654,0.9586983741515738,0,1,0,0,0,0,1
0,0,1,0,-0.5488639643153844,1,0,0,0,1,0,1,1,1,1.061937646982829,-0.240204437412529,0,0,1,0,0,1,0
1,0,0,0,-0.4671530028600283,1,0,0,0,1,0,0,1,0,-0.1043566893384337,-0.3944537608914421,0,0,0,0,0,0,1
1,0,0,0,0.6359449767872789,1,0,0,1,1,1,1,1,0,0.4680068185290425,0.6551655445900498,0,1,0,0,1,0,0
0,1,0,0,-0.6305749257707405,1,0,0,1,1,0,1,0,1,0.8081068739285573,-0.34885652204361906,0,0,1,0,0,1,0
1,1,0,0,1.2896326684301276,1,0,0,0,0,0,0,0,1,-1.4846652068623178,-0.48077070238894226,0,1,0,1,0,0,0
0,0,0,0,1.3713436298854838,1,1,0,0,1,0,1,0,1,0.9076483535576835,1.6639547959241687,1,0,1,0,0,0,0
1,0,1,1,1.5347655527961959,1,1,1,1,1,1,0,1,0,0.4497575472637024,1.3942778058556557,1,0,0,0,0,0,0
1,0,1,1,-0.14030915703860394,1,1,0,1,1,0,1,1,0,0.5078234103806927,-0.03329537923327438,0,0,0,0,1,0,0
1,0,0,0,-1.2842626174135892,1,0,0,0,0,0,1,1,1,-0.06619912214726868,-0.9818768534246727,0,0,0,0,0,0,1
0,0,1,0,0.5950894960596009,1,0,0,0,0,0,0,0,0,-1.4979374041462012,-0.6028194588402785,0,1,0,1,0,0,0
0,0,1,0,1.575621033523874,1,0,0,0,0,0,0,0,1,-1.4564617876340653,-0.350489724209514,0,1,0,1,0,0,0
1,0,1,1,0.3908120924212107,1,0,0,0,0,0,0,0,0,-1.4630978862760071,-0.6437377941858079,0,1,0,1,0,0,1
0,1,1,0,1.2079217069747716,1,0,1,0,1,1,1,1,1,0.5028463363992366,1.1178693744277108,0,1,0,0,1,0,0
0,0,0,0,0.9627888226087032,0,0,1,1,1,1,0,0,0,-0.6551528766195991,0.12044632735623878,0,1,0,0,0,0,0
0,0,0,0,1.5347655527961959,1,1,1,1,1,1,1,1,0,1.684071894664868,2.577974181037305,1,0,1,0,1,0,0
1,0,1,1,0.4316675731488887,1,1,0,0,0,0,0,0,0,-1.3453071353815411,-0.5337835618819097,0,1,0,1,0,0,1
1,1,1,0,0.47252305387656673,1,1,0,1,0,0,0,1,0,0.7832215040212757,0.7175803516866827,1,0,1,0,0,0,1
1,0,1,1,-0.22202011849396003,0,0,0,1,1,0,0,1,1,-0.628608482051832,-0.4594287227346127,1,0,0,0,1,0,0
1,0,0,0,-0.05859819558324785,1,1,0,1,1,0,1,1,1,1.2825879268273923,0.3439522507889119,1,0,1,0,0,1,0
1,0,0,0,-0.7939968486814527,1,0,0,0,0,0,0,0,0,-1.4946193548252305,-0.8922935075953827,0,1,0,1,0,0,1
0,0,1,1,-0.26287559922163806,1,0,0,0,0,0,1,1,1,0.8628546877245764,0.03291551938408707,0,0,1,0,0,1,0
0,0,1,0,1.0853552647917375,1,0,0,0,0,0,0,0,0,-1.5394130206583374,-0.5426558222966361,0,1,0,1,0,0,0
1,0,1,0,0.758511418970313,1,1,0,0,0,0,1,1,1,0.9905995865819555,1.1147795324922338,0,0,1,0,0,1,0
1,0,0,0,-1.2842626174135892,1,1,0,0,0,0,1,0,1,0.6587946544848678,-0.9722321325260771,0,0,1,0,0,0,1
0,0,0,0,0.6359449767872789,1,1,0,1,1,0,1,1,1,1.413650875005742,1.2509753509481465,0,0,1,0,0,0,0
0,0,1,1,1.5347655527961959,1,1,1,1,1,1,1,0,0,0.5277317063065182,1.47019963627023,0,1,0,0,0,1,0
0,0,0,0,-0.6714304064984186,1,0,0,0,0,0,0,0,0,-1.4830061822018323,-0.8788747654755975,1,0,0,1,0,0,1
1,1,1,0,1.4121991106131617,1,1,0,1,0,1,1,1,0,1.2643386555620526,2.0756983041260004,0,1,1,0,0,0,0
1,0,0,0,-0.181164637766282,0,0,0,0,0,1,0,0,1,-1.1512012501047448,-0.6516831020198913,0,0,0,0,1,0,0
1,0,1,0,-1.161696175230555,1,1,0,0,1,0,1,0,0,0.026706258839915738,-0.8992015113511275,0,0,0,0,0,1,0
1,0,0,0,1.616476514251552,1,0,0,0,0,0,0,0,0,-1.5095505767695994,-0.38509595388685497,0,1,0,1,0,0,0
1,0,1,0,-0.30373107994931614,0,0,0,0,1,0,1,0,1,-0.8857573044270748,-0.5812567761905577,1,0,0,0,1,0,0
1,0,1,0,0.6359449767872789,1,1,1,1,1,0,1,0,1,1.0652556963038,0.9650104798197623,0,1,1,0,0,0,0
1,0,1,0,1.616476514251552,1,1,0,1,1,0,1,1,1,1.377152332475062,2.329793662719895,0,1,1,0,0,0,0
0,0,0,0,-1.2434071366859112,1,1,0,0,0,0,0,1,1,0.693634172355062,-0.9346464124109549,0,0,1,0,0,1,0
1,0,0,0,0.9627888226087032,1,1,1,1,0,0,0,0,1,0.7168605176018582,1.163179699381525,0,0,1,0,0,1,0
1,0,0,0,1.493910072068518,1,0,0,0,0,0,0,0,1,-1.5161866754115412,-0.4495191582415477,0,1,0,1,0,0,1
1,0,0,0,-0.9574187715921648,1,0,0,0,0,0,0,0,0,-0.6584709259405698,-0.8193511676185896,0,0,0,0,0,0,1
0,0,0,0,0.18653468878282042,1,0,0,1,1,0,0,0,0,0.5061643857202073,0.3230516771253648,1,0,1,0,0,1,0
0,0,0,0,0.758511418970313,0,0,0,1,1,0,1,1,1,-0.27855427868940463,0.2830602943604785,1,0,0,0,1,0,0
1,0,1,1,1.5347655527961959,1,1,0,0,0,0,0,0,0,-1.3154446914928033,-0.21941421524667745,0,1,0,1,1,0,0
0,0,0,0,0.22739016951049848,1,1,0,0,1,1,1,1,1,1.2892240254693341,0.7509506445898327,0,0,1,0,0,1,0
1,0,0,0,-0.3854420414046722,1,1,0,0,0,1,1,0,1,0.8562185890826346,-0.15185702835742967,0,0,1,0,0,1,0
1,0,1,1,0.47252305387656673,1,0,0,0,0,0,0,0,0,-1.4863242315228034,-0.6296128024807708,1,0,0,1,0,0,0
1,0,0,1,-1.120840694502877,1,0,0,0,0,0,0,0,0,-1.4713930095784342,-0.9624108492311685,0,1,0,1,0,0,1
0,1,1,0,1.4121991106131617,1,1,1,1,1,1,0,1,1,1.3472898885863245,2.0959588391029134,1,0,1,0,1,0,0
0,0,1,1,1.616476514251552,1,0,0,0,0,0,0,0,1,-1.4630978862760071,-0.35530104950904234,0,1,0,1,0,0,1
0,0,0,0,-1.0391297330475209,1,0,0,1,0,0,1,1,1,0.9706912906561299,-0.7299885247846907,1,0,1,0,0,0,1
1,0,1,1,0.8810778611533472,1,0,0,1,0,1,0,0,1,0.5028463363992366,0.915837852446602,0,1,1,0,0,0,0
0,0,0,0,0.3499566116935326,1,1,0,1,1,0,1,1,1,0.5227546323250617,0.4311078636688988,1,0,0,0,0,1,0
0,0,1,0,1.2487771877024496,1,1,0,1,1,1,1,1,1,1.4584445408388487,2.023612397213676,0,0,1,0,0,1,0
1,0,0,0,-1.2842626174135892,1,0,0,0,0,0,0,0,0,0.18597262624651814,-0.9785221678947265,0,0,1,0,0,1,0
1,0,1,1,1.0853552647917375,1,1,0,0,1,0,1,1,1,1.1515249786490427,1.5778144168229817,0,1,1,0,1,0,0
0,0,0,0,0.7176559382426351,1,1,1,1,0,1,1,1,1,1.4883069847275867,1.440713716085965,0,1,1,0,0,1,0
0,0,0,0,-1.2025516559582332,1,0,0,1,0,0,1,1,1,1.005530808526324,-0.8739089480792953,0,0,1,0,0,1,0
0,1,1,0,1.575621033523874,1,0,0,1,1,0,1,1,1,1.14157083068613,2.1745953163607994,0,1,1,0,0,1,0
1,0,0,0,1.0036443033363813,1,0,0,0,0,0,0,0,0,-1.4647569109364926,-0.5127505664211278,0,1,0,1,0,0,0
1,1,0,0,-0.7122858872260965,1,1,0,1,0,0,0,0,1,0.5111414597016638,-0.47229570736591997,0,0,1,0,0,1,0
1,0,1,1,1.616476514251552,0,0,1,1,1,1,0,1,1,-0.31007574723862785,0.8351267670320383,0,1,0,0,1,0,0
0,1,1,0,0.3908120924212107,1,0,1,0,0,0,0,0,1,0.310399475782926,0.41587935698690565,0,0,1,0,1,0,0
0,0,1,0,1.616476514251552,1,1,1,0,1,1,1,0,1,1.1083903374764215,2.0872631410844997,0,1,1,0,0,0,0
0,0,0,1,-0.5897194450430624,1,1,0,0,0,0,0,0,0,-1.310467617511347,-0.8089119159365855,0,1,0,1,1,0,0
0,0,1,1,1.5347655527961959,1,1,1,0,0,0,0,1,0,0.01343406155603252,0.9957764773772961,1,0,0,0,0,0,0
1,0,1,1,-0.26287559922163806,1,1,0,0,0,0,1,0,1,0.6289322105961298,-0.09562190513175074,0,0,1,0,0,1,0
1,1,1,0,1.2896326684301276,1,1,0,0,0,0,0,0,0,-1.2988544448879489,-0.24119760089178943,0,1,0,1,1,0,0
1,1,1,1,-0.9982742523198429,1,0,0,0,0,0,1,0,1,0.519436583004091,-0.7520588243238112,0,0,1,0,1,0,0
1,0,1,1,1.45305459134084,1,1,1,1,1,1,1,1,1,1.6044387109615674,2.4580883139408023,0,1,1,0,0,1,0
1,1,1,0,-0.4262975221323503,1,0,0,0,0,0,1,1,1,0.8280151698543823,-0.15375507411779402,0,0,1,0,0,0,0
0,0,1,1,1.616476514251552,1,1,1,0,1,1,1,1,0,0.6604536791453532,1.5920056194266359,0,1,0,0,1,0,0
0,0,1,1,-0.3854420414046722,1,0,0,0,0,0,0,0,0,-1.4730520342389197,-0.7982740315587296,0,1,0,1,0,0,0
1,0,1,0,-0.34458656067699417,0,0,0,0,1,0,0,0,0,-1.1843817433144535,-0.7059098279875103,0,0,0,0,0,1,0
1,0,0,0,-0.6714304064984186,1,0,1,0,0,0,1,1,1,0.9773273892980717,-0.35488171381779904,0,0,1,0,0,1,0
0,0,0,0,1.2487771877024496,1,1,1,1,1,0,1,1,0,1.4418542942339942,1.9831796084580078,0,0,1,0,1,0,0
0,0,1,1,1.616476514251552,1,1,1,1,1,1,0,1,0,1.4153098996662274,2.3708223495631198,0,1,1,0,1,0,0
1,0,0,0,-1.079985213775199,1,0,0,1,0,0,1,0,1,0.6820209997316636,-0.7935509874573577,0,0,1,0,0,1,0
0,0,0,0,1.2079217069747716,1,1,0,0,0,0,1,1,1,0.9690322659956445,1.5316654204866806,1,0,1,0,0,0,0
0,0,0,0,-0.9574187715921648,1,0,0,0,0,0,0,0,0,-1.5178457000720267,-0.9400094951989613,0,0,0,1,0,0,1
0,0,0,0,1.575621033523874,1,1,0,0,0,0,0,0,0,-1.3353529874186285,-0.25075404059222856,0,1,0,1,0,1,0
1,0,0,0,-0.5897194450430624,1,1,1,0,0,0,0,0,0,-0.28353135267086094,-0.5814995494854882,0,0,0,0,0,0,1
1,1,0,0,-0.9574187715921648,1,1,0,0,0,0,0,0,1,0.3070814264619548,-0.7101252551994823,0,0,1,0,0,1,0
0,1,1,0,0.6359449767872789,1,1,1,1,1,1,1,1,0,1.747114831763315,1.3911658936206395,0,0,1,0,0,1,0
0,0,1,1,0.02311276587210824,1,0,0,0,0,0,0,0,0,-1.4929603301647452,-0.7265014174575097,0,1,0,1,1,0,0
0,0,1,0,-0.22202011849396003,1,0,1,0,0,1,1,1,1,1.231158162352344,0.17387852254044955,1,0,1,0,1,0,0
0,0,1,0,1.5347655527961959,1,1,0,0,1,1,1,1,1,1.3107913460556446,2.1634498150935437,0,1,1,0,0,0,0
0,0,0,0,-0.6305749257707405,1,0,0,0,0,0,0,0,0,-1.481347157541347,-0.853493921005609,1,0,0,1,0,0,1
1,0,0,0,0.3499566116935326,1,1,0,0,1,0,0,0,1,-0.30178062393620064,-0.021929174970627328,0,0,0,0,0,0,0
0,1,0,0,-1.0391297330475209,1,0,1,0,0,0,0,0,1,-0.5506343230090163,-0.859364620683015,0,0,0,0,0,1,0
1,0,0,0,-0.26287559922163806,1,1,0,0,0,1,0,0,1,0.5210956076645764,-0.08758831609951076,0,0,1,0,0,1,0
1,0,0,0,-0.9165632908644868,1,0,1,0,0,0,0,0,1,-0.43616162143552123,-0.7780797074804343,0,0,0,0,0,0,1
1,0,0,0,1.0036443033363813,0,0,0,0,1,1,1,1,0,-0.37975478297901627,0.3543694321713769,0,1,0,0,1,0,0
1,0,1,0,0.10482372732746434,1,0,1,1,1,0,0,0,0,-0.12592400992474434,-0.06920375658342356,0,0,0,0,0,0,1
0,0,0,0,-0.181164637766282,1,0,0,0,0,0,0,1,1,0.5244136569855471,-0.01866277063883766,0,0,1,0,0,1,0
1,1,1,0,1.616476514251552,1,1,0,1,1,1,1,1,1,1.4916250340485575,2.4918558722356563,0,1,1,0,0,0,0
1,1,1,0,-0.22202011849396003,1,1,0,1,1,1,1,1,1,0.6637717284663239,0.009852056365706166,0,0,0,0,0,0,0
1,0,1,1,1.4121991106131617,1,0,0,0,0,0,0,0,1,-1.4597798369550363,-0.3863760312601239,0,1,0,1,0,0,1
1,0,0,0,-0.8757078101368088,1,0,0,0,0,0,0,0,0,-1.4747110588994052,-0.9145845101298945,0,0,0,1,0,0,1
1,0,0,0,1.493910072068518,1,1,0,1,0,1,1,1,1,1.3240635433395282,2.1775085958999636,1,0,1,0,0,0,0
0,0,1,1,0.7993668996979911,1,1,1,1,1,0,0,1,0,1.106731312815936,1.1945195247270761,0,0,1,0,0,0,0
1,0,1,0,0.7993668996979911,1,1,1,1,1,1,0,1,1,0.5509580515533145,0.9124831669166555,1,0,0,0,1,0,0
0,0,1,0,-0.34458656067699417,1,0,0,0,0,0,0,0,0,-1.481347157541347,-0.8079408227568643,1,0,0,1,0,0,1
0,0,1,0,-0.8348523294091307,1,0,0,0,0,0,0,0,1,-1.4846652068623178,-0.8928231947843217,0,1,0,1,0,1,0
0,0,1,1,-1.2842626174135892,1,0,0,0,0,0,0,0,1,-0.678379221866395,-0.9900207939546083,0,0,0,0,0,0,0
1,0,1,1,-0.7122858872260965,1,0,0,0,0,0,0,0,0,-1.5078915521091139,-0.8865110891161332,0,1,0,1,0,0,1
0,0,0,0,-0.9574187715921648,1,1,0,0,0,0,1,1,0,0.9823044632795283,-0.6312018640475875,0,0,1,0,0,1,0
0,0,1,0,-0.5897194450430624,1,1,0,0,0,1,1,0,1,0.7981527259656442,-0.3056649458455603,0,0,1,0,0,1,0
0,0,0,0,1.3713436298854838,1,1,0,0,0,0,0,0,1,-1.3154446914928033,-0.2664460235645433,0,1,0,1,1,0,0
1,0,1,1,0.5542340153319228,1,0,1,0,1,1,0,0,0,-0.26196403208455027,0.12044632735623878,1,0,0,0,0,0,1
0,0,1,0,-1.2434071366859112,1,0,1,0,0,0,0,0,1,0.31869459908535314,-0.9480651545307401,0,0,1,0,0,1,0
1,0,0,0,-0.6305749257707405,1,1,0,0,1,1,0,0,0,0.7284736902252561,-0.3871043511449149,1,0,1,0,0,1,0
1,0,1,1,0.5950894960596009,0,0,1,0,1,1,0,0,0,-0.8127602193657156,-0.2173616773895393,1,0,0,0,0,1,0
1,1,1,0,1.2487771877024496,1,1,1,1,1,0,1,1,0,1.4501494175364216,2.076669397305722,0,1,1,0,1,0,0
0,0,0,0,-1.2842626174135892,1,0,0,0,0,0,0,0,1,-1.4763700835598907,-1.0006366080329252,0,0,0,1,0,0,1
0,0,0,1,1.5347655527961959,1,1,1,1,0,1,0,0,0,0.03997845612379943,1.1495402542663486,0,1,0,0,0,1,0
0,0,1,1,0.22739016951049848,1,0,0,0,0,0,0,0,0,-1.4713930095784342,-0.6647487193470506,0,0,0,1,0,0,1
0,0,1,1,1.0444997840640593,1,1,0,0,0,0,0,0,1,-1.3370120120791138,-0.34841511605283665,1,0,0,1,1,0,0
0,0,0,0,1.1262107455194155,1,1,1,0,1,1,0,0,0,-0.0014971603883365135,0.7734623501197356,1,0,0,0,0,1,0
0,0,0,0,1.45305459134084,1,1,1,1,1,1,1,1,1,0.7749263807188486,1.7043655143802985,0,1,0,0,0,1,0
0,0,1,0,0.6359449767872789,1,1,1,0,0,1,0,0,1,-0.1391962072086278,0.3081100843373803,1,0,0,0,0,0,0
0,0,1,1,0.10482372732746434,1,0,1,0,1,1,1,1,1,1.3970606284008877,0.6485223844287745,0,0,1,0,0,1,0
1,0,1,0,1.575621033523874,1,1,1,1,1,1,0,1,1,0.5078234103806927,1.4558318712702627,0,1,0,0,0,0,1
0,0,1,0,0.9219333418810253,1,0,1,1,0,1,0,0,0,-0.2652820814055212,0.3640803639685899,0,1,0,0,0,0,1
1,0,0,0,0.3908120924212107,1,1,0,0,0,1,1,1,1,1.1780693732168095,0.8544382791287687,0,0,1,0,0,1,0
1,0,1,1,0.9627888226087032,1,1,0,1,0,1,1,0,1,1.0669147209642855,1.3882084734823976,0,0,1,0,1,0,0
1,0,0,0,0.30910113096585456,0,0,1,1,1,0,1,1,0,-0.09108449205455024,0.09901606650375291,1,0,0,0,1,0,0
1,1,1,0,1.616476514251552,1,0,1,1,0,1,0,0,1,0.6637717284663239,1.7013639536429779,0,1,1,0,1,0,0
0,0,1,1,-0.017742714855569806,1,1,0,0,1,0,0,1,1,0.8711498110270036,0.2945368501208212,0,0,1,0,0,0,0
0,0,0,0,0.10482372732746434,1,1,0,1,0,1,0,0,0,0.6803619750711782,0.27820482846187206,0,0,1,0,1,0,0
0,0,1,0,1.0444997840640593,1,1,0,0,1,1,1,1,1,1.2377942609942854,1.5882536685049855,0,0,1,0,1,0,0
0,0,0,0,0.5133785346042448,1,1,1,0,0,1,0,1,0,0.29049117985710043,0.46871565408356003,0,1,0,0,0,0,1
0,0,1,0,-0.5080084835877063,1,1,1,0,0,0,0,0,0,0.5841385447630232,-0.30672432022343815,0,0,1,0,0,1,0
1,0,0,0,-1.2025516559582332,1,0,0,0,0,0,0,0,1,0.15942823167875075,-0.9180495471575363,0,0,1,0,0,0,1
0,0,1,1,1.45305459134084,1,1,1,1,1,1,1,1,1,0.8047888246075862,1.7208520281360216,0,1,0,0,0,0,0
0,0,0,0,-0.9574187715921648,1,0,1,1,0,0,1,1,1,0.32698972238778035,-0.6990459648308438,0,0,0,0,0,1,0
0,1,0,0,0.14567920805514237,1,1,0,0,0,0,0,0,1,0.3352848456902075,0.16430001254047114,0,0,1,0,0,0,0
0,0,0,0,0.18653468878282042,0,0,0,0,1,0,0,1,1,-0.8160782686866863,-0.35682390017724164,0,0,0,0,1,0,0
1,1,1,0,-1.2842626174135892,1,0,0,0,0,0,0,0,0,0.2009038481908867,-0.9783235351988745,0,0,1,0,0,0,1
1,0,1,1,1.616476514251552,1,1,0,1,1,0,1,1,1,1.3157684200371011,2.2828501356001856,1,0,1,0,1,0,0
0,0,0,0,-1.2842626174135892,1,1,0,1,0,0,0,0,1,0.5111414597016638,-0.9741963891850589,0,0,1,0,0,0,1
0,0,1,1,0.9219333418810253,1,0,1,1,0,0,0,0,0,-0.30178062393620064,0.3727981322865425,0,0,0,0,0,1,0
1,0,1,0,-0.181164637766282,1,0,1,0,0,1,0,0,0,-0.3465742897693075,-0.37995357409423985,1,0,0,0,0,0,1
0,0,0,0,0.7993668996979911,0,0,1,1,1,0,1,1,1,-0.20058011964658903,0.33163702364608283,0,1,0,0,0,0,0
1,1,0,0,-1.2842626174135892,1,0,0,0,0,0,0,0,0,-0.6899923944897931,-0.9901752860513822,0,0,0,0,0,1,0
1,0,1,0,0.3908120924212107,1,1,1,0,0,1,1,1,0,0.519436583004091,0.48054533463652865,1,0,0,0,1,0,0
0,0,1,1,0.676800457514957,1,1,0,0,0,0,1,1,1,1.015484956489237,1.0270280215246907,0,0,1,0,0,0,0
0,0,0,0,-0.26287559922163806,1,0,1,0,1,1,0,1,1,1.0304161784336054,0.08303716963742956,1,0,1,0,0,0,0
0,0,1,1,0.10482372732746434,1,0,0,0,0,0,0,0,0,-1.4962783794857157,-0.6871942139783361,0,1,0,1,1,0,0
1,1,0,0,-1.2842626174135892,1,0,0,0,0,0,0,0,0,-0.6485167779776572,-0.9896235285629041,0,0,0,0,0,0,0
0,1,0,0,0.7993668996979911,1,1,1,1,1,0,1,1,0,1.4368772202525377,1.5679048523299166,0,0,1,0,1,0,0
0,0,1,0,1.616476514251552,1,1,1,1,1,0,1,1,1,1.5214874779372956,2.550629079908334,0,1,1,0,1,0,0
1,0,1,0,0.5133785346042448,1,1,1,0,1,0,0,0,1,0.6554766051638967,0.6297626298205221,0,0,1,0,0,0,1
1,0,0,0,0.3499566116935326,1,1,0,1,1,0,1,1,1,1.3240635433395282,0.908929848690857,0,0,1,0,0,1,0
1,0,0,0,0.8810778611533472,1,1,1,0,1,1,1,1,0,0.740086862848654,1.080548497907058,0,1,0,0,0,0,0
1,1,1,1,-0.4262975221323503,0,0,1,0,0,0,0,1,0,-0.8210553426681428,-0.6210715965591311,0,0,0,0,0,0,1
0,0,1,0,1.616476514251552,1,1,1,1,1,1,1,1,0,0.9026712795762271,1.8482417970758247,0,1,0,0,0,0,0
0,0,1,1,-0.7531413679537746,1,1,0,1,0,1,1,1,0,0.519436583004091,-0.5076964678266692,0,0,0,0,1,0,0
1,0,1,0,1.2487771877024496,1,0,0,0,0,0,0,0,0,-1.5112096014300849,-0.46329102515395876,0,1,0,1,0,0,1
1,0,0,0,-1.0391297330475209,1,0,0,0,0,0,0,0,0,-1.504573502788143,-0.9366106690699367,0,1,0,1,0,0,1
1,0,0,0,1.616476514251552,1,1,0,1,1,1,1,1,0,1.4733757627832176,2.46793166753525,0,1,1,0,0,0,0
1,0,1,1,-1.0391297330475209,1,0,0,0,1,0,0,0,0,-0.534044076404162,-0.8594087612820932,0,0,0,0,0,1,0
1,0,0,0,-1.2842626174135892,1,0,0,0,0,0,0,0,1,-0.6651070245825116,-0.9898442315582953,0,0,0,0,0,1,0
1,0,0,0,-0.6714304064984186,1,0,0,0,0,1,0,0,1,0.32367167306680916,-0.4929314374349976,0,0,1,0,1,0,0
0,0,0,1,-0.7531413679537746,1,0,0,0,1,0,1,0,1,-0.16574060177639494,-0.6455034181489375,0,0,0,0,1,0,0
0,0,0,0,-1.2842626174135892,1,0,0,0,0,0,0,0,1,0.1926087248884595,-0.97843388669657,0,0,1,0,0,1,0
0,0,0,0,1.1262107455194155,0,0,1,0,1,0,0,1,1,-0.6750611725454241,0.21481892818551804,1,0,0,0,0,1,0
0,1,0,1,-1.2842626174135892,1,0,0,0,0,0,0,0,1,0.2058809221723432,-0.978257324300257,0,0,1,0,0,1,0
1,1,1,0,0.5133785346042448,1,1,1,0,1,1,0,1,0,0.3435799689926347,0.5266501903737513,0,1,0,0,1,0,0
1,0,0,0,-1.2842626174135892,1,0,0,0,0,0,0,0,1,-0.6335855560332881,-0.9894248958670521,0,0,0,0,0,0,1
0,0,1,0,1.616476514251552,1,1,0,1,1,1,1,1,1,1.475034787443703,2.5701171544013777,1,0,1,0,0,1,0
1,0,1,1,-1.079985213775199,1,0,0,0,0,0,0,0,0,-1.504573502788143,-0.9594975696920046,1,0,0,1,0,0,1
1,0,0,0,-1.2842626174135892,1,0,0,0,0,0,0,1,1,-0.31671184588056966,-0.98520946865508,0,0,0,0,0,1,0
0,0,0,0,-0.5488639643153844,1,0,0,0,0,0,0,1,1,-0.2851903773313463,-0.5269638393243213,0,0,0,0,0,1,0
0,0,1,1,-0.34458656067699417,1,1,1,1,1,0,0,0,0,-0.014769357672220203,-0.3215997021128053,0,1,0,0,0,1,0
1,0,1,0,1.2896326684301276,1,1,0,1,1,1,1,0,1,0.37510143754185765,1.1174500387364676,0,1,0,0,0,0,0
1,0,0,0,-0.6305749257707405,1,0,0,1,1,0,0,1,1,0.8678317617060329,-0.29796241130640727,0,0,1,0,1,0,0
0,0,0,0,-0.9982742523198429,1,0,0,0,0,0,0,0,0,-0.6750611725454241,-0.8465859172498643,0,0,0,0,0,0,1
0,1,0,0,-0.34458656067699417,1,0,0,0,0,0,0,0,1,-1.4763700835598907,-0.8065724641854388,0,0,0,1,0,0,1
1,0,0,0,-0.8757078101368088,1,0,0,0,0,0,0,0,0,-1.478029108220376,-0.917784703563067,0,0,0,1,0,0,1
0,0,1,0,0.30910113096585456,1,1,0,1,0,0,0,0,0,-0.2719181800474628,0.040551843024622634,0,0,0,0,1,0,0
1,0,1,1,0.14567920805514237,1,1,0,0,0,0,0,0,0,-1.3171037161532886,-0.5986702425269238,0,1,0,1,1,0,0
1,0,0,0,1.575621033523874,1,1,1,0,1,1,1,1,1,1.4352181955920524,2.3151389838259187,0,1,1,0,0,1,0
1,0,0,0,-1.0391297330475209,1,0,0,0,0,0,0,0,1,-1.5062325274486286,-0.9351540293003547,0,0,0,1,0,0,1
1,0,0,0,-1.2025516559582332,1,0,1,0,1,0,1,1,1,0.41823607871447943,-0.9186013046460143,0,0,0,0,0,1,0
0,0,0,0,0.22739016951049848,1,0,0,0,0,0,0,0,0,-1.4846652068623178,-0.7102356066971779,1,0,0,1,0,0,1
1,0,1,1,-1.3251180981412674,1,1,0,0,0,0,0,0,0,-1.2955363955669779,-1.009597149645808,0,1,0,1,0,0,1
0,0,1,1,-1.2842626174135892,1,0,0,1,0,0,0,0,1,0.3286487470482657,-0.9766241221343622,0,0,1,0,0,1,0
1,0,0,0,-0.30373107994931614,1,0,0,0,0,0,0,0,0,0.20422189751185785,-0.22947827183651648,0,0,1,0,0,0,1
1,0,1,1,1.493910072068518,1,0,0,0,0,0,0,0,0,-1.4796881328808613,-0.40200180333382124,0,1,0,1,0,0,0
0,1,1,0,0.14567920805514237,1,1,0,1,0,0,1,0,1,0.9010122549157417,0.44750609622646537,0,0,1,0,1,0,0
1,0,1,0,1.2487771877024496,1,0,1,0,1,0,1,1,0,1.1581610772909845,1.7846793344031577,0,1,1,0,1,0,0
1,0,0,0,-0.8348523294091307,1,1,0,0,0,0,1,1,1,1.0370522770755475,-0.5028189316285236,0,0,1,0,0,1,0
1,0,1,1,-0.5488639643153844,1,0,0,0,0,0,0,0,0,-1.4796881328808613,-0.8385964688167026,0,1,0,1,0,0,1
1,0,1,1,-0.5897194450430624,1,0,1,0,1,0,1,0,1,0.7666312574164214,-0.34726746047680246,0,0,1,0,0,0,1
1,0,1,0,-0.017742714855569806,1,1,0,0,0,1,0,0,1,0.4796199911524404,0.14651135111194016,1,0,1,0,0,1,0
1,0,0,0,0.9627888226087032,1,1,1,0,0,1,1,1,1,1.3456308639258387,1.5481077936433254,0,0,1,0,0,0,1
0,0,1,0,-1.079985213775199,1,0,0,0,0,0,0,0,0,-1.5029144781276575,-0.9450194531943416,0,0,0,1,0,0,0
1,0,0,0,-0.9574187715921648,0,0,1,0,1,1,0,1,0,-0.4643650406637737,-0.8049613323190831,1,0,0,0,0,0,1
1,0,1,1,-0.017742714855569806,0,0,0,0,1,1,0,0,1,-0.947141216865036,-0.5015167839557155,1,0,0,0,0,0,1
0,1,1,0,1.0444997840640593,1,1,0,0,0,1,1,1,1,1.1813874225377807,1.528399016154891,0,0,1,0,0,0,0
1,0,0,0,-0.9982742523198429,1,1,0,0,0,0,1,0,1,-0.18398987304173467,-0.8168792940702081,0,0,0,0,0,1,0
1,0,1,0,-0.6305749257707405,1,0,1,1,0,0,0,1,0,0.00016186427214882995,-0.4906802668820074,1,0,0,0,0,0,1
1,1,1,0,-0.22202011849396003,1,0,0,0,0,0,0,0,1,0.19094970022797417,-0.15154804416388196,0,0,1,0,0,1,0
0,0,0,0,-0.7939968486814527,1,1,0,0,0,0,0,1,1,0.7019292956574892,-0.4730019569511718,0,0,1,0,0,1,0
1,0,1,0,0.676800457514957,0,0,0,1,0,0,1,1,0,-0.5025226078549387,0.05414714754072093,0,1,0,0,1,0,0
0,0,0,0,-0.4671530028600283,1,0,0,0,0,0,0,0,1,-1.4581208122945508,-0.8174751921577643,0,1,0,1,1,0,0
1,0,1,0,0.14567920805514237,0,0,1,0,1,0,0,0,0,-0.9770036607537739,-0.4278461240941313,1,0,0,0,0,0,1
0,1,1,0,-1.2842626174135892,1,0,0,1,0,0,0,0,1,0.38505558550477065,-0.975873731950032,0,0,1,0,0,0,1
0,0,1,1,0.3908120924212107,1,0,0,0,0,0,0,0,0,-1.4863242315228034,-0.6416631860291306,0,1,0,1,0,0,1
0,0,0,1,-0.6714304064984186,1,1,0,0,0,1,0,0,1,0.4879151144548676,-0.4515716960986858,1,0,1,0,1,0,0
0,0,1,1,0.676800457514957,1,1,0,1,1,1,1,1,1,1.4319001462710816,1.3268530407636425,0,1,1,0,0,0,0
1,1,1,0,1.2896326684301276,1,1,0,0,1,1,1,1,0,1.2377942609942854,1.8765138507854382,0,1,1,0,0,1,0
0,0,0,0,-1.2434071366859112,1,0,0,0,0,0,0,0,1,-0.6485167779776572,-0.9768448251297535,0,0,0,0,0,0,1
1,0,1,1,1.616476514251552,1,1,1,1,1,1,1,1,1,0.8164019972309845,1.8050502208777663,0,1,0,0,0,0,1
0,0,0,0,-1.2842626174135892,0,0,0,0,0,0,0,0,1,-1.3171037161532886,-0.9985178592771697,0,0,0,0,0,0,1
1,0,1,0,-1.2842626174135892,1,0,1,0,0,0,1,1,1,1.0022127592053534,-0.9676635805214793,0,0,1,0,0,1,0
0,0,1,1,-0.3854420414046722,1,1,1,1,1,1,1,1,1,0.872808835687489,-0.03925436010883691,0,1,0,0,1,0,0
1,0,1,1,-0.8348523294091307,1,0,0,0,0,0,0,0,1,-1.4481666643316382,-0.8745048461668516,0,0,0,1,0,1,0
1,1,0,0,-0.8348523294091307,1,1,0,0,1,0,1,1,1,1.1498659539885574,-0.47984374980829914,0,0,1,0,0,1,0
1,0,0,0,-0.26287559922163806,1,0,0,0,0,0,0,0,0,-1.4929603301647452,-0.8077421900610122,1,0,0,1,1,0,0
