gender,SeniorCitizen,Partner,Dependents,tenure,PhoneService,PaperlessBilling,MonthlyCharges,TotalCharges,MultipleLines_No phone service,MultipleLines_Yes,InternetService_Fiber optic,InternetService_No,OnlineSecurity_No internet service,OnlineSecurity_Yes,OnlineBackup_No internet service,OnlineBackup_Yes,DeviceProtection_No internet service,DeviceProtection_Yes,TechSupport_No internet service,TechSupport_Yes,StreamingTV_No internet service,StreamingTV_Yes,StreamingMovies_No internet service,StreamingMovies_Yes,Contract_One year,Contract_Two year,PaymentMethod_Credit card (automatic),PaymentMethod_Electronic check,PaymentMethod_Mailed check
1,0,0,0,0.1023712383613841,0,0,-0.5132032883397971,-0.2633677323175563,1,0,0,0,0,0,0,0,0,1,0,0,0,1,0,1,0,0,0,1,0
1,0,1,1,-0.7117434584104956,1,0,0.34959032689664926,-0.5048495170132922,0,0,1,0,0,1,0,0,0,0,0,0,0,0,0,0,0,0,0,0,1
1,0,1,1,-0.7931549280876836,0,0,-0.8118626166908747,-0.7511609374029428,1,0,0,0,0,1,0,1,0,0,0,1,0,0,0,0,0,1,0,0,1
0,0,1,0,-0.2639803751859618,1,1,0.28322158726307645,-0.1737999430849561,0,0,0,0,0,0,0,1,0,1,0,0,0,1,0,1,0,1,1,0,0
1,0,1,1,-1.2816237461508113,1,0,-0.679125137423729,-0.990886490937255,0,0,0,0,0,0,0,0,0,0,0,0,0,0,0,0,0,0,0,1,0
1,0,0,1,1.3642490183577978,1,1,0.48232780616379484,1.271139244976256,0,0,0,0,0,0,0,1,0,1,0,1,0,1,0,1,0,1,1,0,0
0,0,0,0,-1.2816237461508113,1,0,-1.508734382843389,-1.0018629356961521,0,0,0,1,1,0,1,0,1,0,1,0,1,0,1,0,0,0,1,0,0
0,0,1,0,0.30589991255435406,1,0,-0.2809126996222923,0.03431344954373262,0,1,0,0,0,0,0,1,0,0,0,0,0,0,0,0,0,0,1,0,0
0,0,1,0,1.3235432835192036,1,1,-0.1813595901719331,0.66172703196229,0,0,0,0,0,0,0,0,0,0,0,1,0,1,0,0,0,1,1,0,0
0,0,0,0,1.1200146093262338,1,0,0.5155121759805812,1.1179080761420528,0,1,0,0,0,0,0,0,0,1,0,1,0,1,0,1,1,0,1,0,0
0,1,0,0,-1.1188008067964355,1,0,-0.1813595901719331,-0.8841954478807754,0,0,0,0,0,1,0,1,0,0,0,1,0,0,0,0,0,0,1,0,0
0,0,1,1,-1.1188008067964355,1,1,-0.5132032883397971,-0.9083436263503489,0,0,0,0,0,1,0,0,0,0,0,0,0,0,0,0,0,0,0,0,1
0,0,0,0,-1.2409180113122174,1,0,-0.48001891852301065,-0.9562009254991403,0,0,0,0,0,1,0,0,0,0,0,0,0,0,0,0,0,0,0,0,1
1,0,1,1,-0.10115743583158582,1,0,0.08411536836235807,-0.1320894530011472,0,1,0,0,0,1,0,1,0,1,0,1,0,0,0,0,0,0,0,1,0
1,0,1,0,0.14307697319997809,1,1,1.013277723232377,0.5150817299834249,0,1,1,0,0,0,0,0,0,0,0,0,0,1,0,1,0,0,0,1,0
0,0,1,1,0.9164859351332638,1,1,0.15048410799593087,0.67665499683439,0,0,1,0,0,0,0,0,0,0,0,0,0,0,0,0,0,1,1,0,0
0,0,0,0,-0.06045170099299184,1,1,0.6482496552477268,0.13705297248700932,0,1,1,0,0,1,0,0,0,1,0,0,0,0,0,0,0,0,1,0,0
0,1,1,1,-0.1825689055087738,0,1,-0.9777844657748066,-0.5830018036966393,1,0,0,0,0,0,0,0,0,0,0,0,0,1,0,0,0,0,0,1,0
1,0,0,0,-0.6710377235719016,1,0,-1.5419187526601754,-0.867072194056896,0,0,0,1,1,0,1,0,1,0,1,0,1,0,1,0,0,1,1,0,0
1,0,0,0,-1.0780950719578415,1,0,-1.4755500130266026,-0.9531275209666491,0,0,0,1,1,0,1,0,1,0,1,0,1,0,1,0,0,0,0,0,0
1,1,1,0,-0.22327464034736777,1,1,0.6814340250645132,-0.03549673912285284,0,1,1,0,0,1,0,0,0,1,0,0,0,0,0,0,1,0,0,1,0
1,0,0,0,1.0386031396490458,1,1,-1.3096281639426706,-0.3630338507283418,0,1,0,1,1,0,1,0,1,0,1,0,1,0,1,0,0,1,1,0,0
1,0,1,1,1.6084834273893616,1,1,1.3119370515834547,2.3845898013187763,0,1,1,0,0,1,0,1,0,1,0,1,0,0,0,1,0,1,1,0,0
0,0,0,0,-0.1825689055087738,0,1,-0.9777844657748066,-0.58827049718091,1,0,0,0,0,0,0,0,0,1,0,1,0,0,0,0,0,0,0,0,1
1,0,1,1,0.30589991255435406,1,1,0.6814340250645132,0.46283385293107476,0,0,1,0,0,0,0,0,0,1,0,0,0,1,0,0,1,0,0,1,0
1,0,0,0,-1.2816237461508113,1,0,-1.4755500130266026,-1.0014238779057962,0,0,0,1,1,0,1,0,1,0,1,0,1,0,1,0,0,0,0,0,1
0,0,0,0,-1.1188008067964355,1,1,0.5155121759805812,-0.8293132240862899,0,0,1,0,0,0,0,0,0,0,0,0,0,0,0,1,0,0,0,1,0
0,0,0,0,-1.2816237461508113,1,1,0.15048410799593087,-0.979910046178358,0,0,1,0,0,0,0,0,0,0,0,0,0,0,0,0,0,0,0,1,0
0,0,0,1,-0.8338606629262776,1,1,1.3451214214002412,-0.4504063510091626,0,1,1,0,0,0,0,1,0,1,0,0,0,1,0,1,0,0,0,1,0
1,0,0,0,-1.1188008067964355,1,1,1.0464620930491635,-0.8113118546816988,0,0,1,0,0,0,0,0,0,0,0,1,0,1,0,1,0,0,0,1,0
1,0,1,0,1.5677776925507676,1,1,0.7146183948812996,1.643899308988401,0,0,0,0,0,1,0,1,0,1,0,1,0,1,0,1,0,1,0,0,0
1,0,0,0,-1.2002122764736234,1,1,0.3827746967134356,-0.9100998575117725,0,1,1,0,0,0,0,0,0,0,0,0,0,0,0,0,0,0,0,1,0
0,0,1,0,-0.10115743583158582,1,0,-1.508734382843389,-0.7226221810298104,0,0,0,1,1,0,1,0,1,0,1,0,1,0,1,0,0,0,0,0,0
0,0,1,0,-0.30468611002455576,1,1,-1.4755500130266026,-0.787602734002481,0,0,0,1,1,0,1,0,1,0,1,0,1,0,1,0,1,0,0,0,0
1,0,1,1,0.7943687306174818,1,0,-1.342812533759457,-0.4258191147492332,0,1,0,1,1,0,1,0,1,0,1,0,1,0,1,0,0,1,0,0,1
0,1,0,0,0.5501343215859179,1,1,1.5110432704841732,1.1297626364816615,0,1,1,0,0,1,0,1,0,1,0,0,0,1,0,1,1,0,0,1,0
1,0,0,0,-0.9559778674420595,1,1,0.18366847781271725,-0.7480875328704515,0,0,1,0,0,0,0,0,0,0,0,0,0,0,0,0,0,0,0,1,0
0,0,1,0,-0.5489205190561197,1,1,0.7146183948812996,-0.3235186495963123,0,1,1,0,0,0,0,0,0,0,0,0,0,1,0,0,0,0,0,1,0
0,0,0,0,-0.8338606629262776,1,1,-0.5132032883397971,-0.7419407238054692,0,0,0,0,0,0,0,1,0,0,0,0,0,0,0,0,0,0,0,1,0
1,1,1,0,0.5094285867473239,1,1,1.1128308326827363,0.9765314676474584,0,1,1,0,0,0,0,1,0,1,0,1,0,1,0,0,1,0,0,0,0
0,0,1,1,0.14307697319997809,1,1,1.3119370515834547,0.6072838659581604,0,1,1,0,0,1,0,0,0,1,0,0,0,1,0,1,0,0,1,0,0
1,0,0,0,0.22448844287716607,1,1,1.013277723232377,0.6103572704906516,0,1,1,0,0,0,0,1,0,1,0,0,0,0,0,1,0,0,1,0,0
1,0,1,1,-1.2816237461508113,1,0,-1.508734382843389,-1.0018629356961521,0,0,0,1,1,0,1,0,1,0,1,0,1,0,1,0,0,0,0,0,1
1,0,1,0,-0.9152721326034655,1,1,1.1128308326827363,-0.5549021051138628,0,1,1,0,0,0,0,0,0,1,0,0,0,1,0,1,0,0,0,1,0
1,0,1,1,-0.7931549280876836,1,0,-0.679125137423729,-0.7647717289039752,0,0,0,0,0,0,0,0,0,0,0,0,0,0,0,0,0,0,0,0,0
1,0,0,0,-0.5896262538947137,1,1,0.581880915614154,-0.38454768245578014,0,1,0,0,0,0,0,0,0,1,0,1,0,1,0,1,1,0,1,0,0
0,0,1,0,0.18378270803857208,0,0,-0.6459407676069426,-0.3107859736759917,1,0,0,0,0,1,0,0,0,0,0,1,0,1,0,0,0,1,0,1,0
1,0,0,1,-1.1188008067964355,1,0,-1.4755500130266026,-0.9566399832894962,0,0,0,1,1,0,1,0,1,0,1,0,1,0,1,0,0,0,1,0,0
1,0,0,0,-0.8745663977648716,1,0,0.31640595707986285,-0.6523729345728689,0,0,1,0,0,0,0,1,0,0,0,0,0,0,0,0,0,0,0,1,0
1,0,0,1,1.2828375486806096,1,1,1.1460152024995227,1.6992205905732423,0,0,1,0,0,0,0,1,0,0,0,1,0,1,0,1,0,0,1,0,0
1,0,0,0,-1.2816237461508113,1,0,-0.31409706943907867,-0.9860568552433403,0,0,0,0,0,0,0,0,0,0,0,0,0,0,0,1,0,0,0,0,1
1,1,1,0,0.18378270803857208,1,1,0.913724613782018,0.514642672193069,0,1,1,0,0,0,0,0,0,0,0,0,0,1,0,1,0,0,0,1,0
0,0,1,1,0.631545791263106,1,1,1.3451214214002412,1.1837667446954352,0,1,1,0,0,1,0,1,0,0,0,0,0,1,0,1,0,0,1,0,0
1,1,1,0,-0.5082147842175256,1,1,0.9800933534155908,-0.1764342898270914,0,1,1,0,0,0,0,0,0,0,0,0,0,1,0,1,0,0,0,1,0
0,0,0,0,-0.2639803751859618,1,1,0.15048410799593087,-0.21990101107232385,0,1,0,0,0,1,0,1,0,0,0,0,0,1,0,0,0,0,0,0,0
0,0,0,0,-0.10115743583158582,1,0,-1.508734382843389,-0.7564296308872134,0,0,0,1,1,0,1,0,1,0,1,0,1,0,1,0,0,1,1,0,0
0,0,0,0,1.4863662228735797,1,1,0.050930998545571676,0.9993624727459642,0,1,0,0,0,1,0,1,0,0,0,1,0,0,0,0,0,1,0,0,1
1,0,1,1,1.2421318138420157,1,1,0.8141715043316587,1.4472014189089653,0,1,0,0,0,1,0,1,0,1,0,1,0,1,0,1,0,1,1,0,0
1,0,1,0,-1.1188008067964355,1,0,-1.508734382843389,-0.9548837521280726,0,0,0,1,1,0,1,0,1,0,1,0,1,0,1,0,0,0,0,0,1
1,0,1,0,0.26519417771576004,1,1,-1.4755500130266026,-0.6633493793317661,0,0,0,1,1,0,1,0,1,0,1,0,1,0,1,0,0,1,0,0,0
1,0,0,1,-1.1595065416350294,1,1,1.2123839421330955,-0.8503879980233724,0,1,1,0,0,0,0,1,0,0,0,0,0,1,0,1,0,0,0,1,0
1,0,1,0,1.1200146093262338,1,0,1.2123839421330955,1.6535585803762305,0,1,1,0,0,0,0,0,0,1,0,0,0,1,0,1,0,1,1,0,0
1,0,1,1,-0.5489205190561197,1,0,1.2787526817666683,-0.12682075951687657,0,1,1,0,0,0,0,0,0,1,0,1,0,1,0,1,0,0,0,1,0
0,0,1,0,-0.8745663977648716,1,1,1.245568311949882,-0.5074838637554274,0,1,1,0,0,0,0,1,0,0,0,0,0,1,0,1,0,0,0,1,0
0,1,0,0,-0.06045170099299184,1,1,1.1460152024995227,0.3886330863609305,0,1,1,0,0,0,0,1,0,0,0,0,0,1,0,1,0,0,0,1,0
1,0,0,0,-0.10115743583158582,1,1,0.6482496552477268,0.060217859174729736,0,0,1,0,0,1,0,1,0,1,0,0,0,0,0,0,0,0,1,0,0
1,0,0,0,0.8350744654560759,1,0,-1.342812533759457,-0.44865011984773906,0,1,0,1,1,0,1,0,1,0,1,0,1,0,1,0,0,1,0,0,1
0,0,0,0,-1.1188008067964355,1,1,0.8141715043316587,-0.8077993923588517,0,0,1,0,0,0,0,1,0,0,0,1,0,0,0,1,0,0,0,1,0
1,1,0,0,0.7536629957788878,1,1,0.48232780616379484,0.7346106251613665,0,1,1,0,0,0,0,1,0,0,0,0,0,0,0,0,1,0,0,0,0
0,0,1,0,1.5677776925507676,1,0,0.8141715043316587,1.794496131080469,0,1,0,0,0,1,0,1,0,1,0,1,0,1,0,1,0,1,1,0,0
0,0,0,1,1.1607203441648277,1,1,-1.3096281639426706,-0.35249646375980065,0,1,0,1,1,0,1,0,1,0,1,0,1,0,1,0,0,1,1,0,0
1,1,0,0,-0.9966836022806536,1,1,0.31640595707986285,-0.7441360127572486,0,0,1,0,0,0,0,1,0,0,0,0,0,0,0,0,0,0,0,1,0
1,0,1,0,-0.9152721326034655,1,1,-0.3472814392558651,-0.7608202087907722,0,0,0,0,0,1,0,0,0,0,0,1,0,0,0,0,0,0,1,0,0
0,0,1,0,-0.8338606629262776,0,1,-0.5132032883397971,-0.7393063770633339,1,0,0,0,0,0,0,0,0,1,0,0,0,1,0,1,0,0,0,0,0
1,0,1,0,1.3642490183577978,1,0,-0.04862211090478751,0.8619373843645728,0,1,0,0,0,0,0,0,0,0,0,1,0,0,0,1,0,0,0,1,0
1,0,0,0,-0.3453918448631497,1,0,-0.14817522035514671,-0.37796181560044184,0,0,0,0,0,1,0,1,0,0,0,1,0,0,0,0,0,0,0,0,0
0,0,1,1,-1.1595065416350294,1,0,-0.2809126996222923,-0.9070264529792813,0,0,0,0,0,0,0,1,0,0,0,1,0,0,0,0,0,0,0,0,1
0,0,0,0,-1.1595065416350294,1,1,0.7809871345148723,-0.8543395181365753,0,1,1,0,0,0,0,1,0,0,0,0,0,0,0,1,0,0,0,1,0
0,0,0,1,0.1023712383613841,1,0,-0.31409706943907867,-0.12506452835545304,0,0,0,0,0,1,0,1,0,0,0,0,0,0,0,0,1,0,1,0,0
0,1,0,0,0.5094285867473239,1,1,0.6814340250645132,0.6485552982516134,0,0,1,0,0,1,0,1,0,0,0,1,0,0,0,0,0,0,0,0,0
1,0,0,0,1.3235432835192036,1,1,1.5110432704841732,2.1237894738473813,0,1,1,0,0,1,0,0,0,1,0,1,0,1,0,1,1,0,1,0,0
0,0,1,1,-0.7524491932490895,1,1,0.5155121759805812,-0.5044104592229363,0,0,1,0,0,0,0,0,0,0,0,0,0,0,0,1,0,0,0,0,0
0,0,1,1,1.1607203441648277,0,1,-0.48001891852301065,0.34560542290605395,1,0,0,0,0,1,0,1,0,0,0,1,0,0,0,1,1,0,0,0,0
1,0,1,1,1.4456604880349857,1,0,0.5155121759805812,1.3497305894499592,0,0,1,0,0,1,0,0,0,1,0,0,0,0,0,0,0,1,1,0,0
0,0,1,1,-0.38609757970174374,1,1,-0.24772832980550588,-0.44733294647667143,0,0,0,0,0,1,0,1,0,0,0,1,0,0,0,0,1,0,0,0,1
0,0,0,0,0.9164859351332638,1,1,0.5486965457973676,0.9695065430017642,0,0,1,0,0,0,0,1,0,1,0,0,0,0,0,0,0,0,0,1,0
1,0,1,1,1.4863662228735797,1,0,-1.342812533759457,-0.25590374988150627,0,1,0,1,1,0,1,0,1,0,1,0,1,0,1,0,0,1,0,0,0
0,0,1,0,-1.0373893371192475,1,0,0.5486965457973676,-0.7555515153065016,0,0,0,0,0,1,0,0,0,1,0,1,0,1,0,1,0,0,0,0,0
0,0,1,1,1.6084834273893616,1,0,0.48232780616379484,1.5055961050262978,0,1,1,0,0,1,0,0,0,0,0,0,0,0,0,0,0,1,0,0,0
0,0,1,1,1.1607203441648277,1,1,-0.5132032883397971,0.28984508353085675,0,0,0,0,0,1,0,0,0,0,0,0,0,0,0,0,1,0,0,0,0
1,1,1,0,1.2828375486806096,1,0,0.5155121759805812,1.192547900502553,0,0,1,0,0,1,0,0,0,1,0,0,0,0,0,0,1,0,1,0,0
0,1,1,0,-0.019745966154397852,1,1,0.9469089835988044,0.2766733498201802,0,1,1,0,0,0,0,0,0,0,0,0,0,1,0,1,0,0,0,1,0
0,0,0,0,-1.2816237461508113,1,1,0.48232780616379484,-0.9755194682747992,0,1,1,0,0,0,0,0,0,1,0,0,0,0,0,0,0,0,0,0,1
1,0,0,0,-1.2002122764736234,1,1,0.581880915614154,-0.9162466665767549,0,0,1,0,0,1,0,0,0,0,0,1,0,0,0,0,0,0,0,0,1
1,0,0,1,-1.2002122764736234,1,0,-1.4755500130266026,-0.9882521441951198,0,0,0,1,1,0,1,0,1,0,1,0,1,0,1,0,0,0,0,0,0
0,0,1,0,1.6084834273893616,1,1,0.6482496552477268,1.666291256296551,0,1,0,0,0,1,0,0,0,1,0,1,0,1,0,1,0,1,1,0,0
0,0,0,1,-0.2639803751859618,0,1,-1.176890684675525,-0.6651056104931896,1,0,0,0,0,0,0,0,0,1,0,0,0,0,0,0,0,0,0,0,1
1,0,0,0,0.26519417771576004,1,1,1.1791995723163091,0.6586536274297988,0,0,1,0,0,1,0,0,0,1,0,0,0,1,0,1,0,1,0,1,0
0,0,0,0,-1.2816237461508113,1,0,-1.508734382843389,-1.0018629356961521,0,0,0,1,1,0,1,0,1,0,1,0,1,0,1,0,0,0,0,0,1
0,0,0,0,-1.2816237461508113,1,1,-1.508734382843389,-1.0018629356961521,0,0,0,1,1,0,1,0,1,0,1,0,1,0,1,0,0,0,0,0,1
0,0,1,1,0.9571916699718578,1,0,0.7809871345148723,1.1710340687751146,0,0,1,0,0,0,0,0,0,0,0,0,0,1,0,1,1,0,0,0,0
0,1,1,0,0.428017117070136,1,1,1.411490161033814,0.9800439299703054,0,1,1,0,0,0,0,0,0,1,0,1,0,1,0,1,1,0,0,1,0
0,0,0,1,-1.2816237461508113,1,0,-1.3096281639426706,-0.9992285889540168,0,1,0,1,1,0,1,0,1,0,1,0,1,0,1,0,0,0,0,0,1
1,0,0,0,-0.1418631706701798,1,0,0.18366847781271725,-0.14789553345395898,0,1,0,0,0,0,0,1,0,1,0,0,0,0,0,1,1,0,1,0,0
1,0,0,0,-1.2409180113122174,1,1,0.581880915614154,-0.9294184002874314,0,1,1,0,0,0,0,1,0,0,0,0,0,0,0,0,0,0,0,1,0
1,0,0,0,1.4456604880349857,1,0,0.48232780616379484,1.3874895594205652,0,0,1,0,0,0,0,1,0,1,0,0,0,0,0,0,1,0,1,0,0
1,0,1,1,1.4049547531963917,1,1,0.8141715043316587,1.7879102642251308,0,1,1,0,0,0,0,1,0,0,0,0,0,0,0,1,0,0,0,0,0
0,0,1,1,-0.5489205190561197,1,1,-1.342812533759457,-0.8051650456167164,0,1,0,1,1,0,1,0,1,0,1,0,1,0,1,0,0,1,0,0,0
1,0,1,1,1.3642490183577978,0,1,-0.2809126996222923,0.6178212529267016,1,0,0,0,0,0,0,1,0,1,0,0,0,1,0,1,0,1,1,0,0
0,0,1,0,-1.1595065416350294,0,1,-1.176890684675525,-0.953566578757005,1,0,0,0,0,1,0,0,0,0,0,0,0,0,0,0,0,0,0,1,0
0,0,1,1,-0.9559778674420595,1,0,-1.508734382843389,-0.9180028977381784,0,0,0,1,1,0,1,0,1,0,1,0,1,0,1,0,0,1,0,0,1
1,1,1,0,0.8350744654560759,1,1,1.2787526817666683,1.3980269463891064,0,1,1,0,0,0,0,1,0,1,0,0,0,1,0,1,0,0,0,1,0
0,0,0,0,-0.38609757970174374,1,1,-1.508734382843389,-0.8038478722456487,0,0,0,1,1,0,1,0,1,0,1,0,1,0,1,0,0,0,0,0,1
0,0,1,0,0.7129572609402939,1,0,1.4446745308506004,1.452909170183592,0,1,1,0,0,1,0,1,0,0,0,1,0,1,0,1,1,0,0,1,0
1,0,0,0,-1.2409180113122174,1,0,0.31640595707986285,-0.9439073073691755,0,0,1,0,0,0,0,1,0,0,0,0,0,0,0,0,0,0,0,1,0
0,0,1,0,1.0793088744876398,1,0,-1.4755500130266026,-0.4539188133320097,0,0,0,1,1,0,1,0,1,0,1,0,1,0,1,0,1,0,0,0,1
1,0,1,1,1.2421318138420157,1,0,0.6150652854309404,1.3760740568713121,0,1,0,0,0,1,0,1,0,1,0,0,0,1,0,1,0,1,1,0,0
0,0,1,0,-0.30468611002455576,1,1,0.21685284762950366,-0.20365587282915618,0,0,0,0,0,1,0,1,0,0,0,1,0,0,0,1,0,0,0,0,1
0,0,0,0,-0.7524491932490895,1,1,0.5155121759805812,-0.5395350824514069,0,1,1,0,0,0,0,0,0,1,0,0,0,0,0,0,0,0,0,1,0
1,0,1,0,1.3235432835192036,1,0,0.08411536836235807,0.8816949849305875,0,1,0,0,0,1,0,1,0,1,0,0,0,0,0,0,1,0,1,0,0
1,1,1,0,1.4863662228735797,0,0,-0.2809126996222923,0.7249513537735371,1,0,0,0,0,1,0,1,0,0,0,0,0,1,0,1,0,1,1,0,0
0,0,1,1,-0.4675090493789317,1,1,0.31640595707986285,-0.32307959180595647,0,0,1,0,0,0,0,1,0,0,0,0,0,0,0,0,0,0,0,0,0
1,0,1,1,0.428017117070136,1,1,0.8805402439652316,0.751733878985246,0,1,1,0,0,1,0,0,0,1,0,1,0,0,0,0,1,0,1,0,0
1,1,1,0,1.5677776925507676,1,1,0.913724613782018,1.880990515780578,0,1,1,0,0,1,0,1,0,1,0,1,0,0,0,0,1,0,0,1,0
1,0,0,1,-0.5489205190561197,0,1,-1.3096281639426706,-0.7616983243714839,1,0,0,0,0,0,0,0,0,0,0,0,0,0,0,0,0,0,1,0,0
0,0,0,0,0.30589991255435406,1,0,-1.508734382843389,-0.6457870677175307,0,0,0,1,1,0,1,0,1,0,1,0,1,0,1,0,0,1,1,0,0
0,0,0,0,-0.9559778674420595,1,1,0.6150652854309404,-0.6576416280571395,0,1,1,0,0,0,0,0,0,0,0,0,0,0,0,1,0,0,0,1,0
1,0,0,0,1.0386031396490458,1,1,1.2787526817666683,1.6316056908584362,0,1,1,0,0,0,0,1,0,1,0,0,0,1,0,1,1,0,0,0,0
0,0,0,0,-1.2816237461508113,1,0,-1.508734382843389,-1.0018629356961521,0,0,0,1,1,0,1,0,1,0,1,0,1,0,1,0,0,0,0,0,0
1,0,1,1,0.590840056424512,1,1,1.6105963799345322,1.324265237609318,0,1,1,0,0,1,0,1,0,1,0,1,0,1,0,1,1,0,0,0,0
0,0,1,0,1.0386031396490458,1,1,0.6482496552477268,1.1482030636766087,0,1,0,0,0,1,0,0,0,1,0,1,0,1,0,1,0,1,0,1,0
1,0,0,0,0.30589991255435406,1,1,1.245568311949882,0.7934443690690549,0,1,1,0,0,0,0,1,0,1,0,0,0,1,0,1,0,0,0,0,1
0,0,0,0,0.346605647392948,1,1,0.11729973817914446,0.25296422914096256,0,1,0,0,0,0,0,0,0,1,0,1,0,0,0,1,1,0,0,1,0
1,0,1,0,1.4049547531963917,1,1,1.1791995723163091,1.9459710687532485,0,0,1,0,0,1,0,1,0,0,0,0,0,1,0,1,1,0,1,0,0
1,1,0,0,0.06166550352279012,1,1,1.1460152024995227,0.4575651594468042,0,0,1,0,0,0,0,1,0,1,0,0,0,1,0,1,1,0,0,1,0
1,0,0,0,-1.2002122764736234,1,1,-1.508734382843389,-0.9869349708240521,0,0,0,1,1,0,1,0,1,0,1,0,1,0,1,0,0,0,0,0,1
0,1,1,0,1.1200146093262338,1,1,1.7101494893848914,2.0302701645015784,0,1,1,0,0,1,0,1,0,1,0,1,0,1,0,1,0,1,0,0,0
0,1,0,0,-0.9966836022806536,1,1,0.913724613782018,-0.690131904543475,0,0,1,0,0,0,0,0,0,1,0,0,0,1,0,1,0,0,0,1,0
1,0,1,1,-0.7117434584104956,1,1,0.31640595707986285,-0.524168059788951,0,1,1,0,0,0,0,0,0,0,0,0,0,0,0,0,0,0,0,0,0
1,0,0,0,1.4456604880349857,1,1,1.245568311949882,2.128619109541296,0,1,1,0,0,1,0,1,0,1,0,0,0,0,0,1,0,1,0,0,0
1,1,1,0,1.5677776925507676,1,0,-1.3096281639426706,-0.22473064676623858,0,1,0,1,1,0,1,0,1,0,1,0,1,0,1,0,0,1,1,0,0
0,0,0,0,1.0386031396490458,1,1,0.48232780616379484,0.9769705254378143,0,1,1,0,0,1,0,0,0,0,0,0,0,0,0,0,0,0,0,0,0
1,1,0,0,-1.2409180113122174,1,0,-1.508734382843389,-0.9939598954697463,0,0,0,1,1,0,1,0,1,0,1,0,1,0,1,0,0,0,0,1,0
0,0,1,1,-0.7524491932490895,1,1,0.8141715043316587,-0.4798232229630068,0,0,1,0,0,0,0,1,0,0,0,1,0,0,0,1,0,0,1,0,0
0,0,1,0,1.5677776925507676,1,1,-1.4755500130266026,-0.35469175271158004,0,0,0,1,1,0,1,0,1,0,1,0,1,0,1,0,0,1,0,0,0
1,0,0,0,-0.7524491932490895,1,1,1.1791995723163091,-0.3889382603593389,0,1,1,0,0,0,0,1,0,0,0,0,0,1,0,1,0,0,0,1,0
0,0,0,0,-1.0780950719578415,0,0,-0.48001891852301065,-0.8754142920736577,1,0,0,0,0,1,0,1,0,0,0,1,0,0,0,1,0,0,1,0,0
1,0,1,1,-0.7117434584104956,1,1,0.15048410799593087,-0.5399741402417628,0,0,0,0,0,0,0,1,0,1,0,1,0,0,0,1,0,0,0,0,1
1,0,1,1,0.9978974048104517,1,1,1.07964646286595,1.4476404766993212,0,0,1,0,0,0,0,1,0,1,0,0,0,1,0,1,1,0,1,0,0
0,0,0,0,1.3642490183577978,1,1,-0.1149908505383603,0.7534901101466696,0,0,0,0,0,1,0,1,0,1,0,0,0,0,0,0,0,1,0,0,0
1,1,1,0,1.4863662228735797,1,1,0.8141715043316587,1.6869269724432776,0,1,1,0,0,0,0,1,0,0,0,0,0,1,0,0,0,0,0,1,0
0,0,1,0,1.4456604880349857,1,0,-0.31409706943907867,0.6792893435765253,0,0,0,0,0,1,0,0,0,0,0,1,0,0,0,0,1,0,0,0,0
1,1,0,1,0.9571916699718578,1,0,0.9800933534155908,1.3009951747204562,0,0,1,0,0,1,0,0,0,0,0,0,0,1,0,1,1,0,1,0,0
1,1,0,0,0.1023712383613841,1,1,1.1460152024995227,0.48039616454531014,0,1,1,0,0,0,0,0,0,1,0,0,0,1,0,1,0,0,0,1,0
0,0,1,1,0.428017117070136,1,0,-0.2809126996222923,0.08700038438643863,0,0,0,0,0,0,0,0,0,0,0,0,0,1,0,0,0,0,0,1,0
1,0,1,0,-0.06045170099299184,1,1,0.050930998545571676,-0.1237473549843854,0,0,0,0,0,0,0,0,0,1,0,1,0,0,0,1,0,0,1,0,0
0,0,1,1,0.020959768684196134,1,1,-0.2145439599887195,-0.15184705356716194,0,0,0,0,0,1,0,1,0,1,0,0,0,0,0,0,1,0,0,0,1
1,0,0,0,-1.2816237461508113,1,1,0.15048410799593087,-0.979910046178358,0,0,1,0,0,0,0,0,0,0,0,0,0,0,0,0,0,0,0,1,0
1,0,0,0,0.46872285190873,1,0,1.1791995723163091,0.9119899724651435,0,0,1,0,0,0,0,0,0,1,0,1,0,1,0,1,0,1,0,0,0
0,0,1,1,0.9978974048104517,1,0,-0.3804658090726515,0.330238400243598,0,0,0,0,0,1,0,1,0,0,0,0,0,0,0,0,1,0,0,1,0
1,0,0,1,1.5270719577121736,1,0,-0.015437741088001118,0.9879469701967113,0,1,0,0,0,1,0,1,0,0,0,1,0,0,0,0,1,0,0,0,0
1,0,0,0,-1.2816237461508113,1,0,-1.4755500130266026,-1.0014238779057962,0,0,0,1,1,0,1,0,1,0,1,0,1,0,1,0,0,0,1,0,0
1,0,1,1,0.9164859351332638,1,1,-0.31409706943907867,0.3592162144070863,0,0,0,0,0,0,0,0,0,1,0,1,0,0,0,0,0,1,1,0,0
1,1,1,0,-0.1418631706701798,1,1,0.9800933534155908,0.15461528410124467,0,1,1,0,0,0,0,0,0,0,0,0,0,1,0,1,0,0,0,1,0
0,0,0,0,0.020959768684196134,1,1,-0.14817522035514671,-0.11760054591940303,0,1,0,0,0,1,0,1,0,0,0,0,0,0,0,0,0,0,0,0,1
1,1,1,0,-1.1595065416350294,1,0,0.31640595707986285,-0.8749752342833018,0,1,1,0,0,0,0,0,0,0,0,0,0,0,0,0,0,0,0,1,0
1,0,0,0,1.5270719577121736,0,1,-0.8118626166908747,0.21871772149320365,1,0,0,0,0,0,0,0,0,0,0,1,0,0,0,1,0,1,0,0,1
1,0,0,0,0.1023712383613841,1,1,-1.3096281639426706,-0.614613964602263,0,1,0,1,1,0,1,0,1,0,1,0,1,0,1,0,0,0,0,1,0
0,0,0,0,-1.2409180113122174,1,1,-0.6459407676069426,-0.9641039657255461,0,0,0,0,0,0,0,0,0,0,0,0,0,0,0,0,0,0,0,0,1
1,1,1,0,-0.9152721326034655,1,1,0.8141715043316587,-0.6089062133276365,0,1,1,0,0,0,0,0,0,1,0,0,0,0,0,1,0,0,0,1,0
1,0,1,1,-1.2816237461508113,1,0,0.31640595707986285,-0.9777147572265785,0,0,1,0,0,0,0,1,0,0,0,0,0,0,0,0,0,0,1,0,0
1,0,0,0,-0.06045170099299184,1,0,-1.4755500130266026,-0.742818839386181,0,0,0,1,1,0,1,0,1,0,1,0,1,0,1,0,0,1,0,0,0
1,1,0,0,-0.10115743583158582,1,1,0.8473558741484452,0.12914993226060342,0,1,1,0,0,1,0,0,0,0,0,0,0,0,0,1,0,0,1,0,0
1,1,1,1,1.1200146093262338,1,1,0.9469089835988044,1.5249146478019566,0,1,1,0,0,1,0,1,0,0,0,0,0,0,0,1,0,0,0,1,0
0,0,1,1,1.6084834273893616,1,0,0.050930998545571676,1.0788319328003793,0,1,0,0,0,1,0,0,0,1,0,1,0,0,0,0,0,1,0,0,0
1,0,0,0,-1.1595065416350294,1,1,-1.4755500130266026,-0.9737632371133756,0,0,0,1,1,0,1,0,1,0,1,0,1,0,1,0,0,0,1,0,0
1,0,1,1,-1.1595065416350294,1,1,0.15048410799593087,-0.885512621251843,0,0,1,0,0,0,0,0,0,0,0,0,0,0,0,0,0,0,0,0,1
0,0,0,0,-0.30468611002455576,1,1,1.1460152024995227,0.029922871640173786,0,0,1,0,0,0,0,1,0,1,0,0,0,1,0,1,0,0,0,1,0
1,0,1,0,1.5270719577121736,1,1,0.3827746967134356,1.3119716194793531,0,1,0,0,0,1,0,0,0,0,0,1,0,1,0,1,0,1,1,0,0
1,0,0,0,-1.2816237461508113,1,1,-1.4755500130266026,-1.0014238779057962,0,0,0,1,1,0,1,0,1,0,1,0,1,0,1,0,0,0,0,0,1
0,0,0,0,-0.5489205190561197,1,0,-1.508734382843389,-0.8490708246523048,0,0,0,1,1,0,1,0,1,0,1,0,1,0,1,0,0,0,0,0,1
0,0,0,0,-1.2816237461508113,1,0,-1.508734382843389,-1.0018629356961521,0,0,0,1,1,0,1,0,1,0,1,0,1,0,1,0,0,0,0,0,1
0,0,1,1,-0.8338606629262776,1,0,-1.4755500130266026,-0.911856088673196,0,0,0,1,1,0,1,0,1,0,1,0,1,0,1,0,0,1,0,0,0
1,0,0,0,1.6084834273893616,1,0,-1.508734382843389,-0.38937731814969484,0,0,0,1,1,0,1,0,1,0,1,0,1,0,1,0,0,1,0,0,0
0,0,0,0,-1.2409180113122174,1,0,-1.4755500130266026,-0.9922036643083227,0,0,0,1,1,0,1,0,1,0,1,0,1,0,1,0,0,0,0,0,1
1,0,1,1,0.06166550352279012,1,1,0.8141715043316587,0.3469225962771216,0,0,1,0,0,0,0,1,0,1,0,0,0,1,0,0,0,0,0,1,0
1,0,0,0,0.18378270803857208,0,1,-0.8118626166908747,-0.399914705118236,1,0,0,0,0,1,0,1,0,0,0,1,0,0,0,0,0,1,0,0,1
1,1,1,1,1.0386031396490458,1,1,0.8141715043316587,1.2399661418609884,0,1,1,0,0,1,0,1,0,0,0,1,0,0,0,0,1,0,0,0,0
1,0,0,0,-1.2816237461508113,1,1,-0.6459407676069426,-0.9904474331468992,0,0,0,0,0,0,0,0,0,0,0,0,0,0,0,0,0,0,0,0,1
0,1,0,0,-1.2816237461508113,1,1,0.21685284762950366,-0.9790319305976461,0,0,1,0,0,0,0,0,0,0,0,0,0,0,0,0,0,0,0,1,0
1,0,0,0,-1.2816237461508113,1,1,-0.48001891852301065,-0.9882521441951198,0,1,0,0,0,0,0,0,0,0,0,0,0,0,0,0,0,0,0,1,0
1,0,1,0,1.6084834273893616,1,0,0.11729973817914446,1.1007848223181733,0,1,0,0,0,1,0,1,0,1,0,1,0,0,0,0,0,1,0,0,1
0,1,1,1,-0.8338606629262776,0,1,-1.176890684675525,-0.8543395181365753,1,0,0,0,0,0,0,0,0,0,0,1,0,0,0,0,0,0,0,0,1
0,0,0,0,-1.2409180113122174,1,0,-1.508734382843389,-0.9965942422118815,0,0,0,1,1,0,1,0,1,0,1,0,1,0,1,0,0,0,0,0,1
0,0,1,0,0.590840056424512,1,0,-1.508734382843389,-0.6058328087951453,0,0,0,1,1,0,1,0,1,0,1,0,1,0,1,0,0,1,0,0,0
1,0,1,1,-1.0780950719578415,1,1,-0.679125137423729,-0.8960500082203843,0,0,0,0,0,0,0,0,0,0,0,0,0,0,0,0,0,0,0,0,0
0,0,0,0,1.1200146093262338,0,0,-0.3804658090726515,0.41102503366908055,1,0,0,0,0,1,0,0,0,1,0,0,0,1,0,1,0,1,0,1,0
0,1,0,0,-1.2409180113122174,1,1,0.6150652854309404,-0.9386386138849049,0,0,1,0,0,0,0,1,0,0,0,0,0,1,0,0,0,0,0,0,0
1,0,1,0,0.7536629957788878,1,1,0.6150652854309404,0.8808168693498758,0,0,0,0,0,1,0,1,0,1,0,1,0,1,0,1,0,1,1,0,0
0,0,1,1,1.6084834273893616,1,0,1.4778589006673868,2.452643758823938,0,1,1,0,0,1,0,1,0,1,0,0,0,1,0,1,0,1,1,0,0
1,0,1,0,1.6084834273893616,1,1,0.6814340250645132,1.6605835050219246,0,1,0,0,0,1,0,1,0,1,0,0,0,1,0,1,0,1,0,1,0
0,0,1,1,0.7943687306174818,1,0,-1.3759969035762434,-0.4591875068162803,0,1,0,1,1,0,1,0,1,0,1,0,1,0,1,0,0,1,0,0,1
0,0,1,0,1.5677776925507676,1,0,0.9469089835988044,1.8463049503424631,0,1,0,0,0,1,0,1,0,1,0,1,0,1,0,1,0,1,1,0,0
0,0,1,0,-0.1825689055087738,1,0,-1.3096281639426706,-0.7151581985937603,0,1,0,1,1,0,1,0,1,0,1,0,1,0,1,0,1,0,0,0,1
1,1,1,0,1.5677776925507676,0,0,-0.6127563977901562,0.46195573735036305,1,0,0,0,0,1,0,1,0,1,0,1,0,0,0,0,0,1,1,0,0
1,0,1,1,1.4456604880349857,1,1,1.1460152024995227,1.9174323123801162,0,0,1,0,0,1,0,0,0,0,0,1,0,1,0,1,0,1,0,1,0
1,0,0,0,-1.2816237461508113,1,1,0.18366847781271725,-0.9794709883880021,0,0,1,0,0,0,0,0,0,0,0,0,0,0,0,0,0,0,0,1,0
0,0,0,0,-0.8745663977648716,1,1,0.8141715043316587,-0.5755378212605894,0,1,1,0,0,0,0,0,0,1,0,0,0,1,0,0,0,0,0,1,0
1,0,1,1,-1.2002122764736234,1,1,-0.2809126996222923,-0.9364433249331255,0,0,0,0,0,0,0,1,0,1,0,0,0,0,0,0,0,0,0,0,1
0,0,1,0,1.1607203441648277,1,1,1.2787526817666683,1.8515736438267336,0,1,1,0,0,0,0,0,0,1,0,1,0,1,0,1,1,0,0,0,0
1,0,1,0,-1.0780950719578415,1,1,0.34959032689664926,-0.817897721537037,0,1,1,0,0,0,0,0,0,0,0,0,0,0,0,0,0,0,0,1,0
0,0,1,0,0.5501343215859179,1,0,-0.3804658090726515,0.06943807277220329,0,1,0,0,0,1,0,0,0,0,0,0,0,0,0,0,0,0,0,1,0
0,0,0,1,0.7129572609402939,1,0,0.18366847781271725,0.540986139614422,0,0,1,0,0,0,0,0,0,0,0,0,0,0,0,0,0,1,1,0,0
1,0,0,0,1.4863662228735797,1,1,1.3119370515834547,2.178232639851511,0,0,1,0,0,0,0,1,0,1,0,1,0,1,0,1,1,0,0,0,0
1,0,1,1,0.22448844287716607,1,1,0.6814340250645132,0.43736850109043357,0,1,0,0,0,1,0,0,0,1,0,1,0,1,0,1,0,1,0,0,0
0,0,0,0,-1.2002122764736234,1,1,0.31640595707986285,-0.9180028977381784,0,1,1,0,0,0,0,0,0,0,0,0,0,0,0,0,0,0,0,1,0
0,1,1,0,1.4456604880349857,1,1,0.8141715043316587,1.6799020477975835,0,1,1,0,0,0,0,1,0,0,0,0,0,0,0,1,0,0,0,0,0
1,0,0,1,-0.30468611002455576,1,0,-1.4755500130266026,-0.8082384501492076,0,0,0,1,1,0,1,0,1,0,1,0,1,0,1,0,0,0,0,0,1
0,1,1,0,-0.5896262538947137,1,0,1.1460152024995227,-0.20409493061951206,0,1,1,0,0,0,0,0,0,0,0,1,0,1,0,1,0,0,0,0,0
1,0,0,0,-1.0373893371192475,1,1,0.6814340250645132,-0.7458922439186721,0,1,1,0,0,0,0,0,0,0,0,0,0,0,0,1,0,0,0,0,1
0,0,0,0,1.3235432835192036,0,0,-0.1813595901719331,0.7113405622725048,1,0,0,0,0,1,0,0,0,1,0,1,0,1,0,1,0,1,1,0,0
0,0,0,0,-0.8338606629262776,1,0,-1.508734382843389,-0.9100998575117725,0,0,0,1,1,0,1,0,1,0,1,0,1,0,1,0,1,0,0,0,1
1,0,0,0,-1.2816237461508113,0,0,-1.342812533759457,-0.9996676467443727,1,0,0,0,0,0,0,0,0,0,0,0,0,0,0,0,0,0,0,0,0
1,0,0,0,-0.5896262538947137,1,0,-1.508734382843389,-0.8574129226690665,0,0,0,1,1,0,1,0,1,0,1,0,1,0,1,0,0,0,0,1,0
0,0,1,0,1.2828375486806096,1,1,0.6814340250645132,1.3975878885987505,0,1,0,0,0,1,0,0,0,1,0,1,0,1,0,1,0,1,1,0,0
1,0,0,0,-0.2639803751859618,1,1,0.7146183948812996,-0.04076543260712343,0,1,1,0,0,1,0,1,0,0,0,0,0,0,0,0,0,0,1,0,0
0,0,0,1,-1.1595065416350294,1,0,0.8141715043316587,-0.8499489402330165,0,1,1,0,0,0,0,1,0,0,0,0,0,1,0,0,0,0,0,0,1
1,0,1,0,1.5677776925507676,1,0,-0.3472814392558651,0.6485552982516134,0,0,0,0,0,1,0,0,0,0,0,1,0,0,0,0,0,1,0,0,0
0,0,0,0,0.6722515261016999,1,1,-0.1813595901719331,0.2779905231912479,0,1,0,0,0,1,0,1,0,0,0,0,0,0,0,0,0,0,1,0,0
1,0,0,0,-1.0373893371192475,1,1,0.7146183948812996,-0.7379892036922662,0,1,1,0,0,0,0,0,0,0,0,0,0,0,0,1,0,0,0,1,0
0,1,0,0,0.1023712383613841,1,1,1.5110432704841732,0.6740206500922546,0,1,1,0,0,1,0,1,0,1,0,1,0,1,0,1,1,0,0,0,0
1,1,1,0,-1.2816237461508113,1,1,0.18366847781271725,-0.9794709883880021,0,0,1,0,0,0,0,0,0,0,0,0,0,0,0,0,0,0,0,1,0
0,0,0,0,-1.0780950719578415,1,0,0.8141715043316587,-0.7568686886775692,0,0,1,0,0,0,0,0,0,0,0,0,0,1,0,1,0,0,0,1,0
1,0,1,1,-0.30468611002455576,1,1,0.8473558741484452,-0.053937166317799934,0,0,1,0,0,0,0,0,0,0,0,0,0,1,0,1,1,0,0,1,0
0,0,0,1,-0.7931549280876836,1,0,-0.3804658090726515,-0.6949615402373897,0,0,0,0,0,0,0,0,0,1,0,1,0,0,0,0,0,0,0,0,1
1,1,0,0,-0.9559778674420595,1,0,-0.3472814392558651,-0.7933104852771076,0,1,0,0,0,1,0,0,0,0,0,0,0,0,0,0,0,0,0,1,0
0,0,1,0,1.6084834273893616,1,1,0.6482496552477268,1.6526804647955187,0,1,0,0,0,1,0,0,0,1,0,1,0,1,0,1,0,1,0,0,0
1,0,1,1,-0.4268033145403377,1,1,0.44914343634700843,-0.2800519283510799,0,1,0,0,0,0,0,0,0,1,0,1,0,1,0,1,1,0,0,0,1
1,0,0,0,0.020959768684196134,1,0,0.5155121759805812,0.1537371685205329,0,0,1,0,0,0,0,1,0,0,0,1,0,0,0,0,0,1,0,0,0
1,1,0,0,-0.5896262538947137,1,1,-0.2145439599887195,-0.5869533238098423,0,1,0,0,0,1,0,1,0,0,0,0,0,0,0,0,0,0,1,0,0
1,0,1,1,0.06166550352279012,1,0,0.415959066530222,0.198521063136833,0,1,0,0,0,0,0,0,0,1,0,0,0,1,0,1,1,0,0,0,0
0,0,0,0,-1.0780950719578415,1,1,0.8473558741484452,-0.7814559249374987,0,1,1,0,0,0,0,1,0,0,0,0,0,1,0,0,0,0,0,1,0
0,0,0,1,-0.3453918448631497,1,0,-1.4423656432098162,-0.7770653470339398,0,0,0,1,1,0,1,0,1,0,1,0,1,0,1,0,1,0,0,0,0
1,0,0,0,-0.7117434584104956,1,1,0.9469089835988044,-0.3762055844390183,0,1,1,0,0,0,0,0,0,0,0,0,0,1,0,1,0,0,0,1,0
1,0,0,0,1.2421318138420157,1,0,1.3451214214002412,1.937189912946131,0,1,1,0,0,0,0,1,0,0,0,1,0,1,0,1,0,0,0,1,0
1,1,0,0,-1.1595065416350294,1,0,0.15048410799593087,-0.8956109504300284,0,0,1,0,0,0,0,0,0,0,0,0,0,0,0,0,0,0,0,1,0
0,1,1,0,1.3642490183577978,1,1,0.18366847781271725,1.0700507769932615,0,1,0,0,0,0,0,1,0,1,0,0,0,1,0,0,1,0,0,0,0
0,0,1,0,0.387311382231542,1,0,-1.4755500130266026,-0.6286638138936512,0,0,0,1,1,0,1,0,1,0,1,0,1,0,1,0,0,0,1,0,0
0,1,0,0,-1.1595065416350294,1,1,0.5155121759805812,-0.8771705232350813,0,1,1,0,0,1,0,0,0,0,0,0,0,0,0,0,0,0,0,1,0
0,0,0,0,-0.2639803751859618,1,1,1.1791995723163091,0.13090616342202696,0,1,1,0,0,0,0,0,0,1,0,0,0,1,0,1,0,0,0,0,0
1,0,0,0,0.26519417771576004,1,0,0.5486965457973676,0.40312199344267463,0,0,1,0,0,0,0,0,0,1,0,1,0,0,0,0,1,0,0,1,0
0,0,1,0,1.5270719577121736,1,0,-1.508734382843389,-0.4271362881203008,0,0,0,1,1,0,1,0,1,0,1,0,1,0,1,0,0,1,1,0,0
1,0,0,0,-1.2002122764736234,1,0,-0.31409706943907867,-0.9403948450463284,0,0,0,0,0,0,0,0,0,0,0,0,0,1,0,0,0,0,0,0,1
1,0,0,0,0.8350744654560759,1,0,0.6814340250645132,0.9730190053246113,0,1,1,0,0,0,0,0,0,0,0,0,0,1,0,0,0,0,0,0,0
0,0,1,0,-1.2409180113122174,1,1,-0.6459407676069426,-0.9711288903712403,0,0,0,0,0,0,0,0,0,0,0,0,0,0,0,0,0,0,0,1,0
0,0,1,1,1.6084834273893616,1,1,0.31640595707986285,1.2891406143808473,0,0,0,0,0,1,0,1,0,1,0,1,0,0,0,1,0,1,0,1,0
1,0,1,1,1.6084834273893616,0,1,-0.015437741088001118,1.0617086789764998,1,0,0,0,0,1,0,1,0,1,0,1,0,1,0,1,0,1,1,0,0
0,0,0,0,-1.2816237461508113,1,1,-0.31409706943907867,-0.9860568552433403,0,0,0,0,0,0,0,0,0,0,0,0,0,0,0,1,0,0,0,1,0
1,0,0,0,0.631545791263106,1,0,0.44914343634700843,0.6454818937191222,0,0,0,0,0,0,0,1,0,1,0,1,0,1,0,1,0,1,1,0,0
1,0,1,1,1.2421318138420157,1,0,0.31640595707986285,1.0419510784104848,0,0,0,0,0,1,0,1,0,1,0,1,0,1,0,0,0,1,1,0,0
1,0,1,1,1.6084834273893616,1,0,-1.342812533759457,-0.24887882523581215,0,1,0,1,1,0,1,0,1,0,1,0,1,0,1,0,0,1,1,0,0
1,0,0,0,1.0793088744876398,1,0,-0.3472814392558651,0.35789904103601866,0,1,0,0,0,0,0,0,0,1,0,0,0,0,0,0,0,1,1,0,0
1,0,0,0,-0.1418631706701798,0,0,-0.9777844657748066,-0.5395350824514069,1,0,0,0,0,1,0,0,0,0,0,1,0,0,0,0,1,0,0,0,1
0,0,1,1,0.9978974048104517,1,1,-0.1813595901719331,0.42727017191224825,0,0,0,0,0,1,0,0,0,1,0,1,0,0,0,0,1,0,0,0,1
0,0,0,0,-0.10115743583158582,1,0,1.5110432704841732,0.45054023480111005,0,1,1,0,0,0,0,1,0,1,0,1,0,1,0,1,1,0,1,0,0
1,0,0,0,0.22448844287716607,1,0,0.15048410799593087,0.1563715152626682,0,1,0,0,0,1,0,1,0,1,0,1,0,0,0,0,0,0,0,1,0
0,0,1,0,-0.7117434584104956,1,0,-1.4755500130266026,-0.8653159628954724,0,0,0,1,1,0,1,0,1,0,1,0,1,0,1,0,0,0,1,0,0
0,1,0,0,1.5677776925507676,1,1,1.1460152024995227,2.041685667050831,0,1,1,0,0,0,0,1,0,0,0,0,0,1,0,1,0,0,1,0,0
1,0,0,0,-1.0373893371192475,1,1,0.9800933534155908,-0.7164753719648279,0,0,1,0,0,0,0,1,0,0,0,0,0,1,0,1,0,0,0,1,0
0,0,0,0,-0.22327464034736777,1,1,-1.508734382843389,-0.7638936133232633,0,0,0,1,1,0,1,0,1,0,1,0,1,0,1,0,0,1,0,0,1
0,0,1,0,0.30589991255435406,1,0,-1.508734382843389,-0.6677399572353249,0,0,0,1,1,0,1,0,1,0,1,0,1,0,1,0,0,1,0,0,1
0,1,0,0,-1.2816237461508113,1,1,0.7146183948812996,-0.9724460637423079,0,0,1,0,0,0,0,1,0,0,0,0,0,0,0,1,0,0,0,1,0
1,0,1,0,1.3235432835192036,1,1,0.8805402439652316,1.5977982410010334,0,1,1,0,0,0,0,1,0,0,0,0,0,1,0,0,0,0,0,0,0
0,0,0,0,-1.2816237461508113,1,1,0.5486965457973676,-0.9746413526940874,0,0,1,0,0,0,0,0,0,0,0,0,0,0,0,1,0,0,0,1,0
0,0,0,0,-1.2816237461508113,1,1,-0.679125137423729,-0.990886490937255,0,0,0,0,0,0,0,0,0,0,0,0,0,0,0,0,0,0,0,1,0
0,0,1,0,-1.2002122764736234,1,1,-1.508734382843389,-0.9904474331468992,0,0,0,1,1,0,1,0,1,0,1,0,1,0,1,0,0,0,0,0,1
0,1,1,0,-0.1418631706701798,1,1,1.1460152024995227,0.2858935634176538,0,1,1,0,0,0,0,0,0,1,0,0,0,1,0,1,0,0,0,0,0
1,0,0,0,-0.7117434584104956,1,0,-1.508734382843389,-0.8767314654447254,0,0,0,1,1,0,1,0,1,0,1,0,1,0,1,0,1,0,0,0,1
0,0,1,1,1.5270719577121736,1,0,0.48232780616379484,1.5113038563009242,0,1,0,0,0,1,0,1,0,1,0,1,0,1,0,0,0,1,0,0,0
0,1,1,0,-0.2639803751859618,1,1,0.9469089835988044,0.035191565124444386,0,1,1,0,0,0,0,1,0,1,0,0,0,0,0,1,0,0,0,1,0
1,0,0,0,0.1023712383613841,1,1,1.0464620930491635,0.48390862686815717,0,1,1,0,0,1,0,1,0,1,0,1,0,0,0,0,0,0,0,0,1
1,0,1,1,1.4456604880349857,1,1,0.25003721744629004,1.1644482019197764,0,0,0,0,0,0,0,0,0,1,0,1,0,1,0,1,0,1,0,0,0
1,0,0,0,-1.2816237461508113,1,1,0.31640595707986285,-0.9777147572265785,0,1,1,0,0,0,0,0,0,0,0,0,0,0,0,0,0,0,0,1,0
1,0,0,0,-1.2816237461508113,1,0,-1.4755500130266026,-1.0014238779057962,0,0,0,1,1,0,1,0,1,0,1,0,1,0,1,0,0,0,0,0,1
1,0,1,1,1.4863662228735797,1,1,0.48232780616379484,1.3694881900159739,0,1,1,0,0,0,0,0,0,1,0,0,0,0,0,0,0,1,1,0,0
0,0,0,0,-1.1595065416350294,1,0,-1.4755500130266026,-0.9737632371133756,0,0,0,1,1,0,1,0,1,0,1,0,1,0,1,0,0,0,0,0,1
1,0,0,0,-0.06045170099299184,1,1,0.25003721744629004,-0.06359643770562937,0,0,0,0,0,1,0,1,0,1,0,1,0,1,0,0,0,0,0,0,0
1,1,1,0,1.0386031396490458,1,1,1.4446745308506004,1.7501512942545248,0,1,1,0,0,1,0,1,0,1,0,0,0,1,0,1,1,0,0,1,0
0,0,1,1,1.3235432835192036,1,0,0.8805402439652316,1.6078965701792187,0,1,0,0,0,1,0,1,0,1,0,1,0,1,0,1,0,1,0,0,0
0,0,1,1,0.7536629957788878,1,1,0.15048410799593087,0.5537188155347427,0,0,0,0,0,1,0,1,0,0,0,1,0,0,0,1,1,0,1,0,0
0,0,0,0,-1.2816237461508113,1,0,-1.508734382843389,-1.0018629356961521,0,0,0,1,1,0,1,0,1,0,1,0,1,0,1,0,0,0,0,0,1
1,0,1,0,-0.7117434584104956,1,1,1.2123839421330955,-0.34986211701766534,0,1,1,0,0,0,0,0,0,1,0,0,0,1,0,1,0,0,0,1,0
0,0,1,1,0.7943687306174818,1,1,-0.48001891852301065,0.1357357991159417,0,0,0,0,0,0,0,0,0,1,0,0,0,0,0,0,1,0,0,0,0
1,0,0,0,-1.2816237461508113,0,1,-1.3096281639426706,-0.9992285889540168,1,0,0,0,0,0,0,0,0,0,0,0,0,0,0,0,0,0,0,1,0
1,0,0,1,-1.2002122764736234,1,0,-1.508734382843389,-0.9847396818722727,0,0,0,1,1,0,1,0,1,0,1,0,1,0,1,0,0,0,0,0,1
0,1,0,0,-0.7931549280876836,1,1,-0.3472814392558651,-0.6892537889627631,0,0,0,0,0,0,0,1,0,1,0,0,0,0,0,0,0,0,0,1,0
1,0,0,0,-1.2816237461508113,1,1,0.18366847781271725,-0.9794709883880021,0,0,1,0,0,0,0,0,0,0,0,0,0,0,0,0,0,0,0,1,0
0,1,0,0,-1.1188008067964355,1,1,0.6482496552477268,-0.8279960507152223,0,0,1,0,0,0,0,0,0,1,0,0,0,1,0,0,0,0,0,0,1
0,0,0,0,-0.30468611002455576,1,1,0.3827746967134356,-0.13560191532399424,0,0,0,0,0,1,0,0,0,0,0,1,0,1,0,1,0,0,1,0,0
0,0,0,0,1.4863662228735797,1,1,1.5110432704841732,2.2629707933901964,0,1,1,0,0,0,0,1,0,1,0,1,0,1,0,1,0,1,0,0,0
1,0,0,0,-1.1595065416350294,1,0,0.01774662872878528,-0.9061483373985696,0,1,0,0,0,0,0,0,0,0,0,1,0,0,0,1,0,0,0,0,1
0,0,0,0,-1.2002122764736234,1,0,-1.4755500130266026,-0.9825443929204932,0,0,0,1,1,0,1,0,1,0,1,0,1,0,1,0,0,0,0,0,1
1,0,0,0,-1.1188008067964355,0,0,-1.342812533759457,-0.9662992546773256,1,0,0,0,0,0,0,0,0,0,0,0,0,0,0,0,0,0,0,0,1
1,0,0,0,-1.1595065416350294,1,1,0.5155121759805812,-0.862681616153337,0,1,1,0,0,1,0,0,0,0,0,0,0,0,0,0,0,0,0,1,0
1,1,0,0,-0.6710377235719016,1,1,0.44914343634700843,-0.475432645059448,0,0,1,0,0,0,0,0,0,0,0,0,0,0,0,1,0,0,0,1,0
0,0,0,1,0.7129572609402939,1,1,0.18366847781271725,0.5168379611448485,0,0,0,0,0,1,0,0,0,1,0,1,0,1,0,0,1,0,1,0,0
1,0,1,1,-0.6710377235719016,1,1,-0.31409706943907867,-0.6339325073779218,0,0,0,0,0,1,0,1,0,0,0,0,0,0,0,0,1,0,0,0,1
0,0,1,1,0.6722515261016999,1,1,1.013277723232377,1.015168553198776,0,1,1,0,0,0,0,0,0,0,0,0,0,1,0,1,0,0,0,0,0
1,0,0,1,-0.38609757970174374,1,0,-0.3472814392558651,-0.43416121276599495,0,0,0,0,0,0,0,1,0,0,0,1,0,0,0,0,0,0,0,1,0
0,0,1,0,0.590840056424512,1,1,1.1791995723163091,1.056439985492229,0,1,1,0,0,0,0,0,0,1,0,0,0,1,0,1,0,0,0,1,0
0,0,0,0,-0.4268033145403377,1,1,-0.5463876581565834,-0.5474381226778129,0,0,0,0,0,1,0,0,0,0,0,0,0,0,0,0,0,0,1,0,0
0,0,1,1,1.2828375486806096,1,0,1.6105963799345322,2.1606703282372757,0,1,1,0,0,1,0,1,0,1,0,1,0,1,0,1,1,0,0,1,0
1,0,1,1,-0.5082147842175256,1,1,-0.5132032883397971,-0.5979297685687395,0,0,0,0,0,0,0,0,0,1,0,0,0,0,0,0,0,0,0,1,0
1,0,1,1,0.7536629957788878,1,0,0.6482496552477268,0.8773044070270287,0,1,1,0,0,0,0,1,0,0,0,1,0,0,0,0,1,0,0,0,0
0,0,0,0,-0.7524491932490895,1,1,0.21685284762950366,-0.6089062133276365,0,0,1,0,0,0,0,0,0,0,0,0,0,0,0,0,0,0,1,0,0
0,0,0,0,0.7536629957788878,0,1,-0.2809126996222923,0.2753561764491126,1,0,0,0,0,0,0,1,0,1,0,0,0,1,0,1,1,0,1,0,0
1,0,1,0,0.30589991255435406,1,1,-0.48001891852301065,-0.10662410116050594,0,0,0,0,0,0,0,1,0,0,0,0,0,0,0,0,0,0,0,0,1
0,0,1,1,-1.1595065416350294,1,1,1.07964646286595,-0.8416068422162547,0,1,1,0,0,0,0,1,0,0,0,0,0,1,0,1,0,0,0,1,0
1,0,0,0,-1.2409180113122174,0,1,-0.5132032883397971,-0.9706898325808844,1,0,0,0,0,0,0,0,0,1,0,0,0,1,0,1,0,0,0,1,0
0,0,1,0,0.9164859351332638,1,1,0.415959066530222,0.8628154999452845,0,1,1,0,0,0,0,1,0,0,0,0,0,0,0,0,0,0,1,0,0
1,0,1,0,1.2014260790034217,1,1,-0.14817522035514671,0.6375788534927164,0,0,0,0,0,0,0,1,0,1,0,1,0,0,0,0,0,1,1,0,0
1,0,0,0,-1.2409180113122174,1,1,-0.3472814392558651,-0.9720070059519521,0,0,0,0,0,1,0,0,0,0,0,1,0,0,0,0,0,0,0,0,1
1,0,0,0,-1.2816237461508113,1,0,-0.31409706943907867,-0.9860568552433403,0,0,0,0,0,0,0,0,0,1,0,1,0,0,0,0,0,0,0,0,1
0,1,0,0,-0.8745663977648716,1,0,0.8141715043316587,-0.550511527210304,0,0,1,0,0,0,0,0,0,0,0,0,0,1,0,1,0,0,0,0,0
0,0,0,0,-1.1188008067964355,1,1,0.581880915614154,-0.8271179351345106,0,1,1,0,0,0,0,0,0,1,0,1,0,0,0,0,0,0,0,1,0
0,0,0,0,-0.7524491932490895,1,1,0.15048410799593087,-0.6058328087951453,0,0,0,0,0,0,0,0,0,0,0,1,0,1,0,1,0,0,0,1,0
1,0,1,0,1.5270719577121736,1,1,1.1128308326827363,2.0008532925477343,0,1,1,0,0,0,0,1,0,1,0,1,0,0,0,1,0,1,0,0,0
0,0,1,0,1.5677776925507676,1,0,-1.3096281639426706,-0.24053672721905037,0,1,0,1,1,0,1,0,1,0,1,0,1,0,1,0,0,1,0,0,0
0,1,0,0,0.6722515261016999,1,0,-0.7123095072405154,-0.08554932722342354,0,0,0,0,0,0,0,0,0,0,0,0,0,0,0,0,0,0,0,0,1
1,0,1,0,-0.3453918448631497,1,0,-1.4755500130266026,-0.7761872314532281,0,0,0,1,1,0,1,0,1,0,1,0,1,0,1,0,1,0,0,0,1
1,0,0,0,0.346605647392948,1,0,0.01774662872878528,0.1010502336778269,0,1,0,0,0,0,0,0,0,1,0,0,0,0,0,1,1,0,0,0,1
0,0,0,0,-0.7931549280876836,0,0,-1.176890684675525,-0.8534614025558636,1,0,0,0,0,0,0,1,0,0,0,0,0,0,0,0,0,0,0,1,0
0,0,0,0,-1.2816237461508113,1,0,-0.6459407676069426,-0.9904474331468992,0,0,0,0,0,0,0,0,0,0,0,0,0,0,0,0,0,0,0,0,1
0,1,0,0,0.8757802002946699,1,0,0.25003721744629004,0.6959735396100488,0,1,0,0,0,0,0,1,0,0,0,1,0,1,0,0,1,0,0,0,1
1,0,1,1,-1.0373893371192475,1,1,0.15048410799593087,-0.7779434626146516,0,0,1,0,0,0,0,0,0,0,0,0,0,0,0,0,0,0,0,0,0
1,0,1,1,1.6084834273893616,1,0,0.25003721744629004,1.192108842712197,0,1,0,0,0,1,0,1,0,1,0,1,0,0,0,0,0,1,1,0,0
0,1,0,0,-0.1825689055087738,1,1,1.3783057912170276,0.37370512148883045,0,1,1,0,0,0,0,1,0,1,0,0,0,1,0,1,0,0,0,1,0
0,0,0,0,-1.1188008067964355,0,1,-0.48001891852301065,-0.9096607997214167,1,0,0,0,0,0,0,1,0,0,0,0,0,1,0,1,0,0,1,0,0
1,0,0,0,-0.9152721326034655,1,1,0.7146183948812996,-0.6440308365561072,0,1,1,0,0,0,0,0,0,0,0,0,0,1,0,0,0,0,0,0,0
1,1,1,1,1.5677776925507676,1,1,0.7146183948812996,1.7027330528960893,0,0,1,0,0,1,0,1,0,1,0,0,0,0,0,0,1,0,0,0,0
0,0,0,0,1.4456604880349857,0,0,-0.8782313563244474,0.18359309826473297,1,0,0,0,0,1,0,0,0,1,0,1,0,0,0,0,0,1,0,0,1
0,0,0,0,-1.2409180113122174,1,0,-0.6459407676069426,-0.9733241793230197,0,0,0,0,0,0,0,0,0,0,0,0,0,0,0,0,0,0,0,1,0
0,1,1,0,0.8757802002946699,1,1,1.676965119568105,1.813375616065772,0,1,1,0,0,1,0,1,0,1,0,1,0,1,0,1,1,0,0,0,0
1,0,1,1,-0.7117434584104956,1,1,-0.1813595901719331,-0.629541929474363,0,1,0,0,0,0,0,0,0,1,0,1,0,0,0,0,0,0,0,0,0
0,0,0,0,-1.2002122764736234,0,0,-1.176890684675525,-0.9671773702580373,1,0,0,0,0,0,0,1,0,0,0,0,0,0,0,0,0,0,0,0,1
1,1,1,0,1.3235432835192036,1,1,0.913724613782018,1.610091859130998,0,1,1,0,0,1,0,1,0,0,0,0,0,1,0,0,0,1,1,0,0
0,0,1,1,-0.7117434584104956,1,0,-1.4755500130266026,-0.863120673943693,0,0,0,1,1,0,1,0,1,0,1,0,1,0,1,0,1,0,1,0,0
0,0,0,0,-0.10115743583158582,1,1,0.9800933534155908,0.1480294172459064,0,0,1,0,0,0,0,0,0,0,0,1,0,1,0,1,1,0,0,0,0
0,0,0,0,1.5270719577121736,1,0,-1.2764437941258842,-0.19531377481239437,0,1,0,1,1,0,1,0,1,0,1,0,1,0,1,0,1,0,1,0,0
0,0,0,0,-0.5082147842175256,1,0,-1.508734382843389,-0.8319475708284253,0,0,0,1,1,0,1,0,1,0,1,0,1,0,1,0,0,1,0,0,1
0,0,0,0,-1.1595065416350294,0,1,-1.342812533759457,-0.9724460637423079,1,0,0,0,0,0,0,0,0,0,0,0,0,0,0,0,0,0,0,1,0
0,0,0,0,1.2421318138420157,1,1,0.5155121759805812,1.1828886291147236,0,1,0,0,0,1,0,1,0,1,0,1,0,0,0,1,0,1,1,0,0
1,0,0,0,-1.0780950719578415,1,1,0.6482496552477268,-0.7805778093567869,0,0,1,0,0,0,0,1,0,0,0,0,0,1,0,0,0,0,0,1,0
0,1,1,1,-0.1825689055087738,0,1,-0.8450469865076611,-0.5289976954828658,1,0,0,0,0,0,0,1,0,0,0,0,0,0,0,1,1,0,0,1,0
0,0,1,0,-0.5082147842175256,1,1,-1.4755500130266026,-0.8275569929248664,0,0,0,1,1,0,1,0,1,0,1,0,1,0,1,0,1,0,0,0,1
1,0,0,0,-1.2002122764736234,1,1,-0.015437741088001118,-0.9245887645935167,0,0,0,0,0,1,0,0,0,0,0,1,0,1,0,0,0,0,1,0,0
1,0,0,0,-0.8338606629262776,1,0,-0.48001891852301065,-0.749843764031875,0,0,0,0,0,0,0,0,0,0,0,1,0,0,0,0,0,0,0,0,0
1,0,0,0,-1.1188008067964355,0,0,-0.8118626166908747,-0.9122951464635519,1,0,0,0,0,1,0,0,0,1,0,1,0,0,0,0,0,0,0,0,1
1,0,1,1,-0.38609757970174374,1,0,-0.24772832980550588,-0.3854257980364919,0,0,0,0,0,1,0,0,0,0,0,1,0,0,0,0,1,0,1,0,0
0,0,1,0,1.5270719577121736,0,0,-0.24772832980550588,0.763149381534499,1,0,0,0,0,0,0,1,0,1,0,1,0,1,0,1,0,1,0,0,0
1,0,1,1,1.3235432835192036,1,0,0.25003721744629004,1.0327308648130114,0,1,0,0,0,1,0,1,0,1,0,0,0,0,0,1,1,0,1,0,0
0,0,1,1,1.6084834273893616,1,1,0.6150652854309404,1.6425821356173333,0,1,0,0,0,1,0,0,0,1,0,1,0,1,0,1,0,1,0,0,0
1,0,1,1,-1.2816237461508113,0,0,-1.1437063148587385,-0.9970333000022374,1,0,0,0,0,0,0,1,0,0,0,0,0,0,0,0,0,0,0,1,0
1,0,1,1,0.06166550352279012,0,1,-0.8118626166908747,-0.4284534614913684,1,0,0,0,0,0,0,0,0,0,0,1,0,1,0,0,0,1,0,1,0
0,0,0,0,-0.4675090493789317,1,1,1.07964646286595,-0.07984157594879705,0,1,1,0,0,0,0,0,0,0,0,0,0,1,0,1,0,0,0,1,0
0,0,1,1,-0.5489205190561197,1,1,0.8141715043316587,-0.2699535991728946,0,1,1,0,0,0,0,0,0,0,0,1,0,0,0,1,1,0,0,0,0
1,0,1,0,1.5270719577121736,0,1,-0.44683454870622424,0.5857700342307222,1,0,0,0,0,0,0,1,0,1,0,1,0,0,0,1,1,0,0,0,0
0,1,0,0,0.9571916699718578,1,1,1.0464620930491635,1.2812375741544413,0,1,1,0,0,1,0,1,0,0,0,0,0,0,0,1,0,0,0,1,0
1,0,0,0,-1.2816237461508113,1,1,-0.31409706943907867,-0.9860568552433403,0,0,0,0,0,0,0,0,0,0,0,0,0,0,0,1,0,0,0,0,1
0,0,1,1,0.22448844287716607,1,0,-0.3472814392558651,-0.09872106093410005,0,0,0,0,0,1,0,1,0,0,0,0,0,0,0,0,0,0,0,1,0
1,0,0,0,-0.7931549280876836,1,0,-1.508734382843389,-0.8964890660107401,0,0,0,1,1,0,1,0,1,0,1,0,1,0,1,0,1,0,1,0,0
1,1,1,0,0.5501343215859179,1,1,1.2123839421330955,1.0445854251526203,0,1,1,0,0,0,0,0,0,1,0,0,0,1,0,1,0,0,0,1,0
1,1,1,0,0.8757802002946699,0,1,-1.342812533759457,-0.411330207667489,1,0,0,0,0,0,0,0,0,0,0,0,0,0,0,0,0,0,0,0,0
0,1,1,0,0.631545791263106,1,1,0.18366847781271725,0.5462548330986926,0,0,1,0,0,0,0,0,0,0,0,0,0,0,0,0,0,0,0,0,0
0,0,1,1,1.4456604880349857,1,1,0.8141715043316587,1.7053673996382248,0,1,0,0,0,1,0,1,0,1,0,1,0,1,0,1,0,1,0,0,0
0,0,1,0,0.7943687306174818,1,0,0.9800933534155908,1.1960603628254,0,1,1,0,0,0,0,1,0,1,0,0,0,1,0,0,0,0,0,0,0
0,0,1,0,1.5677776925507676,1,0,-1.342812533759457,-0.20409493061951206,0,1,0,1,1,0,1,0,1,0,1,0,1,0,1,0,0,1,0,0,0
0,0,0,0,-1.2816237461508113,1,0,0.11729973817914446,-0.9803491039687139,0,0,1,0,0,0,0,0,0,0,0,0,0,0,0,0,0,0,0,1,0
0,0,1,0,1.2828375486806096,1,1,0.31640595707986285,1.079270990590735,0,0,0,0,0,1,0,1,0,1,0,1,0,0,0,1,0,1,0,0,1
0,0,0,0,0.5501343215859179,1,0,-0.679125137423729,-0.05832774422135877,0,0,0,0,0,0,0,0,0,0,0,0,0,0,0,0,0,0,0,0,0
0,0,0,0,-0.8745663977648716,1,0,0.8473558741484452,-0.576854994631657,0,1,1,0,0,0,0,0,0,0,0,1,0,1,0,0,0,0,0,1,0
1,0,0,0,0.8350744654560759,1,1,-0.1149908505383603,0.46371196851178653,0,0,0,0,0,0,0,0,0,1,0,0,0,0,0,1,1,0,0,1,0
0,0,0,0,-1.2409180113122174,1,1,-1.4755500130266026,-0.9930817798890345,0,0,0,1,1,0,1,0,1,0,1,0,1,0,1,0,0,0,0,0,1
1,1,1,0,0.9978974048104517,1,0,1.1791995723163091,1.512621029671992,0,1,1,0,0,0,0,0,0,1,0,0,0,1,0,1,0,0,0,1,0
0,0,0,0,0.428017117070136,1,0,-0.31409706943907867,0.06285220591686504,0,0,0,0,0,0,0,1,0,0,0,1,0,0,0,0,1,0,0,1,0
1,0,0,0,0.46872285190873,1,0,-1.4755500130266026,-0.6392012008621925,0,0,0,1,1,0,1,0,1,0,1,0,1,0,1,0,0,1,0,0,1
0,0,1,0,1.5677776925507676,0,0,0.050930998545571676,1.0485369452658233,1,0,0,0,0,1,0,1,0,1,0,1,0,1,0,1,1,0,0,0,0
1,0,0,1,-0.10115743583158582,0,1,-0.679125137423729,-0.43635650171777435,1,0,0,0,0,0,0,0,0,0,0,0,0,1,0,1,0,0,0,1,0
1,0,1,0,-0.5082147842175256,1,0,-1.4755500130266026,-0.8271179351345106,0,0,0,1,1,0,1,0,1,0,1,0,1,0,1,0,1,0,0,0,1
1,0,1,1,-0.5896262538947137,1,0,-1.4755500130266026,-0.8587300960401342,0,0,0,1,1,0,1,0,1,0,1,0,1,0,1,0,1,0,0,0,0
1,1,1,0,0.06166550352279012,1,0,0.21685284762950366,0.05538822348081502,0,0,1,0,0,0,0,0,0,0,0,0,0,0,0,0,0,0,1,0,0
0,0,0,0,0.7943687306174818,0,1,-0.2145439599887195,0.3236525333882598,1,0,0,0,0,1,0,1,0,1,0,0,0,1,0,1,0,1,0,0,0
0,1,0,0,1.3642490183577978,1,0,1.4446745308506004,2.16769525288297,0,1,1,0,0,0,0,1,0,1,0,0,0,1,0,1,1,0,0,0,0
1,1,1,0,-0.1418631706701798,1,1,1.1128308326827363,0.3087245685161597,0,1,1,0,0,0,0,0,0,1,0,0,0,1,0,1,0,0,0,1,0
0,0,1,1,0.346605647392948,1,0,0.48232780616379484,0.4501011770107542,0,1,0,0,0,1,0,1,0,1,0,1,0,0,0,1,0,0,1,0,0
1,0,1,1,1.4863662228735797,1,1,0.34959032689664926,1.3554383407245856,0,0,0,0,0,1,0,1,0,1,0,1,0,1,0,0,0,1,0,0,0
1,1,1,0,-0.019745966154397852,1,0,0.6814340250645132,0.15812774642409172,0,1,1,0,0,0,0,0,0,0,0,0,0,0,0,1,0,0,0,1,0
1,0,0,0,-0.9559778674420595,1,0,0.18366847781271725,-0.7217440654490985,0,0,1,0,0,0,0,0,0,0,0,0,0,0,0,0,0,0,0,0,1
1,0,0,0,-1.2409180113122174,0,0,-1.176890684675525,-0.9772756994362226,1,0,0,0,0,0,0,0,0,0,0,1,0,0,0,0,0,0,0,0,0
1,0,0,0,0.18378270803857208,1,0,-1.4755500130266026,-0.6655446682835454,0,0,0,1,1,0,1,0,1,0,1,0,1,0,1,0,1,0,1,0,0
0,0,0,0,0.26519417771576004,1,1,-0.5795720279733698,-0.1821420411017179,0,0,0,0,0,1,0,0,0,0,0,0,0,0,0,0,1,0,0,1,0
1,0,0,0,-0.9966836022806536,1,1,0.7146183948812996,-0.7252565277719456,0,1,1,0,0,0,0,0,0,0,0,0,0,0,0,1,0,0,0,1,0
1,0,1,1,-1.1188008067964355,1,0,-1.4755500130266026,-0.9667383124676815,0,0,0,1,1,0,1,0,1,0,1,0,1,0,1,0,1,0,0,1,0
0,0,0,0,-0.2639803751859618,0,1,-0.48001891852301065,-0.44952823542845083,1,0,0,0,0,0,0,0,0,1,0,0,0,1,0,1,0,0,1,0,0
1,0,1,1,1.2421318138420157,1,1,0.5155121759805812,1.1394219078694912,0,0,1,0,0,0,0,1,0,1,0,0,0,0,0,0,0,0,1,0,0
0,1,1,0,1.0386031396490458,1,1,1.1791995723163091,1.5139382030430595,0,1,1,0,0,0,0,0,0,0,0,1,0,1,0,1,0,0,0,0,0
0,0,0,0,1.6084834273893616,1,1,-1.4423656432098162,-0.3871820291979154,0,0,0,1,1,0,1,0,1,0,1,0,1,0,1,0,0,1,0,0,0
0,1,0,0,1.2828375486806096,1,1,0.18366847781271725,0.9572129248717994,0,0,0,0,0,1,0,1,0,0,0,1,0,1,0,0,0,1,1,0,0
0,1,1,0,0.7129572609402939,1,0,-1.3096281639426706,-0.43679555950813026,0,1,0,1,1,0,1,0,1,0,1,0,1,0,1,0,1,0,0,1,0
0,0,0,0,-0.9966836022806536,1,0,-0.2145439599887195,-0.8042869300360046,0,0,0,0,0,1,0,1,0,0,0,1,0,0,0,0,1,0,0,0,0
0,0,0,1,-1.2816237461508113,1,0,0.44914343634700843,-0.975958526065155,0,0,1,0,0,0,0,0,0,0,0,0,0,0,0,1,0,0,0,1,0
0,0,0,0,-1.0780950719578415,1,0,0.18366847781271725,-0.8200930104888164,0,0,1,0,0,0,0,0,0,0,0,0,0,0,0,0,0,0,1,0,0
0,0,1,1,1.3235432835192036,1,1,0.581880915614154,1.2794813429930179,0,1,0,0,0,1,0,1,0,0,0,1,0,1,0,1,0,1,0,0,0
0,0,1,1,-0.7931549280876836,1,0,-0.3472814392558651,-0.7024255226734397,0,0,0,0,0,1,0,0,0,0,0,1,0,0,0,0,1,0,0,0,0
1,0,1,0,0.590840056424512,1,1,1.4778589006673868,1.2395270840706325,0,1,1,0,0,0,0,1,0,1,0,1,0,1,0,1,0,0,0,1,0
1,0,0,0,-1.1595065416350294,1,0,-0.3472814392558651,-0.9245887645935167,0,0,0,0,0,0,0,0,0,0,0,0,0,0,0,1,0,0,0,1,0
0,0,0,0,0.7536629957788878,1,0,-1.342812533759457,-0.4446985997345361,0,1,0,1,1,0,1,0,1,0,1,0,1,0,1,0,0,1,0,0,0
1,0,1,1,0.06166550352279012,0,1,-0.679125137423729,-0.3770837000197301,1,0,0,0,0,0,0,0,0,1,0,1,0,1,0,0,0,0,0,1,0
0,1,1,0,0.18378270803857208,1,0,0.8473558741484452,0.4698587775767689,0,0,1,0,0,0,0,0,0,1,0,1,0,1,0,0,0,0,0,1,0
0,0,1,0,-0.9966836022806536,1,1,0.8473558741484452,-0.6839850954784926,0,1,1,0,0,0,0,0,0,0,0,1,0,0,0,1,0,0,0,1,0
0,0,1,1,0.26519417771576004,1,1,1.1460152024995227,0.6437256625576987,0,1,1,0,0,0,0,0,0,0,0,1,0,1,0,1,0,0,1,0,0
0,0,0,0,-1.2409180113122174,1,0,-0.3472814392558651,-0.9658601968869697,0,1,0,0,0,0,0,1,0,0,0,0,0,0,0,0,0,0,0,0,1
0,0,1,0,-1.2409180113122174,1,0,-1.4755500130266026,-0.9922036643083227,0,0,0,1,1,0,1,0,1,0,1,0,1,0,1,0,0,0,0,0,1
1,0,1,0,0.428017117070136,1,0,0.050930998545571676,0.26613596285163904,0,1,0,0,0,1,0,1,0,0,0,1,0,0,0,0,0,0,0,0,0
1,0,0,1,-1.2816237461508113,1,1,1.1460152024995227,-0.9667383124676815,0,1,1,0,0,0,0,0,0,1,0,0,0,1,0,1,0,0,0,1,0
1,0,0,1,0.5094285867473239,1,0,1.1460152024995227,1.0243887667962497,0,1,1,0,0,0,0,0,0,1,0,0,0,1,0,1,0,1,0,0,0
1,1,1,0,-1.2816237461508113,1,0,0.18366847781271725,-0.9794709883880021,0,0,1,0,0,0,0,0,0,0,0,0,0,0,0,0,0,0,0,0,1
1,0,0,0,-1.2816237461508113,1,0,-0.48001891852301065,-0.9882521441951198,0,1,0,0,0,0,0,0,0,0,0,0,0,0,0,0,0,0,0,0,1
1,0,1,1,-0.10115743583158582,1,0,0.6814340250645132,0.09139096228999746,0,1,1,0,0,0,0,0,0,0,0,0,0,1,0,0,0,0,0,1,0
1,1,0,0,1.5270719577121736,0,1,-0.679125137423729,0.3117979730486509,1,0,0,0,0,0,0,1,0,1,0,0,0,1,0,0,1,0,1,0,0
1,0,0,0,1.2828375486806096,1,1,1.3119370515834547,2.0144640840487664,0,1,1,0,0,0,0,0,0,1,0,1,0,1,0,1,1,0,1,0,0
0,0,1,1,-0.5896262538947137,1,0,-1.3096281639426706,-0.8222882994405958,0,1,0,1,1,0,1,0,1,0,1,0,1,0,1,0,0,1,0,0,1
1,0,1,1,0.18378270803857208,1,0,-1.508734382843389,-0.6914490779145426,0,0,0,1,1,0,1,0,1,0,1,0,1,0,1,0,0,1,0,0,0
0,0,1,0,1.6084834273893616,0,0,0.01774662872878528,1.1495202370476765,1,0,0,0,0,1,0,1,0,1,0,1,0,1,0,1,0,1,0,0,0
0,0,1,1,0.5094285867473239,0,1,-0.48001891852301065,0.014116791187361985,1,0,0,0,0,1,0,0,0,0,0,0,0,1,0,1,0,0,0,0,0
0,0,1,1,0.9571916699718578,1,0,0.5486965457973676,1.0182419577312674,0,1,0,0,0,1,0,1,0,1,0,1,0,1,0,0,0,1,1,0,0
0,1,1,0,-0.06045170099299184,1,1,0.6482496552477268,0.145834128294127,0,1,1,0,0,0,0,0,0,0,0,0,0,0,0,1,0,0,0,1,0
1,0,1,1,1.2014260790034217,1,0,-1.508734382843389,-0.464017142510195,0,0,0,1,1,0,1,0,1,0,1,0,1,0,1,0,1,0,0,0,0
1,1,1,0,1.4863662228735797,0,1,-1.176890684675525,-0.0732557090934588,1,0,0,0,0,0,0,0,0,1,0,0,0,0,0,0,1,0,1,0,0
0,0,0,1,-1.1595065416350294,1,1,-1.4755500130266026,-0.9733241793230197,0,0,0,1,1,0,1,0,1,0,1,0,1,0,1,0,1,0,0,0,1
1,0,0,1,1.3642490183577978,1,0,-1.508734382843389,-0.4530406977512979,0,0,0,1,1,0,1,0,1,0,1,0,1,0,1,0,0,1,1,0,0
0,0,1,1,1.5270719577121736,1,1,0.15048410799593087,1.12888452090095,0,1,0,0,0,1,0,1,0,0,0,0,0,1,0,0,0,1,1,0,0
0,1,1,0,1.6084834273893616,1,1,1.3451214214002412,2.33936684891212,0,1,1,0,0,0,0,1,0,1,0,0,0,1,0,1,1,0,1,0,0
1,0,0,0,0.9571916699718578,1,0,-0.4136501788894379,0.315310435371498,0,0,0,0,0,1,0,0,0,1,0,0,0,0,0,0,1,0,0,0,1
0,0,0,0,-0.8338606629262776,1,0,1.013277723232377,-0.5206555974661039,0,0,1,0,0,0,0,0,0,1,0,0,0,1,0,1,1,0,0,0,1
0,0,0,0,-1.2816237461508113,1,0,0.18366847781271725,-0.9794709883880021,0,0,1,0,0,0,0,0,0,0,0,0,0,0,0,0,0,0,0,0,1
0,0,0,0,0.346605647392948,1,1,1.6437807497513186,0.9774095832281701,0,1,1,0,0,1,0,1,0,1,0,1,0,1,0,1,0,0,0,0,0
1,0,0,1,-1.2816237461508113,1,1,-0.1813595901719331,-0.9843006240819168,0,0,0,0,0,0,0,0,0,0,0,1,0,0,0,1,0,0,0,0,1
0,0,0,0,-0.7931549280876836,1,0,-1.508734382843389,-0.9030749328660784,0,0,0,1,1,0,1,0,1,0,1,0,1,0,1,0,1,0,0,1,0
1,0,1,1,-0.2639803751859618,1,1,0.6150652854309404,-0.10135540767623534,0,1,1,0,0,0,0,0,0,0,0,0,0,1,0,0,0,0,0,1,0
0,0,0,1,-0.6710377235719016,1,1,0.48232780616379484,-0.45523598670307736,0,1,1,0,0,0,0,0,0,0,0,1,0,0,0,0,1,0,1,0,0
1,0,0,0,-1.2002122764736234,1,0,-0.3472814392558651,-0.9272231113356519,0,0,0,0,0,0,0,0,0,0,0,0,0,0,0,1,0,0,0,0,1
1,0,0,0,1.0386031396490458,1,0,0.18366847781271725,0.767100901647702,0,0,0,0,0,0,0,1,0,1,0,1,0,1,0,0,0,1,0,0,0
0,1,1,0,1.6084834273893616,1,0,0.8141715043316587,1.7786900506276573,0,1,0,0,0,1,0,1,0,1,0,1,0,1,0,1,0,1,1,0,0
1,0,0,1,0.9571916699718578,1,1,-1.4423656432098162,-0.4666514892523303,0,0,0,1,1,0,1,0,1,0,1,0,1,0,1,0,1,0,0,0,1
1,0,0,0,-1.2816237461508113,1,1,0.15048410799593087,-0.979910046178358,0,0,1,0,0,0,0,0,0,0,0,0,0,0,0,0,0,0,0,1,0
0,0,1,0,0.020959768684196134,1,1,-0.3804658090726515,-0.19487471702203849,0,0,0,0,0,0,0,1,0,0,0,1,0,0,0,0,1,0,1,0,0
1,1,1,0,-0.7931549280876836,1,0,0.9469089835988044,-0.456553160074145,0,1,1,0,0,1,0,1,0,0,0,0,0,0,0,1,0,0,1,0,0
1,0,0,0,0.9978974048104517,1,1,0.7146183948812996,1.158301392854794,0,1,1,0,0,0,0,0,0,0,0,0,0,1,0,0,1,0,0,1,0
0,0,1,0,-0.5896262538947137,1,0,0.31640595707986285,-0.3788399311811536,0,0,1,0,0,1,0,0,0,0,0,0,0,0,0,0,0,0,0,1,0
1,0,0,0,0.387311382231542,1,1,1.2123839421330955,0.8658889044777757,0,1,1,0,0,0,0,1,0,0,0,0,0,1,0,1,0,0,0,1,0
1,0,1,0,-0.019745966154397852,1,1,0.25003721744629004,0.014116791187361985,0,1,0,0,0,1,0,0,0,0,0,1,0,1,0,0,1,0,1,0,0
1,0,1,1,0.06166550352279012,1,0,-1.4755500130266026,-0.7314033368369279,0,0,0,1,1,0,1,0,1,0,1,0,1,0,1,0,0,0,0,0,1
1,0,1,0,1.2828375486806096,1,1,1.3451214214002412,1.9854862698852782,0,1,1,0,0,0,0,1,0,0,0,1,0,1,0,1,0,1,0,1,0
0,0,0,0,-0.8745663977648716,1,1,0.3827746967134356,-0.6427136631850395,0,1,1,0,0,0,0,0,0,0,0,0,0,0,0,0,0,0,0,1,0
0,0,1,0,0.6722515261016999,1,1,1.1791995723163091,1.1179080761420528,0,1,1,0,0,1,0,0,0,0,0,0,0,1,0,1,0,0,0,0,1
0,0,1,1,-0.38609757970174374,1,0,0.6150652854309404,-0.1759952320367355,0,0,1,0,0,0,0,1,0,1,0,1,0,0,0,0,0,0,0,1,0
0,0,1,1,0.9571916699718578,1,1,0.11729973817914446,0.66172703196229,0,1,0,0,0,1,0,0,0,1,0,0,0,0,0,1,1,0,0,0,0
0,0,0,0,-0.30468611002455576,1,0,-1.508734382843389,-0.8077993923588517,0,0,0,1,1,0,1,0,1,0,1,0,1,0,1,0,0,0,0,0,1
1,1,1,0,-0.9966836022806536,0,1,-0.7123095072405154,-0.8473145934908812,1,0,0,0,0,0,0,1,0,1,0,0,0,0,0,1,0,0,0,0,1
0,0,1,0,0.06166550352279012,1,0,-0.08180648072157391,-0.011787618443635134,0,1,0,0,0,1,0,1,0,0,0,1,0,0,0,0,0,0,0,1,0
1,0,0,1,-1.0780950719578415,1,0,-1.2764437941258842,-0.9294184002874314,0,1,0,1,1,0,1,0,1,0,1,0,1,0,1,0,0,0,0,0,1
1,0,0,0,-0.38609757970174374,1,1,1.3119370515834547,0.07426770846611801,0,1,1,0,0,0,0,0,0,1,0,1,0,1,0,1,0,0,0,0,1
1,0,1,1,-0.06045170099299184,0,0,-0.9777844657748066,-0.5373397934996276,1,0,0,0,0,1,0,0,0,0,0,1,0,0,0,0,0,0,0,0,0
1,0,1,1,-0.8338606629262776,0,0,-0.9777844657748066,-0.8205320682791722,1,0,0,0,0,0,0,1,0,0,0,1,0,0,0,0,0,0,0,0,1
0,0,0,0,-1.1595065416350294,1,1,0.5155121759805812,-0.8701455985893871,0,1,1,0,0,1,0,0,0,0,0,0,0,0,0,0,0,0,0,1,0
0,0,1,1,1.2421318138420157,1,1,1.1791995723163091,1.7185391333489013,0,1,1,0,0,1,0,1,0,1,0,0,0,1,0,0,0,0,0,1,0
1,0,0,0,-1.2409180113122174,1,1,-1.508734382843389,-0.9935208376793904,0,0,0,1,1,0,1,0,1,0,1,0,1,0,1,0,0,0,0,0,1
0,0,1,1,1.5677776925507676,1,0,-1.4755500130266026,-0.3516183481790889,0,0,0,1,1,0,1,0,1,0,1,0,1,0,1,0,0,1,0,0,0
0,0,1,1,0.18378270803857208,1,1,0.7809871345148723,0.4562479860757365,0,1,1,0,0,0,0,1,0,0,0,0,0,1,0,0,0,0,0,1,0
0,0,0,0,-1.2816237461508113,1,0,-0.6459407676069426,-0.9904474331468992,0,0,0,0,0,0,0,0,0,0,0,0,0,0,0,0,0,0,0,1,0
1,1,1,0,-1.2409180113122174,1,0,0.18366847781271725,-0.9482978852727344,0,0,1,0,0,0,0,0,0,0,0,0,0,0,0,0,0,0,0,1,0
0,0,1,0,-1.0373893371192475,1,1,0.5486965457973676,-0.7573077464679251,0,0,1,0,0,0,0,0,0,0,0,0,0,1,0,0,0,0,0,1,0
1,1,0,0,1.4863662228735797,1,0,0.31640595707986285,1.1986947095675353,0,1,0,0,0,1,0,0,0,1,0,1,0,0,0,1,0,1,1,0,0
1,0,0,0,-0.5489205190561197,1,1,0.44914343634700843,-0.35600892608264767,0,0,1,0,0,0,0,1,0,1,0,0,0,0,0,0,0,0,0,1,0
0,0,0,0,-0.5489205190561197,1,1,1.3783057912170276,-0.16106726716463549,0,0,1,0,0,1,0,0,0,1,0,1,0,1,0,1,0,0,0,1,0
1,0,1,0,1.6084834273893616,1,1,0.747802764698086,1.7251250002042395,0,1,0,0,0,1,0,1,0,1,0,1,0,1,0,1,0,1,0,0,0
0,0,0,0,-0.1418631706701798,1,1,1.1128308326827363,0.277551465400892,0,1,1,0,0,0,0,0,0,1,0,0,0,1,0,1,0,0,1,0,0
0,1,0,0,-1.2002122764736234,1,0,-0.6459407676069426,-0.9544446943377167,0,0,0,0,0,0,0,0,0,0,0,0,0,0,0,0,0,0,0,1,0
0,0,1,1,-0.8745663977648716,1,0,-0.44683454870622424,-0.7551124575161456,0,0,0,0,0,1,0,0,0,0,0,0,0,0,0,0,0,0,0,0,0
0,1,0,0,0.020959768684196134,0,1,-0.1813595901719331,-0.18302015668242966,1,0,0,0,0,1,0,1,0,1,0,0,0,1,0,1,0,0,0,0,0
0,0,1,0,1.6084834273893616,1,1,1.07964646286595,2.0056829282416486,0,1,1,0,0,0,0,1,0,0,0,0,0,1,0,1,0,1,1,0,0
1,1,0,0,-1.1188008067964355,1,0,-1.4755500130266026,-0.9689336014194608,0,0,0,1,1,0,1,0,1,0,1,0,1,0,1,0,0,0,0,0,0
1,1,1,0,1.0386031396490458,0,1,-0.6459407676069426,0.1537371685205329,1,0,0,0,0,0,0,1,0,1,0,0,0,0,0,1,0,0,0,1,0
1,0,1,0,1.5677776925507676,1,1,1.3119370515834547,2.223455592258167,0,1,1,0,0,0,0,1,0,0,0,1,0,1,0,1,0,1,1,0,0
1,0,0,0,-0.9559778674420595,0,1,-0.6459407676069426,-0.8266788773441547,1,0,0,0,0,0,0,0,0,0,0,0,0,1,0,1,0,0,0,1,0
0,0,0,0,-1.2816237461508113,1,1,-0.48001891852301065,-0.9882521441951198,0,1,0,0,0,0,0,0,0,0,0,0,0,0,0,0,0,0,0,1,0
0,0,0,0,-1.2409180113122174,1,1,-0.3472814392558651,-0.9588352722412755,0,1,0,0,0,0,0,0,0,0,0,1,0,0,0,0,0,0,0,0,1
1,0,1,0,0.18378270803857208,1,0,-1.4755500130266026,-0.7041817538348633,0,0,0,1,1,0,1,0,1,0,1,0,1,0,1,0,0,0,0,0,0
1,0,1,1,-1.0780950719578415,1,1,-0.31409706943907867,-0.8679503096376077,0,0,0,0,0,0,0,1,0,1,0,0,0,0,0,0,0,0,0,0,1
0,0,1,0,-0.3453918448631497,1,0,0.050930998545571676,-0.3257139385480917,0,1,0,0,0,1,0,1,0,1,0,0,0,0,0,0,0,0,0,0,1
1,0,0,0,0.8757802002946699,1,0,0.747802764698086,1.068733603622194,0,1,0,0,0,1,0,0,0,1,0,1,0,1,0,1,0,1,0,0,0
1,0,0,1,-0.38609757970174374,1,0,-1.508734382843389,-0.8060431611974281,0,0,0,1,1,0,1,0,1,0,1,0,1,0,1,0,1,0,0,0,1
1,1,1,0,-0.5896262538947137,1,0,0.44914343634700843,-0.38586485582684776,0,0,1,0,0,0,0,0,0,0,0,0,0,0,0,1,0,0,0,1,0
1,0,1,0,1.6084834273893616,0,1,-0.015437741088001118,1.0735632393161085,1,0,0,0,0,1,0,1,0,1,0,1,0,1,0,1,0,1,0,1,0
0,0,0,1,0.8350744654560759,1,1,0.6482496552477268,0.9431630755804112,0,1,0,0,0,0,0,1,0,1,0,1,0,1,0,1,1,0,0,1,0
0,0,1,1,-0.3453918448631497,1,0,0.44914343634700843,-0.19970435271595322,0,1,0,0,0,1,0,0,0,1,0,0,0,1,0,1,0,1,1,0,0
1,1,1,0,0.9571916699718578,1,1,0.6814340250645132,1.1078097469638675,0,0,0,0,0,1,0,1,0,1,0,1,0,1,0,1,0,1,0,0,0
1,0,1,1,-0.38609757970174374,1,1,1.1460152024995227,0.01323867560665022,0,0,1,0,0,1,0,0,0,0,0,1,0,1,0,1,0,0,0,1,0
0,0,1,1,1.5677776925507676,1,0,-1.3096281639426706,-0.21419325979769738,0,1,0,1,1,0,1,0,1,0,1,0,1,0,1,0,0,1,0,0,0
1,0,0,0,-1.2816237461508113,0,1,-0.6459407676069426,-0.9904474331468992,1,0,0,0,0,0,0,0,0,0,0,0,0,1,0,1,0,0,0,0,1
0,1,0,0,-0.4268033145403377,1,1,0.31640595707986285,-0.26731925243075927,0,1,1,0,0,0,0,0,0,0,0,0,0,0,0,0,0,0,0,0,0
1,0,0,0,0.9978974048104517,1,0,-1.4755500130266026,-0.4605046801873479,0,0,0,1,1,0,1,0,1,0,1,0,1,0,1,0,0,1,1,0,0
1,0,1,0,1.4863662228735797,0,0,-0.14817522035514671,0.7701743061801931,1,0,0,0,0,1,0,0,0,1,0,1,0,1,0,1,0,1,0,0,0
0,0,1,0,0.9978974048104517,1,1,1.3119370515834547,1.5894561429842715,0,1,1,0,0,0,0,1,0,1,0,0,0,1,0,1,0,0,1,0,0
0,0,0,0,0.590840056424512,1,1,0.01774662872878528,0.25384234472167433,0,1,0,0,0,1,0,0,0,1,0,1,0,0,0,0,0,1,0,0,1
1,0,1,1,-0.7117434584104956,1,1,-1.4755500130266026,-0.8837563900904195,0,0,0,1,1,0,1,0,1,0,1,0,1,0,1,0,0,0,0,1,0
0,0,0,0,-0.1418631706701798,0,1,-1.1105219450419521,-0.6036375198433659,1,0,0,0,0,0,0,0,0,0,0,1,0,0,0,0,0,0,0,1,0
0,0,1,0,-0.2639803751859618,1,0,-1.2764437941258842,-0.7098895051094897,0,1,0,1,1,0,1,0,1,0,1,0,1,0,1,0,1,0,0,0,1
1,0,0,0,-0.06045170099299184,1,0,-1.4755500130266026,-0.7300861634658603,0,0,0,1,1,0,1,0,1,0,1,0,1,0,1,0,0,1,0,0,1
1,1,0,0,-0.8745663977648716,1,1,0.44914343634700843,-0.6264685249418719,0,0,1,0,0,0,0,0,0,0,0,0,0,0,0,1,0,0,0,1,0
0,0,0,0,0.387311382231542,1,1,0.44914343634700843,0.4707368931574807,0,1,0,0,0,0,0,0,0,1,0,1,0,1,0,1,0,1,1,0,0
0,0,1,1,1.4049547531963917,0,0,-0.3472814392558651,0.5805013407464515,1,0,0,0,0,1,0,1,0,1,0,1,0,1,0,0,0,1,1,0,0
1,1,1,0,0.020959768684196134,1,1,1.1791995723163091,0.4255139407508247,0,1,1,0,0,0,0,1,0,0,0,0,0,1,0,1,0,0,0,0,0
0,0,1,1,-0.9966836022806536,1,0,-1.508734382843389,-0.9399557872559726,0,0,0,1,1,0,1,0,1,0,1,0,1,0,1,0,1,0,0,1,0
0,1,0,0,-1.1595065416350294,1,1,1.013277723232377,-0.8363381487319841,0,1,1,0,0,0,0,0,0,0,0,0,0,1,0,1,0,0,0,1,0
1,0,1,0,1.3642490183577978,0,1,-0.2809126996222923,0.6533849339455282,1,0,0,0,0,1,0,1,0,1,0,1,0,1,0,0,0,1,0,0,0
1,0,0,0,0.9571916699718578,1,1,0.9800933534155908,1.2395270840706325,0,1,1,0,0,0,0,1,0,0,0,1,0,0,0,1,0,0,0,1,0
0,1,1,0,-1.1188008067964355,1,1,0.5486965457973676,-0.8473145934908812,0,1,1,0,0,0,0,1,0,0,0,0,0,0,0,0,0,0,0,1,0
1,0,1,0,-0.8745663977648716,1,1,0.5155121759805812,-0.6168092535540424,0,1,1,0,0,0,0,1,0,0,0,0,0,0,0,0,0,0,0,0,0
0,1,0,0,-1.0780950719578415,0,1,-0.679125137423729,-0.8947328348493165,1,0,0,0,0,0,0,0,0,0,0,0,0,1,0,1,0,0,0,1,0
1,0,1,1,0.14307697319997809,1,0,-1.508734382843389,-0.6791554597845778,0,0,0,1,1,0,1,0,1,0,1,0,1,0,1,0,0,1,1,0,0
1,0,1,0,-1.2816237461508113,1,1,0.5155121759805812,-0.9750804104844433,0,0,1,0,0,0,0,0,0,0,0,0,0,1,0,0,0,0,0,1,0
1,0,1,0,0.30589991255435406,1,0,0.5155121759805812,0.3649239656817128,0,0,1,0,0,0,0,1,0,1,0,0,0,0,0,0,1,0,0,1,0
1,0,1,0,1.5270719577121736,1,1,1.013277723232377,1.8884544982166278,0,1,1,0,0,0,0,1,0,1,0,0,0,1,0,0,1,0,0,0,0
1,0,0,0,0.46872285190873,1,1,0.6814340250645132,0.6160650217652781,0,1,0,0,0,0,0,1,0,1,0,1,0,1,0,1,1,0,0,0,0
0,0,0,0,-1.1188008067964355,1,1,0.5486965457973676,-0.8394115532644753,0,0,1,0,0,0,0,0,0,0,0,0,0,1,0,0,0,0,1,0,0
0,0,0,0,-0.6303319887333076,1,0,-1.508734382843389,-0.8872688524132666,0,0,0,1,1,0,1,0,1,0,1,0,1,0,1,0,1,0,0,0,1
1,0,1,0,1.6084834273893616,1,0,-1.342812533759457,-0.18741073458598848,0,1,0,1,1,0,1,0,1,0,1,0,1,0,1,0,0,1,1,0,0
0,0,0,0,-0.3453918448631497,1,0,-0.2809126996222923,-0.403866225231439,0,0,0,0,0,1,0,0,0,0,0,1,0,0,0,0,0,0,1,0,0
1,0,0,0,0.346605647392948,1,1,1.3119370515834547,0.8979401231737552,0,1,1,0,0,0,0,1,0,1,0,0,0,1,0,1,0,0,0,1,0
1,0,1,1,0.8757802002946699,1,1,0.01774662872878528,0.5554750466961662,0,1,0,0,0,1,0,1,0,0,0,1,0,0,0,0,0,1,1,0,0
1,0,1,1,-1.1595065416350294,1,0,-1.342812533759457,-0.9781538150169344,0,1,0,1,1,0,1,0,1,0,1,0,1,0,1,0,1,0,1,0,0
0,0,0,1,-0.7931549280876836,0,0,-1.1437063148587385,-0.8424849577969664,1,0,0,0,0,0,0,1,0,0,0,0,0,0,0,0,0,0,0,1,0
0,0,1,1,1.6084834273893616,1,1,-1.2764437941258842,-0.13735814648541778,0,1,0,1,1,0,1,0,1,0,1,0,1,0,1,0,0,1,0,0,0
1,0,1,1,-0.7931549280876836,1,1,-1.508734382843389,-0.8995624705432314,0,0,0,1,1,0,1,0,1,0,1,0,1,0,1,0,0,0,0,0,1
0,0,1,0,-1.2816237461508113,1,1,-1.4755500130266026,-1.0014238779057962,0,0,0,1,1,0,1,0,1,0,1,0,1,0,1,0,0,0,0,0,1
0,0,0,0,1.2421318138420157,1,1,0.8473558741484452,1.5437941327872597,0,0,1,0,0,0,0,0,0,1,0,1,0,1,0,0,1,0,1,0,0
0,0,1,0,-0.4675090493789317,1,1,1.3119370515834547,-0.0442778949299705,0,1,1,0,0,1,0,0,0,1,0,0,0,1,0,1,0,0,0,0,0
1,0,1,1,1.6084834273893616,1,0,1.5110432704841732,2.468010781486394,0,1,1,0,0,0,0,1,0,1,0,1,0,1,0,1,0,1,1,0,0
1,0,0,0,0.631545791263106,1,0,-1.4755500130266026,-0.5790502835834365,0,0,0,1,1,0,1,0,1,0,1,0,1,0,1,0,0,1,1,0,0
0,0,1,1,1.5270719577121736,1,1,-1.4755500130266026,-0.39069449152076247,0,0,0,1,1,0,1,0,1,0,1,0,1,0,1,0,0,1,1,0,0
1,0,0,0,1.6084834273893616,1,1,1.1791995723163091,2.26472702455162,0,1,1,0,0,0,0,1,0,1,0,0,0,1,0,1,0,1,0,0,0
0,0,0,0,-0.5489205190561197,1,1,-0.2809126996222923,-0.5303148688539334,0,0,0,0,0,0,0,0,0,0,0,0,0,0,0,1,0,0,0,1,0
0,0,0,0,0.1023712383613841,1,1,0.7146183948812996,0.3197010132750568,0,1,1,0,0,0,0,0,0,0,0,0,0,1,0,0,0,0,0,1,0
0,0,1,0,1.4456604880349857,1,1,0.8805402439652316,1.8103022115332807,0,1,0,0,0,1,0,1,0,1,0,1,0,1,0,1,0,1,0,1,0
1,0,0,0,-1.1595065416350294,1,0,0.7146183948812996,-0.8749752342833018,0,0,1,0,0,0,0,0,0,1,0,0,0,0,0,1,0,0,0,1,0
1,0,1,0,0.46872285190873,1,1,0.8473558741484452,0.7346106251613665,0,0,1,0,0,0,0,0,0,0,0,0,0,1,0,1,1,0,0,0,0
0,0,0,0,1.1200146093262338,0,1,-0.48001891852301065,0.318822897694345,1,0,0,0,0,0,0,1,0,0,0,0,0,1,0,1,0,0,0,1,0
1,0,0,1,-0.22327464034736777,1,0,-1.4755500130266026,-0.7551124575161456,0,0,0,1,1,0,1,0,1,0,1,0,1,0,1,0,0,1,0,0,1
1,0,0,1,0.1023712383613841,1,1,0.25003721744629004,0.08524415322501509,0,0,0,0,0,0,0,0,0,0,0,1,0,1,0,1,1,0,0,0,1
0,0,1,0,1.5270719577121736,1,1,1.2123839421330955,2.0934944863128253,0,1,1,0,0,0,0,0,0,1,0,0,0,1,0,1,1,0,0,1,0
0,0,1,0,-1.2409180113122174,1,0,0.15048410799593087,-0.945663538530599,0,0,0,0,0,0,0,0,0,1,0,0,0,1,0,1,0,0,1,0,0
1,0,0,0,-1.2409180113122174,1,1,0.31640595707986285,-0.9469807119016667,0,0,1,0,0,0,0,1,0,0,0,0,0,0,0,0,0,0,0,1,0
0,0,1,0,1.6084834273893616,1,0,1.676965119568105,2.655488457968356,0,1,1,0,0,1,0,1,0,1,0,1,0,1,0,1,0,1,0,1,0
0,0,1,1,1.5677776925507676,1,0,0.8805402439652316,1.7527856409966602,0,1,0,0,0,1,0,1,0,1,0,1,0,1,0,1,0,1,0,0,1
1,0,1,0,1.3642490183577978,1,1,1.3451214214002412,2.121594184895602,0,1,1,0,0,0,0,1,0,1,0,0,0,1,0,1,0,0,1,0,0
0,1,0,0,0.7943687306174818,1,0,1.4446745308506004,1.5534534041750891,0,1,1,0,0,1,0,1,0,1,0,0,0,1,0,1,0,0,1,0,0
1,0,1,1,0.8350744654560759,1,0,0.01774662872878528,0.46634631525392184,0,0,0,0,0,0,0,1,0,0,0,1,0,1,0,0,0,0,1,0,0
1,0,1,1,1.3642490183577978,1,0,0.48232780616379484,1.2878234410097797,0,1,0,0,0,0,0,1,0,1,0,0,0,1,0,1,0,1,0,0,0
0,0,0,0,-0.38609757970174374,1,0,-0.3472814392558651,-0.4618218535584156,0,1,0,0,0,1,0,0,0,0,0,0,0,0,0,0,0,0,0,1,0
1,0,0,0,-1.2002122764736234,1,0,0.48232780616379484,-0.892976603687893,0,0,1,0,0,0,0,0,0,0,0,0,0,1,0,0,0,0,0,1,0
0,0,0,0,-0.38609757970174374,1,1,0.48232780616379484,-0.27434417707645337,0,1,1,0,0,0,0,1,0,0,0,0,0,0,0,0,0,0,0,1,0
1,1,1,0,1.0793088744876398,0,1,-0.48001891852301065,0.30565116398366854,1,0,0,0,0,0,0,1,0,0,0,0,0,1,0,1,0,0,0,1,0
0,0,0,0,1.1200146093262338,1,1,1.3119370515834547,1.7277593469463748,0,0,1,0,0,1,0,0,0,1,0,1,0,1,0,1,0,0,0,0,0
0,0,0,0,1.3642490183577978,1,1,1.2787526817666683,1.8853810936841366,0,1,1,0,0,1,0,1,0,1,0,1,0,0,0,1,0,0,0,0,0
0,0,0,1,-0.7117434584104956,1,0,0.01774662872878528,-0.5667566654534717,0,0,0,0,0,1,0,1,0,1,0,1,0,0,0,0,1,0,1,0,0
1,0,0,0,1.1200146093262338,1,1,0.8141715043316587,1.3826599237266504,0,1,1,0,0,0,0,1,0,0,0,0,0,1,0,0,0,0,0,0,0
0,0,0,0,0.5501343215859179,1,1,1.3119370515834547,1.1429343701923382,0,0,1,0,0,0,0,1,0,1,0,1,0,1,0,1,0,1,0,0,0
0,0,0,0,0.5094285867473239,1,1,0.8141715043316587,0.7530510523563136,0,1,1,0,0,0,0,1,0,0,0,0,0,1,0,0,0,0,1,0,0
1,0,1,1,0.46872285190873,0,1,-0.3472814392558651,0.032557218382309086,1,0,0,0,0,1,0,1,0,1,0,1,0,0,0,1,0,1,1,0,0
0,0,0,1,0.5501343215859179,1,1,1.1460152024995227,0.91769772373977,0,0,1,0,0,0,0,1,0,1,0,0,0,1,0,1,0,0,0,1,0
1,0,1,1,-0.7931549280876836,1,0,-1.342812533759457,-0.8596082116208459,0,1,0,1,1,0,1,0,1,0,1,0,1,0,1,0,1,0,0,0,0
1,0,1,1,1.4863662228735797,1,1,1.6437807497513186,2.3551729293649317,0,1,1,0,0,1,0,1,0,1,0,1,0,1,0,1,0,1,0,0,0
1,1,0,0,-1.2816237461508113,1,1,0.31640595707986285,-0.9777147572265785,0,1,1,0,0,0,0,0,0,0,0,0,0,0,0,0,0,0,0,1,0
0,0,0,0,-1.0373893371192475,1,1,1.013277723232377,-0.7204268920780309,0,0,1,0,0,0,0,0,0,1,0,0,0,1,0,1,0,0,0,1,0
0,0,1,0,1.5677776925507676,0,0,-0.2145439599887195,0.8096895073122227,1,0,0,0,0,0,0,1,0,1,0,1,0,1,0,1,0,1,0,0,0
1,0,1,0,-0.22327464034736777,1,0,-1.508734382843389,-0.7818949827278545,0,0,0,1,1,0,1,0,1,0,1,0,1,0,1,0,0,1,0,0,0
0,1,0,0,1.2828375486806096,1,0,0.31640595707986285,1.1275673475298822,0,1,0,0,0,0,0,1,0,1,0,1,0,0,0,1,0,0,1,0,0
1,0,0,0,1.4863662228735797,1,1,0.5486965457973676,1.4278828761333064,0,1,0,0,0,1,0,1,0,1,0,1,0,0,0,1,0,1,1,0,0
1,0,0,0,-1.2816237461508113,1,0,-1.4755500130266026,-1.0014238779057962,0,0,0,1,1,0,1,0,1,0,1,0,1,0,1,0,0,0,0,0,0
1,0,1,1,0.020959768684196134,1,1,0.28322158726307645,0.04572895209298559,0,0,0,0,0,0,0,0,0,1,0,1,0,1,0,1,1,0,0,0,1
0,0,0,0,-1.2816237461508113,0,1,-1.0109688355915931,-0.9952770688408139,1,0,0,0,0,0,0,0,0,0,0,0,0,1,0,0,0,0,0,1,0
1,1,1,0,-0.5082147842175256,1,0,1.411490161033814,-0.056571513059935234,0,1,1,0,0,0,0,1,0,0,0,1,0,1,0,1,0,0,0,1,0
1,0,0,0,-0.8338606629262776,1,1,1.577412010117746,-0.4025490518603713,0,1,1,0,0,0,0,1,0,1,0,1,0,1,0,1,0,0,0,0,1
0,0,0,1,-0.9152721326034655,1,0,0.28322158726307645,-0.7059379849962868,0,1,0,0,0,1,0,0,0,1,0,1,0,0,0,1,1,0,1,0,0
0,1,0,0,0.46872285190873,1,1,1.4778589006673868,1.1236158274166792,0,1,1,0,0,1,0,1,0,1,0,0,0,1,0,1,1,0,1,0,0
0,0,0,0,-0.7931549280876836,0,1,-1.1105219450419521,-0.8394115532644753,1,0,0,0,0,0,0,1,0,0,0,0,0,0,0,0,0,0,0,1,0
1,0,1,0,0.9571916699718578,1,0,-1.508734382843389,-0.5158259617721892,0,0,0,1,1,0,1,0,1,0,1,0,1,0,1,0,1,0,1,0,0
1,0,0,0,-1.2409180113122174,1,1,1.013277723232377,-0.9237106490128049,0,0,1,0,0,0,0,0,0,1,0,0,0,1,0,1,0,0,0,1,0
0,1,0,0,-0.6303319887333076,1,1,0.9800933534155908,-0.30420010682065346,0,1,1,0,0,0,0,0,0,0,0,0,0,1,0,1,0,0,0,1,0
1,0,0,0,-0.4268033145403377,1,1,-0.3472814392558651,-0.5153869039818334,0,1,0,0,0,1,0,0,0,0,0,0,0,0,0,0,0,0,0,1,0
0,0,0,0,0.7536629957788878,1,1,1.5442276403009596,1.4937415446866888,0,1,1,0,0,0,0,1,0,1,0,1,0,1,0,1,1,0,0,1,0
1,0,0,0,-1.0780950719578415,1,1,-0.31409706943907867,-0.863120673943693,0,0,0,0,0,1,0,1,0,0,0,0,0,0,0,0,0,0,0,0,0
0,0,0,0,-1.2816237461508113,1,1,1.013277723232377,-0.968494543629105,0,0,1,0,0,1,0,0,0,0,0,0,0,1,0,1,0,0,0,1,0
1,1,0,0,-0.9559778674420595,1,1,0.48232780616379484,-0.6949615402373897,0,0,1,0,0,0,0,0,0,0,0,0,0,0,0,1,0,0,0,1,0
1,1,0,0,-0.1418631706701798,1,1,1.2123839421330955,0.2841373322562303,0,0,1,0,0,0,0,1,0,1,0,0,0,1,0,1,0,0,0,0,0
1,0,0,0,-1.2816237461508113,1,1,-0.6459407676069426,-0.9904474331468992,0,0,0,0,0,0,0,0,0,0,0,0,0,0,0,0,0,0,0,1,0
0,0,1,1,0.6722515261016999,1,0,-0.1149908505383603,0.3175057243232774,0,0,0,0,0,1,0,0,0,1,0,1,0,0,0,0,0,0,0,0,0
1,0,1,1,-0.9966836022806536,1,0,-0.679125137423729,-0.8481927090715929,0,0,0,0,0,0,0,0,0,0,0,0,0,0,0,0,0,0,0,0,0
0,0,0,0,-0.9559778674420595,1,1,0.48232780616379484,-0.6927662512856102,0,0,1,0,0,0,0,0,0,0,0,0,0,0,0,1,0,0,0,1,0
0,0,1,0,0.346605647392948,1,1,0.7146183948812996,0.45580892828538067,0,0,1,0,0,0,0,1,0,1,0,1,0,0,0,0,1,0,0,0,0
0,0,0,0,-1.0780950719578415,1,1,-0.48001891852301065,-0.8837563900904195,0,0,0,0,0,0,0,0,0,0,0,1,0,0,0,0,0,0,0,0,0
0,0,1,1,0.020959768684196134,1,1,1.2787526817666683,0.5120083254509338,0,1,1,0,0,1,0,0,0,1,0,0,0,1,0,1,1,0,0,0,1
0,0,1,1,0.26519417771576004,1,0,-1.508734382843389,-0.6778382864135102,0,0,0,1,1,0,1,0,1,0,1,0,1,0,1,0,0,1,0,0,1
0,1,0,0,-1.2816237461508113,1,0,-0.48001891852301065,-0.9882521441951198,0,1,0,0,0,0,0,0,0,0,0,0,0,0,0,0,0,0,0,0,1
1,0,0,0,-0.7931549280876836,1,0,0.28322158726307645,-0.6014422308915865,0,0,0,0,0,0,0,1,0,0,0,1,0,1,0,1,0,0,0,0,1
1,1,0,0,-0.4268033145403377,1,1,1.0464620930491635,-0.09608671419196474,0,1,1,0,0,0,0,0,0,0,0,0,0,1,0,1,0,0,0,1,0
0,1,0,0,0.9164859351332638,1,1,1.1791995723163091,1.3646585543220593,0,1,1,0,0,0,0,0,0,1,0,0,0,1,0,1,1,0,0,1,0
0,0,0,0,-1.2002122764736234,1,1,0.5155121759805812,-0.9083436263503489,0,0,1,0,0,0,0,0,0,0,0,0,0,1,0,0,0,0,0,1,0
1,0,0,1,0.7536629957788878,1,0,-0.5795720279733698,0.024215120365547304,0,0,0,0,0,0,0,0,0,0,0,1,0,0,0,0,1,0,1,0,0
1,0,0,0,0.7943687306174818,1,0,-0.3804658090726515,0.2147662013800007,0,0,0,0,0,1,0,0,0,1,0,0,0,0,0,0,1,0,0,1,0
0,0,0,0,-0.10115743583158582,0,1,-0.8118626166908747,-0.4890434365604804,1,0,0,0,0,0,0,0,0,0,0,1,0,0,0,1,1,0,1,0,0
1,0,1,1,0.30589991255435406,1,0,-1.3096281639426706,-0.5685128966148952,0,1,0,1,1,0,1,0,1,0,1,0,1,0,1,0,0,1,1,0,0
1,0,1,0,-0.7524491932490895,1,1,0.6814340250645132,-0.5101182104975628,0,1,1,0,0,0,0,0,0,0,0,0,0,0,0,1,0,0,0,1,0
0,0,0,1,0.346605647392948,1,0,-0.6459407676069426,-0.20189964166773264,0,0,0,0,0,0,0,0,0,0,0,0,0,0,0,0,0,0,0,0,0
1,0,0,1,0.428017117070136,0,1,-0.8118626166908747,-0.17072653855246492,1,0,0,0,0,1,0,1,0,1,0,0,0,0,0,0,0,0,0,1,0
1,0,1,0,1.6084834273893616,1,1,0.6814340250645132,1.7628839701748455,0,1,0,0,0,0,0,1,0,1,0,1,0,1,0,1,0,1,0,0,0
1,0,1,1,-0.1825689055087738,0,0,-0.48001891852301065,-0.40167093627965955,1,0,0,0,0,1,0,0,0,1,0,1,0,1,0,0,1,0,0,0,1
0,0,1,1,1.4456604880349857,1,1,0.6482496552477268,1.512621029671992,0,1,1,0,0,0,0,1,0,1,0,0,0,0,0,0,0,1,1,0,0
0,0,1,1,1.2014260790034217,1,1,1.5110432704841732,1.992950252321328,0,1,1,0,0,0,0,1,0,1,0,1,0,1,0,1,1,0,0,1,0
1,0,0,1,-1.2816237461508113,1,1,-0.679125137423729,-0.990886490937255,0,0,0,0,0,0,0,0,0,0,0,0,0,0,0,0,0,0,0,1,0
1,0,0,0,1.2014260790034217,1,1,1.0464620930491635,1.6790239322168716,0,1,1,0,0,0,0,0,0,1,0,0,0,1,0,1,1,0,0,1,0
0,0,1,1,0.26519417771576004,1,1,-1.342812533759457,-0.6089062133276365,0,1,0,1,1,0,1,0,1,0,1,0,1,0,1,0,1,0,0,0,1
0,0,0,0,-1.2816237461508113,1,1,0.18366847781271725,-0.9794709883880021,0,0,1,0,0,0,0,0,0,0,0,0,0,0,0,0,0,0,0,0,1
0,0,0,0,-1.2409180113122174,1,0,0.3827746967134356,-0.9399557872559726,0,0,0,0,0,0,0,0,0,1,0,1,0,1,0,1,0,0,0,1,0
0,0,1,0,1.5677776925507676,1,1,0.9469089835988044,1.880990515780578,0,1,1,0,0,0,0,0,0,0,0,0,0,1,0,1,0,1,0,0,0
0,0,0,0,-1.2002122764736234,1,1,-0.48001891852301065,-0.9439073073691755,0,1,0,0,0,0,0,0,0,0,0,0,0,0,0,0,0,0,0,0,1
0,0,0,0,0.7129572609402939,1,1,0.581880915614154,0.8246174721843227,0,1,0,0,0,1,0,0,0,1,0,1,0,1,0,1,1,0,1,0,0
0,0,1,0,-0.4675090493789317,1,0,0.5155121759805812,-0.2576599810429298,0,0,0,0,0,1,0,0,0,1,0,1,0,1,0,1,1,0,0,0,1
0,0,0,0,-0.9966836022806536,1,1,0.01774662872878528,-0.7669670178557545,0,0,0,0,0,0,0,1,0,0,0,1,0,1,0,0,0,0,0,1,0
0,0,1,1,-0.6303319887333076,1,1,0.6814340250645132,-0.37313217990652714,0,1,1,0,0,0,0,0,0,0,0,0,0,0,0,1,0,0,0,1,0
1,1,1,0,0.5094285867473239,1,0,-1.342812533759457,-0.49475118783510685,0,1,0,1,1,0,1,0,1,0,1,0,1,0,1,0,1,0,1,0,0
1,0,1,1,-1.1595065416350294,1,1,-0.48001891852301065,-0.9114170308828402,0,1,0,0,0,0,0,0,0,0,0,0,0,0,0,0,0,0,0,1,0
1,0,1,0,1.4049547531963917,0,1,-0.48001891852301065,0.5357174461301514,1,0,0,0,0,1,0,1,0,0,0,1,0,0,0,1,0,1,0,0,0
0,0,0,0,-1.2002122764736234,0,0,-1.0109688355915931,-0.9491760008534461,1,0,0,0,0,1,0,0,0,0,0,1,0,0,0,0,0,0,0,0,1
0,0,1,0,1.1607203441648277,1,1,0.9800933534155908,1.4937415446866888,0,1,1,0,0,0,0,1,0,0,0,1,0,0,0,1,0,1,0,0,0
1,0,0,0,1.2828375486806096,1,0,0.5486965457973676,1.4340296851982888,0,1,0,0,0,1,0,1,0,1,0,1,0,1,0,0,1,0,0,1,0
1,0,0,0,-0.4268033145403377,1,0,-1.508734382843389,-0.8249226461827311,0,0,0,1,1,0,1,0,1,0,1,0,1,0,1,0,1,0,0,0,1
1,0,0,0,-1.1595065416350294,1,1,-0.31409706943907867,-0.9057092796082137,0,0,0,0,0,0,0,0,0,0,0,0,0,0,0,1,0,0,0,1,0
1,1,1,1,0.7943687306174818,1,1,0.5155121759805812,0.7807116931487343,0,1,0,0,0,0,0,1,0,1,0,0,0,1,0,1,1,0,0,1,0
0,1,0,0,0.6722515261016999,1,0,1.2123839421330955,1.2158179633914148,0,1,1,0,0,1,0,0,0,0,0,0,0,1,0,1,0,0,1,0,0
0,0,1,0,0.8350744654560759,1,1,1.4446745308506004,1.500327411542027,0,1,1,0,0,0,0,1,0,1,0,1,0,1,0,1,1,0,0,0,0
1,0,1,1,-0.6303319887333076,1,0,-1.508734382843389,-0.8657550206858283,0,0,0,1,1,0,1,0,1,0,1,0,1,0,1,0,1,0,0,0,0
1,1,1,0,1.3235432835192036,1,1,0.18366847781271725,0.9897032013581348,0,0,1,0,0,0,0,0,0,0,0,0,0,0,0,0,1,0,0,0,0
0,0,0,0,0.06166550352279012,1,1,1.3451214214002412,0.5853309764403662,0,0,1,0,0,0,0,1,0,1,0,1,0,1,0,1,0,0,0,1,0
1,1,1,0,-1.2002122764736234,1,1,0.9800933534155908,-0.8877079102036225,0,1,1,0,0,0,0,0,0,0,0,0,0,1,0,1,0,0,0,1,0
1,0,0,0,-0.9559778674420595,1,0,-1.508734382843389,-0.9320527470295666,0,0,0,1,1,0,1,0,1,0,1,0,1,0,1,0,0,0,0,0,1
1,1,0,0,1.5270719577121736,0,1,-0.6459407676069426,0.4228795940086894,1,0,0,0,0,0,0,0,0,0,0,0,0,1,0,1,1,0,0,1,0
0,0,1,1,1.6084834273893616,1,1,1.676965119568105,2.7112487973435533,0,1,1,0,0,1,0,1,0,1,0,1,0,1,0,1,0,1,0,0,0
1,0,1,1,0.30589991255435406,0,0,-0.14817522035514671,0.06460843707828857,1,0,0,0,0,0,0,1,0,1,0,1,0,1,0,1,1,0,0,0,1
0,0,0,0,1.0386031396490458,1,1,0.21685284762950366,0.8773044070270287,0,1,0,0,0,1,0,1,0,1,0,1,0,0,0,0,1,0,1,0,0
0,0,1,1,-1.2002122764736234,0,0,-1.176890684675525,-0.9702507747905286,1,0,0,0,0,1,0,0,0,0,0,0,0,0,0,0,0,0,1,0,0
1,0,0,0,-1.2816237461508113,1,1,-0.48001891852301065,-0.9882521441951198,0,0,0,0,0,1,0,0,0,0,0,0,0,0,0,0,0,0,0,0,1
1,0,1,1,0.631545791263106,1,0,-1.2764437941258842,-0.46357808471983913,0,1,0,1,1,0,1,0,1,0,1,0,1,0,1,0,0,1,0,0,0
1,0,0,0,-0.30468611002455576,1,0,1.1460152024995227,0.09314719345142099,0,0,1,0,0,0,0,0,0,1,0,1,0,1,0,1,0,1,0,0,0
0,0,1,1,0.6722515261016999,1,1,1.411490161033814,1.3137278506407768,0,1,1,0,0,0,0,1,0,1,0,1,0,1,0,1,0,1,0,0,0
0,0,0,0,-0.9559778674420595,1,1,0.31640595707986285,-0.7296471056755044,0,0,1,0,0,1,0,0,0,0,0,0,0,0,0,0,0,0,1,0,0
0,0,1,0,-0.7117434584104956,1,0,1.2123839421330955,-0.2774175816089446,0,0,1,0,0,1,0,0,0,1,0,0,0,1,0,1,0,0,0,1,0
1,0,0,0,1.3642490183577978,1,1,0.31640595707986285,1.0963942444146144,0,1,0,0,0,1,0,1,0,1,0,0,0,0,0,1,0,1,1,0,0
0,0,1,1,1.0386031396490458,1,1,1.3451214214002412,1.72292971125246,0,1,1,0,0,0,0,1,0,1,0,0,0,1,0,1,1,0,1,0,0
1,0,1,1,0.428017117070136,1,1,0.21685284762950366,0.382925335086304,0,1,0,0,0,1,0,0,0,0,0,1,0,0,0,1,1,0,1,0,0
0,0,1,0,0.428017117070136,1,1,-0.015437741088001118,0.2665750206419949,0,1,0,0,0,0,0,0,0,0,0,1,0,1,0,0,1,0,0,0,0
0,0,0,0,0.590840056424512,1,0,0.34959032689664926,0.5462548330986926,0,0,1,0,0,1,0,0,0,0,0,0,0,0,0,0,0,0,1,0,0
0,0,0,0,0.9571916699718578,1,1,1.3783057912170276,1.5863827384517803,0,1,1,0,0,0,0,1,0,1,0,0,0,1,0,1,1,0,0,1,0
1,0,1,1,1.6084834273893616,0,0,-0.5463876581565834,0.5383517928722867,1,0,0,0,0,1,0,0,0,1,0,1,0,1,0,0,0,1,0,0,1
0,0,0,0,-0.6710377235719016,1,0,0.34959032689664926,-0.4780669918015833,0,0,1,0,0,0,0,1,0,0,0,0,0,0,0,0,0,0,0,0,0
0,0,1,0,1.4456604880349857,1,0,-0.015437741088001118,0.8891589673666376,0,0,0,0,0,0,0,1,0,0,0,1,0,1,0,0,0,1,0,0,0
0,0,1,1,-0.7117434584104956,1,0,-1.4755500130266026,-0.8806829855579283,0,0,0,1,1,0,1,0,1,0,1,0,1,0,1,0,1,0,0,0,1
1,0,1,1,1.3642490183577978,0,0,-0.3472814392558651,0.5844528608596545,1,0,0,0,0,0,0,0,0,1,0,1,0,1,0,1,0,1,0,0,0
0,1,1,0,-1.2002122764736234,1,1,0.5155121759805812,-0.911856088673196,0,0,1,0,0,0,0,0,0,0,0,0,0,1,0,0,0,0,0,1,0
0,0,1,1,1.6084834273893616,1,0,1.4778589006673868,2.5588957440900617,0,1,1,0,0,1,0,1,0,1,0,0,0,1,0,1,0,1,1,0,0
1,0,0,0,-0.22327464034736777,1,0,-1.4755500130266026,-0.7770653470339398,0,0,0,1,1,0,1,0,1,0,1,0,1,0,1,0,0,1,1,0,0
0,0,1,1,-1.2002122764736234,1,0,-1.508734382843389,-0.983861566291561,0,0,0,1,1,0,1,0,1,0,1,0,1,0,1,0,0,0,0,0,1
1,0,0,0,-0.4268033145403377,1,1,0.48232780616379484,-0.2506350563972357,0,1,1,0,0,0,0,1,0,0,0,0,0,0,0,0,0,0,0,1,0
0,0,1,0,1.0386031396490458,1,1,0.01774662872878528,0.6542630495262399,0,0,0,0,0,1,0,1,0,0,0,0,0,1,0,0,0,0,1,0,0
0,0,1,1,1.6084834273893616,1,1,-1.3759969035762434,-0.2976142399653152,0,1,0,1,1,0,1,0,1,0,1,0,1,0,1,0,1,0,0,0,0
0,0,0,0,-0.019745966154397852,1,1,1.3119370515834547,0.4896163781427837,0,1,1,0,0,0,0,1,0,1,0,0,0,1,0,1,1,0,1,0,0
0,0,1,1,-0.9559778674420595,1,1,0.01774662872878528,-0.749843764031875,0,0,0,0,0,0,0,1,0,0,0,1,0,1,0,0,1,0,0,0,1
0,0,1,1,-0.9966836022806536,1,0,-0.2809126996222923,-0.8341428597802046,0,0,0,0,0,0,0,1,0,0,0,1,0,0,0,0,0,0,0,0,0
1,0,0,0,-1.1188008067964355,1,1,0.18366847781271725,-0.8578519804594223,0,0,0,0,0,0,0,0,0,1,0,0,0,1,0,1,1,0,0,0,1
0,0,0,0,0.26519417771576004,1,0,-1.4755500130266026,-0.6475432988789542,0,0,0,1,1,0,1,0,1,0,1,0,1,0,1,0,0,1,0,0,1
1,0,0,0,-0.3453918448631497,1,1,0.48232780616379484,-0.1316503952107913,0,0,1,0,0,0,0,0,0,0,0,0,0,0,0,1,0,0,1,0,0
1,0,1,1,-0.38609757970174374,1,0,-1.342812533759457,-0.7739919425014486,0,1,0,1,1,0,1,0,1,0,1,0,1,0,1,0,1,0,0,0,1
0,1,0,0,-0.9966836022806536,1,0,0.6814340250645132,-0.705059869415575,0,1,1,0,0,0,0,0,0,0,0,0,0,0,0,1,0,0,0,1,0
1,0,0,0,0.9164859351332638,1,1,-0.015437741088001118,0.5822575719078751,0,0,0,0,0,0,0,1,0,0,0,1,0,0,0,1,1,0,0,1,0
1,0,1,1,-1.2816237461508113,1,1,0.11729973817914446,-0.9803491039687139,0,0,1,0,0,0,0,0,0,0,0,0,0,0,0,0,0,0,0,1,0
0,0,1,0,-0.38609757970174374,1,0,-0.14817522035514671,-0.418794190103539,0,0,0,0,0,0,0,0,0,0,0,1,0,1,0,0,1,0,0,0,0
0,0,1,0,-1.1595065416350294,1,1,0.8805402439652316,-0.8499489402330165,0,1,1,0,0,0,0,1,0,0,0,0,0,1,0,0,0,0,0,1,0
0,0,0,0,0.8757802002946699,1,1,0.9800933534155908,1.211427385487856,0,0,1,0,0,0,0,0,0,1,0,0,0,1,0,1,1,0,1,0,0
0,1,0,0,1.3235432835192036,1,1,1.013277723232377,1.7220515956717484,0,1,1,0,0,0,0,1,0,1,0,0,0,1,0,0,0,0,0,0,0
1,0,1,1,0.26519417771576004,0,1,-1.3096281639426706,-0.5944173062458924,1,0,0,0,0,0,0,0,0,0,0,0,0,0,0,0,1,0,1,0,0
1,0,1,0,0.7536629957788878,1,1,1.5442276403009596,1.501205527122739,0,1,1,0,0,1,0,0,0,1,0,1,0,1,0,1,1,0,0,1,0
0,0,0,0,-0.6710377235719016,1,1,-0.04862211090478751,-0.5417303714031864,0,1,0,0,0,0,0,0,0,0,0,0,0,0,0,1,0,0,0,0,0
0,0,1,1,0.18378270803857208,1,1,1.013277723232377,0.5405470818240662,0,1,1,0,0,0,0,1,0,1,0,0,0,0,0,1,0,0,0,1,0
0,0,1,1,1.0793088744876398,1,1,0.3827746967134356,0.973897120905323,0,1,0,0,0,1,0,0,0,1,0,1,0,1,0,0,0,1,0,0,1
0,1,1,1,0.631545791263106,1,1,1.3119370515834547,1.214939847810703,0,0,1,0,0,1,0,0,0,1,0,1,0,1,0,1,0,0,0,1,0
1,0,1,1,1.3235432835192036,1,1,0.31640595707986285,1.1060535158024438,0,0,0,0,0,1,0,0,0,0,0,1,0,1,0,1,0,1,0,0,0
0,0,1,1,-0.3453918448631497,1,0,-1.508734382843389,-0.7761872314532281,0,0,0,1,1,0,1,0,1,0,1,0,1,0,1,0,1,0,0,0,1
0,0,0,0,-0.9966836022806536,1,0,0.050930998545571676,-0.7581858620486369,0,0,0,0,0,1,0,0,0,0,0,1,0,0,0,1,0,0,0,0,0
1,0,0,0,-0.4268033145403377,1,1,0.44914343634700843,-0.30771256914350054,0,1,1,0,0,0,0,1,0,0,0,0,0,0,0,0,0,0,0,0,1
1,0,0,0,-0.9152721326034655,1,0,-0.08180648072157391,-0.7415016660151132,0,0,0,0,0,1,0,0,0,0,0,1,0,1,0,0,0,0,0,0,0
1,0,0,0,1.3235432835192036,1,1,1.4778589006673868,2.0372950891472725,0,1,1,0,0,0,0,1,0,1,0,1,0,1,0,1,0,0,0,1,0
0,0,1,0,-0.38609757970174374,1,0,0.8473558741484452,-0.11277091022548831,0,1,1,0,0,0,0,0,0,1,0,0,0,0,0,1,0,0,0,0,1
1,0,0,0,-0.22327464034736777,1,0,-0.3804658090726515,-0.3687416020029683,0,0,0,0,0,1,0,0,0,0,0,1,0,0,0,0,0,0,0,0,1
0,0,0,0,-0.3453918448631497,1,0,-1.4755500130266026,-0.7788215781953634,0,0,0,1,1,0,1,0,1,0,1,0,1,0,1,0,1,0,1,0,0
0,0,0,0,-1.2816237461508113,1,1,-0.5463876581565834,-0.9891302597758315,0,0,0,0,0,1,0,0,0,0,0,0,0,0,0,0,0,0,1,0,0
1,0,1,0,1.2421318138420157,1,0,1.1460152024995227,1.7690307792398279,0,0,1,0,0,1,0,0,0,1,0,0,0,1,0,1,0,1,1,0,0
1,0,1,1,1.1200146093262338,1,0,-0.14817522035514671,0.6116744438617192,0,0,0,0,0,1,0,1,0,1,0,0,0,0,0,0,0,1,0,0,0
0,0,0,0,-0.06045170099299184,0,1,-0.5132032883397971,-0.3428371923719712,1,0,0,0,0,1,0,1,0,0,0,1,0,0,0,1,0,1,0,0,0
0,0,1,1,1.6084834273893616,0,0,-0.3804658090726515,0.6511896449937488,1,0,0,0,0,0,0,1,0,0,0,1,0,1,0,1,0,1,1,0,0
1,0,1,1,-0.4268033145403377,1,0,-1.4755500130266026,-0.7959448320192428,0,0,0,1,1,0,1,0,1,0,1,0,1,0,1,0,1,0,0,0,0
0,1,0,0,-1.0373893371192475,1,1,-0.015437741088001118,-0.7937495430674634,0,0,0,0,0,0,0,1,0,1,0,0,0,1,0,0,0,0,0,1,0
1,0,1,1,-1.1595065416350294,1,0,-0.6459407676069426,-0.942151076207752,0,0,0,0,0,0,0,0,0,0,0,0,0,0,0,0,0,0,0,0,1
0,0,0,0,-1.1188008067964355,1,0,-1.3096281639426706,-0.9513712898052256,0,1,0,1,1,0,1,0,1,0,1,0,1,0,1,0,0,0,0,0,1
0,0,0,0,-0.38609757970174374,1,1,0.48232780616379484,-0.22736499350837386,0,0,1,0,0,0,0,1,0,0,0,1,0,0,0,0,0,0,0,0,1
1,0,1,1,-0.9966836022806536,1,0,-1.508734382843389,-0.9553228099184284,0,0,0,1,1,0,1,0,1,0,1,0,1,0,1,0,0,1,1,0,0
0,0,0,0,-0.9559778674420595,1,0,0.15048410799593087,-0.7243784121912339,0,0,1,0,0,0,0,0,0,0,0,0,0,0,0,0,0,0,0,1,0
0,1,1,0,-0.38609757970174374,1,1,1.013277723232377,0.011043386654870802,0,0,1,0,0,1,0,0,0,0,0,0,0,1,0,1,0,0,0,1,0
1,0,1,1,1.6084834273893616,1,0,0.15048410799593087,1.229867812682803,0,1,0,0,0,1,0,1,0,1,0,1,0,0,0,0,0,1,0,0,0
1,0,0,0,-0.30468611002455576,1,0,0.18366847781271725,-0.234389918154068,0,0,1,0,0,0,0,0,0,0,0,0,0,0,0,0,0,0,0,0,1
1,0,1,1,-0.7117434584104956,0,1,-1.1437063148587385,-0.8042869300360046,1,0,0,0,0,1,0,0,0,0,0,0,0,0,0,0,0,0,0,0,0
1,0,0,0,-1.0373893371192475,1,0,-0.3472814392558651,-0.847753651281237,0,0,0,0,0,0,0,0,0,0,0,0,0,1,0,0,0,0,0,0,1
0,0,0,0,-1.2816237461508113,1,1,-0.3804658090726515,-0.9869349708240521,0,0,0,0,0,0,0,0,0,0,0,0,0,1,0,0,0,0,0,0,1
1,1,1,0,-1.0373893371192475,1,1,1.013277723232377,-0.727451816723725,0,1,1,0,0,0,0,0,0,0,0,0,0,1,0,1,0,0,0,0,0
0,0,1,1,0.631545791263106,1,1,1.1460152024995227,1.1749855888883176,0,0,1,0,0,1,0,0,0,1,0,0,0,1,0,1,1,0,0,0,0
0,0,1,1,1.4863662228735797,1,1,1.4446745308506004,2.27965498942372,0,1,1,0,0,0,0,1,0,1,0,1,0,1,0,1,1,0,0,0,0
1,1,1,1,0.9571916699718578,1,1,1.3119370515834547,1.5336958036090744,0,1,1,0,0,1,0,0,0,1,0,0,0,1,0,1,1,0,0,0,0
1,1,0,0,-1.2002122764736234,1,1,0.48232780616379484,-0.8960500082203843,0,0,1,0,0,0,0,0,0,0,0,0,0,1,0,0,0,0,0,1,0
1,0,0,0,0.30589991255435406,1,0,0.08411536836235807,0.18886179174900355,0,0,0,0,0,1,0,0,0,1,0,0,0,0,0,1,0,0,0,1,0
0,0,0,0,-1.0780950719578415,1,0,-1.508734382843389,-0.9557618677087844,0,0,0,1,1,0,1,0,1,0,1,0,1,0,1,0,0,1,0,0,1
0,0,0,0,1.1607203441648277,1,1,1.3783057912170276,1.8120584426947042,0,1,1,0,0,0,0,0,0,1,0,1,0,1,0,1,0,1,0,1,0
1,1,1,0,-1.2816237461508113,1,1,0.7146183948812996,-0.9724460637423079,0,1,1,0,0,0,0,0,0,0,0,0,0,1,0,0,0,0,0,1,0
1,0,0,0,-0.22327464034736777,1,0,-0.31409706943907867,-0.3617166773572742,0,0,0,0,0,1,0,1,0,0,0,0,0,0,0,0,1,0,0,0,0
0,0,1,0,0.428017117070136,1,0,0.7146183948812996,0.5589875090190133,0,1,0,0,0,1,0,1,0,0,0,1,0,1,0,1,0,1,1,0,0
0,1,0,0,-0.5082147842175256,1,1,-0.1149908505383603,-0.49475118783510685,0,1,0,0,0,0,0,0,0,0,0,0,0,0,0,1,0,0,0,0,1
0,0,1,0,-0.6303319887333076,1,0,0.913724613782018,-0.3169327827409741,0,1,1,0,0,0,0,0,0,0,0,0,0,1,0,1,0,0,0,1,0
1,0,0,0,-1.0780950719578415,1,1,0.15048410799593087,-0.8192148949081046,0,0,1,0,0,0,0,0,0,0,0,0,0,0,0,0,0,0,0,1,0
0,0,1,0,0.346605647392948,0,0,-0.9777844657748066,-0.39947564732788016,1,0,0,0,0,0,0,1,0,0,0,1,0,0,0,0,1,0,0,0,1
1,0,0,0,-1.2816237461508113,1,0,0.48232780616379484,-0.9755194682747992,0,0,1,0,0,0,0,0,0,0,0,0,0,0,0,1,0,0,0,1,0
0,0,0,0,-1.2816237461508113,1,1,0.15048410799593087,-0.979910046178358,0,0,1,0,0,0,0,0,0,0,0,0,0,0,0,0,0,0,0,1,0
1,0,0,0,-0.7931549280876836,0,1,-1.3096281639426706,-0.8648769051051165,1,0,0,0,0,0,0,0,0,0,0,0,0,0,0,0,0,0,0,0,0
1,0,0,0,0.7943687306174818,1,1,1.3451214214002412,1.3721225367581094,0,0,1,0,0,0,0,1,0,1,0,1,0,1,0,1,1,0,0,0,0
0,0,0,0,-1.1188008067964355,1,0,-0.48001891852301065,-0.9030749328660784,0,0,0,0,0,0,0,1,0,0,0,0,0,0,0,0,0,0,0,0,0
1,0,1,1,1.6084834273893616,1,1,0.8473558741484452,1.8177661939693306,0,1,0,0,0,1,0,1,0,1,0,1,0,1,0,1,0,1,1,0,0
0,0,1,0,-0.30468611002455576,1,0,-0.3472814392558651,-0.407378687554286,0,1,0,0,0,0,0,1,0,0,0,0,0,0,0,0,0,0,0,1,0
0,0,0,0,1.3642490183577978,1,1,1.3119370515834547,1.9661677271096192,0,1,1,0,0,1,0,1,0,1,0,1,0,1,0,0,1,0,0,0,0
1,0,0,1,0.9571916699718578,1,1,-1.342812533759457,-0.384986740246136,0,1,0,1,1,0,1,0,1,0,1,0,1,0,1,0,0,1,0,0,1
0,0,0,0,-1.0780950719578415,1,1,1.1460152024995227,-0.7700404223882457,0,0,1,0,0,0,0,0,0,1,0,1,0,1,0,1,0,0,0,0,1
0,0,1,1,1.1200146093262338,0,0,-0.1813595901719331,0.5660124336647073,1,0,0,0,0,1,0,0,0,1,0,1,0,1,0,1,0,1,1,0,0
1,1,0,0,0.631545791263106,1,1,1.1460152024995227,1.0726851237353967,0,1,1,0,0,0,0,1,0,0,0,0,0,1,0,1,1,0,0,1,0
1,0,1,1,-0.22327464034736777,1,1,-0.3472814392558651,-0.34722777027553003,0,0,0,0,0,1,0,1,0,0,0,0,0,0,0,0,0,0,1,0,0
1,0,1,1,1.6084834273893616,1,1,1.3783057912170276,2.3038031678932938,0,1,1,0,0,1,0,1,0,1,0,1,0,1,0,0,0,1,1,0,0
0,0,0,0,0.22448844287716607,1,1,0.050930998545571676,0.09709871356462395,0,1,0,0,0,1,0,1,0,1,0,0,0,0,0,0,0,0,0,0,0
1,0,1,0,-1.1595065416350294,1,1,1.1791995723163091,-0.8258007617634429,0,1,1,0,0,0,0,1,0,0,0,0,0,1,0,1,0,0,0,1,0
1,0,1,1,-1.1595065416350294,1,0,-1.508734382843389,-0.9803491039687139,0,0,0,1,1,0,1,0,1,0,1,0,1,0,1,0,0,1,1,0,0
0,0,1,1,0.387311382231542,1,1,0.9800933534155908,0.7122186778532166,0,1,1,0,0,1,0,1,0,0,0,0,0,1,0,0,1,0,1,0,0
1,0,0,0,0.5501343215859179,1,1,0.9800933534155908,0.9313085152408024,0,1,1,0,0,0,0,1,0,1,0,0,0,1,0,0,1,0,1,0,0
1,0,1,0,0.30589991255435406,0,1,-0.7454938770573019,-0.25678186546221804,1,0,0,0,0,1,0,1,0,1,0,0,0,0,0,0,1,0,0,1,0
0,0,1,1,-0.06045170099299184,1,1,0.5486965457973676,0.10719704274280926,0,0,0,0,0,1,0,0,0,1,0,1,0,1,0,1,1,0,0,0,1
0,0,1,1,-0.10115743583158582,1,1,1.411490161033814,0.41322032262085995,0,1,1,0,0,0,0,1,0,1,0,1,0,1,0,1,0,0,0,1,0
1,0,1,0,-0.7931549280876836,1,1,0.01774662872878528,-0.6141749068119071,0,1,0,0,0,1,0,0,0,0,0,0,0,0,0,1,0,0,0,1,0
1,1,1,0,-0.7524491932490895,1,0,-1.508734382843389,-0.9100998575117725,0,0,0,1,1,0,1,0,1,0,1,0,1,0,1,0,1,0,0,0,1
0,0,0,0,-0.9152721326034655,1,1,-1.508734382843389,-0.9289793424970755,0,0,0,1,1,0,1,0,1,0,1,0,1,0,1,0,1,0,0,0,1
1,1,0,0,-0.10115743583158582,1,1,0.15048410799593087,-0.09125707849805002,0,1,0,0,0,0,0,0,0,1,0,1,0,1,0,0,0,1,1,0,0
1,1,0,0,0.1023712383613841,1,0,0.8805402439652316,0.3859987396187952,0,1,1,0,0,1,0,0,0,0,0,0,0,0,0,1,0,0,1,0,0
1,0,1,0,-0.019745966154397852,1,1,0.48232780616379484,0.13968731922914462,0,1,1,0,0,0,0,0,0,0,0,1,0,0,0,0,1,0,0,1,0
1,0,0,0,-1.2409180113122174,1,1,0.34959032689664926,-0.9272231113356519,0,0,1,0,0,1,0,0,0,0,0,0,0,0,0,0,0,0,0,1,0
1,0,1,1,0.1023712383613841,1,0,-1.508734382843389,-0.7177925453358955,0,0,0,1,1,0,1,0,1,0,1,0,1,0,1,0,1,0,0,1,0
1,0,1,1,-0.22327464034736777,1,0,1.1791995723163091,0.21608337475106834,0,1,1,0,0,1,0,1,0,0,0,1,0,1,0,0,0,0,0,1,0
1,0,1,1,1.6084834273893616,1,0,-1.342812533759457,-0.19399660144132674,0,1,0,1,1,0,1,0,1,0,1,0,1,0,1,0,0,1,1,0,0
1,0,0,1,-1.2816237461508113,1,1,-1.508734382843389,-1.0018629356961521,0,0,0,1,1,0,1,0,1,0,1,0,1,0,1,0,0,0,0,0,1
0,0,0,0,-1.2816237461508113,1,0,-0.7123095072405154,-0.9913255487276109,0,0,0,0,0,0,0,0,0,0,0,0,0,0,0,0,0,0,0,0,1
1,0,0,0,1.2828375486806096,1,1,1.1791995723163091,1.8888935560069837,0,0,1,0,0,1,0,1,0,0,0,0,0,1,0,1,1,0,1,0,0
0,0,0,0,-0.5489205190561197,1,1,-0.2809126996222923,-0.5566583362752864,0,1,0,0,0,0,0,0,0,1,0,0,0,0,0,0,0,0,0,0,1
1,0,0,1,-1.1595065416350294,1,1,-0.5132032883397971,-0.9294184002874314,0,0,0,0,0,1,0,0,0,0,0,0,0,0,0,0,0,0,0,1,0
1,0,0,0,-1.2816237461508113,1,1,0.15048410799593087,-0.979910046178358,0,0,1,0,0,0,0,0,0,0,0,0,0,0,0,0,0,0,0,1,0
0,0,0,0,0.06166550352279012,1,0,0.01774662872878528,-0.06315737991527348,0,1,0,0,0,0,0,0,0,0,0,1,0,1,0,0,0,0,0,0,1
0,0,1,0,1.6084834273893616,0,1,-0.5132032883397971,0.5616218557611485,1,0,0,0,0,1,0,1,0,1,0,0,0,0,0,1,0,1,0,1,0
1,0,1,1,1.5270719577121736,1,1,1.7101494893848914,2.568994073268247,0,1,1,0,0,1,0,1,0,1,0,1,0,1,0,1,0,1,1,0,0
0,0,1,0,1.3642490183577978,1,0,0.050930998545571676,0.9084775101422964,0,1,0,0,0,1,0,1,0,1,0,0,0,0,0,0,0,1,0,0,0
1,1,1,0,1.4863662228735797,1,1,1.4446745308506004,2.2028198761114406,0,1,1,0,0,0,0,1,0,1,0,1,0,1,0,1,0,1,0,0,0
1,0,0,1,-0.7117434584104956,1,0,-0.015437741088001118,-0.5931001328748247,0,0,0,0,0,1,0,0,0,1,0,0,0,0,0,1,1,0,0,0,1
0,0,0,0,1.5270719577121736,1,1,1.5442276403009596,2.3867850902705556,0,1,1,0,0,1,0,1,0,1,0,0,0,1,0,1,0,1,0,0,1
0,0,0,0,1.3642490183577978,1,1,-1.3096281639426706,-0.2712707725439622,0,1,0,1,1,0,1,0,1,0,1,0,1,0,1,0,0,1,1,0,0
0,1,0,0,0.387311382231542,1,1,0.6482496552477268,0.5444986019372691,0,1,1,0,0,0,0,0,0,0,0,0,0,1,0,0,0,0,0,1,0
0,0,1,1,-1.2002122764736234,1,1,0.5155121759805812,-0.9052702218178578,0,0,1,0,0,0,0,0,0,0,0,0,0,1,0,0,0,0,0,1,0
1,0,0,0,-0.06045170099299184,1,1,1.2787526817666683,0.3359461515182245,0,1,1,0,0,0,0,1,0,1,0,0,0,1,0,1,1,0,0,1,0
0,0,0,0,0.387311382231542,0,1,-0.3472814392558651,0.020702658042700234,1,0,0,0,0,1,0,1,0,1,0,1,0,0,0,1,1,0,0,1,0
1,0,0,0,-1.2002122764736234,1,1,1.1128308326827363,-0.8815611011386401,0,0,1,0,0,0,0,0,0,1,0,1,0,1,0,1,0,0,0,1,0
1,0,0,0,1.2421318138420157,1,0,-1.4755500130266026,-0.4271362881203008,0,0,0,1,1,0,1,0,1,0,1,0,1,0,1,0,1,0,0,0,1
1,0,1,0,0.7129572609402939,1,0,-1.4755500130266026,-0.5417303714031864,0,0,0,1,1,0,1,0,1,0,1,0,1,0,1,0,0,1,0,0,1
1,0,0,0,-1.2816237461508113,1,1,0.15048410799593087,-0.979910046178358,0,0,1,0,0,0,0,0,0,0,0,0,0,0,0,0,0,0,0,1,0
0,0,1,0,1.2828375486806096,1,1,1.0464620930491635,1.7620058545941337,0,0,1,0,0,1,0,0,0,0,0,1,0,1,0,1,1,0,0,0,1
1,0,1,0,-0.6303319887333076,1,0,-0.015437741088001118,-0.49431213004475094,0,0,0,0,0,1,0,1,0,0,0,0,0,0,0,1,1,0,0,0,1
1,0,1,1,0.631545791263106,1,1,-0.31409706943907867,0.1537371685205329,0,0,0,0,0,0,0,1,0,1,0,0,0,0,0,0,1,0,1,0,0
1,0,1,0,0.22448844287716607,0,1,-0.14817522035514671,-0.047351299462461686,1,0,0,0,0,1,0,1,0,0,0,1,0,1,0,1,0,1,0,0,0
1,0,0,1,-0.7117434584104956,1,0,-0.31409706943907867,-0.6308591028454307,0,0,0,0,0,0,0,0,0,1,0,1,0,0,0,0,1,0,1,0,0
0,0,1,1,-0.1825689055087738,1,1,0.18366847781271725,-0.13560191532399424,0,0,1,0,0,0,0,0,0,0,0,0,0,0,0,0,1,0,0,0,0
1,0,1,1,1.6084834273893616,1,0,1.5442276403009596,2.516746196215897,0,0,1,0,0,1,0,1,0,1,0,1,0,1,0,1,0,1,0,0,0
1,0,1,1,0.387311382231542,0,0,-0.5463876581565834,-0.11803960370975891,1,0,0,0,0,1,0,0,0,1,0,1,0,1,0,0,0,1,1,0,0
0,0,0,0,-1.2816237461508113,1,0,-1.4755500130266026,-1.0014238779057962,0,0,0,1,1,0,1,0,1,0,1,0,1,0,1,0,0,0,0,0,1
0,0,0,1,-0.06045170099299184,1,1,0.7146183948812996,0.17393382687690354,0,1,1,0,0,0,0,0,0,0,0,0,0,1,0,0,0,0,1,0,0
1,1,1,0,0.46872285190873,0,1,-1.1437063148587385,-0.4135254966192684,1,0,0,0,0,0,0,1,0,0,0,0,0,0,0,0,0,0,0,1,0
0,0,0,0,-0.8745663977648716,1,0,-0.3804658090726515,-0.7243784121912339,0,0,0,0,0,0,0,0,0,1,0,1,0,0,0,0,1,0,0,0,0
0,0,0,0,-1.0780950719578415,1,1,-0.31409706943907867,-0.8609253849919136,0,0,0,0,0,0,0,0,0,0,0,0,0,0,0,1,0,0,0,1,0
1,0,0,0,1.4456604880349857,1,0,1.2123839421330955,2.1114958557174166,0,1,1,0,0,1,0,1,0,1,0,0,0,1,0,0,1,0,0,0,0
1,0,1,1,1.2014260790034217,1,1,0.5486965457973676,1.1776199356304529,0,0,1,0,0,1,0,1,0,0,0,0,0,0,0,0,1,0,1,0,0
0,0,1,0,-0.4675090493789317,1,1,1.2787526817666683,-0.020568774250752802,0,1,1,0,0,1,0,0,0,1,0,0,0,1,0,1,0,0,0,1,0
0,0,1,1,-1.3223294809894055,1,0,0.28322158726307645,-0.39684130058574485,0,1,0,0,0,0,0,1,0,1,0,1,0,1,0,0,0,1,0,0,1
1,1,0,0,-0.9559778674420595,1,1,0.6150652854309404,-0.6633493793317661,0,1,1,0,0,0,0,0,0,0,0,0,0,0,0,1,0,0,0,1,0
1,0,1,0,1.4863662228735797,1,1,1.577412010117746,2.4170800778051116,0,1,1,0,0,1,0,1,0,1,0,1,0,1,0,1,0,1,0,0,0
1,0,0,0,-1.0373893371192475,1,0,-1.4755500130266026,-0.9482978852727344,0,0,0,1,1,0,1,0,1,0,1,0,1,0,1,0,0,0,0,0,1
0,0,1,0,1.4049547531963917,1,1,1.5442276403009596,2.2875580296501257,0,1,1,0,0,1,0,0,0,1,0,1,0,1,0,1,1,0,0,1,0
0,0,1,1,0.5094285867473239,1,1,-0.3472814392558651,0.007969982122379619,0,0,0,0,0,0,0,1,0,0,0,1,0,0,0,0,1,0,1,0,0
1,1,1,0,-0.6303319887333076,1,1,0.9800933534155908,-0.3239577073866682,0,1,1,0,0,0,0,0,0,0,0,0,0,1,0,1,0,0,0,1,0
0,0,0,0,0.1023712383613841,1,0,-1.4423656432098162,-0.6848632110592043,0,0,0,1,1,0,1,0,1,0,1,0,1,0,1,0,1,0,0,0,1
0,1,0,0,-1.2002122764736234,1,1,0.7146183948812996,-0.9136123198346195,0,0,1,0,0,0,0,0,0,1,0,0,0,1,0,0,0,0,0,1,0
0,0,0,0,-0.8338606629262776,1,1,0.7146183948812996,-0.5421694291935423,0,1,1,0,0,0,0,0,0,0,0,0,0,0,0,1,0,0,0,1,0
1,0,0,0,0.06166550352279012,0,1,-1.3096281639426706,-0.6361277963297013,1,0,0,0,0,0,0,0,0,0,0,0,0,0,0,0,0,0,0,0,0
0,0,1,0,0.9571916699718578,1,1,1.3451214214002412,1.6539976381665864,0,0,1,0,0,1,0,1,0,1,0,0,0,1,0,1,1,0,1,0,0
1,1,1,0,-1.0373893371192475,1,1,0.8141715043316587,-0.7445750705476045,0,0,1,0,0,0,0,0,0,0,0,0,0,1,0,1,0,0,0,1,0
0,0,0,0,-1.2816237461508113,1,1,-1.3096281639426706,-0.9992285889540168,0,1,0,1,1,0,1,0,1,0,1,0,1,0,1,0,0,0,0,1,0
0,0,0,0,0.8350744654560759,1,0,-1.4755500130266026,-0.5500724694199481,0,0,0,1,1,0,1,0,1,0,1,0,1,0,1,0,0,1,0,0,1
0,1,1,0,0.387311382231542,1,1,1.3451214214002412,1.0090217441337936,0,1,1,0,0,1,0,0,0,1,0,0,0,1,0,1,1,0,0,0,0
1,0,0,0,0.7943687306174818,1,0,0.8805402439652316,1.0700507769932615,0,0,1,0,0,1,0,0,0,1,0,0,0,1,0,0,1,0,0,1,0
0,0,1,0,1.6084834273893616,1,1,1.7433338592016778,2.734518860232415,0,1,1,0,0,1,0,1,0,1,0,1,0,1,0,1,0,1,1,0,0
0,0,1,1,-1.2409180113122174,0,1,-1.342812533759457,-0.9943989532601021,1,0,0,0,0,0,0,0,0,0,0,0,0,0,0,0,0,0,0,0,1
0,0,0,0,-1.2409180113122174,1,0,0.48232780616379484,-0.9439073073691755,0,1,1,0,0,0,0,1,0,0,0,0,0,0,0,0,0,0,0,1,0
0,0,1,1,0.7943687306174818,1,0,1.2123839421330955,1.3172403129636239,0,1,1,0,0,0,0,0,0,1,0,0,0,1,0,1,1,0,0,0,0
1,0,1,0,-1.0780950719578415,1,0,-1.3096281639426706,-0.9351261515620578,0,1,0,1,1,0,1,0,1,0,1,0,1,0,1,0,1,0,0,0,1
1,0,1,0,1.6084834273893616,1,0,1.676965119568105,2.648024475532306,0,1,1,0,0,1,0,1,0,1,0,1,0,1,0,1,0,1,1,0,0
0,1,0,0,-1.2816237461508113,1,1,0.8805402439652316,-0.9702507747905286,0,0,1,0,0,0,0,0,0,0,0,0,0,1,0,1,0,0,0,1,0
0,0,0,0,0.7129572609402939,1,1,1.4778589006673868,1.4270047605525946,0,1,1,0,0,1,0,1,0,0,0,1,0,1,0,1,0,1,0,1,0
0,0,0,0,1.4456604880349857,1,1,0.581880915614154,1.4687152506364036,0,0,0,0,0,1,0,1,0,1,0,1,0,1,0,1,0,1,1,0,0
1,0,1,0,-1.2816237461508113,1,1,0.15048410799593087,-0.979910046178358,0,0,1,0,0,0,0,0,0,0,0,0,0,0,0,0,0,0,0,1,0
1,0,0,0,-1.2002122764736234,1,0,-0.14817522035514671,-0.9241497068031608,0,0,0,0,0,0,0,0,0,0,0,1,0,0,0,1,0,0,0,0,1
1,0,1,0,-0.4268033145403377,1,1,-0.1813595901719331,-0.40693962976393017,0,0,0,0,0,1,0,0,0,0,0,0,0,1,0,0,1,0,0,0,0
0,0,1,1,1.6084834273893616,1,1,0.48232780616379484,1.4753011174917419,0,1,0,0,0,1,0,1,0,1,0,1,0,0,0,1,0,1,0,0,0
0,0,1,1,1.2828375486806096,1,0,-1.508734382843389,-0.4236238257974537,0,0,0,1,1,0,1,0,1,0,1,0,1,0,1,0,1,0,0,0,0
1,0,0,0,-1.0780950719578415,1,0,-1.4755500130266026,-0.9592743300316314,0,0,0,1,1,0,1,0,1,0,1,0,1,0,1,0,1,0,0,0,1
1,0,1,1,1.4456604880349857,1,1,-1.508734382843389,-0.4381127328791979,0,0,0,1,1,0,1,0,1,0,1,0,1,0,1,0,0,1,0,0,0
1,0,0,0,1.3642490183577978,1,1,1.3119370515834547,2.0017314081284456,0,1,1,0,0,0,0,1,0,0,0,1,0,1,0,1,1,0,0,1,0
0,1,0,0,-1.2816237461508113,1,0,0.44914343634700843,-0.975958526065155,0,0,1,0,0,0,0,0,0,0,0,0,0,1,0,0,0,0,0,1,0
0,0,0,0,-1.0780950719578415,1,1,0.8141715043316587,-0.7586249198389927,0,0,1,0,0,0,0,0,0,0,0,0,0,1,0,1,0,0,0,1,0
0,1,0,0,-1.2002122764736234,1,1,0.18366847781271725,-0.9206372444803137,0,0,1,0,0,0,0,0,0,0,0,0,0,0,0,0,0,0,0,1,0
1,0,0,0,0.06166550352279012,1,0,1.7101494893848914,0.7016812908846753,0,1,1,0,0,1,0,1,0,1,0,1,0,1,0,1,1,0,1,0,0
0,0,1,0,1.1200146093262338,1,1,1.07964646286595,1.4533482279739476,0,0,1,0,0,1,0,0,0,0,0,1,0,1,0,1,0,1,0,1,0
0,0,0,0,-0.9152721326034655,1,1,0.5155121759805812,-0.6387621430718365,0,0,1,0,0,0,0,0,0,0,0,0,0,0,0,1,0,0,0,0,0
0,0,1,1,0.6722515261016999,1,0,-1.3096281639426706,-0.47850604959193915,0,1,0,1,1,0,1,0,1,0,1,0,1,0,1,0,0,1,0,0,1
0,0,0,0,0.631545791263106,1,1,0.28322158726307645,0.5620609135515044,0,1,0,0,0,0,0,1,0,1,0,1,0,1,0,0,1,0,0,0,0
0,1,0,0,-0.7524491932490895,0,0,-0.8450469865076611,-0.7063770427866426,1,0,0,0,0,1,0,0,0,1,0,1,0,0,0,0,0,1,0,0,1
1,1,1,0,1.4456604880349857,1,1,0.5155121759805812,1.4436889565861182,0,1,1,0,0,0,0,0,0,1,0,0,0,0,0,0,0,0,1,0,0
0,0,0,0,0.18378270803857208,0,1,-0.8118626166908747,-0.3612776195669183,1,0,0,0,0,0,0,0,0,1,0,0,0,0,0,1,0,0,1,0,0
0,0,1,1,1.4863662228735797,1,0,1.6105963799345322,2.456156221146785,0,1,1,0,0,1,0,1,0,1,0,1,0,1,0,1,0,1,1,0,0
0,0,0,0,-0.7931549280876836,0,0,-0.9777844657748066,-0.8126290280527664,1,0,0,0,0,0,0,0,0,1,0,1,0,0,0,0,0,1,0,0,1
1,0,0,1,-0.9966836022806536,1,0,-1.508734382843389,-0.9403948450463284,0,0,0,1,1,0,1,0,1,0,1,0,1,0,1,0,0,0,0,0,0
1,0,1,1,-0.7931549280876836,1,1,0.25003721744629004,-0.6018812886819424,0,1,0,0,0,0,0,1,0,1,0,1,0,1,0,0,0,0,0,1,0
1,0,1,0,0.9978974048104517,1,1,-0.1813595901719331,0.5045443430148837,0,0,0,0,0,1,0,1,0,0,0,1,0,0,0,0,0,1,0,1,0
1,0,1,1,1.6084834273893616,1,0,0.8141715043316587,1.8708921866023926,0,1,0,0,0,1,0,1,0,1,0,1,0,1,0,1,0,1,1,0,0
0,0,1,1,-0.9966836022806536,1,0,-1.508734382843389,-0.9219544178513813,0,0,0,1,1,0,1,0,1,0,1,0,1,0,1,0,0,1,0,0,1
1,0,1,0,0.5094285867473239,1,0,-0.3804658090726515,-0.002128347055805699,0,0,0,0,0,1,0,0,0,1,0,0,0,0,0,0,0,1,1,0,0
1,0,0,0,-0.4675090493789317,0,1,-0.7123095072405154,-0.5663176076631158,1,0,0,0,0,1,0,0,0,0,0,1,0,1,0,0,0,0,0,0,1
1,0,0,0,0.26519417771576004,0,1,-0.8118626166908747,-0.3542526949212242,1,0,0,0,0,0,0,0,0,0,0,1,0,0,0,1,0,0,0,1,0
1,0,0,1,-0.7117434584104956,1,1,-1.342812533759457,-0.8679503096376077,0,1,0,1,1,0,1,0,1,0,1,0,1,0,1,0,0,0,0,1,0
1,0,1,1,0.8757802002946699,1,0,-0.04862211090478751,0.4865429736102925,0,1,0,0,0,0,0,0,0,1,0,0,0,0,0,1,0,1,1,0,0
1,0,0,0,1.1200146093262338,1,1,0.8141715043316587,1.286506267638712,0,1,1,0,0,0,0,0,0,1,0,0,0,1,0,0,0,1,0,1,0
0,0,0,0,-1.2409180113122174,0,1,-0.6459407676069426,-0.9728851215326638,1,0,0,0,0,0,0,0,0,0,0,0,0,1,0,1,0,0,0,1,0
1,0,1,0,0.18378270803857208,1,1,0.8473558741484452,0.4909335515138513,0,0,1,0,0,0,0,0,0,1,0,1,0,0,0,1,0,0,0,1,0
0,0,1,0,-0.8338606629262776,1,0,-0.3472814392558651,-0.7072551583673544,0,0,0,0,0,1,0,0,0,0,0,1,0,0,0,0,0,0,0,0,0
0,0,0,0,-0.10115743583158582,1,0,1.3783057912170276,0.3996095311198276,0,1,1,0,0,1,0,0,0,0,0,1,0,1,0,1,0,0,0,0,0
1,0,1,0,1.1607203441648277,1,1,1.3783057912170276,1.7887883798058426,0,1,1,0,0,1,0,1,0,0,0,0,0,1,0,1,0,0,0,1,0
1,1,1,1,1.6084834273893616,0,1,-0.015437741088001118,1.0674164302511262,1,0,0,0,0,1,0,1,0,1,0,1,0,1,0,1,0,1,0,0,0
1,0,1,1,-1.2816237461508113,1,1,-1.4755500130266026,-1.0014238779057962,0,0,0,1,1,0,1,0,1,0,1,0,1,0,1,0,1,0,0,1,0
0,1,1,0,0.22448844287716607,1,0,1.013277723232377,0.5664514914550632,0,1,1,0,0,1,0,1,0,0,0,0,0,0,0,1,1,0,1,0,0
0,0,0,0,-0.30468611002455576,1,1,0.01774662872878528,-0.27302700370538574,0,0,0,0,0,0,0,1,0,0,0,1,0,0,0,1,0,0,0,0,0
0,0,1,0,1.5677776925507676,1,1,-1.342812533759457,-0.25941621220435335,0,1,0,1,1,0,1,0,1,0,1,0,1,0,1,0,0,1,0,0,0
0,0,1,1,-0.2639803751859618,1,1,-1.4755500130266026,-0.7937495430674634,0,0,0,1,1,0,1,0,1,0,1,0,1,0,1,0,0,0,1,0,0
0,0,0,0,-0.5082147842175256,1,1,0.8141715043316587,-0.18521544563420905,0,1,1,0,0,1,0,0,0,0,0,0,0,1,0,0,0,0,0,0,0
1,0,0,0,-0.1825689055087738,1,1,0.9800933534155908,0.15724963084337995,0,1,1,0,0,1,0,1,0,0,0,0,0,0,0,1,0,0,1,0,0
1,0,1,0,-0.06045170099299184,1,1,0.9469089835988044,0.2801858121430273,0,0,1,0,0,0,0,0,0,1,0,0,0,1,0,1,1,0,0,1,0
1,1,0,0,-0.019745966154397852,1,1,1.0464620930491635,0.315310435371498,0,1,1,0,0,0,0,0,0,0,0,0,0,1,0,1,0,0,1,0,0
0,0,0,0,-0.7931549280876836,0,1,-0.9777844657748066,-0.8143852592141899,1,0,0,0,0,0,0,0,0,0,0,0,0,0,0,1,0,0,0,1,0
1,0,0,0,-0.7117434584104956,1,1,-1.2764437941258842,-0.84424118895839,0,1,0,1,1,0,1,0,1,0,1,0,1,0,1,0,0,0,0,1,0
1,0,0,0,1.1200146093262338,0,0,-0.8450469865076611,0.05407105010974737,1,0,0,0,0,1,0,1,0,1,0,0,0,0,0,0,0,1,0,0,0
0,0,0,0,-1.2002122764736234,1,0,0.34959032689664926,-0.9039530484467901,0,1,1,0,0,0,0,0,0,0,0,0,0,0,0,0,0,0,0,1,0
0,0,0,0,0.8757802002946699,1,1,1.1791995723163091,1.316362197382912,0,0,1,0,0,1,0,1,0,0,0,0,0,1,0,1,1,0,1,0,0
0,0,1,1,-1.2002122764736234,1,0,-1.508734382843389,-0.9873740286144079,0,0,0,1,1,0,1,0,1,0,1,0,1,0,1,0,0,1,0,0,1
0,0,0,0,-0.9559778674420595,1,0,0.21685284762950366,-0.7151581985937603,0,0,1,0,0,0,0,0,0,0,0,0,0,0,0,0,0,0,0,1,0
0,0,1,1,-0.6303319887333076,1,1,1.3119370515834547,-0.2449273051226092,0,1,1,0,0,1,0,0,0,1,0,0,0,1,0,1,0,0,0,1,0
0,1,0,0,-0.7117434584104956,1,1,1.0464620930491635,-0.3841086246654242,0,0,1,0,0,1,0,0,0,1,0,1,0,0,0,1,0,0,0,0,1
0,0,1,1,-0.5489205190561197,1,0,-1.3096281639426706,-0.7972620053903104,0,1,0,1,1,0,1,0,1,0,1,0,1,0,1,0,0,1,0,0,1
0,0,1,1,-1.1595065416350294,1,1,0.6814340250645132,-0.8429240155873223,0,1,1,0,0,0,0,0,0,0,0,0,0,0,0,1,0,0,0,1,0
0,0,0,1,-1.2816237461508113,1,1,0.48232780616379484,-0.9755194682747992,0,0,1,0,0,0,0,0,0,0,0,0,0,1,0,0,0,0,0,1,0
1,0,1,1,1.6084834273893616,0,0,-0.14817522035514671,0.9870688546159996,1,0,0,0,0,1,0,0,0,1,0,1,0,1,0,1,0,1,0,0,0
1,0,1,1,-0.30468611002455576,1,1,-0.31409706943907867,-0.3665463130511889,0,1,0,0,0,0,0,0,0,0,0,1,0,0,0,0,1,0,0,0,1
1,0,0,0,-0.9559778674420595,1,1,0.3827746967134356,-0.7098895051094897,0,1,1,0,0,0,0,0,0,0,0,0,0,0,0,0,0,0,0,1,0
0,0,0,0,-1.1188008067964355,1,1,-1.4755500130266026,-0.964543023515902,0,0,0,1,1,0,1,0,1,0,1,0,1,0,1,0,0,0,0,0,1
1,0,1,1,1.1607203441648277,0,0,-1.0441532054083793,-0.08071969152950882,1,0,0,0,0,1,0,0,0,1,0,0,0,0,0,0,0,0,0,0,0
0,0,1,0,1.5677776925507676,1,1,1.3119370515834547,2.2440913084048932,0,1,1,0,0,1,0,0,0,1,0,0,0,1,0,1,1,0,1,0,0
0,0,1,1,1.1200146093262338,1,1,-1.508734382843389,-0.5259242909503745,0,0,0,1,1,0,1,0,1,0,1,0,1,0,1,0,0,1,1,0,0
1,0,0,0,0.9164859351332638,1,1,-0.1813595901719331,0.38380345066701577,0,0,0,0,0,1,0,0,0,1,0,1,0,0,0,0,0,1,0,1,0
0,1,1,1,1.1200146093262338,1,1,0.31640595707986285,0.9462364801129024,0,0,0,0,0,1,0,1,0,1,0,1,0,0,0,1,1,0,1,0,0
0,0,0,0,-0.10115743583158582,1,0,0.6814340250645132,0.10061117588747101,0,0,0,0,0,1,0,1,0,1,0,1,0,1,0,1,1,0,0,0,0
0,0,1,0,0.346605647392948,1,1,1.6105963799345322,1.0068264551820143,0,1,1,0,0,1,0,1,0,1,0,1,0,1,0,1,0,0,0,0,0
0,0,0,0,-0.8745663977648716,1,1,-0.3472814392558651,-0.7393063770633339,0,0,0,0,0,1,0,0,0,0,0,1,0,0,0,0,1,0,0,0,1
1,1,0,0,0.22448844287716607,1,1,0.18366847781271725,0.08612226880572686,0,0,0,0,0,0,0,1,0,1,0,1,0,1,0,0,1,0,1,0,0
0,1,0,0,-1.2409180113122174,1,0,-0.7123095072405154,-0.9728851215326638,0,0,0,0,0,0,0,0,0,0,0,0,0,0,0,0,0,0,0,1,0
1,0,1,1,1.6084834273893616,1,1,1.07964646286595,2.0592479786650664,0,1,1,0,0,1,0,1,0,0,0,1,0,0,0,1,0,1,1,0,0
0,0,1,1,0.346605647392948,1,1,1.2123839421330955,0.7152920823857077,0,1,1,0,0,1,0,1,0,1,0,0,0,0,0,1,1,0,0,0,0
0,0,0,0,-1.2816237461508113,1,1,0.9469089835988044,-0.9693726592098167,0,1,1,0,0,0,0,0,0,0,0,0,0,1,0,1,0,0,0,1,0
1,0,0,1,-1.2409180113122174,1,0,-1.4755500130266026,-0.9917646065179668,0,0,0,1,1,0,1,0,1,0,1,0,1,0,1,0,0,0,0,0,1
1,0,1,1,0.590840056424512,1,1,1.1460152024995227,1.0748804126871763,0,1,1,0,0,0,0,1,0,0,0,0,0,1,0,1,0,0,0,1,0
0,1,0,0,-0.8745663977648716,1,1,1.013277723232377,-0.5184603085143246,0,0,1,0,0,0,0,1,0,0,0,0,0,1,0,1,0,0,0,1,0
1,0,0,0,-1.2816237461508113,0,1,-1.342812533759457,-0.9996676467443727,1,0,0,0,0,0,0,0,0,0,0,0,0,0,0,0,0,0,0,1,0
1,0,1,1,-1.1188008067964355,1,0,-1.508734382843389,-0.9724460637423079,0,0,0,1,1,0,1,0,1,0,1,0,1,0,1,0,0,0,0,0,1
0,0,1,0,1.1200146093262338,0,0,-0.48001891852301065,0.2678921940130626,1,0,0,0,0,1,0,1,0,1,0,0,0,0,0,1,1,0,0,1,0
0,0,0,0,0.7129572609402939,1,0,-1.508734382843389,-0.5610489141788453,0,0,0,1,1,0,1,0,1,0,1,0,1,0,1,0,0,1,1,0,0
1,0,0,0,0.9571916699718578,1,1,0.7146183948812996,1.150837410418744,0,1,1,0,0,1,0,1,0,0,0,0,0,0,0,0,0,0,0,1,0
0,0,0,0,0.22448844287716607,1,1,0.6150652854309404,0.409268802507657,0,0,1,0,0,1,0,1,0,1,0,0,0,0,0,0,0,0,1,0,0
1,0,1,0,0.8757802002946699,1,0,1.4778589006673868,1.6759505276843805,0,1,1,0,0,1,0,1,0,1,0,0,0,1,0,1,0,0,0,1,0
1,0,0,0,0.631545791263106,1,1,1.3783057912170276,1.2210866568756853,0,1,1,0,0,0,0,1,0,1,0,0,0,1,0,1,1,0,1,0,0
1,0,0,0,-1.1595065416350294,1,1,0.6814340250645132,-0.8618035005726253,0,1,1,0,0,0,0,0,0,0,0,0,0,0,0,1,0,0,0,1,0
1,0,1,0,-1.2816237461508113,1,0,0.34959032689664926,-0.9772756994362226,0,0,1,0,0,0,0,0,0,1,0,0,0,0,0,0,0,0,1,0,0
0,1,1,0,-0.1825689055087738,1,1,1.5110432704841732,0.3965361265873364,0,1,1,0,0,0,0,1,0,1,0,1,0,1,0,1,0,0,0,1,0
1,0,0,0,-0.9152721326034655,1,0,1.1128308326827363,-0.5676347810341835,0,1,1,0,0,1,0,0,0,0,0,0,0,1,0,1,0,0,0,1,0
1,0,1,1,-0.5896262538947137,1,0,-1.508734382843389,-0.8600472694112018,0,0,0,1,1,0,1,0,1,0,1,0,1,0,1,0,1,0,0,0,0
1,0,1,1,1.4049547531963917,1,0,1.3119370515834547,2.0127078528873428,0,1,1,0,0,1,0,0,0,0,0,1,0,1,0,1,0,1,0,0,0
1,0,0,0,-1.2816237461508113,1,1,0.18366847781271725,-0.9794709883880021,0,0,1,0,0,0,0,0,0,0,0,0,0,0,0,0,0,0,0,1,0
1,0,1,1,1.3642490183577978,1,0,0.01774662872878528,0.7886147333751402,0,0,0,0,0,1,0,1,0,1,0,1,0,0,0,0,0,1,0,0,1
1,0,1,0,-0.9559778674420595,1,1,0.11729973817914446,-0.749843764031875,0,0,0,0,0,1,0,1,0,0,0,1,0,1,0,0,0,0,0,0,1
1,0,1,1,1.4456604880349857,1,1,1.2123839421330955,1.9622162069964162,0,1,1,0,0,0,0,1,0,0,0,0,0,1,0,1,1,0,1,0,0
0,0,1,0,0.9978974048104517,1,0,0.31640595707986285,0.9075993945615847,0,1,0,0,0,0,0,1,0,1,0,1,0,1,0,0,1,0,0,0,0
0,0,1,1,-0.7524491932490895,1,1,0.8805402439652316,-0.43899084845990965,0,1,1,0,0,0,0,0,0,0,0,1,0,1,0,0,0,0,0,1,0
1,1,1,1,1.3642490183577978,1,1,1.7101494893848914,2.441667314065041,0,1,1,0,0,1,0,1,0,1,0,1,0,1,0,1,1,0,0,1,0
0,0,0,0,0.1023712383613841,1,0,-1.3759969035762434,-0.6602759747992749,0,1,0,1,1,0,1,0,1,0,1,0,1,0,1,0,0,1,0,0,0
1,1,0,0,-1.2002122764736234,1,1,0.3827746967134356,-0.9087826841407048,0,1,1,0,0,0,0,0,0,0,0,0,0,0,0,0,0,0,0,1,0
1,0,1,0,-0.4268033145403377,1,1,-0.2809126996222923,-0.4429423685731126,0,0,0,0,0,1,0,0,0,0,0,1,0,0,0,0,1,0,1,0,0
0,0,0,1,0.18378270803857208,1,0,-1.4755500130266026,-0.678716401994222,0,0,0,1,1,0,1,0,1,0,1,0,1,0,1,0,1,0,0,0,0
1,0,0,1,-0.22327464034736777,1,1,-1.3096281639426706,-0.6642274949124778,0,1,0,1,1,0,1,0,1,0,1,0,1,0,1,0,0,1,1,0,0
1,0,0,0,-0.9966836022806536,0,1,-1.1437063148587385,-0.9109779730924843,1,0,0,0,0,1,0,0,0,0,0,0,0,0,0,0,0,0,0,1,0
1,0,1,0,1.4049547531963917,1,0,-1.342812533759457,-0.31517655157955055,0,1,0,1,1,0,1,0,1,0,1,0,1,0,1,0,0,1,1,0,0
1,0,1,0,0.8350744654560759,1,0,0.9469089835988044,1.1978165939868235,0,1,1,0,0,1,0,0,0,1,0,0,0,0,0,1,0,0,0,1,0
0,0,1,1,1.6084834273893616,1,0,1.411490161033814,2.3520995248324406,0,1,1,0,0,1,0,1,0,1,0,1,0,0,0,1,0,1,1,0,0
1,0,0,1,-1.2002122764736234,1,0,0.8805402439652316,-0.8973671815914519,0,1,1,0,0,0,0,0,0,1,0,0,0,0,0,1,0,0,0,1,0
0,0,0,0,-1.0780950719578415,1,1,-0.5132032883397971,-0.8723408875411666,0,0,0,0,0,1,0,0,0,0,0,0,0,0,0,0,0,0,0,1,0
0,1,1,0,1.5677776925507676,1,1,1.0464620930491635,1.9604599758349928,0,1,1,0,0,1,0,1,0,1,0,1,0,0,0,0,0,1,1,0,0
1,0,1,0,1.2421318138420157,1,0,-1.508734382843389,-0.4670905470426862,0,0,0,1,1,0,1,0,1,0,1,0,1,0,1,0,0,1,0,0,1
1,0,0,0,0.8757802002946699,1,1,1.3451214214002412,1.4673980772653359,0,0,1,0,0,1,0,1,0,0,0,1,0,1,0,1,1,0,1,0,0
1,0,0,0,-1.2816237461508113,1,1,-0.679125137423729,-0.990886490937255,0,0,0,0,0,0,0,0,0,0,0,0,0,0,0,0,0,0,0,0,1
0,0,1,1,1.1607203441648277,1,1,0.48232780616379484,1.1060535158024438,0,1,0,0,0,1,0,1,0,1,0,1,0,0,0,1,1,0,0,1,0
0,0,0,0,-0.7931549280876836,1,0,-1.508734382843389,-0.9083436263503489,0,0,0,1,1,0,1,0,1,0,1,0,1,0,1,0,0,0,1,0,0
1,0,0,0,-0.4268033145403377,1,1,-1.342812533759457,-0.7937495430674634,0,1,0,1,1,0,1,0,1,0,1,0,1,0,1,0,0,0,1,0,0
1,0,0,0,-1.1595065416350294,1,1,-1.508734382843389,-0.9843006240819168,0,0,0,1,1,0,1,0,1,0,1,0,1,0,1,0,0,0,0,0,1
0,0,1,1,-0.3453918448631497,0,0,-0.24772832980550588,-0.41001303429642133,1,0,0,0,0,1,0,1,0,1,0,0,0,1,0,1,1,0,0,1,0
0,1,1,0,1.5677776925507676,1,1,0.581880915614154,1.549940941852242,0,1,0,0,0,1,0,1,0,1,0,1,0,0,0,1,0,1,0,0,0
1,0,0,0,1.5270719577121736,1,1,1.3119370515834547,2.1729639463672403,0,1,1,0,0,1,0,0,0,0,0,1,0,1,0,1,0,1,1,0,0
0,1,0,0,-0.30468611002455576,1,1,0.8141715043316587,-0.04998564620459699,0,1,1,0,0,0,0,1,0,0,0,0,0,0,0,1,0,0,0,1,0
0,0,1,1,1.6084834273893616,1,1,0.44914343634700843,1.5055961050262978,0,1,0,0,0,0,0,1,0,0,0,1,0,1,0,1,0,1,0,1,0
0,1,0,0,-1.2816237461508113,1,1,0.18366847781271725,-0.9794709883880021,0,0,1,0,0,0,0,0,0,0,0,0,0,0,0,0,0,0,0,1,0
0,0,1,1,0.9571916699718578,1,1,1.1460152024995227,1.4111986800997829,0,1,1,0,0,0,0,0,0,1,0,0,0,1,0,1,1,0,1,0,0
0,0,0,1,-0.2639803751859618,1,1,1.3451214214002412,0.18183686710330943,0,0,1,0,0,0,0,1,0,1,0,1,0,1,0,1,0,1,0,1,0
1,0,1,0,0.590840056424512,1,1,0.44914343634700843,0.5923559010860604,0,1,1,0,0,0,0,1,0,0,0,0,0,0,0,0,1,0,0,1,0
1,1,0,0,0.9978974048104517,1,1,0.48232780616379484,0.9383334398864964,0,1,0,0,0,0,0,1,0,1,0,0,0,1,0,1,0,1,0,0,0
0,0,1,1,1.5270719577121736,1,0,0.5155121759805812,1.455982574716083,0,1,0,0,0,1,0,1,0,1,0,1,0,1,0,0,0,1,0,1,0
1,0,1,1,1.6084834273893616,1,1,1.577412010117746,2.557578570718994,0,1,1,0,0,1,0,1,0,1,0,1,0,1,0,1,0,1,1,0,0
0,0,0,0,-1.2816237461508113,1,0,0.21685284762950366,-0.9790319305976461,0,0,1,0,0,0,0,0,0,0,0,0,0,0,0,0,0,0,0,0,1
1,0,1,1,-0.7931549280876836,1,0,-1.4755500130266026,-0.9144904354153314,0,0,0,1,1,0,1,0,1,0,1,0,1,0,1,0,1,0,0,0,1
1,0,1,0,0.8350744654560759,1,1,0.9800933534155908,1.1266892319491704,0,0,1,0,0,0,0,1,0,0,0,0,0,1,0,1,1,0,0,0,0
1,0,1,1,0.26519417771576004,1,0,-0.1813595901719331,0.01850736909092082,0,0,0,0,0,1,0,1,0,1,0,0,0,0,0,0,1,0,0,1,0
0,0,1,1,-1.2816237461508113,1,1,0.15048410799593087,-0.979910046178358,0,0,1,0,0,0,0,0,0,0,0,0,0,0,0,0,0,0,0,1,0
1,1,1,0,1.2828375486806096,1,0,1.245568311949882,1.8603547996338514,0,1,1,0,0,0,0,0,0,1,0,1,0,1,0,1,0,1,0,1,0
1,1,1,0,0.631545791263106,1,1,0.8805402439652316,0.9084775101422964,0,1,1,0,0,0,0,0,0,1,0,0,0,0,0,1,0,0,1,0,0
1,0,0,1,-1.2816237461508113,0,0,-1.342812533759457,-0.9996676467443727,1,0,0,0,0,0,0,0,0,0,0,0,0,0,0,0,0,0,0,1,0
1,0,0,0,-1.2816237461508113,1,1,0.48232780616379484,-0.9755194682747992,0,0,1,0,0,0,0,0,0,0,0,0,0,0,0,1,0,0,0,1,0
0,1,1,0,-1.2816237461508113,1,1,1.1791995723163091,-0.9662992546773256,0,1,1,0,0,0,0,0,0,1,0,0,0,1,0,1,0,0,0,1,0
1,0,1,0,1.3235432835192036,1,1,0.8473558741484452,1.5938467208878304,0,1,1,0,0,0,0,1,0,0,0,0,0,0,0,1,0,0,0,1,0
1,0,0,0,-1.1595065416350294,1,1,0.9800933534155908,-0.8521442291847959,0,0,1,0,0,1,0,1,0,0,0,1,0,0,0,1,0,0,0,0,1
0,0,1,0,0.9164859351332638,1,1,0.9800933534155908,1.3062638682047267,0,0,1,0,0,1,0,0,0,0,0,0,0,1,0,1,1,0,0,1,0
1,0,1,0,0.6722515261016999,1,1,-0.31409706943907867,0.145834128294127,0,1,0,0,0,1,0,0,0,0,0,0,0,0,0,0,1,0,0,1,0
0,0,1,1,-0.06045170099299184,1,1,-1.508734382843389,-0.7213050076587426,0,0,0,1,1,0,1,0,1,0,1,0,1,0,1,0,0,0,0,0,1
0,0,1,1,1.6084834273893616,1,1,1.7101494893848914,2.7116878551339094,0,1,1,0,0,1,0,1,0,1,0,1,0,1,0,1,0,1,0,0,0
0,0,1,1,-0.10115743583158582,1,1,1.1791995723163091,0.32716499571110685,0,1,1,0,0,0,0,0,0,1,0,0,0,1,0,1,0,0,0,1,0
0,0,1,0,1.6084834273893616,0,1,-0.3472814392558651,0.7183654869181989,1,0,0,0,0,0,0,1,0,1,0,0,0,1,0,1,0,1,0,1,0
0,0,0,1,-0.9559778674420595,1,0,0.9469089835988044,-0.6282247561032954,0,0,1,0,0,1,0,0,0,1,0,1,0,0,0,1,0,0,0,0,0
0,0,0,0,-0.9966836022806536,1,1,1.1460152024995227,-0.6501776456210896,0,1,1,0,0,0,0,0,0,1,0,0,0,1,0,1,0,0,0,1,0
0,0,1,1,1.0793088744876398,1,1,1.3783057912170276,1.7365405027534924,0,1,1,0,0,0,0,1,0,1,0,0,0,1,0,1,1,0,0,1,0
0,0,0,0,-0.4268033145403377,1,1,0.6482496552477268,-0.19575283260275025,0,0,1,0,0,0,0,1,0,0,0,0,0,0,0,1,0,0,0,0,1
1,1,0,0,1.2014260790034217,1,1,1.5110432704841732,2.086469561667131,0,1,1,0,0,0,0,1,0,1,0,1,0,1,0,1,1,0,0,0,0
0,1,1,0,-1.2816237461508113,1,0,-0.6127563977901562,-0.9900083753565433,0,0,0,0,0,0,0,0,0,0,0,0,0,0,0,0,0,0,0,1,0
0,0,0,0,-1.2816237461508113,1,1,0.31640595707986285,-0.9777147572265785,0,0,1,0,0,0,0,1,0,0,0,0,0,0,0,0,0,0,0,1,0
0,0,1,1,1.5677776925507676,1,0,-1.508734382843389,-0.42801440370101257,0,0,0,1,1,0,1,0,1,0,1,0,1,0,1,0,0,1,0,0,0
0,0,0,0,-0.38609757970174374,1,0,-1.342812533759457,-0.7401844926440456,0,1,0,1,1,0,1,0,1,0,1,0,1,0,1,0,1,0,1,0,0
0,0,0,0,1.4049547531963917,1,1,0.6814340250645132,1.4985711803806037,0,1,0,0,0,1,0,0,0,1,0,1,0,1,0,1,0,1,0,0,1
1,0,0,0,-0.2639803751859618,1,0,-1.508734382843389,-0.8095556235202752,0,0,0,1,1,0,1,0,1,0,1,0,1,0,1,0,1,0,1,0,0
1,0,1,1,1.2014260790034217,1,1,0.8141715043316587,1.365536669902771,0,1,1,0,0,0,0,0,0,1,0,0,0,1,0,0,0,1,1,0,0
0,0,0,0,-1.2409180113122174,1,0,-1.4755500130266026,-0.9904474331468992,0,0,0,1,1,0,1,0,1,0,1,0,1,0,1,0,0,0,0,0,1
1,1,0,0,-1.2816237461508113,1,0,-0.679125137423729,-0.990886490937255,0,0,0,0,0,0,0,0,0,0,0,0,0,0,0,0,0,0,0,1,0
0,0,0,0,-1.2409180113122174,1,0,-1.4755500130266026,-0.9952770688408139,0,0,0,1,1,0,1,0,1,0,1,0,1,0,1,0,1,0,0,0,1
1,1,1,0,1.5677776925507676,0,1,-0.4136501788894379,0.642847546976987,1,0,0,0,0,0,0,1,0,1,0,0,0,1,0,1,0,0,0,0,0
1,0,1,1,-0.7931549280876836,1,1,1.0464620930491635,-0.5000198813193775,0,0,1,0,0,0,0,0,0,1,0,0,0,1,0,1,0,0,0,0,1
0,0,1,1,1.5677776925507676,1,1,1.013277723232377,1.9622162069964162,0,1,1,0,0,1,0,1,0,1,0,1,0,0,0,0,1,0,1,0,0
0,0,0,0,1.6084834273893616,1,1,1.4446745308506004,2.4170800778051116,0,1,1,0,0,0,0,1,0,1,0,1,0,1,0,1,0,1,1,0,0
1,0,1,0,0.14307697319997809,1,1,0.9469089835988044,0.4676634886249895,0,0,1,0,0,1,0,0,0,0,0,0,0,1,0,1,0,0,0,1,0
1,1,1,0,-0.5489205190561197,1,0,0.050930998545571676,-0.4455767153152479,0,0,0,0,0,1,0,0,0,1,0,0,0,1,0,0,0,0,0,0,0
1,0,1,0,0.8757802002946699,1,1,0.31640595707986285,0.8298861656685933,0,0,0,0,0,1,0,1,0,0,0,0,0,1,0,1,0,1,0,0,0
0,1,1,0,1.4049547531963917,1,1,1.3451214214002412,2.078566521440725,0,1,1,0,0,1,0,1,0,1,0,1,0,0,0,1,1,0,1,0,0
0,0,1,1,1.1200146093262338,1,0,0.9800933534155908,1.5411597860451243,0,1,1,0,0,1,0,1,0,0,0,0,0,1,0,0,1,0,0,0,0
1,0,1,1,1.0386031396490458,0,0,-0.48001891852301065,0.27140465633590966,1,0,0,0,0,1,0,1,0,1,0,0,0,1,0,0,1,0,0,0,1
0,0,1,1,-0.10115743583158582,1,0,-1.508734382843389,-0.7472094172897398,0,0,0,1,1,0,1,0,1,0,1,0,1,0,1,0,0,1,0,0,1
0,0,0,0,1.6084834273893616,1,0,-0.1813595901719331,0.8623764421549287,0,1,0,0,0,1,0,1,0,0,0,0,0,0,0,0,0,1,0,0,0
0,0,1,1,1.3235432835192036,1,1,1.3119370515834547,1.9424586064304015,0,1,1,0,0,1,0,0,0,1,0,0,0,1,0,1,0,1,1,0,0
0,1,1,0,0.631545791263106,1,1,-0.2145439599887195,0.2143271435896448,0,0,0,0,0,0,0,1,0,0,0,0,0,0,0,1,1,0,0,0,0
0,1,0,0,-1.1595065416350294,1,1,0.31640595707986285,-0.8692674830086754,0,1,1,0,0,0,0,0,0,0,0,0,0,0,0,0,0,0,0,1,0
0,0,1,1,-1.1188008067964355,1,1,0.5155121759805812,-0.8539004603462195,0,0,1,0,0,0,0,0,0,0,0,0,0,1,0,0,0,0,0,1,0
1,0,1,0,1.1607203441648277,0,1,-0.08180648072157391,0.6485552982516134,1,0,0,0,0,1,0,0,0,1,0,1,0,1,0,1,0,1,0,0,1
1,0,0,0,-0.9559778674420595,1,0,0.7146183948812996,-0.6721305351388838,0,0,1,0,0,0,0,0,0,0,0,1,0,1,0,0,0,0,0,1,0
0,1,0,0,-1.2816237461508113,1,1,0.6814340250645132,-0.9728851215326638,0,1,1,0,0,0,0,0,0,0,0,0,0,1,0,0,0,0,0,1,0
1,0,1,1,-0.38609757970174374,1,0,0.7146183948812996,-0.15843292042250018,0,0,1,0,0,0,0,1,0,1,0,1,0,0,0,0,1,0,0,0,1
0,0,0,0,-1.2816237461508113,1,0,-1.508734382843389,-1.0018629356961521,0,0,0,1,1,0,1,0,1,0,1,0,1,0,1,0,0,0,0,0,1
0,0,0,0,-0.1825689055087738,0,1,-1.176890684675525,-0.6633493793317661,1,0,0,0,0,0,0,0,0,1,0,0,0,0,0,0,0,0,0,0,1
1,0,0,0,-0.8338606629262776,1,0,1.013277723232377,-0.490360609931548,0,0,1,0,0,0,0,0,0,1,0,0,0,1,0,1,1,0,0,1,0
1,0,1,0,1.6084834273893616,1,0,-1.508734382843389,-0.43767367508884203,0,0,0,1,1,0,1,0,1,0,1,0,1,0,1,0,0,1,1,0,0
0,0,1,1,-1.2816237461508113,1,1,0.31640595707986285,-0.9777147572265785,0,0,1,0,0,0,0,1,0,0,0,0,0,0,0,0,0,0,0,1,0
1,0,0,0,1.5677776925507676,1,1,1.7101494893848914,2.6379261463541206,0,1,1,0,0,1,0,1,0,1,0,1,0,1,0,1,1,0,0,0,0
0,0,0,0,-0.4268033145403377,1,1,-0.1813595901719331,-0.46006562239699206,0,1,0,0,0,1,0,0,0,0,0,1,0,0,0,0,0,0,0,0,1
1,0,1,1,-0.06045170099299184,1,1,-1.4755500130266026,-0.7019864648830838,0,0,0,1,1,0,1,0,1,0,1,0,1,0,1,0,0,0,0,1,0
0,0,1,0,0.5501343215859179,1,1,-0.015437741088001118,0.31091985746793915,0,0,0,0,0,0,0,1,0,0,0,1,0,1,0,0,0,1,1,0,0
0,0,1,0,-0.6710377235719016,1,1,0.6482496552477268,-0.40518339860250663,0,1,1,0,0,0,0,0,0,0,0,0,0,1,0,0,0,0,0,1,0
1,1,0,0,0.26519417771576004,1,1,1.013277723232377,0.6402132002348516,0,1,1,0,0,0,0,0,0,0,0,0,0,1,0,1,0,0,0,0,0
1,0,0,0,0.8757802002946699,0,0,-0.6127563977901562,0.05714445464223856,1,0,0,0,0,1,0,1,0,0,0,0,0,0,0,1,0,1,0,0,0
0,0,1,0,-0.7524491932490895,1,1,-0.015437741088001118,-0.5970516529880276,0,1,0,0,0,1,0,0,0,0,0,0,0,1,0,0,0,0,0,0,0
1,0,0,1,0.6722515261016999,1,1,1.4778589006673868,1.312410677269709,0,1,1,0,0,1,0,1,0,1,0,0,0,1,0,1,1,0,1,0,0
0,0,0,0,-0.7117434584104956,1,0,-1.3096281639426706,-0.8481927090715929,0,1,0,1,1,0,1,0,1,0,1,0,1,0,1,0,0,1,0,0,0
1,0,0,1,0.7943687306174818,1,0,-1.508734382843389,-0.6027594042626542,0,0,0,1,1,0,1,0,1,0,1,0,1,0,1,0,1,0,1,0,0
0,0,1,1,-1.0780950719578415,1,0,-1.4755500130266026,-0.9662992546773256,0,0,0,1,1,0,1,0,1,0,1,0,1,0,1,0,0,1,0,0,1
0,0,1,0,-1.2002122764736234,1,1,1.013277723232377,-0.882000158928996,0,1,1,0,0,0,0,0,0,0,0,0,0,1,0,1,0,0,0,1,0
1,1,1,0,-1.0780950719578415,1,1,0.6482496552477268,-0.7823340405182104,0,0,1,0,0,0,0,1,0,0,0,0,0,0,0,1,0,0,0,1,0
1,0,0,0,-1.2816237461508113,1,0,0.48232780616379484,-0.9755194682747992,0,0,1,0,0,0,0,0,0,0,0,0,0,0,0,1,0,0,0,1,0
0,0,0,0,-0.7524491932490895,1,0,-0.31409706943907867,-0.6611540903799866,0,0,0,0,0,1,0,0,0,0,0,1,0,0,0,0,1,0,0,0,1
1,0,1,1,0.590840056424512,1,0,-1.4755500130266026,-0.5926610750844689,0,0,0,1,1,0,1,0,1,0,1,0,1,0,1,0,1,0,0,0,1
1,1,1,0,-1.2002122764736234,0,1,-0.9446000959580202,-0.9693726592098167,1,0,0,0,0,0,0,0,0,0,0,0,0,1,0,0,0,0,0,0,1
1,0,0,0,-1.2816237461508113,1,0,-0.5132032883397971,-0.9886912019854757,0,0,0,0,0,0,0,0,0,0,0,1,0,0,0,0,0,0,1,0,0
0,0,1,0,1.5677776925507676,1,0,-1.3096281639426706,-0.18784979237634436,0,1,0,1,1,0,1,0,1,0,1,0,1,0,1,0,0,1,1,0,0
0,0,0,0,-1.2409180113122174,1,1,0.15048410799593087,-0.9509322320148696,0,0,1,0,0,0,0,0,0,0,0,0,0,0,0,0,0,0,0,1,0
1,0,0,0,-0.7931549280876836,1,1,-1.508734382843389,-0.8973671815914519,0,0,0,1,1,0,1,0,1,0,1,0,1,0,1,0,1,0,0,0,1
0,0,1,1,0.8757802002946699,1,1,0.7146183948812996,0.9760924098571024,0,1,0,0,0,0,0,1,0,1,0,1,0,1,0,1,0,0,0,1,0
0,0,0,0,-1.1188008067964355,1,0,-0.31409706943907867,-0.8784876966061489,0,0,0,0,0,1,0,0,0,1,0,0,0,0,0,0,0,0,1,0,0
0,0,0,0,-0.4268033145403377,0,1,-0.48001891852301065,-0.528119579902154,1,0,0,0,0,0,0,1,0,0,0,0,0,1,0,1,0,0,0,1,0
1,1,1,0,-0.7931549280876836,1,1,1.1128308326827363,-0.4670905470426862,0,0,1,0,0,0,0,1,0,1,0,0,0,1,0,1,0,0,0,1,0
1,1,0,0,-1.1595065416350294,1,1,0.18366847781271725,-0.8815611011386401,0,0,1,0,0,0,0,0,0,0,0,0,0,0,0,0,0,0,0,1,0
1,0,1,0,0.631545791263106,1,1,1.5442276403009596,1.3233871220286062,0,1,1,0,0,1,0,1,0,1,0,0,0,1,0,1,0,0,0,0,0
1,0,1,1,-0.1418631706701798,1,1,-1.4755500130266026,-0.7230612388201662,0,0,0,1,1,0,1,0,1,0,1,0,1,0,1,0,0,0,0,0,1
0,0,1,1,-0.7931549280876836,1,0,-1.5419187526601754,-0.9000015283335872,0,0,0,1,1,0,1,0,1,0,1,0,1,0,1,0,0,0,0,0,1
1,0,0,0,-1.2816237461508113,1,0,-0.14817522035514671,-0.983861566291561,0,1,0,0,0,0,0,1,0,0,0,1,0,0,0,0,0,0,0,0,1
0,0,1,1,1.5677776925507676,1,0,0.8141715043316587,1.7742994727240984,0,1,0,0,0,1,0,1,0,1,0,1,0,1,0,1,0,1,0,0,0
1,0,1,0,1.6084834273893616,1,1,1.4778589006673868,2.437276736161482,0,1,1,0,0,1,0,1,0,0,0,1,0,1,0,1,0,1,1,0,0
1,0,0,0,1.2828375486806096,1,0,0.7146183948812996,1.4625684415714213,0,1,0,0,0,0,0,1,0,1,0,1,0,1,0,1,0,1,1,0,0
1,0,0,0,0.5501343215859179,0,1,-0.14817522035514671,0.25998915378665666,1,0,0,0,0,1,0,0,0,1,0,1,0,1,0,1,0,1,0,0,0
0,0,1,1,0.387311382231542,1,1,1.1791995723163091,0.8790606381884523,0,0,1,0,0,0,0,0,0,1,0,1,0,1,0,1,0,1,0,1,0
1,1,0,0,-0.4675090493789317,1,1,1.3119370515834547,-0.013104791814702784,0,1,1,0,0,0,0,1,0,1,0,0,0,1,0,1,0,0,0,1,0
0,0,0,0,-0.30468611002455576,1,1,0.6482496552477268,-0.09345236744982945,0,1,1,0,0,0,0,0,0,0,0,0,0,1,0,0,0,0,0,0,1
1,0,1,1,-0.3453918448631497,1,0,-1.4755500130266026,-0.8174586637466811,0,0,0,1,1,0,1,0,1,0,1,0,1,0,1,0,1,0,0,0,1
0,0,1,1,0.346605647392948,0,0,-0.9777844657748066,-0.3902554337304066,1,0,0,0,0,1,0,0,0,1,0,0,0,0,0,0,1,0,1,0,0
1,0,0,0,0.9571916699718578,1,1,-0.015437741088001118,0.5989417679413986,0,1,0,0,0,1,0,1,0,0,0,1,0,0,0,0,1,0,0,0,0
1,0,0,0,-1.2816237461508113,0,0,-1.342812533759457,-0.9996676467443727,1,0,0,0,0,0,0,0,0,0,0,0,0,0,0,0,0,0,0,0,1
1,0,0,0,-1.2816237461508113,0,1,-1.342812533759457,-0.9996676467443727,1,0,0,0,0,0,0,0,0,0,0,0,0,0,0,0,0,0,0,1,0
0,0,0,0,-0.06045170099299184,1,0,-1.4755500130266026,-0.7103285628998456,0,0,0,1,1,0,1,0,1,0,1,0,1,0,1,0,1,0,0,0,1
1,0,1,1,1.0386031396490458,1,0,0.9800933534155908,1.4322734540368653,0,1,1,0,0,0,0,0,0,1,0,1,0,0,0,1,0,1,0,0,0
1,0,0,0,-1.0780950719578415,1,1,-0.1813595901719331,-0.862681616153337,0,0,0,0,0,1,0,0,0,0,0,0,0,0,0,1,0,0,0,0,0
1,0,1,1,-0.6303319887333076,1,1,0.8141715043316587,-0.3344950943552094,0,0,1,0,0,1,0,0,0,1,0,0,0,1,0,0,0,0,0,1,0
0,1,0,0,0.5094285867473239,1,1,1.07964646286595,0.9150633769976346,0,1,1,0,0,1,0,1,0,0,0,1,0,1,0,0,0,0,0,1,0
0,1,0,0,1.0793088744876398,1,1,0.48232780616379484,1.0050702240205907,0,1,1,0,0,0,0,1,0,0,0,0,0,0,0,0,0,1,1,0,0
0,1,0,0,-1.2409180113122174,1,1,0.18366847781271725,-0.9491760008534461,0,0,1,0,0,0,0,0,0,0,0,0,0,0,0,0,0,0,0,1,0
1,0,1,0,-1.1595065416350294,1,0,0.01774662872878528,-0.9004405861239431,0,1,0,0,0,0,0,0,0,1,0,0,0,1,0,0,0,0,0,1,0
0,0,0,0,-0.5896262538947137,1,1,0.31640595707986285,-0.4196723056842508,0,1,1,0,0,0,0,0,0,0,0,0,0,0,0,0,0,0,0,1,0
0,1,0,0,-0.5896262538947137,1,0,-1.4755500130266026,-0.8481927090715929,0,0,0,1,1,0,1,0,1,0,1,0,1,0,1,0,1,0,0,0,0
0,0,0,0,-1.2816237461508113,0,0,-0.9777844657748066,-0.994838011050458,1,0,0,0,0,0,0,0,0,1,0,1,0,0,0,0,0,0,0,0,1
1,0,1,0,0.387311382231542,1,1,0.9800933534155908,0.7521729367756019,0,1,1,0,0,1,0,0,0,1,0,0,0,0,0,1,0,0,0,1,0
1,0,0,0,-0.5082147842175256,1,1,0.6814340250645132,-0.24887882523581215,0,1,1,0,0,0,0,0,0,0,0,0,0,1,0,0,0,0,0,1,0
0,0,1,0,1.4863662228735797,1,1,0.6814340250645132,1.5666251378857656,0,1,1,0,0,0,0,1,0,1,0,0,0,0,0,0,0,0,0,0,0
0,0,1,0,-1.2816237461508113,1,1,-0.31409706943907867,-0.9860568552433403,0,0,0,0,0,0,0,0,0,0,0,0,0,1,0,0,0,0,0,0,1
1,0,0,0,-0.5082147842175256,1,0,-1.508734382843389,-0.8279960507152223,0,0,0,1,1,0,1,0,1,0,1,0,1,0,1,0,0,0,0,0,1
0,0,1,0,1.0386031396490458,1,1,1.4778589006673868,1.6873660302336335,0,1,1,0,0,1,0,1,0,1,0,0,0,1,0,1,0,1,0,0,0
0,0,1,0,1.6084834273893616,1,1,0.9800933534155908,1.996901772434531,0,1,1,0,0,1,0,1,0,1,0,1,0,0,0,0,0,1,0,0,0
0,0,1,1,-0.5489205190561197,1,1,-0.5132032883397971,-0.5878314393905542,0,0,0,0,0,0,0,0,0,1,0,0,0,0,0,0,0,0,0,0,0
0,0,0,0,-0.6710377235719016,1,1,0.01774662872878528,-0.5522677583717276,0,1,0,0,0,0,0,0,0,1,0,0,0,0,0,1,0,0,1,0,0
0,0,0,0,-0.8338606629262776,1,1,0.9800933534155908,-0.55095058500066,0,1,1,0,0,0,0,0,0,0,0,0,0,1,0,1,0,0,0,1,0
1,0,1,1,-1.2816237461508113,1,1,0.8473558741484452,-0.9706898325808844,0,0,1,0,0,0,0,0,0,0,0,0,0,1,0,1,0,0,0,1,0
0,0,0,0,-1.2816237461508113,1,1,0.581880915614154,-0.9742022949037314,0,0,1,0,0,0,0,1,0,1,0,0,0,0,0,0,0,0,0,1,0
1,1,0,0,1.6084834273893616,1,0,-1.3096281639426706,-0.2159494909591209,0,1,0,1,1,0,1,0,1,0,1,0,1,0,1,0,0,1,0,0,0
0,0,0,1,-0.2639803751859618,1,1,-0.5132032883397971,-0.45479692891272144,0,1,0,0,0,0,0,0,0,0,0,0,0,0,0,0,0,0,0,0,1
0,0,1,1,-1.1595065416350294,1,1,0.28322158726307645,-0.8675112518472519,0,0,1,0,0,0,0,0,0,1,0,0,0,0,0,0,0,0,0,1,0
1,0,1,1,-0.3453918448631497,1,1,0.6482496552477268,-0.136480030904706,0,1,0,0,0,1,0,0,0,1,0,1,0,1,0,1,1,0,0,0,1
0,0,0,0,0.7129572609402939,1,1,-1.508734382843389,-0.5566583362752864,0,0,0,1,1,0,1,0,1,0,1,0,1,0,1,0,1,0,0,0,1
1,0,0,0,0.7536629957788878,1,0,0.7146183948812996,0.8632545577356404,0,0,1,0,0,1,0,0,0,0,0,0,0,1,0,0,1,0,0,0,1
1,0,1,1,1.6084834273893616,1,0,1.2787526817666683,2.290192376392261,0,1,1,0,0,1,0,1,0,1,0,1,0,0,0,1,0,1,1,0,0
0,0,1,1,1.5270719577121736,0,1,-0.2145439599887195,0.7956396580208344,1,0,0,0,0,0,0,1,0,1,0,1,0,1,0,1,1,0,0,0,0
0,0,1,0,1.5270719577121736,1,1,1.3119370515834547,2.1457423633651755,0,1,1,0,0,0,0,0,0,1,0,1,0,1,0,1,0,1,0,0,0
0,1,0,0,-0.7117434584104956,1,1,0.8805402439652316,-0.3955241272146772,0,0,1,0,0,0,0,0,0,0,0,0,0,1,0,1,0,0,0,1,0
0,0,0,0,0.590840056424512,1,0,0.9800933534155908,1.0160466687794878,0,1,1,0,0,1,0,0,0,1,0,0,0,1,0,0,1,0,1,0,0
1,0,0,0,1.2421318138420157,1,1,0.7146183948812996,1.320752775286471,0,0,0,0,0,1,0,1,0,1,0,1,0,1,0,1,0,1,0,0,0
0,0,0,0,1.2828375486806096,1,1,1.676965119568105,2.2098448007571343,0,1,1,0,0,1,0,1,0,1,0,1,0,1,0,1,0,1,0,0,0
0,1,0,0,1.0793088744876398,1,1,0.8141715043316587,1.402856582083021,0,1,1,0,0,1,0,1,0,1,0,0,0,0,0,0,0,0,0,1,0
0,0,0,1,-1.2816237461508113,1,0,-1.342812533759457,-0.9996676467443727,0,1,0,1,1,0,1,0,1,0,1,0,1,0,1,0,0,0,0,0,1
1,0,0,0,0.30589991255435406,1,1,0.6482496552477268,0.46898066199605715,0,1,1,0,0,0,0,0,0,0,0,0,0,1,0,0,0,0,0,1,0
1,0,1,0,0.9164859351332638,1,0,-1.3096281639426706,-0.3766446422293742,0,1,0,1,1,0,1,0,1,0,1,0,1,0,1,0,0,1,0,0,0
1,0,0,0,0.7129572609402939,1,0,-1.4755500130266026,-0.5759768790509453,0,0,0,1,1,0,1,0,1,0,1,0,1,0,1,0,1,0,1,0,0
0,1,1,1,1.3235432835192036,1,1,1.411490161033814,2.083835214924996,0,1,1,0,0,0,0,1,0,1,0,0,0,1,0,1,1,0,0,1,0
1,0,0,0,1.4456604880349857,1,0,-1.342812533759457,-0.28268627509321514,0,1,0,1,1,0,1,0,1,0,1,0,1,0,1,0,0,1,0,0,1
0,0,0,0,-1.2409180113122174,1,1,0.18366847781271725,-0.946102596320955,0,0,0,0,0,1,0,0,0,0,0,0,0,1,0,1,0,0,0,1,0
1,1,1,0,1.2421318138420157,1,1,0.6482496552477268,1.3295339310935885,0,0,0,0,0,1,0,1,0,1,0,1,0,1,0,1,1,0,0,0,0
0,0,1,1,1.4049547531963917,1,1,1.3451214214002412,1.9389461441075544,0,1,1,0,0,0,0,0,0,1,0,1,0,1,0,1,0,1,0,0,0
0,1,0,0,1.1200146093262338,1,1,1.3783057912170276,1.8177661939693306,0,1,1,0,0,0,0,0,0,1,0,1,0,1,0,1,1,0,0,1,0
1,1,0,0,1.4049547531963917,1,1,-0.015437741088001118,0.8557905752995904,0,1,0,0,0,1,0,1,0,0,0,1,0,0,0,0,0,1,0,0,0
0,0,1,0,1.2014260790034217,1,0,1.6105963799345322,2.0153421996294782,0,1,1,0,0,1,0,1,0,1,0,1,0,1,0,1,0,1,0,0,1
1,0,0,0,1.0793088744876398,1,1,-0.1149908505383603,0.590160612134281,0,0,0,0,0,0,0,0,0,1,0,0,0,0,0,1,1,0,0,0,0
1,0,0,0,-0.06045170099299184,0,1,-0.48001891852301065,-0.34152001900090356,1,0,0,0,0,0,0,0,0,1,0,0,0,1,0,1,1,0,0,1,0
0,1,1,0,1.4863662228735797,1,0,1.3451214214002412,2.0623213831975575,0,1,1,0,0,0,0,1,0,0,0,1,0,1,0,1,0,1,1,0,0
0,0,0,0,-1.1595065416350294,1,0,-0.31409706943907867,-0.9105389153021284,0,0,0,0,0,0,0,0,0,0,0,0,0,1,0,0,0,0,1,0,0
0,0,0,0,-1.2816237461508113,1,0,0.6482496552477268,-0.9733241793230197,0,0,1,0,0,0,0,1,0,0,0,0,0,1,0,0,0,0,0,1,0
0,0,0,0,-0.1825689055087738,1,0,-0.2809126996222923,-0.3419590767912594,0,0,0,0,0,1,0,1,0,0,0,0,0,0,0,0,0,0,0,1,0
0,0,1,0,1.4456604880349857,1,1,0.6482496552477268,1.497254007009536,0,1,1,0,0,1,0,1,0,0,0,0,0,0,0,0,0,1,0,0,0
1,0,0,0,-0.8338606629262776,1,0,-1.4755500130266026,-0.8982452971721636,0,0,0,1,1,0,1,0,1,0,1,0,1,0,1,0,0,0,0,0,1
0,1,1,0,1.3235432835192036,1,1,1.3451214214002412,1.9424586064304015,0,0,1,0,0,0,0,1,0,1,0,1,0,1,0,1,0,1,1,0,0
0,0,0,0,-1.2002122764736234,1,1,1.07964646286595,-0.8719018297508107,0,0,1,0,0,0,0,1,0,0,0,1,0,1,0,1,0,0,0,1,0
1,0,1,1,-0.8745663977648716,1,1,0.48232780616379484,-0.6291028716840071,0,0,1,0,0,0,0,0,0,0,0,0,0,1,0,0,0,0,0,0,0
1,0,1,1,0.590840056424512,1,0,-0.3472814392558651,0.10412363821031807,0,1,0,0,0,0,0,1,0,0,0,0,0,0,0,0,0,0,0,1,0
1,0,0,0,-0.30468611002455576,1,0,-1.3096281639426706,-0.7134019674323367,0,1,0,1,1,0,1,0,1,0,1,0,1,0,1,0,1,0,0,0,0
1,0,0,0,-1.2816237461508113,1,1,-0.5132032883397971,-0.9886912019854757,0,1,0,0,0,0,0,0,0,0,0,0,0,0,0,0,0,0,1,0,0
1,0,0,0,1.2421318138420157,1,1,1.3119370515834547,1.8594766840531396,0,1,1,0,0,0,0,1,0,1,0,0,0,1,0,1,0,1,0,0,0
0,1,1,0,-0.4268033145403377,1,0,-1.3096281639426706,-0.7696013645978899,0,1,0,1,1,0,1,0,1,0,1,0,1,0,1,0,1,0,0,0,0
1,0,1,0,1.1200146093262338,0,1,-0.14817522035514671,0.5624999713418604,1,0,0,0,0,0,0,1,0,1,0,1,0,1,0,1,0,0,0,0,0
0,0,0,0,-1.2816237461508113,1,0,-0.48001891852301065,-0.9882521441951198,0,0,0,0,0,0,0,1,0,0,0,0,0,0,0,0,0,0,0,1,0
0,0,1,1,1.2014260790034217,1,1,1.1791995723163091,1.7483950630931013,0,0,1,0,0,0,0,1,0,1,0,0,0,1,0,1,0,0,0,1,0
1,1,0,0,0.590840056424512,1,1,0.7146183948812996,0.6867533260125753,0,1,1,0,0,0,0,0,0,0,0,0,0,1,0,0,0,0,1,0,0
1,1,1,0,1.6084834273893616,1,1,1.4778589006673868,2.472401359389953,0,1,1,0,0,0,0,1,0,1,0,1,0,1,0,1,0,1,0,0,0
0,0,1,0,-0.2639803751859618,1,0,0.5486965457973676,-0.09784294535338828,0,0,0,0,0,0,0,1,0,1,0,1,0,1,0,1,0,0,0,0,0
0,0,1,0,-0.8745663977648716,1,1,1.1460152024995227,-0.5465600070971011,0,1,1,0,0,0,0,0,0,1,0,0,0,1,0,1,0,0,0,1,0
0,1,1,0,1.5270719577121736,1,1,1.6105963799345322,2.3766867610923703,0,1,1,0,0,1,0,1,0,1,0,1,0,1,0,1,0,1,0,1,0
0,0,0,1,0.428017117070136,1,1,-0.04862211090478751,0.19149613849113886,0,0,0,0,0,1,0,1,0,0,0,0,0,0,0,1,0,0,0,1,0
0,0,1,0,1.4863662228735797,1,1,-1.2764437941258842,-0.23614614931549152,0,1,0,1,1,0,1,0,1,0,1,0,1,0,1,0,1,0,0,1,0
1,0,1,1,1.6084834273893616,1,1,1.6437807497513186,2.54308966363725,0,1,1,0,0,1,0,1,0,1,0,1,0,1,0,1,0,1,0,1,0
1,0,1,1,1.1200146093262338,1,1,1.2787526817666683,1.610530916921354,0,1,1,0,0,0,0,1,0,0,0,1,0,1,0,1,0,0,0,0,0
0,0,0,0,-0.7931549280876836,1,1,0.18366847781271725,-0.6211998314576013,0,0,1,0,0,0,0,0,0,0,0,0,0,0,0,0,0,0,0,0,1
1,0,1,0,1.0793088744876398,0,1,-0.7786782468740883,0.06636466823971211,1,0,0,0,0,0,0,1,0,0,0,0,0,0,0,1,0,0,0,0,0
1,0,0,0,1.4049547531963917,1,0,0.01774662872878528,0.9045259900290935,0,0,0,0,0,1,0,0,0,1,0,0,0,0,0,1,0,1,0,0,0
1,0,1,1,-0.8338606629262776,1,0,-1.4755500130266026,-0.8982452971721636,0,0,0,1,1,0,1,0,1,0,1,0,1,0,1,0,0,0,0,0,1
1,0,0,0,-1.2002122764736234,1,0,-0.48001891852301065,-0.9500541164341579,0,1,0,0,0,0,0,0,0,0,0,0,0,0,0,0,0,0,0,0,0
0,0,0,0,-1.2816237461508113,1,0,-0.6459407676069426,-0.9904474331468992,0,0,0,0,0,0,0,0,0,0,0,0,0,0,0,0,0,0,0,0,1
1,0,1,1,0.5094285867473239,1,1,0.6482496552477268,0.6836799214800842,0,0,0,0,0,1,0,1,0,1,0,1,0,1,0,1,0,1,0,0,1
1,0,1,1,-0.06045170099299184,1,0,-0.3472814392558651,-0.287076852996774,0,0,0,0,0,0,0,0,0,1,0,1,0,0,0,0,0,0,0,0,1
1,0,0,0,-1.0373893371192475,1,0,-1.508734382843389,-0.9377604983041932,0,0,0,1,1,0,1,0,1,0,1,0,1,0,1,0,0,1,0,0,1
0,0,1,1,0.020959768684196134,1,0,-1.4755500130266026,-0.7559905730968575,0,0,0,1,1,0,1,0,1,0,1,0,1,0,1,0,1,0,0,0,1
1,0,1,1,0.30589991255435406,1,1,1.5110432704841732,0.9519442313875288,0,1,1,0,0,1,0,1,0,0,0,1,0,1,0,1,0,0,1,0,0
1,0,1,0,0.020959768684196134,1,1,1.013277723232377,0.322774417807548,0,0,1,0,0,0,0,0,0,1,0,0,0,1,0,1,1,0,0,1,0
0,0,1,1,-1.2816237461508113,1,1,-0.679125137423729,-0.990886490937255,0,0,0,0,0,0,0,0,0,0,0,0,0,0,0,0,0,0,0,0,0
0,0,1,1,1.5677776925507676,1,0,-1.4755500130266026,-0.4003537629085919,0,0,0,1,1,0,1,0,1,0,1,0,1,0,1,0,0,1,0,0,0
1,0,0,0,-1.2002122764736234,1,0,-0.3804658090726515,-0.9276621691260079,0,0,0,0,0,0,0,0,0,0,0,0,0,1,0,0,0,0,1,0,0
0,0,0,0,-0.22327464034736777,1,1,0.9800933534155908,0.1857883872165124,0,1,1,0,0,0,0,0,0,0,0,0,0,1,0,1,0,0,0,0,1
0,0,0,0,1.1607203441648277,1,1,1.676965119568105,2.060126094245778,0,1,1,0,0,1,0,1,0,1,0,1,0,1,0,1,1,0,0,0,1
1,0,0,0,0.631545791263106,1,0,-1.508734382843389,-0.5693910121956071,0,0,0,1,1,0,1,0,1,0,1,0,1,0,1,0,1,0,0,0,0
0,0,0,0,0.346605647392948,1,0,-1.4755500130266026,-0.6545682235246484,0,0,0,1,1,0,1,0,1,0,1,0,1,0,1,0,0,1,0,0,1
0,0,1,0,-0.9559778674420595,1,1,0.34959032689664926,-0.7226221810298104,0,0,1,0,0,0,0,0,0,1,0,0,0,0,0,0,0,0,0,0,0
0,0,0,0,-0.8745663977648716,0,1,-0.8118626166908747,-0.8249226461827311,1,0,0,0,0,0,0,1,0,1,0,1,0,0,0,0,1,0,1,0,0
0,0,0,0,-1.2002122764736234,1,1,-0.14817522035514671,-0.9355652093524137,0,1,0,0,0,0,0,0,0,0,0,0,0,1,0,0,0,0,0,1,0
1,1,1,1,1.3642490183577978,1,0,0.48232780616379484,1.252698817781309,0,1,0,0,0,1,0,1,0,1,0,1,0,1,0,0,0,1,1,0,0
1,0,0,0,1.4863662228735797,1,1,1.3119370515834547,2.159792212656564,0,1,1,0,0,0,0,1,0,0,0,1,0,1,0,1,1,0,0,0,0
1,0,1,0,0.22448844287716607,1,1,1.5110432704841732,0.9339428619829376,0,1,1,0,0,1,0,0,0,1,0,1,0,1,0,1,1,0,0,1,0
1,0,0,0,-1.2816237461508113,1,1,0.15048410799593087,-0.979910046178358,0,0,1,0,0,0,0,0,0,0,0,0,0,0,0,0,0,0,0,1,0
1,0,1,1,0.631545791263106,1,0,1.5442276403009596,1.3795865191941592,0,1,1,0,0,1,0,1,0,1,0,1,0,1,0,1,0,1,1,0,0
0,0,1,0,-0.5489205190561197,1,0,-0.679125137423729,-0.6418355476043278,0,0,0,0,0,0,0,0,0,0,0,0,0,0,0,0,0,0,0,0,1
0,0,1,1,-0.6710377235719016,1,0,-1.508734382843389,-0.889464141365046,0,0,0,1,1,0,1,0,1,0,1,0,1,0,1,0,0,0,0,0,1
0,0,0,0,-0.5896262538947137,1,1,-0.14817522035514671,-0.5026542280615127,0,1,0,0,0,1,0,0,0,1,0,0,0,0,0,0,0,0,0,0,1
1,0,1,1,-0.30468611002455576,1,0,-1.508734382843389,-0.7884808495831929,0,0,0,1,1,0,1,0,1,0,1,0,1,0,1,0,1,0,0,1,0
1,0,1,1,0.9164859351332638,1,0,0.48232780616379484,0.8505218818153198,0,0,1,0,0,0,0,1,0,0,0,1,0,0,0,0,0,0,0,1,0
1,0,0,0,-1.2002122764736234,1,1,-0.6459407676069426,-0.9482978852727344,0,0,0,0,0,0,0,0,0,0,0,0,0,0,0,0,0,0,0,1,0
1,1,0,0,-0.9966836022806536,1,1,0.5486965457973676,-0.7533562263547221,0,1,1,0,0,0,0,0,0,1,0,0,0,0,0,0,0,0,0,1,0
0,0,0,0,0.26519417771576004,1,0,-0.1813595901719331,-0.040326374816767555,0,0,0,0,0,0,0,0,0,0,0,1,0,0,0,1,1,0,0,1,0
0,0,0,0,-1.1188008067964355,1,0,-1.4755500130266026,-0.9588352722412755,0,0,0,1,1,0,1,0,1,0,1,0,1,0,1,0,0,0,0,0,1
0,0,0,0,1.1607203441648277,1,1,1.7765182290184642,2.223455592258167,0,1,1,0,0,1,0,1,0,1,0,1,0,1,0,1,1,0,0,1,0
0,0,0,0,-1.2816237461508113,0,1,-0.9777844657748066,-0.994838011050458,1,0,0,0,0,0,0,0,0,0,0,0,0,1,0,0,0,0,0,1,0
1,0,0,0,-1.1595065416350294,1,0,-1.3096281639426706,-0.9658601968869697,0,1,0,1,1,0,1,0,1,0,1,0,1,0,1,0,0,0,0,0,1
0,0,1,0,1.2421318138420157,1,1,0.48232780616379484,1.091125550930344,0,1,0,0,0,1,0,1,0,0,0,0,0,1,0,1,1,0,1,0,0
1,0,0,0,-0.8338606629262776,1,0,-1.342812533759457,-0.8872688524132666,0,1,0,1,1,0,1,0,1,0,1,0,1,0,1,0,1,0,1,0,0
0,0,1,0,-1.2002122764736234,1,1,0.34959032689664926,-0.9153685509960431,0,1,1,0,0,0,0,0,0,0,0,0,0,0,0,0,0,0,1,0,0
0,0,1,1,-0.7117434584104956,1,1,1.3451214214002412,-0.3257139385480917,0,1,1,0,0,0,0,1,0,1,0,0,0,1,0,1,0,0,0,0,0
1,0,0,1,0.7129572609402939,0,1,-0.7123095072405154,-0.04076543260712343,1,0,0,0,0,1,0,1,0,0,0,0,0,1,0,0,1,0,0,0,0
1,0,1,0,0.387311382231542,1,1,1.013277723232377,0.7280247583060283,0,1,1,0,0,0,0,1,0,1,0,0,0,1,0,0,0,0,0,0,0
0,0,1,0,-0.9152721326034655,1,1,-1.508734382843389,-0.9281012269163638,0,0,0,1,1,0,1,0,1,0,1,0,1,0,1,0,0,0,0,0,0
1,0,1,1,0.9164859351332638,1,0,-0.1813595901719331,0.3759004104406099,0,0,0,0,0,1,0,0,0,0,0,0,0,0,0,1,1,0,1,0,0
0,0,0,0,-0.38609757970174374,1,1,0.34959032689664926,-0.22956028246015328,0,0,1,0,0,1,0,0,0,0,0,0,0,0,0,0,0,0,0,0,0
1,0,1,0,-0.9559778674420595,1,1,0.15048410799593087,-0.7235002966105221,0,1,0,0,0,0,0,1,0,1,0,0,0,0,0,1,0,0,1,0,0
0,1,1,0,1.0793088744876398,1,1,0.9800933534155908,1.3971488308083946,0,1,1,0,0,1,0,1,0,1,0,1,0,0,0,0,1,0,0,1,0
0,0,1,0,1.6084834273893616,1,0,0.6814340250645132,1.6921956659275483,0,0,0,0,0,1,0,1,0,1,0,1,0,1,0,1,0,1,0,0,1
0,0,0,0,-1.2816237461508113,1,1,1.013277723232377,-0.968494543629105,0,0,1,0,0,0,0,0,0,0,0,1,0,1,0,1,0,0,0,1,0
0,0,1,1,-0.3453918448631497,1,1,-1.4423656432098162,-0.7950667164385311,0,0,0,1,1,0,1,0,1,0,1,0,1,0,1,0,0,1,1,0,0
0,0,1,1,1.0386031396490458,1,1,0.050930998545571676,0.732854393999943,0,1,0,0,0,0,0,1,0,0,0,0,0,1,0,0,0,0,0,0,0
1,0,1,1,-0.06045170099299184,1,1,0.34959032689664926,0.018946426881276703,0,1,0,0,0,1,0,1,0,0,0,1,0,0,0,1,1,0,0,0,0
0,0,1,0,-0.6710377235719016,1,0,-1.508734382843389,-0.8723408875411666,0,0,0,1,1,0,1,0,1,0,1,0,1,0,1,0,0,0,0,0,1
1,0,1,0,0.18378270803857208,1,0,0.48232780616379484,0.2678921940130626,0,1,0,0,0,1,0,0,0,1,0,0,0,1,0,1,1,0,0,0,1
1,0,1,1,-0.6303319887333076,1,1,0.15048410799593087,-0.5057276325940039,0,0,1,0,0,0,0,0,0,0,0,0,0,0,0,0,0,0,0,1,0
1,0,1,0,0.6722515261016999,1,1,0.9469089835988044,1.0678554880414821,0,1,1,0,0,1,0,1,0,0,0,0,0,1,0,0,0,0,0,0,0
1,0,0,0,-1.2409180113122174,1,1,-0.6459407676069426,-0.9671773702580373,0,0,0,0,0,0,0,0,0,0,0,0,0,0,0,0,0,0,0,1,0
1,1,0,0,0.590840056424512,1,0,0.6814340250645132,0.7644665549055667,0,0,1,0,0,1,0,0,0,0,0,0,0,0,0,1,0,0,0,0,1
0,0,0,0,-1.2816237461508113,1,1,0.15048410799593087,-0.979910046178358,0,0,1,0,0,0,0,0,0,0,0,0,0,0,0,0,0,0,0,1,0
1,0,1,0,0.9571916699718578,1,0,0.8141715043316587,1.1640091441294205,0,0,1,0,0,0,0,0,0,0,0,0,0,1,0,1,0,0,0,0,1
0,0,1,1,0.5501343215859179,1,0,0.8473558741484452,0.849643766234608,0,0,1,0,0,0,0,0,0,1,0,1,0,0,0,1,1,0,0,0,0
1,0,1,1,1.6084834273893616,1,0,0.8141715043316587,1.7729822993530309,0,1,0,0,0,1,0,1,0,1,0,1,0,1,0,1,0,1,1,0,0
1,0,0,0,0.428017117070136,1,1,1.1791995723163091,0.838667321475711,0,1,1,0,0,0,0,0,0,0,0,1,0,1,0,1,1,0,0,1,0
0,0,0,0,-1.2816237461508113,1,0,0.18366847781271725,-0.9794709883880021,0,0,1,0,0,0,0,0,0,0,0,0,0,0,0,0,0,0,0,1,0
1,1,1,0,1.6084834273893616,1,1,1.5442276403009596,2.5119165605219824,0,1,1,0,0,0,0,1,0,1,0,1,0,1,0,1,0,1,0,0,0
1,1,0,0,-0.8338606629262776,0,1,-1.176890684675525,-0.8429240155873223,1,0,0,0,0,0,0,1,0,0,0,0,0,0,0,0,0,0,1,0,0
1,1,1,0,1.4456604880349857,0,1,-0.7786782468740883,0.2916013146922803,1,0,0,0,0,1,0,1,0,1,0,0,0,0,0,0,0,1,0,1,0
1,1,0,0,0.346605647392948,1,1,1.1128308326827363,0.8281299345071698,0,1,1,0,0,0,0,0,0,1,0,0,0,1,0,1,0,0,0,1,0
0,0,1,1,1.0386031396490458,1,1,0.8805402439652316,1.4094424489383592,0,0,1,0,0,0,0,1,0,1,0,0,0,1,0,0,0,0,0,1,0
0,0,0,1,0.26519417771576004,0,0,-1.1437063148587385,-0.5136306728204099,1,0,0,0,0,0,0,0,0,1,0,0,0,0,0,0,0,0,1,0,0
1,0,0,1,0.631545791263106,1,1,0.44914343634700843,0.6064057503774487,0,1,0,0,0,1,0,0,0,1,0,0,0,1,0,1,1,0,1,0,0
1,0,1,1,-0.30468611002455576,1,1,-1.3096281639426706,-0.7704794801786016,0,1,0,1,1,0,1,0,1,0,1,0,1,0,1,0,0,0,0,0,0
1,0,1,1,-0.6710377235719016,1,0,-1.4755500130266026,-0.8828782745097077,0,0,0,1,1,0,1,0,1,0,1,0,1,0,1,0,0,1,0,0,1
1,0,0,0,-0.3453918448631497,1,1,0.8141715043316587,-0.04998564620459699,0,0,1,0,0,0,0,1,0,1,0,0,0,0,0,1,0,0,0,1,0
1,0,0,0,0.428017117070136,1,1,0.8473558741484452,0.6942173084486253,0,0,1,0,0,1,0,1,0,1,0,1,0,0,0,0,1,0,1,0,0
0,0,0,0,-1.2816237461508113,0,0,-0.9777844657748066,-0.994838011050458,1,0,0,0,0,0,0,0,0,0,0,0,0,0,0,1,0,0,0,0,1
1,0,0,1,-1.2002122764736234,1,1,-0.3472814392558651,-0.9360042671427696,0,0,0,0,0,0,0,0,0,0,0,0,0,1,0,0,0,0,1,0,0
0,0,0,0,-1.2002122764736234,1,1,0.18366847781271725,-0.9096607997214167,0,0,1,0,0,0,0,0,0,0,0,0,0,0,0,0,0,0,0,1,0
1,0,1,0,0.9978974048104517,1,0,-0.31409706943907867,0.38204721950559223,0,0,0,0,0,1,0,0,0,0,0,1,0,0,0,0,0,0,0,1,0
0,1,1,0,0.9978974048104517,1,0,0.9800933534155908,1.3773912302423799,0,1,1,0,0,0,0,1,0,1,0,0,0,0,0,1,0,0,1,0,0
0,0,0,1,-1.2816237461508113,1,0,-0.3472814392558651,-0.9864959130336962,0,0,0,0,0,1,0,0,0,0,0,1,0,0,0,0,0,0,0,1,0
0,0,0,0,-0.9559778674420595,1,0,-0.6459407676069426,-0.8275569929248664,0,0,0,0,0,0,0,0,0,0,0,0,0,0,0,0,0,0,0,1,0
1,1,1,0,-1.0780950719578415,1,1,1.013277723232377,-0.7586249198389927,0,0,1,0,0,0,0,0,0,1,0,0,0,1,0,1,0,0,0,1,0
1,0,1,1,1.2421318138420157,1,1,1.3119370515834547,1.8862592092648485,0,1,1,0,0,0,0,1,0,1,0,0,0,1,0,1,0,1,0,0,0
0,1,0,0,-0.7524491932490895,1,1,0.5155121759805812,-0.5456818915163894,0,1,1,0,0,0,0,0,0,1,0,0,0,0,0,0,0,0,0,0,0
1,0,0,1,-0.38609757970174374,1,1,-0.31409706943907867,-0.44645483089595966,0,0,0,0,0,0,0,1,0,0,0,1,0,0,0,0,0,0,0,0,0
0,0,1,0,1.5677776925507676,1,1,-1.342812533759457,-0.27214888812467397,0,1,0,1,1,0,1,0,1,0,1,0,1,0,1,0,0,1,1,0,0
0,0,1,1,0.428017117070136,1,1,0.913724613782018,0.763149381534499,0,1,1,0,0,0,0,0,0,1,0,0,0,0,0,1,0,0,0,0,0
0,1,0,0,-0.6303319887333076,1,1,0.8141715043316587,-0.3533745793405124,0,0,1,0,0,0,0,1,0,1,0,0,0,1,0,0,0,0,0,1,0
0,0,1,1,-0.7117434584104956,1,0,-0.6127563977901562,-0.7296471056755044,0,0,0,0,0,0,0,0,0,0,0,0,0,0,0,0,0,0,0,1,0
1,0,0,0,0.1023712383613841,1,0,-0.31409706943907867,-0.1654578450681943,0,1,0,0,0,1,0,0,0,0,0,0,0,0,0,0,0,1,0,0,1
0,0,1,1,-0.06045170099299184,1,1,1.3119370515834547,0.41365938041121586,0,1,1,0,0,0,0,0,0,1,0,1,0,1,0,1,0,0,0,1,0
1,0,1,1,1.5677776925507676,1,0,0.8473558741484452,1.7668354902880483,0,1,0,0,0,1,0,1,0,1,0,1,0,1,0,1,0,1,0,1,0
0,0,0,0,0.06166550352279012,1,1,0.28322158726307645,0.0979768291453357,0,0,1,0,0,0,0,1,0,0,0,0,0,0,0,0,0,0,1,0,0
0,0,0,0,-0.7117434584104956,1,1,-0.015437741088001118,-0.5737815900991659,0,1,0,0,0,1,0,0,0,0,0,0,0,0,0,1,0,0,0,0,0
1,0,1,1,1.4456604880349857,1,0,-1.3096281639426706,-0.29893141333638285,0,1,0,1,1,0,1,0,1,0,1,0,1,0,1,0,0,1,0,0,0
1,0,1,1,-0.2639803751859618,1,1,0.581880915614154,-0.09564765640160885,0,1,0,0,0,0,0,0,0,1,0,1,0,1,0,1,1,0,1,0,0
1,0,0,1,-1.2816237461508113,1,1,0.18366847781271725,-0.9794709883880021,0,0,0,0,0,1,0,1,0,0,0,1,0,0,0,1,0,0,0,0,0
0,1,0,0,0.9978974048104517,1,0,0.15048410799593087,0.7473433010816872,0,0,0,0,0,1,0,0,0,1,0,1,0,1,0,0,0,1,0,0,0
0,0,0,0,0.26519417771576004,1,1,1.013277723232377,0.6107963282810075,0,0,1,0,0,1,0,0,0,1,0,1,0,1,0,0,1,0,0,1,0
1,0,1,1,0.5501343215859179,1,0,-1.342812533759457,-0.49475118783510685,0,1,0,1,1,0,1,0,1,0,1,0,1,0,1,0,1,0,0,1,0
1,0,0,0,1.2828375486806096,1,1,1.3119370515834547,1.9279696993486575,0,1,1,0,0,0,0,1,0,1,0,0,0,1,0,1,0,1,0,0,0
0,0,1,0,-1.2002122764736234,1,0,0.9800933534155908,-0.8903422569457577,0,1,1,0,0,0,0,0,0,0,0,0,0,1,0,1,0,0,0,1,0
0,0,0,0,-1.1595065416350294,1,1,-1.4755500130266026,-0.9803491039687139,0,0,0,1,1,0,1,0,1,0,1,0,1,0,1,0,0,0,1,0,0
1,0,1,1,1.5677776925507676,1,1,0.8805402439652316,1.8827467469420014,0,1,0,0,0,1,0,1,0,1,0,1,0,1,0,1,0,1,0,0,1
0,0,1,0,-0.3453918448631497,1,1,1.1460152024995227,0.05714445464223856,0,0,1,0,0,0,0,1,0,1,0,0,0,1,0,1,0,0,1,0,0
0,0,0,0,0.428017117070136,1,1,-1.508734382843389,-0.6681790150256808,0,0,0,1,1,0,1,0,1,0,1,0,1,0,1,0,0,1,0,0,0
0,0,0,0,-0.6303319887333076,1,1,0.15048410799593087,-0.5237290019985952,0,1,0,0,0,0,0,0,0,1,0,1,0,1,0,0,0,0,0,0,1
1,1,1,0,0.06166550352279012,1,1,0.6814340250645132,0.2516470557698949,0,0,1,0,0,0,0,0,0,1,0,0,0,1,0,0,0,0,1,0,0
1,0,0,0,-0.9152721326034655,1,1,-0.679125137423729,-0.8192148949081046,0,0,0,0,0,0,0,0,0,0,0,0,0,0,0,0,0,0,1,0,0
0,1,0,0,0.30589991255435406,1,1,0.8805402439652316,0.6024542302642457,0,0,1,0,0,0,0,0,0,0,0,0,0,1,0,1,0,0,0,1,0
0,1,0,0,0.7943687306174818,1,0,-0.1813595901719331,0.3521912897613922,0,1,0,0,0,1,0,0,0,1,0,0,0,0,0,0,0,1,0,0,0
0,0,1,1,0.7536629957788878,1,1,0.9469089835988044,0.9826782767124407,0,1,1,0,0,1,0,1,0,0,0,0,0,0,0,1,0,0,0,1,0
1,0,0,0,-0.7931549280876836,1,0,1.1791995723163091,-0.43372215497563904,0,1,1,0,0,0,0,0,0,0,0,1,0,1,0,1,0,0,0,1,0
0,0,0,1,-0.5896262538947137,1,0,-0.015437741088001118,-0.49826365015795393,0,1,0,0,0,1,0,0,0,0,0,0,0,0,0,1,0,0,0,1,0
0,0,1,1,-0.10115743583158582,1,1,-0.015437741088001118,-0.13867531985648543,0,0,0,0,0,0,0,0,0,1,0,1,0,1,0,0,1,0,0,1,0
1,0,0,0,-1.1595065416350294,1,1,0.31640595707986285,-0.8692674830086754,0,0,1,0,0,0,0,0,0,1,0,0,0,0,0,0,0,0,0,0,0
1,0,0,0,-1.1595065416350294,1,1,-0.04862211090478751,-0.9109779730924843,0,0,0,0,0,0,0,1,0,0,0,1,0,1,0,0,0,0,0,0,0
1,0,0,0,-1.2816237461508113,1,1,-1.4755500130266026,-1.0014238779057962,0,0,0,1,1,0,1,0,1,0,1,0,1,0,1,0,0,0,0,0,1
0,0,1,1,0.22448844287716607,1,0,-1.508734382843389,-0.6752039396713749,0,0,0,1,1,0,1,0,1,0,1,0,1,0,1,0,1,0,1,0,0
0,0,0,0,1.6084834273893616,1,1,0.6482496552477268,1.7053673996382248,0,1,1,0,0,1,0,0,0,0,0,1,0,0,0,0,0,1,0,0,0
0,0,1,0,1.6084834273893616,1,0,0.5155121759805812,1.508669509558789,0,1,1,0,0,1,0,0,0,0,0,0,0,0,0,0,0,1,0,0,0
0,0,0,0,-1.2816237461508113,1,1,-0.3472814392558651,-0.9864959130336962,0,0,0,0,0,0,0,0,0,0,0,0,0,1,0,0,0,0,0,1,0
1,0,1,1,0.9571916699718578,1,1,1.2787526817666683,1.568381369047189,0,1,1,0,0,0,0,0,0,1,0,1,0,1,0,1,0,1,0,1,0
1,1,0,0,-0.7117434584104956,1,0,0.34959032689664926,-0.5070448059650716,0,1,1,0,0,0,0,0,0,0,0,0,0,0,0,0,0,0,0,1,0
0,0,0,0,1.3235432835192036,1,0,-1.2764437941258842,-0.26468490568862396,0,1,0,1,1,0,1,0,1,0,1,0,1,0,1,0,0,1,0,0,0
1,0,1,1,-1.1188008067964355,1,0,-0.015437741088001118,-0.8714627719604547,0,1,0,0,0,1,0,1,0,0,0,1,0,0,0,0,0,0,1,0,0
1,0,1,1,1.6084834273893616,1,1,-1.3096281639426706,-0.22077912665303562,0,1,0,1,1,0,1,0,1,0,1,0,1,0,1,0,0,1,0,0,0
0,0,1,0,1.6084834273893616,1,1,1.07964646286595,1.993389310111684,0,1,1,0,0,0,0,0,0,1,0,0,0,1,0,1,0,1,0,1,0
1,0,0,0,0.06166550352279012,1,1,-0.5132032883397971,-0.24887882523581215,0,0,0,0,0,0,0,1,0,0,0,0,0,0,0,0,0,0,0,1,0
1,1,1,0,1.2828375486806096,1,1,0.9800933534155908,1.6597053894412128,0,1,1,0,0,0,0,1,0,1,0,0,0,0,0,1,0,0,0,1,0
1,0,1,0,1.3235432835192036,1,1,-1.4755500130266026,-0.38937731814969484,0,0,0,1,1,0,1,0,1,0,1,0,1,0,1,0,0,1,1,0,0
0,0,0,0,0.8757802002946699,1,1,1.07964646286595,1.2417223730224118,0,1,1,0,0,0,0,1,0,0,0,0,0,1,0,1,0,1,0,0,0
1,0,0,0,-1.2816237461508113,1,0,-1.4755500130266026,-1.0014238779057962,0,0,0,1,1,0,1,0,1,0,1,0,1,0,1,0,0,0,0,0,1
1,0,0,0,-0.8745663977648716,1,0,0.6482496552477268,-0.6203217158768894,0,0,1,0,0,0,0,0,0,1,0,0,0,0,0,1,0,0,0,1,0
0,0,0,0,-1.0780950719578415,1,0,-0.31409706943907867,-0.8688284252183195,0,0,0,0,0,1,0,1,0,0,0,0,0,0,0,0,0,0,0,0,1
0,0,1,0,1.4863662228735797,1,0,-1.342812533759457,-0.2897111997389093,0,1,0,1,1,0,1,0,1,0,1,0,1,0,1,0,0,1,0,0,0
1,0,0,0,-1.2002122764736234,1,1,-1.4755500130266026,-0.9768366416458668,0,0,0,1,1,0,1,0,1,0,1,0,1,0,1,0,0,0,0,1,0
1,0,1,1,1.6084834273893616,0,1,0.01774662872878528,0.9558957515007318,1,0,0,0,0,1,0,1,0,1,0,1,0,1,0,1,0,1,1,0,0
1,0,1,1,0.7943687306174818,1,1,0.11729973817914446,0.518594192306272,0,0,0,0,0,0,0,1,0,1,0,1,0,1,0,0,1,0,0,1,0
0,1,0,0,0.1023712383613841,1,1,1.1460152024995227,0.5502063532118956,0,1,1,0,0,1,0,0,0,0,0,0,0,1,0,1,0,0,0,1,0
1,0,1,0,1.2828375486806096,1,1,1.245568311949882,1.911285503315134,0,0,1,0,0,0,0,1,0,1,0,1,0,1,0,1,1,0,1,0,0
1,0,1,1,1.3642490183577978,1,1,-1.4755500130266026,-0.4135254966192684,0,0,0,1,1,0,1,0,1,0,1,0,1,0,1,0,1,0,0,1,0
0,0,1,0,-0.1825689055087738,1,1,1.3119370515834547,0.32716499571110685,0,1,1,0,0,0,0,0,0,1,0,1,0,1,0,1,0,0,0,1,0
1,0,0,0,0.5094285867473239,1,0,1.577412010117746,1.1986947095675353,0,0,1,0,0,1,0,1,0,1,0,1,0,1,0,1,1,0,1,0,0
1,0,0,0,0.46872285190873,1,0,-1.4755500130266026,-0.6128577334408395,0,0,0,1,1,0,1,0,1,0,1,0,1,0,1,0,0,1,1,0,0
0,1,0,0,-1.2409180113122174,1,1,0.6814340250645132,-0.9281012269163638,0,1,1,0,0,0,0,0,0,0,0,0,0,1,0,0,0,0,0,1,0
0,0,1,1,0.9164859351332638,1,1,0.34959032689664926,0.8395454370564227,0,1,0,0,0,1,0,1,0,0,0,1,0,1,0,0,1,0,1,0,0
1,0,0,0,-1.2409180113122174,1,0,-0.6459407676069426,-0.9746413526940874,0,0,0,0,0,0,0,0,0,0,0,0,0,0,0,0,0,0,0,0,1
0,0,1,0,1.6084834273893616,1,1,1.2787526817666683,2.3073156302161406,0,1,1,0,0,1,0,1,0,1,0,1,0,1,0,0,0,1,0,0,0
0,0,0,0,-1.2816237461508113,1,0,0.48232780616379484,-0.9755194682747992,0,0,1,0,0,0,0,0,0,0,0,0,0,1,0,0,0,0,0,1,0
1,0,1,1,0.18378270803857208,0,0,-0.8118626166908747,-0.3744493532775948,1,0,0,0,0,1,0,1,0,1,0,0,0,0,0,0,0,0,0,0,0
1,0,0,0,1.2014260790034217,1,0,0.15048410799593087,0.8500828240249639,0,1,0,0,0,1,0,1,0,1,0,1,0,0,0,0,0,1,0,0,0
0,0,1,1,-0.8745663977648716,1,0,-1.4755500130266026,-0.9215153600610255,0,0,0,1,1,0,1,0,1,0,1,0,1,0,1,0,0,1,1,0,0
1,0,0,0,1.3642490183577978,1,0,-1.508734382843389,-0.46577337367161853,0,0,0,1,1,0,1,0,1,0,1,0,1,0,1,0,0,1,0,0,0
0,1,1,0,-0.2639803751859618,1,0,-0.14817522035514671,-0.30902974251456816,0,0,0,0,0,0,0,0,0,1,0,0,0,0,0,1,1,0,0,0,1
1,0,0,0,-1.0373893371192475,1,0,-1.508734382843389,-0.9540056365473608,0,0,0,1,1,0,1,0,1,0,1,0,1,0,1,0,1,0,0,0,1
1,0,1,0,-0.9152721326034655,1,1,1.1460152024995227,-0.5755378212605894,0,0,1,0,0,0,0,1,0,0,0,1,0,1,0,1,0,0,0,1,0
0,0,1,1,1.6084834273893616,1,0,1.411490161033814,2.3160967860232584,0,1,1,0,0,1,0,0,0,1,0,1,0,1,0,1,0,1,0,0,1
1,0,0,0,-1.2816237461508113,1,1,0.15048410799593087,-0.979910046178358,0,0,1,0,0,0,0,0,0,0,0,0,0,0,0,0,0,0,0,1,0
0,0,1,1,-1.1595065416350294,1,0,-0.48001891852301065,-0.9149294932056872,0,0,0,0,0,1,0,0,0,0,0,0,0,0,0,0,0,0,0,1,0
0,0,0,0,-0.8338606629262776,1,0,-1.508734382843389,-0.8960500082203843,0,0,0,1,1,0,1,0,1,0,1,0,1,0,1,0,1,0,0,0,1
1,0,0,0,-1.2816237461508113,1,0,-0.5795720279733698,-0.9895693175661874,0,0,0,0,0,1,0,0,0,0,0,0,0,0,0,0,0,0,0,1,0
0,0,1,0,0.5501343215859179,1,1,1.4446745308506004,1.120981480674544,0,1,1,0,0,0,0,1,0,1,0,1,0,1,0,1,0,1,1,0,0
1,0,0,0,-0.3453918448631497,1,1,-0.44683454870622424,-0.4530406977512979,0,0,0,0,0,0,0,0,0,0,0,1,0,0,0,0,0,0,1,0,0
1,0,0,1,-0.8745663977648716,1,1,0.44914343634700843,-0.6365668541200572,0,1,1,0,0,0,0,0,0,1,0,0,0,0,0,0,0,0,0,0,1
1,0,1,1,-0.5082147842175256,1,0,-1.4755500130266026,-0.8345819175705605,0,0,0,1,1,0,1,0,1,0,1,0,1,0,1,0,0,1,0,0,1
1,0,0,1,0.020959768684196134,1,1,1.013277723232377,0.4277092297026041,0,1,1,0,0,1,0,0,0,1,0,0,0,0,0,1,0,0,0,0,0
0,0,0,0,-0.7931549280876836,1,1,0.6482496552477268,-0.5456818915163894,0,1,1,0,0,0,0,1,0,1,0,0,0,0,0,0,0,0,0,1,0
0,0,1,0,0.6722515261016999,1,1,-1.4755500130266026,-0.5830018036966393,0,0,0,1,1,0,1,0,1,0,1,0,1,0,1,0,0,1,0,0,0
1,0,0,0,-0.7524491932490895,1,0,-1.508734382843389,-0.8784876966061489,0,0,0,1,1,0,1,0,1,0,1,0,1,0,1,0,0,0,1,0,0
1,1,1,0,-0.3453918448631497,1,1,0.44914343634700843,-0.2321946292022886,0,1,1,0,0,1,0,0,0,0,0,0,0,0,0,0,0,0,0,1,0
1,0,1,1,-1.1595065416350294,1,0,1.2123839421330955,-0.8411677844258988,0,1,1,0,0,0,0,0,0,1,0,0,0,1,0,1,0,0,0,1,0
1,0,0,1,0.6722515261016999,1,1,1.1791995723163091,1.2153789056010589,0,1,1,0,0,0,0,0,0,0,0,1,0,1,0,1,1,0,0,0,0
1,0,0,0,-1.1595065416350294,1,0,-1.508734382843389,-0.9781538150169344,0,0,0,1,1,0,1,0,1,0,1,0,1,0,1,0,0,0,0,0,1
0,0,0,0,1.5677776925507676,1,0,-1.342812533759457,-0.2554646920911504,0,1,0,1,1,0,1,0,1,0,1,0,1,0,1,0,0,1,0,1,0
1,0,0,0,0.9978974048104517,1,0,-1.4755500130266026,-0.5162650195625451,0,0,0,1,1,0,1,0,1,0,1,0,1,0,1,0,0,1,0,0,0
1,0,0,0,-0.5489205190561197,1,1,0.6482496552477268,-0.28532062183535045,0,1,1,0,0,1,0,0,0,1,0,0,0,0,0,0,0,0,0,1,0
1,0,0,0,-0.5489205190561197,1,1,0.28322158726307645,-0.384986740246136,0,0,1,0,0,0,0,1,0,0,0,0,0,0,0,0,0,0,1,0,0
1,0,0,0,-0.7117434584104956,1,0,0.6814340250645132,-0.4749935872690921,0,0,1,0,0,0,0,0,0,1,0,0,0,1,0,0,0,0,0,1,0
0,1,1,0,0.7129572609402939,1,0,1.4446745308506004,1.3743178257098887,0,1,1,0,0,1,0,1,0,1,0,0,0,1,0,1,0,0,0,0,0
0,0,0,0,-0.5896262538947137,1,1,0.8473558741484452,-0.33976378783948,0,1,1,0,0,0,0,1,0,0,0,0,0,1,0,0,0,0,1,0,0
1,0,1,1,0.14307697319997809,0,0,-0.14817522035514671,-0.02934993005787047,1,0,0,0,0,1,0,0,0,1,0,1,0,1,0,1,1,0,1,0,0
1,0,1,0,0.22448844287716607,1,0,0.15048410799593087,0.1616402087469388,0,1,0,0,0,0,0,0,0,1,0,1,0,0,0,1,1,0,1,0,0
0,0,1,1,1.6084834273893616,1,0,1.3783057912170276,2.351660467042085,0,1,1,0,0,1,0,1,0,1,0,1,0,1,0,0,0,1,1,0,0
1,1,0,0,-1.2409180113122174,0,1,-1.342812533759457,-0.9895693175661874,1,0,0,0,0,0,0,0,0,0,0,0,0,0,0,0,0,0,0,0,1
0,0,0,0,0.631545791263106,1,0,0.34959032689664926,0.6459209515094781,0,0,1,0,0,0,0,1,0,0,0,0,0,0,0,0,1,0,0,1,0
0,0,0,0,-1.2816237461508113,1,1,-0.48001891852301065,-0.9882521441951198,0,1,0,0,0,0,0,0,0,0,0,0,0,0,0,0,0,0,0,0,1
1,0,1,1,1.4863662228735797,1,1,1.3783057912170276,2.177793582061155,0,0,1,0,0,1,0,1,0,0,0,1,0,1,0,1,0,1,1,0,0
0,0,0,0,-0.8338606629262776,1,1,-0.6459407676069426,-0.780138751566431,0,0,0,0,0,0,0,0,0,0,0,0,0,0,0,0,0,0,0,0,0
0,0,1,1,-1.1595065416350294,1,1,-1.508734382843389,-0.9742022949037314,0,0,0,1,1,0,1,0,1,0,1,0,1,0,1,0,0,0,0,1,0
1,0,0,1,-1.2816237461508113,1,1,0.18366847781271725,-0.9794709883880021,0,0,1,0,0,0,0,0,0,0,0,0,0,0,0,0,0,0,0,0,1
0,0,1,0,0.5501343215859179,1,1,-1.342812533759457,-0.5421694291935423,0,1,0,1,1,0,1,0,1,0,1,0,1,0,1,0,1,0,0,0,0
1,0,0,1,1.3642490183577978,1,0,-1.4755500130266026,-0.4144036121999802,0,0,0,1,1,0,1,0,1,0,1,0,1,0,1,0,0,1,0,0,1
0,0,0,1,-0.8745663977648716,0,1,-0.9446000959580202,-0.8337038019898488,1,0,0,0,0,1,0,0,0,0,0,1,0,0,0,0,1,0,0,0,1
1,0,0,1,-0.3453918448631497,0,0,-0.9777844657748066,-0.6457870677175307,1,0,0,0,0,1,0,0,0,0,0,1,0,0,0,0,0,1,0,0,1
1,0,1,1,1.5270719577121736,1,0,1.6437807497513186,2.432886158257923,0,1,1,0,0,1,0,1,0,1,0,1,0,1,0,1,0,1,1,0,0
1,0,1,0,1.2421318138420157,1,1,-1.508734382843389,-0.46840772041375384,0,0,0,1,1,0,1,0,1,0,1,0,1,0,1,0,0,1,0,0,0
0,0,0,0,-1.0780950719578415,1,0,-1.4755500130266026,-0.9623477345641226,0,0,0,1,1,0,1,0,1,0,1,0,1,0,1,0,0,0,0,0,1
1,0,0,0,-0.7524491932490895,1,0,-1.508734382843389,-0.885951679042199,0,0,0,1,1,0,1,0,1,0,1,0,1,0,1,0,0,0,0,0,1
1,0,1,1,1.4863662228735797,1,1,-1.2764437941258842,-0.2216572422337474,0,1,0,1,1,0,1,0,1,0,1,0,1,0,1,0,0,1,0,0,0
0,0,0,0,-1.0373893371192475,1,1,-0.3804658090726515,-0.832825686409137,0,1,0,0,0,1,0,0,0,0,0,0,0,0,0,0,0,0,0,1,0
1,0,1,0,-1.2002122764736234,1,1,0.48232780616379484,-0.9000015283335872,0,1,1,0,0,0,0,0,0,0,0,1,0,0,0,0,0,0,0,0,0
0,0,1,0,1.0386031396490458,1,1,-0.1149908505383603,0.5168379611448485,0,1,0,0,0,1,0,0,0,0,0,1,0,0,0,0,1,0,0,0,0
0,0,0,1,-0.8745663977648716,0,0,-1.3096281639426706,-0.8692674830086754,1,0,0,0,0,0,0,0,0,0,0,0,0,0,0,0,0,0,0,1,0
1,0,0,0,1.6084834273893616,1,0,1.6105963799345322,2.5742627667525175,0,1,1,0,0,1,0,1,0,1,0,1,0,1,0,1,0,1,0,0,0
0,0,0,0,1.2014260790034217,1,1,-1.3096281639426706,-0.3239577073866682,0,1,0,1,1,0,1,0,1,0,1,0,1,0,1,0,0,1,1,0,0
1,0,0,0,-1.2409180113122174,1,0,-1.508734382843389,-0.9878130864047638,0,0,0,1,1,0,1,0,1,0,1,0,1,0,1,0,0,0,0,0,1
0,0,0,0,-0.06045170099299184,1,0,1.3119370515834547,0.3969751843776923,0,1,1,0,0,1,0,1,0,0,0,0,0,1,0,1,0,0,0,1,0
1,0,1,0,-1.2816237461508113,0,1,-1.3759969035762434,-1.0001067045347285,1,0,0,0,0,0,0,0,0,0,0,0,0,0,0,0,0,0,0,1,0
1,0,0,0,-1.1595065416350294,1,0,-1.508734382843389,-0.9588352722412755,0,0,0,1,1,0,1,0,1,0,1,0,1,0,1,0,1,0,0,0,1
1,0,1,0,0.590840056424512,1,1,1.013277723232377,0.9932156636809819,0,1,1,0,0,0,0,0,0,0,0,0,0,1,0,1,1,0,1,0,0
0,0,0,0,0.346605647392948,1,1,0.5155121759805812,0.4224405362183335,0,1,0,0,0,0,0,1,0,1,0,0,0,1,0,1,1,0,0,1,0
0,0,0,0,0.590840056424512,0,0,-0.7786782468740883,-0.1869716767956326,1,0,0,0,0,1,0,0,0,1,0,1,0,0,0,0,0,1,0,0,1
1,0,0,0,-1.2816237461508113,0,1,-0.9777844657748066,-0.994838011050458,1,0,0,0,0,0,0,0,0,0,0,0,0,0,0,1,0,0,0,1,0
0,0,0,1,-0.9966836022806536,1,0,-1.508734382843389,-0.9355652093524137,0,0,0,1,1,0,1,0,1,0,1,0,1,0,1,0,0,0,0,0,1
0,0,1,1,0.06166550352279012,1,0,0.6482496552477268,0.23628003310743897,0,0,0,0,0,1,0,1,0,1,0,1,0,1,0,1,0,1,0,0,1
1,0,1,1,0.428017117070136,1,0,-1.342812533759457,-0.5373397934996276,0,1,0,1,1,0,1,0,1,0,1,0,1,0,1,0,0,1,0,0,1
0,0,0,0,-1.1595065416350294,1,1,-0.48001891852301065,-0.9070264529792813,0,0,0,0,0,1,0,0,0,0,0,0,0,0,0,0,0,0,0,0,0
1,0,1,0,0.8350744654560759,1,0,1.07964646286595,1.2039634030518058,0,1,1,0,0,0,0,1,0,0,0,1,0,0,0,1,1,0,0,0,0
1,0,0,0,1.4863662228735797,1,0,0.8473558741484452,1.7655183169169808,0,1,0,0,0,1,0,1,0,1,0,1,0,1,0,1,0,1,0,0,1
1,0,0,0,-1.2002122764736234,1,0,0.31640595707986285,-0.9149294932056872,0,1,1,0,0,0,0,0,0,0,0,0,0,0,0,0,0,0,0,1,0
0,0,1,1,1.2828375486806096,1,0,0.01774662872878528,0.7758820574548196,0,0,0,0,0,1,0,0,0,0,0,1,0,1,0,0,1,0,0,0,1
1,0,0,1,-0.9152721326034655,1,0,-1.342812533759457,-0.9122951464635519,0,1,0,1,1,0,1,0,1,0,1,0,1,0,1,0,0,0,1,0,0
1,0,0,0,-0.30468611002455576,1,0,-1.4755500130266026,-0.772674769130381,0,0,0,1,1,0,1,0,1,0,1,0,1,0,1,0,0,0,0,0,1
1,0,0,1,-1.2816237461508113,1,0,-0.48001891852301065,-0.9882521441951198,0,0,0,0,0,1,0,0,0,0,0,0,0,0,0,0,0,0,0,0,1
1,0,0,0,-0.019745966154397852,1,0,0.747802764698086,0.20422881441145949,0,1,1,0,0,1,0,0,0,0,0,1,0,0,0,0,0,0,0,0,0
1,0,0,0,0.14307697319997809,1,1,0.48232780616379484,0.24286589996277722,0,0,0,0,0,1,0,0,0,1,0,1,0,1,0,1,0,0,1,0,0
0,0,0,0,-0.10115743583158582,1,1,-0.31409706943907867,-0.33844661446841234,0,0,0,0,0,1,0,1,0,0,0,0,0,0,0,0,0,0,0,0,0
0,0,0,0,-0.30468611002455576,1,0,0.31640595707986285,-0.1922403702799032,0,0,0,0,0,1,0,1,0,1,0,1,0,1,0,0,1,0,0,0,1
1,1,1,1,-0.1418631706701798,1,1,1.2787526817666683,0.2911622569019244,0,1,1,0,0,0,0,0,0,1,0,0,0,1,0,1,0,0,0,1,0
0,0,0,0,-1.2816237461508113,1,0,0.3827746967134356,-0.9768366416458668,0,1,1,0,0,0,0,0,0,0,0,0,0,0,0,0,0,0,0,1,0
0,0,1,0,0.9978974048104517,1,1,1.4778589006673868,1.734784271592069,0,1,1,0,0,0,0,1,0,1,0,1,0,1,0,1,1,0,0,0,0
1,0,0,0,-0.30468611002455576,1,0,-1.508734382843389,-0.7862855606314134,0,0,0,1,1,0,1,0,1,0,1,0,1,0,1,0,1,0,1,0,0
1,1,1,0,-0.019745966154397852,1,0,1.3783057912170276,0.5352783883397956,0,1,1,0,0,0,0,1,0,1,0,0,0,1,0,1,0,0,0,0,0
1,0,1,1,1.5677776925507676,1,0,0.7146183948812996,1.7396139072859835,0,1,0,0,0,1,0,1,0,1,0,1,0,1,0,1,0,1,0,0,0
0,0,0,0,-1.1595065416350294,0,0,-0.9777844657748066,-0.9509322320148696,1,0,0,0,0,1,0,0,0,1,0,0,0,0,0,0,0,0,0,0,1
0,0,1,0,0.9164859351332638,1,1,0.8473558741484452,1.1482030636766087,0,1,0,0,0,1,0,1,0,1,0,1,0,1,0,1,1,0,0,1,0
0,0,1,1,-0.6303319887333076,1,0,0.8805402439652316,-0.3191280716927535,0,0,1,0,0,1,0,0,0,0,0,1,0,1,0,0,0,0,0,1,0
1,0,1,1,1.2421318138420157,1,0,-1.342812533759457,-0.3191280716927535,0,1,0,1,1,0,1,0,1,0,1,0,1,0,1,0,0,1,1,0,0
1,1,0,0,-1.0373893371192475,0,1,-0.679125137423729,-0.8938547192686048,1,0,0,0,0,0,0,1,0,0,0,1,0,0,0,1,0,0,0,1,0
1,0,1,0,1.6084834273893616,1,1,1.7433338592016778,2.8025728177375773,0,1,1,0,0,1,0,1,0,1,0,1,0,1,0,1,1,0,0,0,0
0,1,0,0,0.5094285867473239,0,0,-1.0109688355915931,-0.3094688003049241,1,0,0,0,0,0,0,0,0,0,0,0,0,0,0,1,1,0,0,1,0
0,0,0,1,-1.2816237461508113,1,1,0.8141715043316587,-0.9711288903712403,0,0,1,0,0,0,0,0,0,0,0,0,0,1,0,1,0,0,0,1,0
0,0,1,1,1.6084834273893616,1,1,1.5110432704841732,2.527722640974794,0,1,1,0,0,1,0,0,0,1,0,1,0,1,0,1,0,1,0,0,0
1,0,0,0,-0.8338606629262776,1,1,0.5486965457973676,-0.6097843289083483,0,0,1,0,0,0,0,0,0,0,0,0,0,1,0,0,0,0,0,1,0
1,1,1,0,-0.10115743583158582,1,1,1.2123839421330955,0.2705265407551979,0,1,1,0,0,0,0,0,0,0,0,1,0,1,0,1,0,0,0,1,0
1,1,1,0,1.6084834273893616,1,1,1.577412010117746,2.529039814345862,0,1,1,0,0,1,0,1,0,1,0,1,0,1,0,1,0,0,1,0,0
0,1,1,0,-0.30468611002455576,1,1,0.15048410799593087,-0.21419325979769738,0,0,1,0,0,0,0,0,0,0,0,0,0,0,0,0,0,0,0,1,0
1,0,1,1,-0.22327464034736777,1,1,0.6814340250645132,-0.06579172665740879,0,1,1,0,0,0,0,1,0,0,0,1,0,0,0,0,0,0,1,0,0
1,0,1,1,1.0386031396490458,1,0,0.21685284762950366,0.8470094194924728,0,1,0,0,0,1,0,1,0,1,0,1,0,0,0,0,0,1,1,0,0
1,0,0,0,-1.2409180113122174,1,1,-0.6459407676069426,-0.9680554858387491,0,0,0,0,0,0,0,0,0,0,0,0,0,0,0,0,0,0,0,0,1
1,0,1,0,1.1200146093262338,1,1,-0.1813595901719331,0.5532797577443868,0,0,0,0,0,1,0,0,0,0,0,0,0,1,0,0,1,0,0,0,1
0,0,1,1,-0.5082147842175256,1,0,-1.508734382843389,-0.83677720652234,0,0,0,1,1,0,1,0,1,0,1,0,1,0,1,0,1,0,0,0,0
0,1,0,0,1.2421318138420157,1,0,0.6150652854309404,1.2917749611229825,0,1,0,0,0,1,0,1,0,1,0,1,0,1,0,0,1,0,0,0,0
1,0,1,1,-0.7524491932490895,1,0,-1.508734382843389,-0.8745361764929459,0,0,0,1,1,0,1,0,1,0,1,0,1,0,1,0,1,0,0,0,1
0,0,0,0,-0.1418631706701798,1,0,-1.4755500130266026,-0.7393063770633339,0,0,0,1,1,0,1,0,1,0,1,0,1,0,1,0,1,0,0,0,1
0,0,1,0,-1.2816237461508113,1,1,0.11729973817914446,-0.9803491039687139,0,0,1,0,0,0,0,0,0,0,0,0,0,0,0,0,0,0,0,1,0
1,0,0,0,-0.1418631706701798,1,0,0.8141715043316587,0.14144355039056816,0,0,1,0,0,0,0,1,0,0,0,1,0,1,0,0,0,0,0,0,1
1,0,0,0,-1.1595065416350294,1,0,-0.44683454870622424,-0.9219544178513813,0,1,0,0,0,0,0,0,0,0,0,0,0,0,0,0,0,0,1,0,0
0,0,0,0,1.5270719577121736,1,0,1.676965119568105,2.55801762850935,0,1,1,0,0,1,0,1,0,1,0,1,0,1,0,1,1,0,1,0,0
0,0,1,1,-1.0780950719578415,1,0,-0.31409706943907867,-0.8499489402330165,0,0,0,0,0,1,0,1,0,0,0,0,0,0,0,0,0,0,1,0,0
1,1,0,0,-1.1595065416350294,1,1,0.9800933534155908,-0.8249226461827311,0,0,1,0,0,0,0,0,0,1,0,0,0,1,0,1,0,0,0,1,0
1,0,1,1,0.5501343215859179,1,0,-1.508734382843389,-0.6343715651682778,0,0,0,1,1,0,1,0,1,0,1,0,1,0,1,0,0,1,1,0,0
1,0,0,0,-0.9559778674420595,1,1,-0.679125137423729,-0.8574129226690665,0,0,0,0,0,0,0,0,0,0,0,0,0,0,0,0,0,0,0,0,1
1,0,0,0,-1.2816237461508113,1,1,0.21685284762950366,-0.9790319305976461,0,0,1,0,0,0,0,0,0,0,0,0,0,0,0,0,0,0,0,0,1
1,0,0,0,-0.06045170099299184,1,1,1.2123839421330955,0.3697536013756275,0,0,1,0,0,0,0,1,0,1,0,0,0,1,0,1,0,0,0,1,0
1,1,0,0,-1.2816237461508113,1,1,0.34959032689664926,-0.9772756994362226,0,1,1,0,0,0,0,0,0,0,0,0,0,0,0,0,0,0,0,1,0
1,0,1,1,0.5094285867473239,1,0,0.28322158726307645,0.4698587775767689,0,1,0,0,0,1,0,1,0,0,0,1,0,1,0,0,0,1,1,0,0
0,0,0,0,-0.8745663977648716,1,0,-0.015437741088001118,-0.6883756733820514,0,0,0,0,0,1,0,0,0,1,0,0,0,0,0,1,0,0,0,0,0
0,0,0,0,1.2421318138420157,1,1,1.4778589006673868,2.064077614358981,0,1,1,0,0,0,0,1,0,1,0,1,0,1,0,1,0,0,1,0,0
0,0,0,0,-1.2002122764736234,1,0,-1.342812533759457,-0.9724460637423079,0,1,0,1,1,0,1,0,1,0,1,0,1,0,1,0,0,0,0,0,1
1,0,1,1,-0.6710377235719016,1,0,-0.015437741088001118,-0.5606098563884894,0,0,0,0,0,1,0,0,0,1,0,0,0,1,0,0,0,1,0,0,1
0,0,1,1,-0.5489205190561197,1,0,-1.4755500130266026,-0.8424849577969664,0,0,0,1,1,0,1,0,1,0,1,0,1,0,1,0,0,0,0,0,1
1,0,1,0,1.5677776925507676,1,1,0.48232780616379484,1.4327125118272213,0,0,0,0,0,0,0,1,0,1,0,1,0,1,0,1,0,1,1,0,0
1,0,0,0,-0.6303319887333076,1,0,0.7146183948812996,-0.3911335493111184,0,1,1,0,0,0,0,0,0,1,0,1,0,0,0,0,1,0,0,1,0
1,0,1,1,0.7129572609402939,1,1,-0.679125137423729,-0.031106161219294,0,0,0,0,0,0,0,0,0,0,0,0,0,0,0,0,1,0,0,0,0
1,0,0,0,-1.2409180113122174,1,1,0.21685284762950366,-0.9412729606270402,0,0,1,0,0,0,0,0,0,0,0,0,0,0,0,0,0,0,1,0,0
1,0,0,0,0.06166550352279012,1,0,-1.508734382843389,-0.7138410252226927,0,0,0,1,1,0,1,0,1,0,1,0,1,0,1,0,0,0,0,0,1
1,0,1,0,0.387311382231542,1,0,-0.2809126996222923,0.0373868540762238,0,1,0,0,0,1,0,0,0,0,0,0,0,0,0,0,1,0,1,0,0
0,0,1,1,1.4863662228735797,1,0,0.6482496552477268,1.5574049242882921,0,1,1,0,0,1,0,0,0,1,0,0,0,0,0,0,1,0,0,0,0
0,0,0,0,-0.9559778674420595,1,1,-0.679125137423729,-0.8332647441994929,0,0,0,0,0,0,0,0,0,0,0,0,0,0,0,0,0,0,0,0,0
1,0,0,0,-1.1595065416350294,0,0,-1.1437063148587385,-0.9583962144509197,1,0,0,0,0,0,0,0,0,0,0,1,0,0,0,0,0,0,0,1,0
0,0,1,0,0.8757802002946699,1,1,1.6437807497513186,1.6456555401498245,0,1,1,0,0,1,0,1,0,1,0,1,0,1,0,1,1,0,0,0,1
0,0,0,0,0.020959768684196134,1,0,-0.1813595901719331,-0.1531642269382296,0,1,0,0,0,1,0,0,0,0,0,1,0,0,0,0,1,0,0,1,0
0,0,0,1,-0.8338606629262776,1,1,0.6482496552477268,-0.5860752082291306,0,1,1,0,0,0,0,0,0,0,0,0,0,1,0,0,0,0,0,1,0
1,0,1,1,1.5677776925507676,1,0,0.6814340250645132,1.7558590455291514,0,1,0,0,0,1,0,0,0,1,0,1,0,1,0,1,1,0,0,1,0
1,0,0,0,-1.2002122764736234,0,1,-1.176890684675525,-0.9680554858387491,1,0,0,0,0,0,0,0,0,0,0,1,0,0,0,0,0,0,0,1,0
0,0,0,0,-1.0373893371192475,1,1,0.34959032689664926,-0.7796996937760752,0,0,1,0,0,0,0,0,0,1,0,0,0,0,0,0,0,0,0,1,0
0,0,0,0,0.22448844287716607,1,0,-1.4755500130266026,-0.6848632110592043,0,0,0,1,1,0,1,0,1,0,1,0,1,0,1,0,0,1,0,0,1
1,0,1,1,-0.5489205190561197,1,0,-1.508734382843389,-0.8534614025558636,0,0,0,1,1,0,1,0,1,0,1,0,1,0,1,0,1,0,0,0,1
0,0,1,0,1.5270719577121736,1,1,0.6482496552477268,1.587699911822848,0,1,0,0,0,0,0,1,0,1,0,1,0,1,0,1,0,1,0,0,0
1,0,1,0,0.8757802002946699,0,0,-1.1437063148587385,-0.298492355546027,1,0,0,0,0,0,0,1,0,0,0,0,0,0,0,0,0,0,0,1,0
0,0,1,1,0.9571916699718578,1,0,0.01774662872878528,0.5317659260169485,0,1,0,0,0,1,0,0,0,0,0,0,0,1,0,0,1,0,0,0,0
0,0,0,0,1.3235432835192036,1,1,-0.1813595901719331,0.631432044427734,0,0,0,0,0,1,0,1,0,0,0,1,0,0,0,0,0,1,0,0,1
1,0,0,1,0.1023712383613841,1,1,0.6814340250645132,0.3201400710654127,0,0,1,0,0,0,0,0,0,1,0,0,0,1,0,0,1,0,0,1,0
0,0,1,0,1.2421318138420157,1,1,0.5486965457973676,1.1978165939868235,0,1,1,0,0,0,0,1,0,0,0,0,0,0,0,0,0,0,0,0,0
0,1,1,0,0.18378270803857208,1,0,-1.508734382843389,-0.6910100201241867,0,0,0,1,1,0,1,0,1,0,1,0,1,0,1,0,1,0,0,0,1
1,0,0,0,-1.1595065416350294,1,1,0.8473558741484452,-0.8486317668619489,0,1,1,0,0,0,0,1,0,0,0,0,0,0,0,1,0,0,0,1,0
0,0,0,0,-0.9152721326034655,1,1,1.1128308326827363,-0.5830018036966393,0,1,1,0,0,1,0,0,0,0,0,0,0,1,0,1,0,0,0,1,0
0,1,0,0,-1.2816237461508113,1,1,0.18366847781271725,-0.9794709883880021,0,0,1,0,0,0,0,0,0,0,0,0,0,0,0,0,0,0,0,1,0
0,0,1,1,1.5270719577121736,1,0,-1.508734382843389,-0.40518339860250663,0,0,0,1,1,0,1,0,1,0,1,0,1,0,1,0,0,1,0,0,0
0,0,0,0,-0.4268033145403377,1,1,0.8473558741484452,-0.13516285753363835,0,1,1,0,0,0,0,0,0,0,0,1,0,1,0,0,0,0,0,1,0
0,0,0,0,-1.0373893371192475,1,1,0.44914343634700843,-0.7595030354197045,0,0,0,0,0,1,0,1,0,0,0,1,0,1,0,1,0,0,0,1,0
1,0,1,0,-0.06045170099299184,1,1,-0.1813595901719331,-0.18389827226314143,0,1,0,0,0,0,0,0,0,0,0,0,0,1,0,0,0,0,1,0,0
0,0,1,1,1.4863662228735797,0,1,-0.3472814392558651,0.6459209515094781,1,0,0,0,0,0,0,1,0,1,0,0,0,1,0,1,0,1,1,0,0
0,1,0,0,-0.10115743583158582,1,1,1.3119370515834547,0.36009432998779806,0,1,1,0,0,0,0,1,0,1,0,0,0,1,0,1,0,0,0,1,0
1,1,0,0,0.8350744654560759,0,1,-0.3472814392558651,0.24286589996277722,1,0,0,0,0,0,0,1,0,1,0,0,0,1,0,1,0,0,0,1,0
1,0,0,0,-1.2816237461508113,1,1,0.21685284762950366,-0.9790319305976461,0,0,1,0,0,0,0,0,0,0,0,0,0,0,0,0,0,0,0,0,1
0,0,1,0,1.5677776925507676,1,0,0.8473558741484452,1.76024962343271,0,1,0,0,0,1,0,1,0,1,0,1,0,1,0,1,0,1,0,1,0
1,1,0,0,0.18378270803857208,0,0,-0.9446000959580202,-0.43284403939492727,1,0,0,0,0,0,0,1,0,1,0,0,0,0,0,0,0,0,0,1,0
1,1,1,0,1.4863662228735797,1,1,1.5110432704841732,2.3310247508953585,0,1,1,0,0,1,0,0,0,1,0,1,0,1,0,1,1,0,0,0,1
1,0,1,0,-0.6710377235719016,1,0,0.5155121759805812,-0.43020969265279196,0,0,1,0,0,1,0,1,0,0,0,0,0,0,0,0,0,0,0,0,0
1,0,0,0,-1.2816237461508113,1,0,-1.508734382843389,-1.0018629356961521,0,0,0,1,1,0,1,0,1,0,1,0,1,0,1,0,0,0,0,1,0
0,0,1,1,1.4863662228735797,1,0,-0.1149908505383603,0.7719305373416167,0,1,0,0,0,1,0,0,0,0,0,1,0,0,0,0,0,1,1,0,0
1,0,1,0,-0.4675090493789317,1,1,1.5442276403009596,0.007091866541667852,0,1,1,0,0,0,0,1,0,1,0,1,0,1,0,1,0,0,0,1,0
1,0,0,0,1.1607203441648277,1,1,1.3783057912170276,1.7558590455291514,0,1,1,0,0,1,0,0,0,1,0,0,0,1,0,1,0,0,0,1,0
0,0,1,0,0.22448844287716607,1,1,1.3451214214002412,0.7574416302598725,0,1,1,0,0,0,0,0,0,1,0,1,0,1,0,1,0,0,0,1,0
1,0,0,0,-1.2816237461508113,1,0,-1.508734382843389,-1.0018629356961521,0,0,0,1,1,0,1,0,1,0,1,0,1,0,1,0,0,0,0,0,1
0,0,1,0,-0.38609757970174374,1,1,0.28322158726307645,-0.28927214194855344,0,1,0,0,0,0,0,0,0,0,0,1,0,1,0,1,0,0,1,0,0
1,0,0,0,-1.1595065416350294,1,0,-0.48001891852301065,-0.919759128899602,0,1,0,0,0,0,0,0,0,0,0,0,0,0,0,0,0,0,0,0,1
0,0,1,1,-1.0780950719578415,1,0,-0.3472814392558651,-0.8543395181365753,0,0,0,0,0,0,0,0,0,0,0,0,0,1,0,0,0,0,0,1,0
0,0,0,1,-0.5489205190561197,1,1,0.34959032689664926,-0.4065005719735743,0,1,0,0,0,1,0,1,0,0,0,1,0,1,0,0,0,0,0,0,1
1,0,1,1,1.2828375486806096,1,0,0.15048410799593087,0.9422849599996994,0,0,0,0,0,1,0,0,0,1,0,1,0,1,0,0,0,1,0,0,1
1,0,1,0,1.2014260790034217,1,1,-1.3759969035762434,-0.3753274688583066,0,1,0,1,1,0,1,0,1,0,1,0,1,0,1,0,1,0,1,0,0
1,0,0,0,-1.2816237461508113,1,1,0.5486965457973676,-0.9746413526940874,0,1,1,0,0,1,0,0,0,0,0,0,0,0,0,0,0,0,0,1,0
0,0,1,1,-1.2816237461508113,0,0,-1.1437063148587385,-0.9970333000022374,1,0,0,0,0,1,0,0,0,0,0,0,0,0,0,0,0,0,0,0,0
1,0,0,0,-0.9966836022806536,0,0,-1.176890684675525,-0.9153685509960431,1,0,0,0,0,1,0,0,0,0,0,0,0,0,0,0,0,0,0,0,1
0,0,1,0,1.6084834273893616,1,1,1.6105963799345322,2.5567004551382824,0,1,1,0,0,1,0,1,0,1,0,1,0,1,0,1,0,1,1,0,0
1,0,0,0,-0.8745663977648716,1,1,-0.14817522035514671,-0.7081332739480661,0,0,0,0,0,0,0,1,0,1,0,1,0,0,0,0,0,0,0,1,0
0,0,1,1,-0.30468611002455576,1,0,-1.4755500130266026,-0.7968229475999546,0,0,0,1,1,0,1,0,1,0,1,0,1,0,1,0,0,1,0,0,1
1,1,1,1,-0.2639803751859618,1,0,1.3451214214002412,0.17964157815153,0,1,1,0,0,0,0,1,0,1,0,0,0,1,0,1,0,0,0,1,0
0,0,1,1,-0.6303319887333076,1,0,0.31640595707986285,-0.4767498184305156,0,0,0,0,0,1,0,1,0,0,0,0,0,1,0,1,0,0,0,0,1
0,0,0,0,-0.8745663977648716,1,1,-0.679125137423729,-0.802969756664937,0,0,0,0,0,0,0,0,0,0,0,0,0,0,0,0,0,0,0,0,1
0,0,0,0,1.4456604880349857,1,0,-1.4755500130266026,-0.384986740246136,0,0,0,1,1,0,1,0,1,0,1,0,1,0,1,0,0,1,1,0,0
1,0,0,0,1.0793088744876398,1,1,1.5442276403009596,1.8520127016170895,0,1,1,0,0,0,0,1,0,1,0,1,0,1,0,1,0,0,0,1,0
1,0,0,0,-0.9559778674420595,0,0,-0.48001891852301065,-0.80692127677814,1,0,0,0,0,1,0,0,0,1,0,1,0,0,0,1,1,0,0,0,1
1,1,0,0,-1.2409180113122174,1,1,0.25003721744629004,-0.9425901339981079,0,1,1,0,0,0,0,0,0,0,0,0,0,0,0,0,0,0,0,0,1
0,0,1,0,0.590840056424512,1,1,0.6814340250645132,0.7657837282766343,0,0,1,0,0,0,0,0,0,1,0,0,0,0,0,1,0,0,0,1,0
1,1,0,0,0.020959768684196134,0,1,-0.3472814392558651,-0.2185838377012562,1,0,0,0,0,0,0,0,0,1,0,1,0,1,0,1,0,0,0,1,0
1,0,1,1,0.5501343215859179,1,0,-1.508734382843389,-0.6317372184261425,0,0,0,1,1,0,1,0,1,0,1,0,1,0,1,0,0,1,1,0,0
0,0,1,1,1.3235432835192036,1,1,1.5110432704841732,2.170768657415461,0,1,1,0,0,0,0,1,0,1,0,1,0,1,0,1,0,1,1,0,0
0,0,1,1,0.631545791263106,0,1,-1.176890684675525,-0.3854257980364919,1,0,0,0,0,0,0,0,0,0,0,1,0,0,0,0,0,0,1,0,0
1,0,0,0,-1.2409180113122174,1,1,-0.6127563977901562,-0.9733241793230197,0,0,0,0,0,0,0,0,0,0,0,0,0,0,0,0,0,0,1,0,0
0,0,0,0,-1.2816237461508113,1,1,0.31640595707986285,-0.9777147572265785,0,0,1,0,0,0,0,0,0,1,0,0,0,0,0,0,0,0,0,0,1
1,0,0,1,-1.2816237461508113,1,1,-0.5132032883397971,-0.9886912019854757,0,0,0,0,0,0,0,0,0,1,0,0,0,0,0,0,0,0,0,1,0
0,0,0,0,-0.2639803751859618,1,1,0.5155121759805812,-0.047351299462461686,0,1,1,0,0,0,0,0,0,1,0,0,0,0,0,0,0,0,0,1,0
0,0,1,1,-0.6710377235719016,1,0,-1.4755500130266026,-0.8692674830086754,0,0,0,1,1,0,1,0,1,0,1,0,1,0,1,0,0,0,0,1,0
0,0,1,0,0.6722515261016999,1,0,1.3783057912170276,1.2614799735884266,0,1,1,0,0,1,0,1,0,1,0,1,0,0,0,1,0,1,1,0,0
1,0,0,0,-0.019745966154397852,1,0,-1.4755500130266026,-0.6997911759313044,0,0,0,1,1,0,1,0,1,0,1,0,1,0,1,0,1,0,1,0,0
1,0,0,0,-0.1418631706701798,1,1,-1.508734382843389,-0.7590639776293486,0,0,0,1,1,0,1,0,1,0,1,0,1,0,1,0,1,0,0,0,1
1,0,0,0,-1.2409180113122174,0,0,-1.342812533759457,-0.9935208376793904,1,0,0,0,0,0,0,0,0,0,0,0,0,0,0,0,0,0,0,0,1
0,1,1,0,1.5270719577121736,1,1,0.8473558741484452,1.8304988698896514,0,1,1,0,0,1,0,0,0,0,0,0,0,0,0,1,0,0,0,1,0
1,1,1,0,0.7536629957788878,1,1,0.9469089835988044,1.1143956138192057,0,1,1,0,0,1,0,0,0,1,0,0,0,0,0,1,1,0,0,0,0
1,1,1,0,0.9164859351332638,1,0,-0.14817522035514671,0.44571059910719535,0,1,0,0,0,1,0,1,0,0,0,0,0,0,0,0,1,0,1,0,0
1,1,0,0,-1.1188008067964355,1,1,0.8141715043316587,-0.7897980229542605,0,1,1,0,0,0,0,1,0,0,0,0,0,0,0,1,0,0,0,1,0
0,0,1,0,1.4863662228735797,1,1,-1.342812533759457,-0.25590374988150627,0,1,0,1,1,0,1,0,1,0,1,0,1,0,1,0,0,1,1,0,0
1,0,1,0,-0.7524491932490895,1,0,-0.48001891852301065,-0.7169144297551838,0,0,0,0,0,0,0,0,0,1,0,0,0,0,0,0,0,0,1,0,0
0,0,1,0,1.6084834273893616,1,1,1.2123839421330955,2.20501516506322,0,1,1,0,0,0,0,1,0,1,0,0,0,1,0,1,1,0,0,1,0
0,0,1,0,1.5677776925507676,0,1,-0.1149908505383603,0.8821340427209434,1,0,0,0,0,0,0,1,0,1,0,1,0,1,0,1,0,1,1,0,0
0,0,0,0,0.346605647392948,1,0,-1.4755500130266026,-0.6699352461871043,0,0,0,1,1,0,1,0,1,0,1,0,1,0,1,0,0,0,0,1,0
0,0,0,1,-0.2639803751859618,0,0,-0.6459407676069426,-0.5066057481747157,1,0,0,0,0,1,0,0,0,0,0,1,0,0,0,1,0,0,0,0,1
0,0,0,0,-0.1418631706701798,1,1,0.44914343634700843,0.03650873849551204,0,0,1,0,0,0,0,0,0,0,0,0,0,1,0,0,0,0,0,1,0
0,1,1,1,0.9164859351332638,1,0,0.3827746967134356,0.8136410274254257,0,1,0,0,0,1,0,0,0,1,0,1,0,1,0,0,1,0,0,1,0
0,0,1,1,0.26519417771576004,1,0,-0.44683454870622424,-0.10311163883765888,0,0,0,0,0,1,0,0,0,0,0,0,0,0,0,0,0,0,1,0,0
1,0,0,0,-0.4675090493789317,1,1,0.581880915614154,-0.1970700059738179,0,1,1,0,0,0,0,1,0,0,0,0,0,0,0,0,0,0,0,1,0
0,0,1,0,0.631545791263106,0,0,-1.0109688355915931,-0.305956337982077,1,0,0,0,0,0,0,1,0,1,0,0,0,0,0,0,1,0,0,0,1
0,0,1,1,1.5677776925507676,0,0,-0.1813595901719331,0.7995911781340374,1,0,0,0,0,1,0,1,0,0,0,1,0,1,0,1,0,1,0,0,0
0,0,0,1,-0.7931549280876836,1,0,0.7809871345148723,-0.5004589391097333,0,1,0,0,0,1,0,1,0,1,0,1,0,1,0,1,0,1,1,0,0
0,0,0,0,-1.1595065416350294,1,0,-1.4755500130266026,-0.9733241793230197,0,0,0,1,1,0,1,0,1,0,1,0,1,0,1,0,0,0,0,0,1
0,0,0,0,1.5270719577121736,1,1,1.5442276403009596,2.4122504421111968,0,1,1,0,0,1,0,1,0,1,0,1,0,1,0,1,0,1,1,0,0
0,0,0,0,0.387311382231542,1,0,0.28322158726307645,0.3772175838116775,0,0,0,0,0,1,0,1,0,1,0,1,0,0,0,1,1,0,1,0,0
0,0,0,0,-1.2409180113122174,1,1,-1.4755500130266026,-0.9930817798890345,0,0,0,1,1,0,1,0,1,0,1,0,1,0,1,0,0,0,0,0,0
0,0,0,0,-0.7931549280876836,1,1,-1.4755500130266026,-0.8956109504300284,0,0,0,1,1,0,1,0,1,0,1,0,1,0,1,0,0,1,0,0,1
0,0,1,1,-1.0780950719578415,1,0,-0.6459407676069426,-0.8850735634614871,0,0,0,0,0,0,0,0,0,0,0,0,0,0,0,0,0,0,0,0,1
0,0,0,0,-1.2816237461508113,1,0,0.21685284762950366,-0.9790319305976461,0,0,1,0,0,0,0,0,0,0,0,0,0,0,0,0,0,0,0,0,1
0,0,1,0,-0.1418631706701798,1,0,-1.508734382843389,-0.7586249198389927,0,0,0,1,1,0,1,0,1,0,1,0,1,0,1,0,0,0,0,0,1
1,0,0,0,1.0793088744876398,0,1,-0.44683454870622424,0.3091636263065156,1,0,0,0,0,0,0,0,0,0,0,1,0,1,0,1,0,0,0,1,0
0,0,0,1,1.3235432835192036,0,0,-0.6459407676069426,0.277551465400892,1,0,0,0,0,0,0,1,0,0,0,1,0,1,0,0,0,1,0,0,1
1,0,1,1,1.5677776925507676,1,0,0.8473558741484452,1.9174323123801162,0,1,0,0,0,1,0,1,0,1,0,1,0,1,0,1,0,1,0,1,0
1,0,0,0,0.7536629957788878,1,0,0.6150652854309404,0.8114457384736462,0,1,1,0,0,0,0,0,0,0,0,0,0,0,0,1,0,0,0,0,0
0,0,1,0,-0.5896262538947137,1,0,-1.4755500130266026,-0.847753651281237,0,0,0,1,1,0,1,0,1,0,1,0,1,0,1,0,0,1,0,0,1
0,0,0,0,-0.6710377235719016,0,1,-0.8782313563244474,-0.7186706609166074,1,0,0,0,0,1,0,0,0,0,0,0,0,1,0,0,0,0,0,1,0
0,0,0,1,0.06166550352279012,1,1,1.7101494893848914,0.7223170070314019,0,1,1,0,0,1,0,1,0,1,0,1,0,1,0,1,0,1,1,0,0
0,0,0,0,-0.6303319887333076,1,0,0.5155121759805812,-0.4196723056842508,0,1,1,0,0,0,0,0,0,1,0,0,0,0,0,0,0,0,0,0,0
1,0,1,1,-0.06045170099299184,0,0,-0.1813595901719331,-0.19882623713524145,1,0,0,0,0,1,0,0,0,1,0,1,0,1,0,1,1,0,0,1,0
1,0,1,1,-0.1825689055087738,1,0,0.913724613782018,0.11729537192099458,0,1,1,0,0,0,0,0,0,0,0,0,0,1,0,1,1,0,0,0,0
1,0,1,1,0.8350744654560759,1,1,0.913724613782018,1.0880521463978527,0,0,1,0,0,0,0,1,0,0,0,1,0,1,0,0,0,0,0,1,0
0,0,0,0,1.1200146093262338,1,0,-0.015437741088001118,0.763149381534499,0,1,0,0,0,1,0,0,0,1,0,1,0,0,0,0,1,0,0,1,0
1,0,1,1,-0.38609757970174374,1,1,-0.5463876581565834,-0.5417303714031864,0,1,0,0,0,0,0,0,0,0,0,0,0,0,0,0,1,0,1,0,0
1,0,1,0,1.4863662228735797,1,1,1.411490161033814,2.2023808183210845,0,1,1,0,0,1,0,1,0,1,0,1,0,0,0,1,1,0,1,0,0
1,0,0,0,-0.30468611002455576,1,1,-1.4755500130266026,-0.7911151963253281,0,0,0,1,1,0,1,0,1,0,1,0,1,0,1,0,0,1,0,0,1
1,0,0,0,0.6722515261016999,1,0,1.1128308326827363,1.1499592948380322,0,1,1,0,0,0,0,1,0,0,0,0,0,1,0,1,0,0,0,1,0
1,1,0,0,0.9164859351332638,1,1,1.1128308326827363,1.455982574716083,0,1,1,0,0,1,0,0,0,0,0,0,0,1,0,1,0,0,0,1,0
0,1,1,0,-0.6710377235719016,1,1,0.6814340250645132,-0.4065005719735743,0,1,1,0,0,0,0,0,0,0,0,0,0,0,0,1,0,0,1,0,0
0,0,0,0,1.2014260790034217,1,1,0.9800933534155908,1.5174506653659066,0,1,1,0,0,0,0,0,0,0,0,0,0,1,0,1,1,0,0,0,0
0,0,1,1,1.0386031396490458,1,1,0.9469089835988044,1.3760740568713121,0,1,1,0,0,1,0,1,0,0,0,0,0,0,0,1,0,0,0,0,0
0,0,1,1,1.4863662228735797,1,0,-1.508734382843389,-0.4192332478938949,0,0,0,1,1,0,1,0,1,0,1,0,1,0,1,0,0,1,0,0,1
1,0,1,0,-1.2816237461508113,1,0,0.3827746967134356,-0.9768366416458668,0,0,1,0,0,0,0,0,0,1,0,0,0,0,0,0,0,0,0,1,0
0,0,0,0,-0.22327464034736777,1,1,-0.2809126996222923,-0.37840087339079775,0,0,0,0,0,0,0,1,0,0,0,1,0,0,0,0,0,0,0,0,1
1,1,0,0,0.6722515261016999,1,0,0.5486965457973676,0.7723695951319726,0,1,0,0,0,1,0,1,0,1,0,1,0,0,0,1,0,1,1,0,0
0,0,0,0,-1.2816237461508113,1,1,0.6814340250645132,-0.9728851215326638,0,0,1,0,0,0,0,0,0,1,0,0,0,1,0,0,0,0,0,1,0
1,0,0,0,1.3235432835192036,1,0,-1.342812533759457,-0.30771256914350054,0,1,0,1,1,0,1,0,1,0,1,0,1,0,1,0,1,0,1,0,0
0,0,0,0,0.26519417771576004,1,1,1.2787526817666683,0.7433917809684842,0,1,1,0,0,0,0,1,0,1,0,0,0,1,0,1,0,0,0,1,0
1,0,1,0,0.428017117070136,1,1,0.7146183948812996,0.548889179840828,0,0,1,0,0,1,0,1,0,1,0,0,0,0,0,0,0,0,1,0,0
0,0,1,0,-0.5082147842175256,0,1,-1.342812533759457,-0.7985791787613782,1,0,0,0,0,0,0,0,0,0,0,0,0,0,0,0,0,0,0,1,0
1,0,1,0,-0.8338606629262776,1,1,0.6814340250645132,-0.5715863011473864,0,0,1,0,0,0,0,1,0,0,0,0,0,0,0,1,0,0,1,0,0
1,0,0,1,-1.0780950719578415,1,0,-1.508734382843389,-0.9662992546773256,0,0,0,1,1,0,1,0,1,0,1,0,1,0,1,0,0,0,0,0,1
0,0,0,0,1.4456604880349857,1,0,-1.3096281639426706,-0.2106807974748503,0,1,0,1,1,0,1,0,1,0,1,0,1,0,1,0,0,1,0,0,0
0,0,1,0,0.590840056424512,1,1,0.050930998545571676,0.31618855095220977,0,0,0,0,0,1,0,0,0,1,0,0,0,1,0,0,1,0,1,0,0
1,0,1,1,1.2014260790034217,1,0,1.676965119568105,2.1330096874448548,0,1,1,0,0,1,0,1,0,1,0,1,0,1,0,1,0,1,0,0,0
0,0,1,0,0.9571916699718578,1,1,1.1128308326827363,1.478813579814589,0,0,1,0,0,0,0,0,0,1,0,1,0,1,0,1,0,0,0,1,0
0,0,1,0,-0.6303319887333076,1,0,-1.508734382843389,-0.8754142920736577,0,0,0,1,1,0,1,0,1,0,1,0,1,0,1,0,1,0,0,0,1
0,0,0,0,0.1023712383613841,1,0,0.5155121759805812,0.23452380194601544,0,1,1,0,0,0,0,0,0,0,0,1,0,0,0,0,0,0,1,0,0
0,1,1,0,-1.2409180113122174,1,0,0.48232780616379484,-0.934687093771702,0,1,1,0,0,0,0,0,0,1,0,0,0,0,0,0,0,0,0,1,0
0,0,1,0,-1.2816237461508113,0,0,-0.9777844657748066,-0.994838011050458,1,0,0,0,0,0,0,0,0,0,0,0,0,0,0,1,0,0,0,1,0
0,0,1,1,0.631545791263106,1,1,1.2787526817666683,1.2013290563096706,0,1,1,0,0,1,0,1,0,0,0,0,0,1,0,1,1,0,1,0,0
0,0,0,0,0.5094285867473239,1,1,0.8141715043316587,0.8303252234589492,0,1,1,0,0,0,0,0,0,1,0,0,0,0,0,1,0,0,1,0,0
1,0,1,1,1.5270719577121736,1,1,0.8473558741484452,1.7281984047367307,0,1,0,0,0,1,0,1,0,1,0,1,0,1,0,1,0,1,1,0,0
1,0,0,0,-0.06045170099299184,1,1,0.44914343634700843,0.05890068580366209,0,0,1,0,0,0,0,1,0,0,0,1,0,0,0,0,0,0,0,1,0
1,0,0,0,1.0793088744876398,1,0,-1.3096281639426706,-0.34722777027553003,0,1,0,1,1,0,1,0,1,0,1,0,1,0,1,0,0,1,0,0,1
1,1,1,1,0.590840056424512,1,1,0.6482496552477268,0.7539291679370255,0,0,1,0,0,0,0,1,0,0,0,0,0,1,0,0,1,0,0,0,0
1,0,1,1,-0.019745966154397852,1,0,-1.5419187526601754,-0.7410626082247574,0,0,0,1,1,0,1,0,1,0,1,0,1,0,1,0,0,1,0,0,1
1,0,0,0,0.22448844287716607,1,0,0.18366847781271725,0.17876346257081824,0,0,0,0,0,1,0,1,0,0,0,1,0,1,0,0,1,0,0,0,1
0,0,0,0,1.0793088744876398,1,1,0.6150652854309404,1.162691970758353,0,1,1,0,0,0,0,1,0,1,0,0,0,0,0,0,0,0,0,1,0
1,0,0,0,-0.22327464034736777,1,1,1.1791995723163091,0.16339643990836233,0,1,1,0,0,0,0,0,0,1,0,0,0,1,0,1,1,0,0,0,0
0,0,1,0,1.0386031396490458,1,1,0.9800933534155908,1.452909170183592,0,1,1,0,0,0,0,1,0,1,0,0,0,0,0,1,1,0,0,1,0
0,0,0,0,1.5677776925507676,1,0,1.5442276403009596,2.4956714222788148,0,1,1,0,0,1,0,1,0,1,0,1,0,1,0,1,0,1,0,0,1
0,1,0,0,-0.22327464034736777,1,1,0.7146183948812996,0.043972720931562057,0,1,1,0,0,0,0,1,0,1,0,0,0,0,0,0,0,0,0,0,0
1,1,1,0,1.3235432835192036,1,1,1.2787526817666683,1.9718754783842458,0,1,1,0,0,0,0,1,0,1,0,0,0,1,0,1,1,0,0,0,0
1,0,0,0,0.631545791263106,1,1,0.18366847781271725,0.5831356874885868,0,1,0,0,0,1,0,0,0,0,0,1,0,0,0,1,1,0,0,0,0
0,0,0,0,-0.1825689055087738,1,1,0.5155121759805812,-0.024959352154311634,0,0,1,0,0,0,0,0,0,0,0,0,0,0,0,1,0,0,0,1,0
0,0,0,0,-0.5489205190561197,1,0,-1.342812533759457,-0.8060431611974281,0,1,0,1,1,0,1,0,1,0,1,0,1,0,1,0,0,0,0,0,0
0,0,1,1,1.0386031396490458,1,0,0.34959032689664926,0.9282351107083111,0,1,0,0,0,1,0,0,0,1,0,1,0,1,0,0,0,1,0,0,1
0,0,0,0,0.8350744654560759,1,1,1.1791995723163091,1.2728954761376796,0,0,1,0,0,0,0,1,0,1,0,0,0,1,0,1,1,0,0,0,1
0,1,1,1,0.30589991255435406,1,1,0.9800933534155908,0.5879653231825015,0,1,1,0,0,0,0,0,0,0,0,0,0,1,0,1,0,0,1,0,0
1,0,0,1,-1.2816237461508113,1,0,-1.508734382843389,-1.0018629356961521,0,0,0,1,1,0,1,0,1,0,1,0,1,0,1,0,0,0,0,0,1
1,0,0,0,0.30589991255435406,1,1,1.3119370515834547,0.7618322081634313,0,1,1,0,0,0,0,1,0,1,0,0,0,1,0,1,0,0,1,0,0
1,0,1,0,1.1607203441648277,1,0,-1.3096281639426706,-0.33493415214556527,0,1,0,1,1,0,1,0,1,0,1,0,1,0,1,0,0,1,0,0,0
1,1,1,0,1.3642490183577978,1,1,1.5110432704841732,2.2787768738430083,0,1,1,0,0,0,0,1,0,1,0,1,0,1,0,1,1,0,0,1,0
1,0,0,1,0.30589991255435406,0,0,-0.8118626166908747,-0.3235186495963123,1,0,0,0,0,1,0,1,0,0,0,1,0,0,0,0,1,0,0,0,1
1,0,0,0,-0.7117434584104956,1,1,1.1460152024995227,-0.32264053401560056,0,1,1,0,0,1,0,0,0,0,0,0,0,1,0,1,0,0,0,1,0
1,0,1,1,1.4456604880349857,1,0,-1.3096281639426706,-0.2699535991728946,0,1,0,1,1,0,1,0,1,0,1,0,1,0,1,0,0,1,0,0,1
1,1,1,0,-0.8338606629262776,1,1,0.5155121759805812,-0.5931001328748247,0,0,1,0,0,0,0,0,0,0,0,0,0,0,0,1,0,0,0,1,0
0,0,0,0,-1.2816237461508113,1,0,-1.508734382843389,-1.0018629356961521,0,0,0,1,1,0,1,0,1,0,1,0,1,0,1,0,0,0,1,0,0
0,0,1,1,-0.9966836022806536,1,0,-1.508734382843389,-0.9390776716752608,0,0,0,1,1,0,1,0,1,0,1,0,1,0,1,0,0,1,0,0,1
0,0,0,0,0.30589991255435406,1,0,0.31640595707986285,0.2942356614344156,0,0,1,0,0,0,0,1,0,0,0,0,0,0,0,0,0,0,1,0,0
1,1,1,0,1.6084834273893616,1,1,1.245568311949882,2.304681283474005,0,1,1,0,0,1,0,1,0,1,0,0,0,0,0,1,0,1,1,0,0
0,0,0,1,-0.9559778674420595,1,1,0.25003721744629004,-0.7243784121912339,0,0,0,0,0,0,0,0,0,1,0,1,0,1,0,1,0,0,0,0,1
0,0,0,0,-0.7117434584104956,1,0,-0.2145439599887195,-0.5909048439230453,0,0,0,0,0,1,0,0,0,1,0,1,0,0,0,0,0,0,0,1,0
1,0,0,0,-1.2816237461508113,1,0,-1.508734382843389,-1.0018629356961521,0,0,0,1,1,0,1,0,1,0,1,0,1,0,1,0,0,0,0,1,0
0,0,0,0,0.020959768684196134,1,1,0.6150652854309404,0.20027729429825653,0,1,1,0,0,0,0,0,0,0,0,0,0,0,0,1,0,0,0,1,0
0,0,1,1,0.22448844287716607,1,1,-1.508734382843389,-0.6782773442038661,0,0,0,1,1,0,1,0,1,0,1,0,1,0,1,0,0,1,0,0,1
0,0,0,0,0.9164859351332638,1,1,-0.015437741088001118,0.5778669940043162,0,0,0,0,0,0,0,1,0,1,0,0,0,0,0,1,0,1,0,0,1
0,0,1,1,1.3235432835192036,1,1,0.48232780616379484,1.2162570211817707,0,1,0,0,0,0,0,1,0,0,0,1,0,1,0,1,0,1,0,0,0
0,0,1,0,-1.1595065416350294,1,0,-0.3472814392558651,-0.9070264529792813,0,0,0,0,0,1,0,1,0,0,0,0,0,0,0,0,0,0,0,0,1
0,0,0,1,0.428017117070136,1,1,1.3783057912170276,0.9796048721799495,0,0,1,0,0,1,0,1,0,0,0,1,0,1,0,1,1,0,1,0,0
0,0,0,0,-0.5896262538947137,0,1,-0.9777844657748066,-0.7436969549668927,1,0,0,0,0,0,0,0,0,1,0,1,0,0,0,0,0,0,0,1,0
1,1,0,0,-1.2816237461508113,1,1,0.9469089835988044,-0.9693726592098167,0,1,1,0,0,0,0,0,0,0,0,0,0,1,0,1,0,0,0,1,0
1,0,0,0,-1.2816237461508113,1,0,-1.5419187526601754,-1.002301993486508,0,0,0,1,1,0,1,0,1,0,1,0,1,0,1,0,0,0,0,0,1
1,0,1,0,-1.2002122764736234,1,1,0.18366847781271725,-0.9188810133188902,0,0,1,0,0,0,0,0,0,0,0,0,0,0,0,0,0,0,0,1,0
0,0,1,0,0.346605647392948,1,0,-1.4755500130266026,-0.626029467151516,0,0,0,1,1,0,1,0,1,0,1,0,1,0,1,0,0,1,1,0,0
0,0,0,0,-0.6710377235719016,1,1,0.7809871345148723,-0.38586485582684776,0,1,1,0,0,0,0,0,0,1,0,0,0,0,0,1,0,0,0,1,0
0,0,0,0,-1.1188008067964355,1,0,0.5155121759805812,-0.8416068422162547,0,0,1,0,0,0,0,0,0,0,0,0,0,1,0,0,0,0,0,1,0
1,0,0,0,0.9571916699718578,1,1,1.3451214214002412,1.5336958036090744,0,1,1,0,0,1,0,0,0,0,0,1,0,1,0,1,0,0,0,0,1
0,1,1,0,-0.1825689055087738,1,0,-1.3096281639426706,-0.6879366155916955,0,1,0,1,1,0,1,0,1,0,1,0,1,0,1,0,0,0,0,0,1
0,0,1,0,0.8757802002946699,1,0,-1.4755500130266026,-0.5263633487407304,0,0,0,1,1,0,1,0,1,0,1,0,1,0,1,0,0,1,1,0,0
1,0,0,0,-1.2816237461508113,1,1,-1.508734382843389,-1.0018629356961521,0,0,0,1,1,0,1,0,1,0,1,0,1,0,1,0,0,0,0,0,1
1,0,1,0,0.387311382231542,1,1,1.4446745308506004,1.0033139928591672,0,1,1,0,0,0,0,0,0,1,0,1,0,1,0,1,1,0,0,1,0
1,0,0,0,1.3642490183577978,1,1,1.3451214214002412,1.9947064834827517,0,0,1,0,0,1,0,0,0,1,0,1,0,1,0,1,0,1,0,0,0
0,1,1,0,-0.9966836022806536,1,1,0.6482496552477268,-0.7410626082247574,0,1,1,0,0,0,0,0,0,0,0,0,0,0,0,1,0,0,0,1,0
0,0,1,1,-0.7524491932490895,1,0,-1.3096281639426706,-0.8468755357005253,0,1,0,1,1,0,1,0,1,0,1,0,1,0,1,0,0,0,0,0,1
0,0,0,0,0.428017117070136,0,1,-0.5132032883397971,-0.09872106093410005,1,0,0,0,0,0,0,0,0,1,0,0,0,1,0,1,0,0,0,0,0
0,0,1,0,1.5270719577121736,0,1,-0.5132032883397971,0.46941971978641306,1,0,0,0,0,1,0,0,0,1,0,1,0,0,0,1,0,1,0,0,0
1,0,1,1,-0.06045170099299184,1,0,0.8141715043316587,0.22925510846174485,0,1,1,0,0,1,0,0,0,1,0,1,0,0,0,0,0,0,0,1,0
1,0,1,0,1.6084834273893616,1,1,1.5442276403009596,2.5334303922494206,0,1,1,0,0,1,0,0,0,1,0,1,0,1,0,1,0,1,1,0,0
0,0,0,1,0.06166550352279012,1,0,0.08411536836235807,0.016751137929497287,0,0,0,0,0,1,0,0,0,1,0,1,0,1,0,0,0,1,1,0,0
1,0,1,1,-0.5489205190561197,1,0,-1.508734382843389,-0.8591691538304901,0,0,0,1,1,0,1,0,1,0,1,0,1,0,1,0,1,0,0,0,1
0,0,1,0,0.8350744654560759,1,1,1.3783057912170276,1.5227193588501773,0,0,1,0,0,1,0,1,0,1,0,0,0,1,0,1,1,0,0,0,0
0,0,1,1,-1.2002122764736234,0,0,-0.8118626166908747,-0.9698117170001727,1,0,0,0,0,0,0,1,0,0,0,0,0,0,0,1,0,0,0,0,1
1,0,0,0,-0.7931549280876836,1,1,0.48232780616379484,-0.5830018036966393,0,0,1,0,0,0,0,1,0,1,0,0,0,0,0,0,0,0,0,1,0
1,0,1,0,-0.3453918448631497,1,0,0.31640595707986285,-0.2585380966236416,0,0,0,0,0,1,0,0,0,0,0,1,0,1,0,1,1,0,0,0,0
0,1,0,0,-1.1595065416350294,1,1,0.7809871345148723,-0.8468755357005253,0,1,1,0,0,0,0,0,0,1,0,0,0,0,0,1,0,0,0,1,0
0,1,0,0,-0.019745966154397852,1,1,0.48232780616379484,0.15988397758551526,0,0,1,0,0,0,0,0,0,0,0,0,0,0,0,1,0,0,0,1,0
0,0,0,0,0.26519417771576004,0,1,-0.8118626166908747,-0.294540835432824,1,0,0,0,0,1,0,1,0,0,0,1,0,0,0,0,1,0,0,0,0
1,0,1,0,1.6084834273893616,1,1,1.4778589006673868,2.396005303868029,0,1,1,0,0,0,0,1,0,1,0,1,0,1,0,1,0,1,1,0,0
0,0,0,0,1.1200146093262338,1,1,1.3451214214002412,1.798008593403316,0,1,1,0,0,0,0,1,0,1,0,0,0,1,0,1,0,0,0,1,0
0,0,0,1,-1.1595065416350294,1,1,-1.3096281639426706,-0.9733241793230197,0,1,0,1,1,0,1,0,1,0,1,0,1,0,1,0,0,0,0,0,1
1,0,0,0,1.6084834273893616,1,0,-1.342812533759457,-0.22999934025050917,0,1,0,1,1,0,1,0,1,0,1,0,1,0,1,0,0,1,0,0,0
0,0,1,0,-0.9559778674420595,0,1,-0.5463876581565834,-0.8161414903756135,1,0,0,0,0,0,0,0,0,1,0,0,0,1,0,1,0,0,0,1,0
0,0,0,0,-0.1418631706701798,0,0,-0.8450469865076611,-0.5351445045478481,1,0,0,0,0,1,0,1,0,0,0,1,0,0,0,0,1,0,1,0,0
1,0,0,0,-0.5896262538947137,1,0,-1.3759969035762434,-0.8240445306020193,0,1,0,1,1,0,1,0,1,0,1,0,1,0,1,0,1,0,0,0,1
0,1,1,1,1.6084834273893616,1,1,0.8141715043316587,1.8208395985018218,0,1,0,0,0,1,0,1,0,1,0,1,0,1,0,1,0,1,1,0,0
1,0,0,0,-1.2409180113122174,1,0,-1.4755500130266026,-0.9917646065179668,0,0,0,1,1,0,1,0,1,0,1,0,1,0,1,0,0,0,0,0,1
1,0,1,0,1.5677776925507676,1,1,1.4778589006673868,2.438154851742194,0,1,1,0,0,1,0,1,0,1,0,0,0,1,0,1,1,0,0,1,0
1,0,1,0,-0.9966836022806536,1,1,-1.508734382843389,-0.9395167294656167,0,0,0,1,1,0,1,0,1,0,1,0,1,0,1,0,0,0,0,0,0
0,1,1,1,1.6084834273893616,1,1,0.7809871345148723,1.8107412693236364,0,1,0,0,0,1,0,1,0,1,0,1,0,1,0,1,0,1,1,0,0
1,0,1,1,1.5677776925507676,1,1,0.18366847781271725,1.1732293577268942,0,0,0,0,0,1,0,0,0,1,0,1,0,0,0,1,0,1,1,0,0
1,0,0,0,0.46872285190873,1,1,1.3783057912170276,0.9699456007921201,0,0,1,0,0,1,0,1,0,1,0,0,0,1,0,1,1,0,0,1,0
1,0,1,1,0.590840056424512,1,0,-1.342812533759457,-0.5008979969000892,0,1,0,1,1,0,1,0,1,0,1,0,1,0,1,0,0,1,0,0,1
0,1,0,0,-0.22327464034736777,1,1,1.5110432704841732,0.24418307333384487,0,1,1,0,0,1,0,1,0,1,0,0,0,1,0,1,1,0,0,0,0
1,0,0,0,-1.2816237461508113,1,0,-0.5132032883397971,-0.9886912019854757,0,0,0,0,0,1,0,0,0,0,0,0,0,0,0,0,0,0,0,1,0
0,0,1,1,0.5501343215859179,1,0,-1.342812533759457,-0.4987027079483098,0,1,0,1,1,0,1,0,1,0,1,0,1,0,1,0,1,0,0,0,1
1,0,0,0,-0.8745663977648716,0,0,-1.0109688355915931,-0.8420459000066106,1,0,0,0,0,0,0,1,0,1,0,0,0,0,0,0,0,0,0,0,1
1,1,1,0,0.346605647392948,1,1,1.1460152024995227,0.8597420954127933,0,1,1,0,0,0,0,0,0,1,0,0,0,1,0,1,0,0,0,1,0
0,0,1,0,1.4863662228735797,1,1,-0.1149908505383603,0.8035426982472403,0,0,0,0,0,0,0,1,0,0,0,0,0,0,0,1,0,1,1,0,0
1,0,0,0,-0.7931549280876836,1,1,-1.508734382843389,-0.8991234127528754,0,0,0,1,1,0,1,0,1,0,1,0,1,0,1,0,1,0,0,1,0
0,0,1,1,0.5094285867473239,1,1,-1.4755500130266026,-0.6211998314576013,0,0,0,1,1,0,1,0,1,0,1,0,1,0,1,0,0,1,0,0,0
1,0,0,0,-0.3453918448631497,1,0,-1.342812533759457,-0.7502828218222309,0,1,0,1,1,0,1,0,1,0,1,0,1,0,1,0,1,0,0,1,0
1,0,0,0,1.3235432835192036,1,0,-1.3096281639426706,-0.2840034484642828,0,1,0,1,1,0,1,0,1,0,1,0,1,0,1,0,0,1,0,0,1
0,1,1,0,-1.2816237461508113,1,1,-0.5132032883397971,-0.9886912019854757,0,0,0,0,0,1,0,0,0,0,0,0,0,0,0,0,0,0,0,1,0
1,0,1,1,0.7536629957788878,1,1,0.3827746967134356,0.7310981628385196,0,0,0,0,0,1,0,0,0,0,0,1,0,1,0,1,1,0,0,0,0
0,0,0,0,-0.8745663977648716,1,0,-1.4755500130266026,-0.9175638399478225,0,0,0,1,1,0,1,0,1,0,1,0,1,0,1,0,1,0,0,0,1
0,0,0,0,-1.1188008067964355,1,1,1.0464620930491635,-0.7854074450507016,0,0,1,0,0,0,0,1,0,0,0,0,0,1,0,1,0,0,0,1,0
1,0,0,0,-0.9966836022806536,1,1,-1.508734382843389,-0.9364433249331255,0,0,0,1,1,0,1,0,1,0,1,0,1,0,1,0,0,0,0,0,0
1,0,1,0,1.5677776925507676,1,0,0.5155121759805812,1.50427893165523,0,1,0,0,0,1,0,1,0,1,0,1,0,0,0,1,0,1,1,0,0
0,0,0,0,-0.7117434584104956,1,1,0.9800933534155908,-0.34942305922730943,0,0,1,0,0,0,0,0,0,1,0,0,0,1,0,1,0,0,1,0,0
0,0,1,0,-0.1825689055087738,1,0,-1.4755500130266026,-0.7630154977425516,0,0,0,1,1,0,1,0,1,0,1,0,1,0,1,0,0,0,0,0,1
0,0,0,0,-0.6710377235719016,1,1,0.31640595707986285,-0.5145087884011216,0,1,1,0,0,0,0,0,0,0,0,0,0,0,0,0,0,0,1,0,0
1,0,1,1,0.8350744654560759,1,0,-0.015437741088001118,0.5225457124194749,0,1,0,0,0,1,0,1,0,0,0,1,0,0,0,0,1,0,0,0,0
0,0,1,1,-0.7524491932490895,1,0,-0.1813595901719331,-0.6677399572353249,0,0,0,0,0,1,0,1,0,0,0,1,0,0,0,0,0,0,0,0,0
0,0,0,0,0.6722515261016999,1,0,1.1791995723163091,1.1486421214669646,0,0,1,0,0,0,0,0,0,1,0,1,0,1,0,1,0,1,1,0,0
0,0,1,0,1.5677776925507676,0,1,-0.5795720279733698,0.4224405362183335,1,0,0,0,0,0,0,0,0,1,0,1,0,0,0,1,0,1,0,1,0
0,0,1,1,0.5094285867473239,1,0,-1.4755500130266026,-0.6185654847154659,0,0,0,1,1,0,1,0,1,0,1,0,1,0,1,0,0,1,0,0,1
0,0,1,0,0.8350744654560759,1,1,1.1128308326827363,1.2505035288295296,0,1,1,0,0,0,0,1,0,0,0,0,0,1,0,1,0,0,1,0,0
0,0,0,0,-0.2639803751859618,0,1,-0.679125137423729,-0.49079966772190387,1,0,0,0,0,0,0,0,0,1,0,1,0,1,0,0,0,0,1,0,0
0,0,1,0,1.4049547531963917,1,0,0.7146183948812996,1.572771946950748,0,1,0,0,0,0,0,1,0,1,0,1,0,1,0,1,0,1,0,0,0
0,0,1,0,-1.2409180113122174,1,1,0.6482496552477268,-0.9513712898052256,0,1,1,0,0,0,0,0,0,0,0,0,0,1,0,0,0,0,0,1,0
0,1,0,0,-0.6303319887333076,1,1,0.581880915614154,-0.36479008188976536,0,1,1,0,0,0,0,0,0,1,0,0,0,0,0,0,0,0,1,0,0
0,1,0,0,-0.7931549280876836,1,1,0.581880915614154,-0.5153869039818334,0,1,1,0,0,0,0,0,0,0,0,0,0,0,0,1,0,0,0,1,0
1,0,0,1,1.5677776925507676,1,0,1.3783057912170276,2.2309195746942168,0,1,1,0,0,1,0,0,0,1,0,0,0,1,0,1,0,1,0,0,0
0,0,1,0,1.4456604880349857,1,0,-0.2145439599887195,0.7350496829517225,0,1,0,0,0,1,0,0,0,0,0,1,0,0,0,0,1,0,0,0,0
1,0,1,1,-1.2816237461508113,1,0,-1.508734382843389,-1.0018629356961521,0,0,0,1,1,0,1,0,1,0,1,0,1,0,1,0,0,0,0,0,1
1,0,0,1,-0.9152721326034655,1,1,-1.508734382843389,-0.9140513776249755,0,0,0,1,1,0,1,0,1,0,1,0,1,0,1,0,1,0,0,0,0
0,0,1,1,0.346605647392948,1,0,0.44914343634700843,0.3622896189395775,0,0,0,0,0,1,0,1,0,0,0,1,0,1,0,1,0,1,0,1,0
0,1,1,0,-0.06045170099299184,0,1,-0.48001891852301065,-0.31649372495061817,1,0,0,0,0,1,0,1,0,1,0,0,0,0,0,1,1,0,1,0,0
1,0,0,0,-0.8745663977648716,1,1,0.15048410799593087,-0.6975958869795249,0,0,0,0,0,0,0,0,0,1,0,0,0,1,0,1,0,0,0,1,0
1,0,0,0,-1.2816237461508113,1,1,-1.3096281639426706,-0.9992285889540168,0,1,0,1,1,0,1,0,1,0,1,0,1,0,1,0,0,0,0,0,1
1,0,0,1,-0.4268033145403377,1,0,-1.4755500130266026,-0.8205320682791722,0,0,0,1,1,0,1,0,1,0,1,0,1,0,1,0,0,0,1,0,0
1,0,0,0,0.9978974048104517,1,1,0.8473558741484452,1.2856281520580002,0,1,1,0,0,0,0,0,0,0,0,1,0,1,0,0,0,1,1,0,0
0,0,1,0,-0.8338606629262776,1,1,-0.44683454870622424,-0.7415016660151132,0,0,0,0,0,0,0,1,0,0,0,0,0,0,0,0,0,0,0,1,0
0,0,0,0,1.4049547531963917,1,1,-1.3096281639426706,-0.2242915889758827,0,1,0,1,1,0,1,0,1,0,1,0,1,0,1,0,0,1,0,0,0
1,0,1,0,-0.1418631706701798,0,0,-1.0441532054083793,-0.5671957232438276,1,0,0,0,0,0,0,0,0,0,0,0,0,1,0,0,0,0,0,0,1
1,0,1,1,-1.1595065416350294,1,1,-1.4755500130266026,-0.9763975838555109,0,0,0,1,1,0,1,0,1,0,1,0,1,0,1,0,0,0,0,0,1
0,0,0,0,-0.30468611002455576,0,1,-0.5463876581565834,-0.44250331078275673,1,0,0,0,0,0,0,0,0,1,0,0,0,1,0,1,0,0,0,1,0
0,0,1,1,1.6084834273893616,0,0,-0.31409706943907867,0.6933391928679136,1,0,0,0,0,1,0,1,0,1,0,1,0,0,0,1,0,1,1,0,0
1,0,1,1,1.6084834273893616,1,1,0.8141715043316587,1.7892274375961985,0,1,0,0,0,1,0,1,0,1,0,1,0,1,0,1,0,1,0,0,1
0,0,0,0,-0.9559778674420595,0,0,-0.8118626166908747,-0.8525832869751517,1,0,0,0,0,0,0,1,0,0,0,0,0,0,0,1,0,0,0,1,0
1,0,1,1,0.8350744654560759,1,0,0.15048410799593087,0.6081619815388721,0,1,0,0,0,1,0,1,0,0,0,0,0,0,0,1,0,1,0,0,0
0,0,1,0,1.4456604880349857,1,1,1.5110432704841732,2.305998456845073,0,1,1,0,0,1,0,1,0,1,0,0,0,1,0,1,0,1,0,0,0
1,1,0,0,0.9978974048104517,1,1,-0.3804658090726515,0.3223353600171921,0,0,0,0,0,0,0,0,0,1,0,1,0,0,0,0,1,0,0,1,0
0,0,1,1,-0.7117434584104956,1,1,-1.3096281639426706,-0.8372162643126959,0,1,0,1,1,0,1,0,1,0,1,0,1,0,1,0,0,0,0,1,0
0,0,1,1,-0.38609757970174374,1,1,-1.508734382843389,-0.8121899702624105,0,0,0,1,1,0,1,0,1,0,1,0,1,0,1,0,0,1,0,0,1
1,0,1,1,-0.8338606629262776,1,1,-1.342812533759457,-0.8920984881071813,0,1,0,1,1,0,1,0,1,0,1,0,1,0,1,0,0,1,0,0,0
1,0,1,0,0.1023712383613841,0,0,-0.3804658090726515,-0.16282349832605902,1,0,0,0,0,1,0,0,0,1,0,0,0,1,0,1,1,0,1,0,0
0,0,1,0,-0.5489205190561197,1,0,0.8141715043316587,-0.2370242648962033,0,1,1,0,0,0,0,0,0,1,0,0,0,0,0,1,0,0,0,0,1
1,0,0,0,-0.9966836022806536,1,0,0.6482496552477268,-0.7195487764973191,0,1,1,0,0,0,0,0,0,0,0,0,0,0,0,1,0,0,0,0,0
1,0,0,0,0.8350744654560759,1,0,-1.508734382843389,-0.58080651474486,0,0,0,1,1,0,1,0,1,0,1,0,1,0,1,0,0,1,0,0,0
1,0,0,0,-0.7931549280876836,1,1,-1.4755500130266026,-0.9000015283335872,0,0,0,1,1,0,1,0,1,0,1,0,1,0,1,0,0,0,0,1,0
0,1,0,0,-1.2816237461508113,1,1,0.34959032689664926,-0.9772756994362226,0,0,1,0,0,0,0,0,0,1,0,0,0,0,0,0,0,0,0,0,0
0,0,1,1,-0.38609757970174374,1,0,0.6814340250645132,-0.19004508132812378,0,1,1,0,0,0,0,0,0,0,0,0,0,0,0,1,0,0,0,1,0
0,1,0,0,-0.7524491932490895,0,1,-0.6127563977901562,-0.7151581985937603,1,0,0,0,0,0,0,0,0,0,0,0,0,1,0,1,0,0,0,1,0
1,0,0,0,-0.10115743583158582,1,1,-0.31409706943907867,-0.2844425062546387,0,0,0,0,0,1,0,0,0,1,0,0,0,0,0,0,0,1,0,0,1
0,0,1,1,-0.9966836022806536,1,1,-1.508734382843389,-0.946102596320955,0,0,0,1,1,0,1,0,1,0,1,0,1,0,1,0,0,1,0,0,1
1,0,0,0,-0.6710377235719016,1,1,0.21685284762950366,-0.4780669918015833,0,1,0,0,0,0,0,1,0,1,0,0,0,0,0,1,0,0,0,0,0
1,1,1,0,1.0386031396490458,1,1,1.1128308326827363,1.5275489945440919,0,1,1,0,0,0,0,1,0,0,0,0,0,1,0,1,0,0,0,1,0
1,0,0,0,-1.0373893371192475,1,1,1.1460152024995227,-0.7147191408034044,0,1,1,0,0,0,0,1,0,0,0,0,0,1,0,1,0,0,0,1,0
0,1,0,0,-1.0780950719578415,1,1,1.1128308326827363,-0.7643326711136192,0,1,1,0,0,0,0,1,0,0,0,0,0,1,0,1,0,0,0,1,0
0,0,1,0,1.5677776925507676,1,0,0.5486965457973676,1.5907733163553393,0,0,0,0,0,1,0,0,0,1,0,1,0,1,0,1,0,1,0,0,0
1,0,0,0,-1.2816237461508113,1,1,-0.679125137423729,-0.990886490937255,0,0,0,0,0,0,0,0,0,0,0,0,0,0,0,0,0,0,0,0,1
1,0,1,0,0.9978974048104517,1,1,1.2787526817666683,1.591212374145695,0,1,1,0,0,1,0,1,0,1,0,1,0,1,0,0,0,0,0,1,0
0,0,0,0,-1.2816237461508113,1,0,-1.508734382843389,-1.0018629356961521,0,0,0,1,1,0,1,0,1,0,1,0,1,0,1,0,0,0,0,1,0
0,0,0,0,-0.38609757970174374,1,1,-1.4755500130266026,-0.8038478722456487,0,0,0,1,1,0,1,0,1,0,1,0,1,0,1,0,0,0,0,0,0
0,0,0,0,0.26519417771576004,1,1,-0.2145439599887195,-0.0337405079614293,0,0,0,0,0,0,0,1,0,0,0,0,0,1,0,0,1,0,1,0,0
1,0,0,0,0.590840056424512,1,0,1.1791995723163091,1.0397557894587055,0,1,1,0,0,1,0,1,0,0,0,1,0,1,0,0,0,0,0,0,1
1,1,1,0,-0.8745663977648716,1,0,-1.508734382843389,-0.9162466665767549,0,0,0,1,1,0,1,0,1,0,1,0,1,0,1,0,0,0,0,0,1
0,0,0,1,0.346605647392948,1,1,0.7809871345148723,0.590160612134281,0,1,1,0,0,0,0,1,0,0,0,0,0,1,0,0,0,0,0,0,0
0,0,0,0,-1.2002122764736234,1,0,0.21685284762950366,-0.9166857243671107,0,0,0,0,0,1,0,1,0,0,0,1,0,0,0,1,0,1,0,0,1
1,0,0,0,-0.1418631706701798,1,1,0.34959032689664926,-0.025398409944667518,0,0,0,0,0,0,0,0,0,1,0,1,0,1,0,1,1,0,0,0,0
0,0,1,1,1.4863662228735797,1,1,1.3451214214002412,2.165939021721546,0,1,1,0,0,1,0,1,0,1,0,1,0,1,0,0,1,0,1,0,0
0,1,0,0,0.22448844287716607,1,1,-0.24772832980550588,-0.022325005412176333,0,0,0,0,0,1,0,1,0,0,0,0,0,0,0,0,0,0,1,0,0
1,0,1,0,-0.6710377235719016,1,1,0.28322158726307645,-0.44645483089595966,0,1,1,0,0,0,0,0,0,0,0,0,0,0,0,0,0,0,0,0,0
0,0,1,0,0.428017117070136,1,1,0.44914343634700843,0.5089349209184425,0,0,0,0,0,1,0,0,0,1,0,1,0,1,0,1,0,1,0,1,0
0,0,0,0,-1.0780950719578415,0,1,-0.5132032883397971,-0.8982452971721636,1,0,0,0,0,0,0,0,0,0,0,1,0,1,0,1,1,0,0,0,1
0,0,1,0,-0.30468611002455576,1,1,-1.2764437941258842,-0.6883756733820514,0,1,0,1,1,0,1,0,1,0,1,0,1,0,1,0,1,0,0,0,1
0,0,0,0,-1.2816237461508113,1,1,0.18366847781271725,-0.9794709883880021,0,0,1,0,0,0,0,0,0,0,0,0,0,0,0,0,0,0,0,0,1
1,1,1,0,0.346605647392948,1,1,0.9800933534155908,0.6806065169475929,0,0,1,0,0,0,0,1,0,0,0,0,0,1,0,1,0,0,0,1,0
1,0,0,0,0.5094285867473239,1,1,1.2787526817666683,1.0740022971064644,0,1,1,0,0,0,0,0,0,1,0,1,0,1,0,1,0,0,0,0,0
0,0,0,0,-1.1188008067964355,1,1,0.6814340250645132,-0.8258007617634429,0,0,1,0,0,0,0,1,0,0,0,0,0,1,0,0,0,0,0,0,1
0,0,1,0,0.5094285867473239,1,0,1.6105963799345322,1.1991337673578912,0,1,1,0,0,1,0,1,0,1,0,1,0,1,0,1,1,0,0,0,1
0,1,1,0,0.46872285190873,1,0,1.3119370515834547,0.9633597339367819,0,1,1,0,0,0,0,0,0,1,0,1,0,1,0,1,0,0,0,1,0
0,0,1,1,1.1607203441648277,1,1,0.28322158726307645,1.0164857265698437,0,0,0,0,0,0,0,0,0,1,0,1,0,1,0,1,0,1,0,0,0
1,0,1,1,0.7943687306174818,1,1,0.9469089835988044,1.023071593425182,0,1,1,0,0,0,0,1,0,0,0,1,0,0,0,1,0,0,0,0,0
0,0,0,0,-1.0780950719578415,1,1,0.48232780616379484,-0.8196539526984605,0,1,1,0,0,1,0,0,0,0,0,0,0,0,0,0,0,0,0,1,0
1,1,1,1,1.2828375486806096,1,1,-1.342812533759457,-0.3305435742420065,0,1,0,1,1,0,1,0,1,0,1,0,1,0,1,0,0,1,0,0,0
0,0,1,1,-0.5489205190561197,1,0,-1.4755500130266026,-0.8402896688451871,0,0,0,1,1,0,1,0,1,0,1,0,1,0,1,0,0,1,0,0,1
1,1,0,0,1.5677776925507676,1,0,1.3451214214002412,2.2309195746942168,0,1,1,0,0,0,0,1,0,0,0,1,0,1,0,1,1,0,0,0,0
1,0,1,0,0.5094285867473239,1,0,0.5486965457973676,0.6472381248805458,0,1,1,0,0,0,0,1,0,0,0,0,0,0,0,0,0,0,0,0,0
1,1,1,0,0.7129572609402939,1,1,1.2123839421330955,1.301434232510812,0,1,1,0,0,1,0,1,0,1,0,0,0,1,0,0,1,0,0,0,0
0,0,1,0,1.4456604880349857,1,0,1.7765182290184642,2.497866711230594,0,1,1,0,0,1,0,1,0,1,0,1,0,1,0,1,0,1,0,0,1
1,1,0,0,-1.2816237461508113,1,1,0.15048410799593087,-0.979910046178358,0,0,1,0,0,0,0,0,0,0,0,0,0,0,0,0,0,0,0,1,0
0,1,0,0,-0.8338606629262776,1,1,0.8805402439652316,-0.5298758110635775,0,1,1,0,0,0,0,1,0,0,0,0,0,1,0,0,0,0,0,1,0
0,0,0,0,0.020959768684196134,1,1,0.8473558741484452,0.30213870166082146,0,1,1,0,0,1,0,0,0,0,0,0,0,0,0,1,0,0,0,1,0
0,1,1,1,-0.019745966154397852,1,1,0.8805402439652316,0.26130632715772434,0,1,1,0,0,0,0,0,0,1,0,0,0,1,0,0,0,0,0,0,1
1,0,1,1,1.5677776925507676,1,1,-1.508734382843389,-0.4012318784893037,0,0,0,1,1,0,1,0,1,0,1,0,1,0,1,0,0,1,0,0,0
0,1,1,0,-0.6303319887333076,1,1,0.913724613782018,-0.30156576007851815,0,1,1,0,0,0,0,0,0,0,0,0,0,1,0,1,0,0,0,1,0
1,0,1,1,-0.5489205190561197,1,1,-0.5463876581565834,-0.5909048439230453,0,0,0,0,0,1,0,0,0,0,0,0,0,0,0,0,1,0,0,0,0
1,1,1,0,0.8757802002946699,1,0,0.31640595707986285,0.710462446691793,0,1,1,0,0,0,0,0,0,0,0,0,0,0,0,0,0,0,0,0,0
0,0,1,0,0.9978974048104517,0,1,-0.2145439599887195,0.49883659174025724,1,0,0,0,0,1,0,1,0,1,0,0,0,1,0,1,0,0,0,0,0
1,0,1,1,1.4456604880349857,1,0,0.581880915614154,1.5257927633826684,0,0,0,0,0,1,0,1,0,0,0,1,0,1,0,1,0,1,0,0,0
0,0,1,1,0.8350744654560759,0,1,-0.5463876581565834,0.08524415322501509,1,0,0,0,0,1,0,1,0,1,0,0,0,0,0,1,0,0,0,0,0
0,0,0,0,0.631545791263106,1,1,1.411490161033814,1.2382099106995648,0,1,1,0,0,0,0,1,0,1,0,0,0,1,0,1,0,0,0,0,0
1,0,1,1,0.14307697319997809,1,0,-0.3804658090726515,-0.15887197821285606,0,0,0,0,0,1,0,1,0,0,0,0,0,0,0,0,1,0,0,0,1
1,0,0,0,0.1023712383613841,1,0,-0.1149908505383603,-0.12286923940367363,0,0,0,0,0,1,0,1,0,1,0,0,0,0,0,0,1,0,0,0,1
0,0,1,0,1.4049547531963917,1,0,0.01774662872878528,0.887402736205214,0,1,0,0,0,1,0,1,0,1,0,0,0,0,0,0,0,1,0,0,1
1,0,0,0,0.8350744654560759,0,1,-0.6127563977901562,0.10763610053316515,1,0,0,0,0,1,0,1,0,0,0,0,0,0,0,1,0,0,0,0,0
0,0,1,1,-0.4268033145403377,1,1,0.34959032689664926,-0.3011267022881623,0,1,1,0,0,0,0,0,0,0,0,0,0,0,0,0,0,0,0,0,0
1,1,0,0,-0.10115743583158582,1,1,0.31640595707986285,-0.08335403827164413,0,0,0,0,0,1,0,1,0,0,0,0,0,1,0,1,0,0,0,1,0
0,0,0,0,0.7129572609402939,1,1,1.1791995723163091,1.2017681141000265,0,0,1,0,0,0,0,1,0,0,0,1,0,1,0,1,0,1,0,0,1
1,0,1,1,0.5094285867473239,1,0,-1.4755500130266026,-0.6023203464722983,0,0,0,1,1,0,1,0,1,0,1,0,1,0,1,0,0,1,0,0,1
0,0,0,0,-0.1418631706701798,0,1,-1.3096281639426706,-0.6975958869795249,1,0,0,0,0,0,0,0,0,0,0,0,0,0,0,0,0,0,1,0,0
1,0,0,0,-0.8338606629262776,1,1,-0.6459407676069426,-0.7827730983085663,0,0,0,0,0,0,0,0,0,0,0,0,0,0,0,0,0,0,0,0,0
1,0,0,0,-1.2002122764736234,0,1,-0.9446000959580202,-0.9627867923544785,1,0,0,0,0,0,0,1,0,0,0,1,0,0,0,0,0,0,0,0,1
1,0,0,0,-1.2816237461508113,0,1,-0.9777844657748066,-0.994838011050458,1,0,0,0,0,0,0,0,0,0,0,0,0,0,0,1,0,0,0,0,0
1,0,1,1,-1.2409180113122174,1,1,0.8141715043316587,-0.9289793424970755,0,0,1,0,0,0,0,0,0,0,0,0,0,1,0,1,0,0,0,0,0
0,0,1,0,-0.22327464034736777,1,1,0.3827746967134356,-0.09125707849805002,0,0,1,0,0,0,0,1,0,0,0,0,0,0,0,0,0,0,0,1,0
0,1,1,0,0.9164859351332638,1,1,0.6814340250645132,1.1297626364816615,0,1,1,0,0,0,0,1,0,1,0,0,0,0,0,0,0,0,0,1,0
0,0,1,1,-1.2816237461508113,1,1,-1.508734382843389,-1.0018629356961521,0,0,0,1,1,0,1,0,1,0,1,0,1,0,1,0,0,0,0,1,0
1,0,0,1,-1.1595065416350294,1,0,0.5155121759805812,-0.8644378473147606,0,1,1,0,0,0,0,0,0,0,0,1,0,0,0,0,0,0,1,0,0
0,0,1,1,0.9164859351332638,1,1,-1.3096281639426706,-0.4007928206989478,0,1,0,1,1,0,1,0,1,0,1,0,1,0,1,0,0,1,1,0,0
1,0,1,1,-0.9966836022806536,1,1,-0.3472814392558651,-0.8016525832938693,0,0,0,0,0,0,0,0,0,0,0,0,0,1,0,0,0,0,0,1,0
1,0,0,0,1.5270719577121736,1,1,1.6437807497513186,2.3753695877213024,0,1,1,0,0,1,0,1,0,1,0,1,0,1,0,1,0,1,0,0,0
0,0,1,0,1.2828375486806096,0,0,-0.5795720279733698,0.37150983253705105,1,0,0,0,0,1,0,0,0,1,0,1,0,0,0,1,0,1,0,1,0
1,0,0,0,-0.8745663977648716,1,1,0.34959032689664926,-0.629980987264719,0,0,1,0,0,0,0,1,0,0,0,0,0,0,0,0,0,0,0,0,1
1,0,0,0,-1.2816237461508113,1,1,-0.5463876581565834,-0.9891302597758315,0,0,0,0,0,1,0,0,0,0,0,0,0,0,0,0,0,0,0,0,1
1,0,0,1,-1.2816237461508113,1,0,0.15048410799593087,-0.979910046178358,0,0,1,0,0,0,0,0,0,0,0,0,0,0,0,0,0,0,0,0,0
1,0,0,0,-1.2816237461508113,1,1,0.48232780616379484,-0.9755194682747992,0,0,1,0,0,0,0,0,0,0,0,0,0,1,0,0,0,0,0,1,0
1,0,1,1,1.3642490183577978,1,1,-1.3096281639426706,-0.2576599810429298,0,1,0,1,1,0,1,0,1,0,1,0,1,0,1,0,1,0,1,0,0
1,0,0,0,-0.7931549280876836,1,1,-0.48001891852301065,-0.7423797815958251,0,0,0,0,0,0,0,0,0,0,0,1,0,0,0,0,0,0,0,0,1
0,0,1,0,1.6084834273893616,1,0,-1.342812533759457,-0.20672927736164734,0,1,0,1,1,0,1,0,1,0,1,0,1,0,1,0,0,1,0,0,0
1,0,0,0,1.6084834273893616,0,1,0.01774662872878528,0.9945328370520495,1,0,0,0,0,1,0,1,0,1,0,1,0,1,0,1,0,1,0,0,0
0,0,1,1,0.7943687306174818,1,0,0.6814340250645132,0.9361381509347171,0,0,1,0,0,0,0,1,0,1,0,1,0,0,0,0,0,0,0,0,0
0,0,1,0,-0.2639803751859618,1,0,0.6814340250645132,-0.04603412609139403,0,0,1,0,0,0,0,0,0,0,0,1,0,0,0,1,0,0,1,0,0
1,0,0,1,0.020959768684196134,0,0,-1.0109688355915931,-0.5215337130468157,1,0,0,0,0,1,0,0,0,0,0,1,0,0,0,0,1,0,1,0,0
0,0,0,0,-0.7931549280876836,1,1,0.6482496552477268,-0.5206555974661039,0,1,1,0,0,0,0,0,0,0,0,0,0,0,0,1,0,0,0,1,0
0,0,0,0,-0.7931549280876836,0,1,-1.1105219450419521,-0.8578519804594223,1,0,0,0,0,0,0,1,0,0,0,0,0,0,0,0,0,0,0,1,0
1,0,0,0,-0.22327464034736777,1,0,-1.4755500130266026,-0.7489656484511633,0,0,0,1,1,0,1,0,1,0,1,0,1,0,1,0,1,0,0,0,1
1,0,1,0,1.3642490183577978,1,0,0.8805402439652316,1.6570710426990776,0,1,0,0,0,1,0,1,0,1,0,1,0,1,0,1,0,1,0,0,0
1,0,1,1,1.5677776925507676,1,1,1.6437807497513186,2.5790924024464323,0,1,1,0,0,1,0,1,0,1,0,1,0,1,0,1,0,1,0,0,0
0,0,0,0,-1.2816237461508113,1,0,-0.6459407676069426,-0.9904474331468992,0,0,0,0,0,0,0,0,0,0,0,0,0,0,0,0,0,0,0,0,1
0,0,0,0,1.1200146093262338,0,1,-0.679125137423729,0.20730221894395068,1,0,0,0,0,1,0,0,0,1,0,0,0,0,0,1,1,0,0,1,0
1,0,1,0,-0.9966836022806536,1,1,0.31640595707986285,-0.742818839386181,0,0,1,0,0,1,0,0,0,0,0,0,0,0,0,0,0,0,0,1,0
0,0,1,0,0.9164859351332638,1,1,0.9800933534155908,1.2171351367624825,0,1,1,0,0,0,0,1,0,1,0,0,0,1,0,0,0,0,1,0,0
1,0,1,0,1.5677776925507676,1,1,1.4446745308506004,2.366149374123829,0,1,1,0,0,0,0,1,0,1,0,1,0,1,0,1,0,1,1,0,0
0,0,1,1,0.26519417771576004,1,1,-0.1813595901719331,0.017629253510209053,0,0,0,0,0,0,0,0,0,1,0,0,0,1,0,0,0,0,0,0,1
0,1,1,0,-0.2639803751859618,1,1,0.6814340250645132,-0.102672581047303,0,0,1,0,0,0,0,0,0,1,0,0,0,1,0,0,0,0,1,0,0
1,0,1,0,0.8350744654560759,0,1,-0.14817522035514671,0.38775497078021876,1,0,0,0,0,0,0,1,0,1,0,1,0,1,0,1,1,0,0,1,0
0,0,1,1,-1.1188008067964355,1,1,1.1460152024995227,-0.8060431611974281,0,0,1,0,0,0,0,1,0,0,0,1,0,1,0,1,0,0,0,0,1
1,0,0,0,1.6084834273893616,1,1,1.3119370515834547,2.30204693673187,0,1,1,0,0,0,0,1,0,1,0,0,0,1,0,1,1,0,0,1,0
0,0,1,1,-0.22327464034736777,1,0,0.31640595707986285,-0.1443830711311119,0,0,1,0,0,1,0,0,0,0,0,0,0,0,0,0,0,0,0,0,1
1,0,1,1,-0.8745663977648716,1,1,-0.1813595901719331,-0.7103285628998456,0,0,0,0,0,0,0,0,0,1,0,0,0,1,0,0,0,0,0,0,0
0,1,1,0,1.6084834273893616,1,1,1.3783057912170276,2.3604416228492027,0,1,1,0,0,1,0,1,0,0,0,0,0,1,0,1,1,0,0,0,0
0,0,1,0,0.346605647392948,1,1,1.3119370515834547,0.8171534897482726,0,0,1,0,0,1,0,1,0,1,0,0,0,1,0,1,1,0,0,0,0
0,0,0,0,0.14307697319997809,1,1,0.18366847781271725,0.09226907787070923,0,1,0,0,0,0,0,1,0,0,0,1,0,0,0,1,1,0,0,0,1
0,1,1,0,-0.8745663977648716,1,1,0.581880915614154,-0.6238341781997365,0,0,1,0,0,0,0,0,0,0,0,1,0,1,0,0,0,0,0,1,0
1,0,0,1,1.2014260790034217,1,0,-1.4755500130266026,-0.4613827957680597,0,0,0,1,1,0,1,0,1,0,1,0,1,0,1,0,0,1,0,0,0
0,0,0,0,-0.5082147842175256,0,0,-1.342812533759457,-0.7884808495831929,1,0,0,0,0,0,0,0,0,0,0,0,0,0,0,0,0,0,1,0,0
0,0,0,0,0.9164859351332638,1,0,-0.6459407676069426,0.07075524614327094,0,0,0,0,0,0,0,0,0,0,0,0,0,0,0,0,1,0,0,0,0
0,0,1,1,0.5094285867473239,0,0,-0.44683454870622424,-0.016178196347193967,1,0,0,0,0,0,0,1,0,1,0,1,0,0,0,1,1,0,0,0,0
0,0,1,1,1.5677776925507676,1,1,1.4778589006673868,2.3534166982035085,0,1,1,0,0,1,0,1,0,1,0,0,0,1,0,1,0,1,0,0,0
0,1,0,0,-1.2816237461508113,0,1,-0.9446000959580202,-0.9943989532601021,1,0,0,0,0,0,0,0,0,0,0,0,0,1,0,0,0,0,0,1,0
0,0,1,1,-0.1418631706701798,1,0,-1.2764437941258842,-0.7063770427866426,0,1,0,1,1,0,1,0,1,0,1,0,1,0,1,0,0,1,0,0,1
1,0,0,0,-0.9152721326034655,1,0,-0.6127563977901562,-0.7941886008578193,0,0,0,0,0,0,0,0,0,0,0,0,0,0,0,0,0,0,0,0,1
1,0,0,0,-0.8745663977648716,1,0,-1.4755500130266026,-0.9188810133188902,0,0,0,1,1,0,1,0,1,0,1,0,1,0,1,0,0,0,0,0,1
0,0,0,0,-0.5896262538947137,1,1,0.7809871345148723,-0.29058931531962107,0,1,1,0,0,0,0,0,0,0,0,1,0,1,0,0,0,0,0,1,0
0,1,0,0,1.6084834273893616,1,1,1.4446745308506004,2.4030302285137233,0,1,1,0,0,0,0,1,0,1,0,1,0,1,0,1,0,1,0,0,0
0,0,0,0,-1.2816237461508113,1,0,-0.7123095072405154,-0.9913255487276109,0,0,0,0,0,0,0,0,0,0,0,0,0,0,0,0,0,0,0,1,0
0,1,0,0,0.9571916699718578,1,1,1.1460152024995227,1.4950587180577566,0,1,1,0,0,0,0,1,0,1,0,1,0,1,0,0,0,1,0,0,0
1,0,0,0,-0.38609757970174374,1,0,1.013277723232377,-0.04779035725281757,0,0,1,0,0,0,0,1,0,0,0,0,0,1,0,1,0,0,0,0,1
1,0,1,0,-0.5896262538947137,1,1,0.9800933534155908,-0.26951454138253866,0,1,1,0,0,0,0,0,0,0,0,0,0,1,0,1,0,0,0,1,0
0,1,0,0,-0.10115743583158582,1,0,0.8805402439652316,0.2007163520886124,0,1,1,0,0,1,0,1,0,1,0,0,0,0,0,0,0,0,1,0,0
1,0,1,0,1.1607203441648277,1,1,-1.4755500130266026,-0.4605046801873479,0,0,0,1,1,0,1,0,1,0,1,0,1,0,1,0,1,0,1,0,0
1,0,0,0,0.387311382231542,1,0,-1.3096281639426706,-0.5935391906651806,0,1,0,1,1,0,1,0,1,0,1,0,1,0,1,0,1,0,0,1,0
0,0,1,1,0.7129572609402939,1,1,0.6482496552477268,0.796956831391902,0,1,1,0,0,0,0,0,0,0,0,0,0,1,0,0,0,0,0,0,0
1,0,0,0,-0.22327464034736777,1,1,0.5486965457973676,-0.0126657340243469,0,1,1,0,0,0,0,0,0,1,0,0,0,0,0,0,0,0,0,1,0
0,0,0,0,-1.2816237461508113,1,1,0.18366847781271725,-0.9794709883880021,0,0,1,0,0,0,0,0,0,0,0,0,0,0,0,0,0,0,0,1,0
0,1,0,0,0.5094285867473239,1,1,0.18366847781271725,0.33418992035680095,0,1,0,0,0,1,0,0,0,0,0,1,0,0,0,1,0,0,0,1,0
1,1,1,0,1.5270719577121736,1,0,1.3451214214002412,2.2875580296501257,0,0,1,0,0,1,0,1,0,1,0,0,0,1,0,1,0,1,1,0,0
1,0,0,0,-0.5896262538947137,0,1,-1.0441532054083793,-0.7467703594993839,1,0,0,0,0,0,0,1,0,1,0,0,0,0,0,0,0,0,1,0,0
0,0,0,0,-1.2002122764736234,1,1,0.31640595707986285,-0.9057092796082137,0,0,1,0,0,0,0,0,0,1,0,0,0,0,0,0,0,0,0,0,1
0,0,1,1,0.26519417771576004,1,1,0.5486965457973676,0.35394752092281573,0,0,1,0,0,0,0,0,0,1,0,1,0,0,0,0,0,0,0,0,0
0,0,1,1,0.7943687306174818,1,0,-1.508734382843389,-0.5575364518559982,0,0,0,1,1,0,1,0,1,0,1,0,1,0,1,0,0,1,0,0,1
0,0,0,0,-1.1595065416350294,1,1,0.9800933534155908,-0.8402896688451871,0,0,1,0,0,1,0,0,0,1,0,1,0,0,0,1,0,0,0,0,0
1,0,1,0,1.4456604880349857,1,1,1.5110432704841732,2.3314638086857142,0,1,1,0,0,0,0,1,0,1,0,1,0,1,0,1,0,1,0,0,0
0,0,1,0,-0.2639803751859618,1,0,-1.508734382843389,-0.8086775079395635,0,0,0,1,1,0,1,0,1,0,1,0,1,0,1,0,1,0,0,0,1
1,0,0,0,-1.2816237461508113,1,0,-0.48001891852301065,-0.9882521441951198,0,0,0,0,0,0,0,1,0,0,0,0,0,0,0,0,0,0,0,0,1
0,0,0,0,0.7943687306174818,1,0,-1.4755500130266026,-0.5614879719692011,0,0,0,1,1,0,1,0,1,0,1,0,1,0,1,0,1,0,0,0,1
0,0,0,1,-0.8338606629262776,1,1,-0.679125137423729,-0.7994572943420899,0,0,0,0,0,0,0,0,0,0,0,0,0,0,0,0,0,0,0,1,0
0,0,0,0,-0.1418631706701798,1,1,0.21685284762950366,-0.09696482977267651,0,1,0,0,0,0,0,0,0,0,0,0,0,1,0,1,1,0,1,0,0
0,0,0,0,-1.2816237461508113,1,1,0.48232780616379484,-0.9755194682747992,0,0,1,0,0,0,0,0,0,0,0,0,0,0,0,1,0,0,0,1,0
1,0,0,0,-0.3453918448631497,1,1,-0.5132032883397971,-0.47894510738229507,0,0,0,0,0,1,0,0,0,0,0,0,0,0,0,0,0,0,0,0,0
0,0,1,1,1.3235432835192036,1,1,0.8473558741484452,1.6052622234370832,0,1,0,0,0,1,0,1,0,1,0,1,0,1,0,1,0,1,0,0,1
1,0,0,0,-1.1188008067964355,0,1,-0.44683454870622424,-0.8762924076543694,1,0,0,0,0,0,0,1,0,0,0,0,0,1,0,1,0,0,0,0,1
0,0,1,1,0.1023712383613841,1,0,-1.508734382843389,-0.689692846753119,0,0,0,1,1,0,1,0,1,0,1,0,1,0,1,0,0,1,1,0,0
1,0,0,0,0.18378270803857208,1,1,0.8473558741484452,0.46415102630214244,0,1,0,0,0,1,0,1,0,1,0,1,0,1,0,1,1,0,0,0,0
0,0,0,0,0.14307697319997809,0,1,-0.3804658090726515,-0.17555617424637962,1,0,0,0,0,1,0,1,0,1,0,1,0,0,0,1,0,1,0,0,1
1,0,0,0,-1.1595065416350294,1,1,0.5486965457973676,-0.8609253849919136,0,0,1,0,0,0,0,0,0,0,0,0,0,1,0,0,0,0,0,1,0
0,0,1,1,1.5270719577121736,1,0,-1.342812533759457,-0.27039265696325043,0,1,0,1,1,0,1,0,1,0,1,0,1,0,1,0,0,1,0,0,0
0,0,0,0,-1.2409180113122174,1,0,-1.5419187526601754,-0.9869349708240521,0,0,0,1,1,0,1,0,1,0,1,0,1,0,1,0,0,0,0,0,0
1,1,0,0,-1.1595065416350294,1,0,0.34959032689664926,-0.8903422569457577,0,0,1,0,0,1,0,0,0,0,0,0,0,0,0,0,0,0,0,1,0
1,0,1,0,1.5677776925507676,1,1,0.9469089835988044,1.9178713701704722,0,1,1,0,0,0,0,1,0,1,0,0,0,0,0,1,0,0,0,0,0
0,1,1,0,1.6084834273893616,1,1,0.8141715043316587,1.9301649883004368,0,1,0,0,0,1,0,1,0,1,0,1,0,1,0,1,0,1,0,0,0
0,1,1,0,0.590840056424512,1,1,0.08411536836235807,0.4176109005244188,0,1,0,0,0,1,0,1,0,1,0,0,0,0,0,0,0,0,1,0,0
1,0,1,0,0.9164859351332638,1,0,-0.2145439599887195,0.33682426709893626,0,0,0,0,0,1,0,1,0,1,0,0,0,0,0,0,0,1,0,1,0
1,0,1,0,0.7536629957788878,1,1,0.9800933534155908,1.102541053479597,0,1,1,0,0,0,0,0,0,0,0,0,0,1,0,1,0,0,0,1,0
1,0,0,0,1.6084834273893616,1,1,1.7765182290184642,2.742421900458821,0,1,1,0,0,1,0,1,0,1,0,1,0,1,0,1,0,1,0,1,0
1,0,1,1,1.6084834273893616,1,0,1.6437807497513186,2.5461630681697414,0,1,1,0,0,1,0,1,0,1,0,1,0,1,0,1,0,1,0,0,0
1,0,1,1,0.22448844287716607,1,0,0.31640595707986285,0.22003489486427127,0,0,0,0,0,1,0,1,0,1,0,1,0,1,0,0,1,0,0,1,0
1,0,1,1,-0.9966836022806536,1,1,0.3827746967134356,-0.7270127589333691,0,1,0,0,0,1,0,1,0,0,0,1,0,0,0,1,0,1,1,0,0
0,1,0,0,-0.22327464034736777,1,0,0.7809871345148723,0.07295053509505035,0,1,1,0,0,0,0,0,0,1,0,0,0,0,0,1,0,0,1,0,0
1,0,0,0,-1.0780950719578415,1,0,-0.14817522035514671,-0.8284351085055782,0,0,0,0,0,0,0,0,0,1,0,0,0,1,0,0,0,0,0,0,1
1,0,0,0,-0.6303319887333076,1,0,-1.508734382843389,-0.8596082116208459,0,0,0,1,1,0,1,0,1,0,1,0,1,0,1,0,0,1,0,0,1
1,0,1,1,1.5677776925507676,1,0,-1.508734382843389,-0.3972803583761007,0,0,0,1,1,0,1,0,1,0,1,0,1,0,1,0,0,1,0,0,1
0,0,1,0,0.387311382231542,1,1,1.1460152024995227,0.8052989294086638,0,0,1,0,0,0,0,0,0,1,0,1,0,1,0,1,0,1,1,0,0
0,0,0,0,-1.2816237461508113,1,0,-1.4755500130266026,-1.0014238779057962,0,0,0,1,1,0,1,0,1,0,1,0,1,0,1,0,0,0,0,0,1
0,0,1,0,1.5270719577121736,1,1,1.4778589006673868,2.3591244494781347,0,1,1,0,0,0,0,1,0,1,0,1,0,1,0,1,1,0,0,1,0
1,0,0,0,-0.9559778674420595,1,0,0.34959032689664926,-0.719987834287675,0,0,1,0,0,1,0,0,0,0,0,0,0,0,0,0,0,0,0,1,0
1,0,0,1,-1.2816237461508113,1,0,-1.508734382843389,-1.0018629356961521,0,0,0,1,1,0,1,0,1,0,1,0,1,0,1,0,0,0,0,0,1
0,0,0,0,-0.9152721326034655,0,0,-0.8118626166908747,-0.8130680858431223,1,0,0,0,0,1,0,1,0,1,0,0,0,0,0,0,0,0,0,0,0
1,0,1,0,0.6722515261016999,1,1,0.9800933534155908,1.048976003056179,0,0,1,0,0,0,0,1,0,0,0,0,0,1,0,1,0,1,0,1,0
0,0,1,0,0.5501343215859179,0,1,-0.7123095072405154,-0.129016048468656,1,0,0,0,0,0,0,0,0,0,0,0,0,1,0,1,0,0,0,1,0
0,0,1,0,0.5501343215859179,1,1,1.2787526817666683,1.0068264551820143,0,1,1,0,0,0,0,1,0,0,0,1,0,1,0,1,1,0,0,1,0
0,1,1,0,-1.1595065416350294,1,1,1.1460152024995227,-0.8578519804594223,0,1,1,0,0,1,0,0,0,0,0,0,0,1,0,1,0,0,0,1,0
1,0,1,1,1.5677776925507676,1,1,1.3783057912170276,2.3806382812055733,0,1,1,0,0,0,0,1,0,1,0,0,0,1,0,1,0,1,0,0,0
1,0,1,1,-0.7524491932490895,1,1,-0.1149908505383603,-0.6523729345728689,0,0,0,0,0,1,0,1,0,0,0,0,0,0,0,1,0,1,0,0,0
1,0,1,1,1.4049547531963917,1,1,-0.3472814392558651,0.6748987656729665,0,0,0,0,0,1,0,1,0,0,0,0,0,0,0,0,0,1,0,0,0
1,0,1,1,-0.9152721326034655,1,0,-0.14817522035514671,-0.7630154977425516,0,0,0,0,0,0,0,0,0,1,0,0,0,1,0,0,0,0,0,0,1
1,0,0,0,1.2014260790034217,1,1,-1.4755500130266026,-0.482896627495498,0,0,0,1,1,0,1,0,1,0,1,0,1,0,1,0,0,1,1,0,0
1,0,1,0,1.3235432835192036,1,0,0.8141715043316587,1.5227193588501773,0,1,1,0,0,1,0,1,0,1,0,0,0,0,0,0,1,0,0,1,0
1,1,1,0,0.8350744654560759,1,1,-0.14817522035514671,0.4075125713462335,0,1,0,0,0,1,0,0,0,0,0,1,0,0,0,0,1,0,0,1,0
1,0,0,0,-1.1595065416350294,1,0,-1.508734382843389,-0.9693726592098167,0,0,0,1,1,0,1,0,1,0,1,0,1,0,1,0,0,0,0,0,1
0,0,1,0,1.0386031396490458,1,1,-0.1813595901719331,0.5286925214844573,0,1,0,0,0,0,0,1,0,0,0,1,0,0,0,0,0,1,1,0,0
1,0,0,0,-1.2816237461508113,1,1,0.48232780616379484,-0.9755194682747992,0,0,1,0,0,0,0,0,0,0,0,0,0,1,0,0,0,0,0,1,0
0,0,0,0,1.6084834273893616,1,1,1.411490161033814,2.437715793951838,0,1,1,0,0,0,0,0,0,1,0,1,0,1,0,1,0,1,1,0,0
0,0,1,0,1.4863662228735797,1,1,1.3783057912170276,2.173403004157596,0,0,1,0,0,1,0,1,0,0,0,1,0,1,0,1,1,0,1,0,0
0,0,1,0,-1.2409180113122174,1,0,0.48232780616379484,-0.9377604983041932,0,0,1,0,0,0,0,1,0,1,0,0,0,0,0,0,0,0,0,0,0
1,0,0,1,0.7943687306174818,1,1,0.6814340250645132,0.9484317690646819,0,1,0,0,0,1,0,1,0,0,0,1,0,1,0,1,0,1,0,0,1
0,0,0,0,-0.9966836022806536,1,1,0.5155121759805812,-0.7120847940612691,0,0,1,0,0,0,0,0,0,0,0,0,0,1,0,0,0,0,0,0,0
0,1,0,0,1.6084834273893616,1,0,1.5442276403009596,2.4772309950838673,0,1,1,0,0,0,0,1,0,1,0,1,0,1,0,1,0,1,0,1,0
0,0,1,0,-1.0373893371192475,1,1,-0.679125137423729,-0.8727799453315224,0,0,0,0,0,0,0,0,0,0,0,0,0,0,0,0,0,0,0,0,1
0,0,0,0,0.8350744654560759,1,0,1.1128308326827363,1.3216308908671826,0,1,1,0,0,1,0,1,0,1,0,0,0,1,0,0,1,0,0,0,1
0,0,0,0,-0.8745663977648716,1,0,0.18366847781271725,-0.6462261255078866,0,0,0,0,0,0,0,0,0,0,0,1,0,1,0,1,0,0,0,0,1
1,0,0,0,-0.5896262538947137,0,0,-1.0441532054083793,-0.768723249017178,1,0,0,0,0,1,0,0,0,1,0,0,0,0,0,0,0,0,0,0,1
1,0,0,0,-1.2816237461508113,1,0,-1.4755500130266026,-1.0014238779057962,0,0,0,1,1,0,1,0,1,0,1,0,1,0,1,0,0,0,0,0,1
1,0,1,1,1.2421318138420157,1,0,-1.3096281639426706,-0.3195671294831094,0,1,0,1,1,0,1,0,1,0,1,0,1,0,1,0,0,1,0,0,1
0,0,0,0,-0.10115743583158582,1,0,0.6814340250645132,0.1115876206463681,0,0,1,0,0,0,0,0,0,0,0,1,0,1,0,0,0,0,0,1,0
1,0,0,0,-1.2816237461508113,1,0,-1.4755500130266026,-1.0014238779057962,0,0,0,1,1,0,1,0,1,0,1,0,1,0,1,0,0,0,0,0,1
0,0,0,1,0.30589991255435406,1,1,-0.015437741088001118,0.06987713056255918,0,0,0,0,0,1,0,0,0,0,0,1,0,1,0,0,0,0,1,0,0
1,0,1,1,1.0793088744876398,1,0,-1.508734382843389,-0.5066057481747157,0,0,0,1,1,0,1,0,1,0,1,0,1,0,1,0,0,1,0,0,1
0,1,1,0,-0.4268033145403377,1,1,-0.04862211090478751,-0.403866225231439,0,1,0,0,0,1,0,1,0,0,0,1,0,0,0,0,0,0,0,0,1
1,0,1,1,1.6084834273893616,0,1,-0.31409706943907867,0.8246174721843227,1,0,0,0,0,1,0,1,0,1,0,1,0,0,0,1,0,1,1,0,0
0,0,1,0,-0.7524491932490895,1,1,0.44914343634700843,-0.5175821929336127,0,0,1,0,0,0,0,0,0,0,0,0,0,0,0,1,0,0,0,1,0
0,0,1,0,1.6084834273893616,1,1,1.5110432704841732,2.494354248907747,0,1,1,0,0,0,0,1,0,1,0,1,0,1,0,1,0,1,0,0,0
0,0,0,0,1.6084834273893616,1,0,1.676965119568105,2.6800756942282855,0,1,1,0,0,1,0,1,0,1,0,1,0,1,0,1,0,1,1,0,0
1,0,0,0,0.6722515261016999,1,1,0.31640595707986285,0.6230899464109723,0,1,1,0,0,0,0,0,0,0,0,0,0,0,0,0,0,0,0,0,0
0,1,1,0,-0.5896262538947137,0,1,-0.5463876581565834,-0.6545682235246484,1,0,0,0,0,0,0,0,0,1,0,0,0,1,0,1,0,0,0,1,0
0,0,0,0,-0.9152721326034655,1,1,-1.508734382843389,-0.9228325334320931,0,0,0,1,1,0,1,0,1,0,1,0,1,0,1,0,0,0,0,0,1
0,0,1,0,-0.9966836022806536,1,1,0.6814340250645132,-0.734915799159775,0,1,1,0,0,0,0,0,0,0,0,0,0,0,0,1,0,0,1,0,0
0,0,0,0,-1.0373893371192475,0,1,-0.8118626166908747,-0.8815611011386401,1,0,0,0,0,0,0,1,0,0,0,0,0,0,0,1,0,0,1,0,0
0,0,1,1,-1.2409180113122174,0,1,-1.1437063148587385,-0.9825443929204932,1,0,0,0,0,0,0,1,0,0,0,0,0,0,0,0,0,0,0,0,1
1,0,1,1,0.06166550352279012,1,1,0.6482496552477268,0.2670140784323508,0,0,1,0,0,0,0,0,0,1,0,0,0,1,0,0,0,0,0,0,1
0,0,0,1,1.5270719577121736,1,0,0.050930998545571676,1.1372266189177116,0,1,0,0,0,1,0,1,0,0,0,1,0,0,0,0,0,1,0,1,0
0,0,1,0,1.6084834273893616,1,0,-1.342812533759457,-0.24185390059011802,0,1,0,1,1,0,1,0,1,0,1,0,1,0,1,0,0,1,0,1,0
1,1,0,0,-0.9966836022806536,0,1,-1.176890684675525,-0.9131732620442637,1,0,0,0,0,0,0,0,0,1,0,0,0,0,0,0,0,0,0,1,0
0,0,0,0,-0.6710377235719016,1,1,0.9469089835988044,-0.3195671294831094,0,0,1,0,0,0,0,1,0,1,0,0,0,0,0,1,0,0,1,0,0
1,0,1,0,1.4863662228735797,1,0,1.1460152024995227,1.993389310111684,0,1,1,0,0,0,0,0,0,1,0,0,0,1,0,1,1,0,0,0,0
1,1,1,0,0.1023712383613841,1,1,0.5486965457973676,0.22574264613889777,0,1,1,0,0,0,0,0,0,1,0,0,0,0,0,0,1,0,0,0,0
0,0,1,1,0.9164859351332638,1,0,-1.4755500130266026,-0.5329492155960687,0,0,0,1,1,0,1,0,1,0,1,0,1,0,1,0,0,0,1,0,0
1,0,0,0,1.4863662228735797,1,1,-1.508734382843389,-0.4534797555416538,0,0,0,1,1,0,1,0,1,0,1,0,1,0,1,0,0,1,0,0,1
0,0,0,0,-1.2409180113122174,1,0,0.5155121759805812,-0.942151076207752,0,1,1,0,0,0,0,0,0,1,0,0,0,0,0,0,0,0,0,0,1
0,0,0,0,1.6084834273893616,1,0,-1.3096281639426706,-0.19092319690883555,0,1,0,1,1,0,1,0,1,0,1,0,1,0,1,0,0,1,1,0,0
0,0,0,0,-1.1188008067964355,1,0,-1.508734382843389,-0.9623477345641226,0,0,0,1,1,0,1,0,1,0,1,0,1,0,1,0,0,0,0,0,1
1,0,0,0,-0.9152721326034655,1,0,0.18366847781271725,-0.6874975578013396,0,0,1,0,0,0,0,0,0,0,0,0,0,0,0,0,0,0,0,0,1
1,0,0,0,0.9978974048104517,1,0,-1.5419187526601754,-0.5298758110635775,0,0,0,1,1,0,1,0,1,0,1,0,1,0,1,0,0,1,1,0,0
0,0,1,1,-0.30468611002455576,0,1,-0.2145439599887195,-0.3507402325983771,1,0,0,0,0,1,0,1,0,1,0,0,0,1,0,1,0,0,1,0,0
0,0,1,0,1.2421318138420157,1,1,1.4446745308506004,2.0065610438223604,0,1,1,0,0,0,0,1,0,1,0,1,0,1,0,1,0,0,0,1,0
0,0,1,1,1.6084834273893616,1,1,0.5155121759805812,1.5740891203218157,0,0,0,0,0,1,0,0,0,1,0,1,0,1,0,1,0,1,0,0,0
1,0,1,0,0.631545791263106,1,1,1.0464620930491635,0.9537004625489524,0,1,1,0,0,1,0,1,0,1,0,0,0,1,0,0,0,1,0,0,0
1,0,1,1,0.6722515261016999,1,1,0.8473558741484452,0.962920676146426,0,0,1,0,0,0,0,1,0,1,0,0,0,1,0,0,0,0,1,0,0
0,0,0,1,-0.4675090493789317,1,0,-1.4755500130266026,-0.8117509124720547,0,0,0,1,1,0,1,0,1,0,1,0,1,0,1,0,0,0,0,0,1
1,1,1,0,0.9978974048104517,0,1,-0.679125137423729,0.1190516030824181,1,0,0,0,0,0,0,0,0,0,0,0,0,1,0,1,0,0,0,1,0
1,0,0,0,-0.4675090493789317,1,0,0.01774662872878528,-0.384986740246136,0,0,0,0,0,1,0,0,0,1,0,0,0,1,0,0,0,0,0,0,0
0,0,0,0,-0.9966836022806536,1,0,-0.015437741088001118,-0.7889199073735487,0,0,0,0,0,0,0,0,0,1,0,1,0,0,0,1,0,0,0,0,1
1,0,0,0,-0.9559778674420595,1,1,0.6814340250645132,-0.6629103215414102,0,1,1,0,0,0,0,0,0,0,0,0,0,1,0,0,0,0,0,1,0
1,0,0,0,-1.2409180113122174,1,0,0.9800933534155908,-0.9320527470295666,0,0,1,0,0,0,0,0,0,1,0,0,0,1,0,1,0,0,0,1,0
1,0,1,0,-0.9559778674420595,1,1,0.9800933534155908,-0.6194436002961777,0,0,1,0,0,0,0,1,0,1,0,1,0,1,0,0,0,0,0,0,1
1,0,0,0,-0.5489205190561197,1,1,1.1460152024995227,-0.16238444053570314,0,1,1,0,0,0,0,1,0,0,0,0,0,1,0,1,0,0,0,1,0
0,0,0,0,-0.9966836022806536,1,0,0.6482496552477268,-0.7169144297551838,0,0,1,0,0,1,0,0,0,0,0,0,0,1,0,0,0,0,0,1,0
0,0,0,0,0.9571916699718578,1,1,1.3451214214002412,1.5872608540324922,0,1,1,0,0,0,0,1,0,0,0,1,0,1,0,1,0,0,0,0,0
0,0,1,1,-0.4675090493789317,0,1,-0.31409706943907867,-0.5022151702711568,1,0,0,0,0,1,0,0,0,1,0,0,0,1,0,1,1,0,0,1,0
0,0,1,1,1.1200146093262338,1,1,0.5155121759805812,1.1613747973872852,0,0,0,0,0,0,0,1,0,1,0,1,0,1,0,1,0,1,0,0,0
1,0,1,1,0.9571916699718578,0,1,-0.4136501788894379,0.2560376336734537,1,0,0,0,0,1,0,1,0,0,0,1,0,1,0,0,1,0,0,0,1
0,0,1,1,0.9164859351332638,1,0,-1.4755500130266026,-0.5364616779189157,0,0,0,1,1,0,1,0,1,0,1,0,1,0,1,0,0,1,0,0,1
1,0,0,1,0.9164859351332638,1,0,-1.508734382843389,-0.5707081855666747,0,0,0,1,1,0,1,0,1,0,1,0,1,0,1,0,1,0,0,0,0
0,1,0,0,-0.7524491932490895,1,1,0.31640595707986285,-0.5289976954828658,0,1,1,0,0,0,0,0,0,0,0,0,0,0,0,0,0,0,0,1,0
0,0,0,0,1.1607203441648277,1,0,0.7809871345148723,1.3260214687707415,0,1,0,0,0,0,0,1,0,1,0,1,0,1,0,1,0,1,1,0,0
1,0,1,1,1.3642490183577978,1,0,-1.4755500130266026,-0.40693962976393017,0,0,0,1,1,0,1,0,1,0,1,0,1,0,1,0,0,1,1,0,0
1,0,0,0,0.9978974048104517,1,1,-0.3472814392558651,0.3658020812624246,0,0,0,0,0,0,0,1,0,0,0,1,0,0,0,0,1,0,0,0,1
1,0,0,0,1.0793088744876398,1,1,-0.015437741088001118,0.6296758132663105,0,0,0,0,0,0,0,0,0,1,0,1,0,1,0,0,0,0,0,1,0
1,0,0,0,0.6722515261016999,1,1,1.3783057912170276,1.2588456268462913,0,1,1,0,0,0,0,1,0,0,0,1,0,1,0,1,1,0,0,0,0
1,0,1,1,1.4456604880349857,1,1,0.913724613782018,1.7962523622418927,0,1,0,0,0,1,0,1,0,1,0,1,0,1,0,1,0,1,1,0,0
0,1,0,0,0.14307697319997809,1,1,0.31640595707986285,0.15724963084337995,0,1,1,0,0,0,0,0,0,0,0,0,0,0,0,0,0,0,0,0,0
0,1,1,0,-1.2816237461508113,1,1,0.15048410799593087,-0.979910046178358,0,0,1,0,0,0,0,0,0,0,0,0,0,0,0,0,0,0,0,1,0
0,0,0,0,-0.10115743583158582,1,0,1.1791995723163091,0.34911788522890097,0,1,1,0,0,0,0,0,0,1,0,0,0,1,0,1,0,0,0,1,0
0,0,1,0,1.5677776925507676,1,1,-1.342812533759457,-0.2528303453490151,0,1,0,1,1,0,1,0,1,0,1,0,1,0,1,0,0,1,1,0,0
0,0,1,0,-0.9966836022806536,1,0,1.2123839421330955,-0.6405183742332601,0,0,1,0,0,0,0,1,0,1,0,0,0,1,0,1,0,0,0,1,0
0,1,0,0,-0.9559778674420595,1,1,0.5155121759805812,-0.6804726331556455,0,0,1,0,0,0,0,0,0,0,0,0,0,1,0,0,0,0,0,1,0
1,0,0,0,1.4863662228735797,1,1,1.3783057912170276,2.215991609822117,0,1,1,0,0,0,0,0,0,1,0,1,0,1,0,1,0,1,0,0,0
0,0,0,1,1.4049547531963917,1,1,1.3783057912170276,2.170329599625105,0,1,1,0,0,0,0,1,0,0,0,1,0,1,0,1,1,0,0,0,0
1,0,0,0,-0.3453918448631497,1,0,-0.3472814392558651,-0.4183551323131831,0,0,0,0,0,1,0,0,0,0,0,1,0,0,0,0,0,0,0,1,0
1,1,1,0,-0.6710377235719016,1,1,0.21685284762950366,-0.497824592367598,0,0,1,0,0,0,0,0,0,0,0,0,0,0,0,0,0,0,0,0,0
0,0,1,1,-0.7524491932490895,1,0,0.18366847781271725,-0.55095058500066,0,0,1,0,0,0,0,0,0,0,0,0,0,0,0,0,0,0,0,1,0
1,1,1,1,0.06166550352279012,1,1,1.4446745308506004,0.5813794563271633,0,1,1,0,0,0,0,1,0,1,0,1,0,1,0,1,0,0,0,1,0
0,0,1,1,0.8350744654560759,1,0,-1.508734382843389,-0.5680738388245393,0,0,0,1,1,0,1,0,1,0,1,0,1,0,1,0,1,0,0,0,0
0,0,1,1,-0.5082147842175256,1,1,1.3451214214002412,-0.027154641106091053,0,1,1,0,0,0,0,1,0,1,0,0,0,1,0,1,0,0,0,0,0
1,0,1,1,-0.3453918448631497,1,0,0.31640595707986285,-0.2106807974748503,0,1,0,0,0,1,0,0,0,0,0,0,0,1,0,1,1,0,0,0,1
0,0,1,0,1.2828375486806096,1,1,0.5486965457973676,1.2417223730224118,0,1,0,0,0,1,0,1,0,1,0,1,0,0,0,1,0,1,0,0,1
1,1,1,0,1.5677776925507676,1,0,-1.3759969035762434,-0.2392195538479827,0,1,0,1,1,0,1,0,1,0,1,0,1,0,1,0,0,1,0,0,0
0,0,0,0,-0.9966836022806536,1,1,-1.508734382843389,-0.9395167294656167,0,0,0,1,1,0,1,0,1,0,1,0,1,0,1,0,1,0,0,0,1
1,0,1,1,1.3235432835192036,1,1,0.15048410799593087,0.94755365348397,0,1,0,0,0,1,0,1,0,0,0,0,0,0,0,1,0,1,0,0,1
1,0,0,0,-0.1418631706701798,1,0,-0.5463876581565834,-0.4293315770720802,0,0,0,0,0,0,0,0,0,1,0,0,0,0,0,0,0,0,0,0,0
0,0,1,1,0.9164859351332638,1,0,1.1791995723163091,1.3817818081459388,0,1,1,0,0,1,0,0,0,0,0,0,0,1,0,1,1,0,0,0,1
1,0,0,1,0.8757802002946699,1,1,-0.1149908505383603,0.4312216920254512,0,0,0,0,0,0,0,1,0,1,0,1,0,0,0,0,1,0,0,1,0
0,0,0,0,1.3642490183577978,0,1,-0.1149908505383603,0.830764281249305,1,0,0,0,0,1,0,0,0,1,0,1,0,1,0,1,0,1,0,0,0
1,0,1,1,-0.06045170099299184,1,0,-0.1813595901719331,-0.20892456631342676,0,1,0,0,0,0,0,0,0,0,0,0,0,0,0,1,0,0,0,0,0
0,1,0,0,-1.1188008067964355,1,0,0.44914343634700843,-0.84424118895839,0,0,1,0,0,0,0,0,0,0,0,0,0,0,0,1,0,0,0,1,0
1,0,0,0,-0.4675090493789317,1,0,-0.1149908505383603,-0.3985975317471684,0,0,0,0,0,0,0,0,0,1,0,0,0,0,0,1,0,0,0,0,1
1,0,0,0,-0.9559778674420595,0,1,-1.342812533759457,-0.926784053545296,1,0,0,0,0,0,0,0,0,0,0,0,0,0,0,0,0,0,0,0,1
1,1,0,0,-0.06045170099299184,1,1,0.8473558741484452,0.23891437984957428,0,1,1,0,0,0,0,1,0,0,0,0,0,1,0,0,0,0,0,1,0
1,0,1,0,0.6722515261016999,1,1,1.1460152024995227,1.1499592948380322,0,0,1,0,0,0,0,0,0,1,0,1,0,1,0,1,1,0,1,0,0
0,0,1,0,-0.8745663977648716,1,1,0.9800933534155908,-0.5369007357092717,0,1,1,0,0,0,0,0,0,0,0,0,0,1,0,1,0,0,0,1,0
0,0,0,0,-1.0780950719578415,1,1,0.9469089835988044,-0.7748700580821605,0,1,1,0,0,0,0,0,0,0,0,0,0,1,0,1,0,0,0,0,0
0,0,1,1,-1.3223294809894055,1,0,-1.4755500130266026,-0.39684130058574485,0,0,0,1,1,0,1,0,1,0,1,0,1,0,1,0,0,1,0,0,1
0,0,1,0,0.9978974048104517,1,0,-1.508734382843389,-0.5206555974661039,0,0,0,1,1,0,1,0,1,0,1,0,1,0,1,0,0,1,0,0,0
0,0,0,0,-1.2409180113122174,1,1,-0.1813595901719331,-0.9601524456123433,0,0,0,0,0,0,0,1,0,0,0,0,0,1,0,0,0,0,0,1,0
0,0,1,1,-0.9559778674420595,1,1,0.6814340250645132,-0.6791554597845778,0,1,1,0,0,0,0,0,0,0,0,0,0,1,0,0,0,0,0,0,0
0,0,0,0,0.22448844287716607,1,0,-1.4755500130266026,-0.6839850954784926,0,0,0,1,1,0,1,0,1,0,1,0,1,0,1,0,0,1,0,0,1
1,0,0,1,0.26519417771576004,0,0,-0.3472814392558651,-0.048229415043173456,1,0,0,0,0,0,0,0,0,1,0,1,0,1,0,1,1,0,0,0,0
1,0,1,1,-0.6303319887333076,1,1,0.913724613782018,-0.3450324813237506,0,1,1,0,0,0,0,0,0,0,0,0,0,1,0,1,0,0,0,1,0
1,0,0,0,1.5677776925507676,1,0,-1.3096281639426706,-0.17687334761744727,0,1,0,1,1,0,1,0,1,0,1,0,1,0,1,0,0,1,0,0,0
0,0,0,0,0.5094285867473239,1,0,1.0464620930491635,0.94008967104792,0,1,1,0,0,1,0,1,0,0,0,0,0,0,0,1,1,0,0,0,0
0,0,1,1,0.020959768684196134,1,0,-1.4755500130266026,-0.7160363141744721,0,0,0,1,1,0,1,0,1,0,1,0,1,0,1,0,0,1,0,0,1
0,0,1,1,1.6084834273893616,1,1,-1.4755500130266026,-0.35952138840549475,0,0,0,1,1,0,1,0,1,0,1,0,1,0,1,0,0,1,0,0,1
0,0,0,0,-0.1418631706701798,1,1,-0.31409706943907867,-0.29893141333638285,0,1,0,0,0,0,0,1,0,0,0,0,0,0,0,0,1,0,0,1,0
0,0,1,1,1.5677776925507676,1,1,1.013277723232377,1.996901772434531,0,1,1,0,0,0,0,1,0,1,0,0,0,0,0,1,0,1,1,0,0
0,1,0,0,-0.5896262538947137,1,1,1.2787526817666683,-0.21726666433018854,0,1,1,0,0,0,0,1,0,0,0,1,0,1,0,1,0,0,1,0,0
0,0,0,0,-0.6710377235719016,1,1,-0.3804658090726515,-0.6440308365561072,0,0,0,0,0,0,0,1,0,0,0,1,0,0,0,0,0,0,0,0,1
0,1,1,0,-0.22327464034736777,1,1,1.2123839421330955,0.19896012092718887,0,0,1,0,0,1,0,0,0,1,0,0,0,1,0,1,0,0,0,1,0
0,0,1,0,-1.1595065416350294,1,0,-1.508734382843389,-0.9693726592098167,0,0,0,1,1,0,1,0,1,0,1,0,1,0,1,0,0,0,0,0,1
0,0,1,0,1.6084834273893616,1,0,-1.2764437941258842,-0.16984842297175315,0,1,0,1,1,0,1,0,1,0,1,0,1,0,1,0,0,1,1,0,0
0,1,0,0,0.590840056424512,1,1,1.013277723232377,0.9673112540499847,0,1,1,0,0,0,0,1,0,0,0,1,0,1,0,0,0,0,0,1,0
1,0,0,0,0.26519417771576004,1,0,0.5486965457973676,0.4004876467005393,0,1,1,0,0,0,0,1,0,0,0,0,0,0,0,0,1,0,1,0,0
0,0,1,0,1.6084834273893616,1,1,1.3451214214002412,2.3218045372978846,0,1,1,0,0,1,0,0,0,1,0,0,0,1,0,1,0,1,1,0,0
0,1,0,0,-1.2816237461508113,1,1,0.8141715043316587,-0.9711288903712403,0,0,1,0,0,0,0,0,0,0,0,0,0,1,0,1,0,0,0,1,0
0,1,1,0,1.6084834273893616,1,0,1.3451214214002412,2.3169749016039702,0,1,1,0,0,0,0,1,0,1,0,0,0,1,0,1,1,0,1,0,0
0,0,0,0,-0.5896262538947137,1,1,0.34959032689664926,-0.40430528302179486,0,0,1,0,0,1,0,0,0,0,0,0,0,0,0,0,0,0,0,1,0
1,1,1,0,1.5677776925507676,1,1,0.21685284762950366,1.1903526115507734,0,0,0,0,0,1,0,1,0,0,0,1,0,1,0,0,1,0,0,0,0
0,0,1,0,0.387311382231542,1,1,0.050930998545571676,0.18710556058758004,0,1,0,0,0,1,0,1,0,0,0,1,0,0,0,0,0,0,1,0,0
1,0,1,0,1.6084834273893616,1,1,0.8473558741484452,1.7861540330637073,0,1,0,0,0,1,0,1,0,1,0,1,0,1,0,1,0,1,1,0,0
0,0,0,0,-0.7117434584104956,1,1,1.1791995723163091,-0.3889382603593389,0,1,1,0,0,0,0,1,0,0,0,0,0,1,0,1,0,0,0,1,0
1,0,1,1,1.6084834273893616,1,1,1.3119370515834547,2.308632803587208,0,0,1,0,0,1,0,0,0,1,0,1,0,1,0,1,0,1,1,0,0
1,0,0,1,-0.22327464034736777,1,0,-0.2809126996222923,-0.3222014762252447,0,0,0,0,0,1,0,1,0,0,0,0,0,0,0,0,1,0,0,0,1
0,0,1,0,0.1023712383613841,1,1,0.18366847781271725,0.050558587786900304,0,0,1,0,0,0,0,0,0,0,0,0,0,0,0,0,0,0,0,1,0
1,0,1,1,-0.9559778674420595,1,1,1.2123839421330955,-0.6124186756504836,0,0,1,0,0,0,0,1,0,0,0,1,0,1,0,1,0,0,0,1,0
0,0,0,0,-1.2816237461508113,1,0,-1.508734382843389,-1.0018629356961521,0,0,0,1,1,0,1,0,1,0,1,0,1,0,1,0,0,0,1,0,0
0,0,0,0,-0.5082147842175256,1,1,-0.679125137423729,-0.6031984620530101,0,0,0,0,0,0,0,0,0,0,0,0,0,0,0,0,0,0,0,1,0
0,0,1,0,1.3235432835192036,1,0,-1.508734382843389,-0.43108780823350373,0,0,0,1,1,0,1,0,1,0,1,0,1,0,1,0,0,1,0,0,0
0,0,0,0,-1.2816237461508113,1,0,-1.4755500130266026,-1.0014238779057962,0,0,0,1,1,0,1,0,1,0,1,0,1,0,1,0,0,0,0,0,1
0,0,0,0,-1.0373893371192475,1,0,-1.4755500130266026,-0.9381995560945491,0,0,0,1,1,0,1,0,1,0,1,0,1,0,1,0,0,0,0,0,1
1,0,1,1,-0.1418631706701798,1,0,0.34959032689664926,-0.10838033232192948,0,0,0,0,0,0,0,0,0,1,0,1,0,1,0,1,0,1,0,0,1
1,0,0,0,0.5501343215859179,0,0,-1.1437063148587385,-0.40430528302179486,1,0,0,0,0,0,0,1,0,0,0,0,0,0,0,0,0,0,0,0,0
0,0,0,0,-1.2816237461508113,1,0,-0.5132032883397971,-0.9886912019854757,0,0,0,0,0,0,0,1,0,0,0,0,0,0,0,0,0,0,0,1,0
0,1,1,0,-1.2002122764736234,1,1,0.31640595707986285,-0.9052702218178578,0,0,1,0,0,0,0,1,0,0,0,0,0,0,0,0,0,0,0,0,0
1,0,0,0,-0.7931549280876836,1,1,0.8805402439652316,-0.5118744416589863,0,0,1,0,0,0,0,0,0,0,0,0,0,1,0,1,0,0,0,1,0
0,0,0,1,-1.0373893371192475,1,0,-1.4755500130266026,-0.9680554858387491,0,0,0,1,1,0,1,0,1,0,1,0,1,0,1,0,1,0,0,0,1
1,0,0,0,-1.2816237461508113,1,1,-1.508734382843389,-1.0018629356961521,0,0,0,1,1,0,1,0,1,0,1,0,1,0,1,0,0,0,0,1,0
1,0,1,1,-0.6710377235719016,1,0,-1.4755500130266026,-0.8604863272015577,0,0,0,1,1,0,1,0,1,0,1,0,1,0,1,0,0,0,0,1,0
0,0,1,0,-0.9966836022806536,1,0,0.01774662872878528,-0.7625764399521957,0,0,0,0,0,1,0,0,0,0,0,1,0,0,0,1,0,1,0,0,1
1,0,0,0,-0.9152721326034655,1,1,1.3119370515834547,-0.535583562338204,0,0,1,0,0,1,0,1,0,1,0,0,0,1,0,1,0,0,0,1,0
1,0,0,1,-0.1418631706701798,1,0,1.1791995723163091,0.232328512994236,0,1,1,0,0,0,0,1,0,1,0,1,0,0,0,1,1,0,1,0,0
1,0,1,1,-0.5489205190561197,1,1,0.6150652854309404,-0.36698537084154476,0,1,1,0,0,0,0,0,0,0,0,0,0,0,0,1,0,0,0,1,0
0,0,1,1,1.6084834273893616,1,1,1.6105963799345322,2.611143621142412,0,1,1,0,0,1,0,1,0,1,0,1,0,1,0,1,0,1,0,0,0
0,0,0,0,-1.2002122764736234,1,1,1.1460152024995227,-0.8841954478807754,0,0,1,0,0,1,0,0,0,1,0,0,0,1,0,1,0,0,1,0,0
1,0,1,1,0.46872285190873,1,0,-1.342812533759457,-0.5654394920824041,0,1,0,1,1,0,1,0,1,0,1,0,1,0,1,0,1,0,0,1,0
0,0,0,0,0.387311382231542,1,1,1.3451214214002412,0.9216492438529729,0,1,1,0,0,1,0,0,0,1,0,0,0,1,0,1,0,0,0,1,0
1,0,1,1,-0.10115743583158582,1,1,0.6150652854309404,0.11817348750170635,0,1,1,0,0,0,0,1,0,0,0,1,0,0,0,0,0,0,0,0,0
1,0,0,0,0.7536629957788878,1,0,0.5486965457973676,0.7833460398908696,0,1,1,0,0,0,0,1,0,0,0,0,0,0,0,0,0,0,0,0,0
0,0,0,0,-1.2816237461508113,1,0,-1.508734382843389,-1.0018629356961521,0,0,0,1,1,0,1,0,1,0,1,0,1,0,1,0,0,0,0,0,1
1,0,1,1,-0.38609757970174374,1,1,-1.4755500130266026,-0.8148243170045458,0,0,0,1,1,0,1,0,1,0,1,0,1,0,1,0,1,0,1,0,0
0,0,1,0,0.8350744654560759,1,0,1.5110432704841732,1.5516971730136655,0,0,1,0,0,1,0,1,0,1,0,1,0,1,0,1,1,0,0,1,0
0,0,0,0,-0.3453918448631497,1,1,1.1128308326827363,0.04660706767369736,0,1,1,0,0,0,0,0,0,1,0,0,0,1,0,1,0,0,0,1,0
0,0,0,0,-1.2816237461508113,1,0,-1.4755500130266026,-1.0014238779057962,0,0,0,1,1,0,1,0,1,0,1,0,1,0,1,0,0,0,0,0,1
1,1,1,0,1.1607203441648277,1,1,1.1128308326827363,1.6531195225858746,0,1,1,0,0,0,0,1,0,1,0,1,0,1,0,0,1,0,0,0,1
1,0,0,0,-0.4268033145403377,1,1,0.9469089835988044,-0.06315737991527348,0,0,1,0,0,0,0,1,0,0,0,0,0,1,0,1,0,0,0,0,1
1,1,0,0,-1.1188008067964355,1,1,0.8805402439652316,-0.8130680858431223,0,0,1,0,0,0,0,0,0,0,0,0,0,1,0,1,0,0,0,1,0
1,0,0,0,0.26519417771576004,1,1,-0.5132032883397971,-0.14482212892146779,0,0,0,0,0,0,0,0,0,0,0,1,0,0,0,0,0,1,0,0,0
1,0,1,1,0.7129572609402939,0,1,-0.8450469865076611,-0.12286923940367363,1,0,0,0,0,1,0,0,0,0,0,0,0,1,0,0,0,0,1,0,0
1,0,1,1,0.9978974048104517,1,0,-1.508734382843389,-0.5443647181453216,0,0,0,1,1,0,1,0,1,0,1,0,1,0,1,0,1,0,0,0,1
1,0,0,1,0.26519417771576004,1,0,-1.3096281639426706,-0.5895876705519777,0,1,0,1,1,0,1,0,1,0,1,0,1,0,1,0,1,0,0,0,0
0,0,1,0,-0.8745663977648716,1,1,1.0464620930491635,-0.47367641389802445,0,1,1,0,0,1,0,0,0,0,0,1,0,1,0,0,0,0,1,0,0
1,0,0,0,-1.2816237461508113,1,0,-0.6459407676069426,-0.9904474331468992,0,0,0,0,0,0,0,0,0,0,0,0,0,0,0,0,0,0,0,1,0
0,0,1,1,0.9571916699718578,1,1,1.4778589006673868,1.6035059922756598,0,1,1,0,0,1,0,0,0,1,0,1,0,1,0,1,0,0,0,0,1
1,0,0,0,0.06166550352279012,1,0,-0.2809126996222923,-0.18082486773065023,0,0,0,0,0,1,0,0,0,1,0,0,0,0,0,0,1,0,0,0,1
0,1,1,0,-0.8338606629262776,1,1,0.48232780616379484,-0.5961735374073159,0,0,0,0,0,1,0,0,0,1,0,1,0,1,0,1,1,0,0,1,0
1,0,1,0,-1.2816237461508113,1,1,0.8473558741484452,-0.9706898325808844,0,0,1,0,0,0,0,0,0,0,0,0,0,1,0,1,0,0,0,1,0
1,0,0,0,-0.5489205190561197,1,1,-1.508734382843389,-0.840728726635543,0,0,0,1,1,0,1,0,1,0,1,0,1,0,1,0,1,0,1,0,0
1,0,1,0,-0.5896262538947137,1,1,0.9800933534155908,-0.2677583102211151,0,1,1,0,0,0,0,0,0,0,0,0,0,1,0,1,0,0,0,1,0
1,1,1,0,0.14307697319997809,1,0,-0.3472814392558651,-0.13560191532399424,0,0,0,0,0,0,0,0,0,1,0,1,0,0,0,0,1,0,1,0,0
1,1,0,0,-0.8745663977648716,1,0,-0.14817522035514671,-0.7195487764973191,0,1,0,0,0,1,0,1,0,0,0,0,0,0,0,0,0,0,0,0,0
0,0,0,0,0.9571916699718578,1,1,0.28322158726307645,0.7864194444233609,0,0,1,0,0,0,0,1,0,0,0,0,0,0,0,0,0,0,0,1,0
0,1,1,0,0.7536629957788878,1,1,0.415959066530222,0.6612879741719341,0,1,1,0,0,1,0,0,0,0,0,0,0,0,0,0,0,0,0,1,0
0,0,1,0,-0.22327464034736777,1,0,0.8473558741484452,0.05363199231939149,0,1,1,0,0,0,0,0,0,1,0,0,0,0,0,1,0,0,0,0,0
0,0,0,0,-1.2816237461508113,1,0,0.18366847781271725,-0.9794709883880021,0,0,1,0,0,0,0,0,0,0,0,0,0,0,0,0,0,0,0,0,1
0,1,1,1,-1.1595065416350294,1,0,-0.6127563977901562,-0.930735573658499,0,0,0,0,0,0,0,0,0,0,0,0,0,0,0,0,0,0,0,1,0
1,1,1,0,1.6084834273893616,0,1,-0.015437741088001118,1.0274621713287408,1,0,0,0,0,1,0,1,0,1,0,1,0,1,0,1,0,1,1,0,0
0,1,0,0,0.7943687306174818,0,1,-0.48001891852301065,0.11641725634028281,1,0,0,0,0,0,0,1,0,1,0,1,0,1,0,0,0,0,0,1,0
0,0,0,0,-0.7117434584104956,1,1,-1.3096281639426706,-0.8350209753609165,0,1,0,1,1,0,1,0,1,0,1,0,1,0,1,0,0,0,1,0,0
0,0,1,0,-1.2816237461508113,1,0,-0.31409706943907867,-0.9860568552433403,0,0,0,0,0,0,0,0,0,0,0,0,0,1,0,0,0,0,0,0,1
0,0,0,0,1.2421318138420157,1,1,0.48232780616379484,1.1240548852070351,0,1,0,0,0,1,0,1,0,1,0,1,0,1,0,0,0,1,1,0,0
0,0,1,1,-0.7524491932490895,1,1,0.8473558741484452,-0.45743127565485675,0,1,1,0,0,0,0,1,0,0,0,0,0,0,0,1,0,0,0,0,0
0,1,1,1,-0.38609757970174374,1,1,0.7809871345148723,-0.07501194025488234,0,0,1,0,0,0,0,1,0,1,0,0,0,0,0,1,0,0,0,0,0
0,1,1,0,0.590840056424512,1,0,1.1460152024995227,1.0740022971064644,0,1,1,0,0,0,0,0,0,1,0,0,0,1,0,1,0,0,0,1,0
0,0,1,1,1.6084834273893616,1,1,1.4778589006673868,2.3753695877213024,0,1,1,0,0,0,0,1,0,1,0,1,0,1,0,1,0,1,0,0,0
0,0,0,0,0.631545791263106,1,1,0.6150652854309404,0.6964125974004047,0,1,0,0,0,1,0,1,0,1,0,0,0,1,0,1,1,0,1,0,0
0,0,0,0,-0.8745663977648716,0,1,-0.9777844657748066,-0.8508270558137283,1,0,0,0,0,0,0,0,0,0,0,0,0,1,0,0,0,0,0,0,1
0,0,1,1,0.631545791263106,1,0,-1.4755500130266026,-0.599685999730163,0,0,0,1,1,0,1,0,1,0,1,0,1,0,1,0,0,1,0,0,1
1,1,1,0,1.1607203441648277,1,0,-1.3096281639426706,-0.35117929038873297,0,1,0,1,1,0,1,0,1,0,1,0,1,0,1,0,0,1,0,0,0
1,1,0,0,0.06166550352279012,1,0,0.15048410799593087,-0.011348560653279249,0,0,1,0,0,0,0,0,0,0,0,0,0,0,0,0,0,0,1,0,0
1,0,0,0,-0.3453918448631497,1,0,-1.4755500130266026,-0.7963838898095987,0,0,0,1,1,0,1,0,1,0,1,0,1,0,1,0,0,1,0,0,1
0,0,1,1,-0.5896262538947137,1,1,-0.1149908505383603,-0.5329492155960687,0,0,0,0,0,1,0,1,0,0,0,1,0,0,0,0,1,0,0,0,1
0,0,1,1,1.2828375486806096,1,1,0.7146183948812996,1.3286558155128767,0,1,1,0,0,1,0,0,0,0,0,1,0,0,0,0,0,0,0,0,0
0,1,1,1,1.0793088744876398,1,1,0.7809871345148723,1.3378760291103504,0,1,1,0,0,0,0,0,0,1,0,0,0,0,0,1,0,0,1,0,0
1,1,1,0,-0.3453918448631497,0,0,-1.0109688355915931,-0.6466651832982425,1,0,0,0,0,0,0,0,0,1,0,1,0,0,0,0,0,0,0,0,1
1,0,1,1,-1.3223294809894055,1,0,-1.3096281639426706,-0.39684130058574485,0,1,0,1,1,0,1,0,1,0,1,0,1,0,1,0,0,1,0,0,1
0,0,0,0,1.1200146093262338,1,0,-1.3096281639426706,-0.34942305922730943,0,1,0,1,1,0,1,0,1,0,1,0,1,0,1,0,0,1,0,0,1
0,0,0,0,0.346605647392948,1,1,0.31640595707986285,0.3464835384867657,0,1,0,0,0,1,0,0,0,1,0,1,0,0,0,1,0,0,0,0,0
1,1,0,0,-1.2002122764736234,1,1,0.5486965457973676,-0.9079045685599931,0,1,1,0,0,0,0,1,0,0,0,0,0,0,0,0,0,0,0,1,0
1,0,1,0,1.6084834273893616,1,1,1.4446745308506004,2.3788820500441497,0,1,1,0,0,0,0,1,0,1,0,1,0,1,0,1,0,1,0,1,0
1,0,1,0,0.590840056424512,1,1,1.5110432704841732,1.3058248104143708,0,1,1,0,0,1,0,0,0,1,0,1,0,1,0,1,1,0,1,0,0
1,0,0,0,-0.4675090493789317,1,0,0.34959032689664926,-0.320884302854177,0,1,1,0,0,0,0,0,0,0,0,0,0,0,0,0,0,0,0,0,1
0,0,0,0,0.346605647392948,1,0,1.1128308326827363,0.7416355498070607,0,1,1,0,0,0,0,0,0,1,0,0,0,1,0,1,0,0,0,0,0
1,0,1,0,-1.0780950719578415,1,1,0.581880915614154,-0.8082384501492076,0,1,1,0,0,0,0,0,0,0,0,0,0,1,0,0,0,0,0,1,0
1,0,0,0,-0.6303319887333076,1,0,-1.4423656432098162,-0.8411677844258988,0,0,0,1,1,0,1,0,1,0,1,0,1,0,1,0,0,0,1,0,0
0,0,1,1,1.6084834273893616,1,0,-1.4755500130266026,-0.3691806597933242,0,0,0,1,1,0,1,0,1,0,1,0,1,0,1,0,0,1,0,0,0
1,0,0,1,-0.7931549280876836,1,1,-0.4136501788894379,-0.7160363141744721,0,0,0,0,0,1,0,0,0,0,0,0,0,0,0,0,0,0,1,0,0
0,0,1,0,1.6084834273893616,1,0,-0.015437741088001118,1.09902859115675,0,1,0,0,0,1,0,1,0,0,0,1,0,0,0,0,0,1,0,0,0
1,0,1,0,-0.7117434584104956,1,1,1.2787526817666683,-0.3344950943552094,0,1,1,0,0,0,0,0,0,1,0,1,0,1,0,1,0,0,0,1,0
0,0,0,0,-1.2002122764736234,0,1,-1.0109688355915931,-0.960591503402699,1,0,0,0,0,0,0,0,0,0,0,0,0,1,0,0,0,0,1,0,0
0,0,0,0,0.5501343215859179,1,1,0.31640595707986285,0.5475720064697602,0,0,1,0,0,0,0,0,0,1,0,0,0,0,0,0,0,0,1,0,0
1,0,1,0,1.6084834273893616,1,1,-1.3759969035762434,-0.2537084609297269,0,1,0,1,1,0,1,0,1,0,1,0,1,0,1,0,0,1,0,0,0
0,0,0,0,-0.7117434584104956,1,0,-0.2809126996222923,-0.6014422308915865,0,0,0,0,0,0,0,0,0,0,0,0,0,1,0,0,1,0,0,0,1
0,0,1,0,1.2828375486806096,1,1,1.5442276403009596,2.042563782631543,0,1,1,0,0,0,0,1,0,1,0,1,0,1,0,1,0,0,0,1,0
0,0,1,1,1.4049547531963917,1,0,0.6482496552477268,1.4476404766993212,0,0,1,0,0,1,0,1,0,1,0,0,0,0,0,0,1,0,0,0,0
1,0,0,0,-1.2816237461508113,1,0,-1.4755500130266026,-1.0014238779057962,0,0,0,1,1,0,1,0,1,0,1,0,1,0,1,0,0,0,0,0,1
1,0,1,0,0.7536629957788878,1,1,0.34959032689664926,0.7025594064653871,0,1,0,0,0,0,0,0,0,0,0,1,0,1,0,1,0,1,0,0,0
0,0,0,1,0.7536629957788878,0,0,-0.14817522035514671,0.3407757872121392,1,0,0,0,0,1,0,0,0,1,0,1,0,1,0,1,1,0,0,0,0
1,0,0,0,-1.1188008067964355,0,1,-0.7123095072405154,-0.9140513776249755,1,0,0,0,0,1,0,1,0,1,0,1,0,0,0,0,0,0,0,0,1
0,0,0,0,-1.1595065416350294,1,1,-1.3096281639426706,-0.9592743300316314,0,1,0,1,1,0,1,0,1,0,1,0,1,0,1,0,0,1,1,0,0
1,0,1,1,0.1023712383613841,1,1,0.15048410799593087,0.08304886427323567,0,1,0,0,0,1,0,1,0,1,0,1,0,0,0,0,0,1,1,0,0
0,0,1,0,1.5677776925507676,1,1,-1.342812533759457,-0.24975694081652391,0,1,0,1,1,0,1,0,1,0,1,0,1,0,1,0,0,1,1,0,0
0,0,0,0,-0.7931549280876836,1,1,0.5486965457973676,-0.5588536252270658,0,0,1,0,0,0,0,0,0,0,0,0,0,1,0,0,0,0,0,0,1
0,0,0,0,-1.2002122764736234,1,0,-1.4755500130266026,-0.9816662773397815,0,0,0,1,1,0,1,0,1,0,1,0,1,0,1,0,0,0,0,1,0
1,0,1,0,-0.10115743583158582,1,0,-1.508734382843389,-0.7305252212562162,0,0,0,1,1,0,1,0,1,0,1,0,1,0,1,0,0,1,0,0,1
1,1,1,0,-0.5082147842175256,1,1,0.28322158726307645,-0.3678634864222565,0,0,1,0,0,0,0,1,0,0,0,0,0,0,0,0,0,0,0,1,0
0,0,0,0,1.2828375486806096,1,1,0.7146183948812996,1.3791474614038033,0,1,0,0,0,1,0,1,0,1,0,1,0,1,0,1,0,1,1,0,0
0,0,1,0,1.0793088744876398,1,0,-1.5419187526601754,-0.5461209493067452,0,0,0,1,1,0,1,0,1,0,1,0,1,0,1,0,0,1,0,0,0
0,1,0,0,-1.2816237461508113,1,1,-0.31409706943907867,-0.9860568552433403,0,0,0,0,0,1,0,0,0,1,0,0,0,0,0,0,0,0,0,1,0
1,1,0,0,0.9978974048104517,1,0,0.9469089835988044,1.4594950370389301,0,1,1,0,0,1,0,0,0,0,0,1,0,0,0,1,0,1,0,1,0
1,0,1,1,1.3642490183577978,0,0,-0.48001891852301065,0.46678537304427775,1,0,0,0,0,0,0,0,0,0,0,1,0,1,0,1,0,1,0,0,0
1,0,0,1,-0.30468611002455576,0,1,-0.8118626166908747,-0.5843189770677071,1,0,0,0,0,1,0,0,0,0,0,0,0,1,0,0,1,0,1,0,0
1,0,0,0,-0.9152721326034655,0,0,-1.176890684675525,-0.8982452971721636,1,0,0,0,0,0,0,0,0,1,0,0,0,0,0,0,0,0,0,0,1
0,0,0,0,-1.1595065416350294,1,0,-1.4755500130266026,-0.9763975838555109,0,0,0,1,1,0,1,0,1,0,1,0,1,0,1,0,0,0,0,0,1
0,0,1,0,1.6084834273893616,1,0,0.913724613782018,1.8322551010510748,0,1,0,0,0,1,0,1,0,1,0,1,0,1,0,1,0,1,0,0,0
1,1,1,0,1.5677776925507676,1,1,1.676965119568105,2.509282213779847,0,1,1,0,0,1,0,1,0,1,0,1,0,1,0,1,0,1,0,0,0
0,0,0,0,0.346605647392948,1,1,-1.508734382843389,-0.6563244546860719,0,0,0,1,1,0,1,0,1,0,1,0,1,0,1,0,1,0,0,0,1
1,0,1,1,-0.9559778674420595,1,0,-1.508734382843389,-0.9237106490128049,0,0,0,1,1,0,1,0,1,0,1,0,1,0,1,0,0,1,0,0,1
1,0,0,0,-1.2816237461508113,1,0,-0.48001891852301065,-0.9882521441951198,0,0,0,0,0,0,0,0,0,1,0,0,0,0,0,0,0,0,0,0,1
0,0,0,1,-1.2816237461508113,1,1,0.28322158726307645,-0.9781538150169344,0,0,1,0,0,1,0,0,0,0,0,0,0,0,0,0,0,0,0,0,1
0,0,1,1,1.3235432835192036,1,0,1.4778589006673868,2.2111619741282023,0,1,1,0,0,1,0,0,0,1,0,1,0,1,0,1,0,1,0,1,0
0,0,0,0,-1.1595065416350294,1,0,0.34959032689664926,-0.8618035005726253,0,1,1,0,0,0,0,0,0,0,0,0,0,0,0,0,0,0,0,1,0
0,0,0,0,-1.2816237461508113,1,0,0.31640595707986285,-0.9777147572265785,0,0,1,0,0,0,0,1,0,0,0,0,0,0,0,0,0,0,0,1,0
1,0,0,0,-1.2816237461508113,1,1,-0.7454938770573019,-0.9917646065179668,0,0,0,0,0,0,0,0,0,0,0,0,0,0,0,0,0,0,0,1,0
0,0,0,0,-1.0373893371192475,1,0,-1.4755500130266026,-0.942151076207752,0,0,0,1,1,0,1,0,1,0,1,0,1,0,1,0,0,0,0,0,1
1,0,0,0,-1.1188008067964355,1,0,-1.4755500130266026,-0.9698117170001727,0,0,0,1,1,0,1,0,1,0,1,0,1,0,1,0,0,0,0,0,1
1,0,1,1,-0.8338606629262776,1,0,-0.3804658090726515,-0.7046208116252191,0,0,0,0,0,0,0,0,0,0,0,0,0,0,0,1,1,0,1,0,0
0,1,0,0,0.9164859351332638,1,1,1.1791995723163091,1.4085643333576476,0,1,1,0,0,0,0,0,0,1,0,0,0,1,0,1,1,0,0,1,0
1,0,0,0,0.8757802002946699,0,0,-0.6459407676069426,0.06987713056255918,1,0,0,0,0,1,0,0,0,0,0,1,0,1,0,0,0,1,1,0,0
0,1,1,0,-1.2409180113122174,1,1,0.15048410799593087,-0.9430291917884638,0,0,1,0,0,0,0,0,0,0,0,0,0,0,0,0,0,0,0,1,0
1,0,1,1,-0.38609757970174374,1,0,-1.508734382843389,-0.8231664150213076,0,0,0,1,1,0,1,0,1,0,1,0,1,0,1,0,0,1,1,0,0
1,0,0,0,-0.7117434584104956,1,0,1.013277723232377,-0.37313217990652714,0,1,1,0,0,0,0,1,0,0,0,1,0,0,0,1,0,0,0,1,0
0,0,0,0,-1.2409180113122174,1,1,-0.5132032883397971,-0.9601524456123433,0,0,0,0,0,0,0,1,0,0,0,0,0,0,0,0,0,0,0,0,1
1,0,0,0,0.9571916699718578,1,0,1.1128308326827363,1.440176494263271,0,1,1,0,0,0,0,1,0,0,0,0,0,1,0,1,0,0,0,1,0
0,0,1,0,1.3235432835192036,1,1,1.3451214214002412,2.0254405288076636,0,1,1,0,0,1,0,0,0,1,0,0,0,1,0,1,0,0,0,1,0
1,0,1,1,-0.1825689055087738,1,0,0.913724613782018,0.20510692999217126,0,0,1,0,0,0,0,1,0,1,0,1,0,1,0,0,1,0,0,0,0
0,0,0,0,-1.2816237461508113,0,0,-1.3096281639426706,-0.9992285889540168,1,0,0,0,0,0,0,0,0,0,0,0,0,0,0,0,0,0,0,0,1
0,0,0,1,-0.9966836022806536,0,1,-0.8782313563244474,-0.8653159628954724,1,0,0,0,0,1,0,0,0,0,0,0,0,0,0,1,0,0,0,1,0
0,0,1,0,-0.38609757970174374,1,1,0.11729973817914446,-0.2686364258018269,0,0,0,0,0,1,0,0,0,1,0,1,0,0,0,1,1,0,0,0,0
1,0,0,0,-0.6303319887333076,1,0,0.01774662872878528,-0.5224118286275274,0,1,0,0,0,1,0,0,0,0,0,0,0,0,0,1,0,0,0,0,0
1,0,0,0,-0.10115743583158582,1,0,0.18366847781271725,-0.11277091022548831,0,0,0,0,0,1,0,1,0,0,0,1,0,1,0,0,1,0,0,1,0
0,1,1,0,1.4049547531963917,1,1,1.3451214214002412,2.1123739712981284,0,1,1,0,0,1,0,1,0,0,0,0,0,1,0,1,1,0,0,1,0
1,0,1,1,-1.2816237461508113,1,1,0.5486965457973676,-0.9746413526940874,0,0,1,0,0,0,0,0,0,0,0,0,0,0,0,1,0,0,0,1,0
0,0,1,0,-0.6710377235719016,0,1,-0.5132032883397971,-0.6545682235246484,1,0,0,0,0,0,0,0,0,0,0,1,0,1,0,1,0,0,0,1,0
0,0,0,0,-1.2816237461508113,1,0,-1.508734382843389,-1.0018629356961521,0,0,0,1,1,0,1,0,1,0,1,0,1,0,1,0,0,0,0,0,1
0,0,1,0,1.0793088744876398,1,1,1.411490161033814,1.6908784925564806,0,1,1,0,0,1,0,1,0,1,0,1,0,0,0,1,1,0,1,0,0
0,1,1,0,-0.5082147842175256,1,0,0.8473558741484452,-0.15360328472858545,0,1,1,0,0,0,0,0,0,1,0,0,0,1,0,0,0,0,0,1,0
0,0,0,0,-0.7931549280876836,1,1,0.21685284762950366,-0.6049546932144335,0,0,0,0,0,1,0,0,0,0,0,0,0,1,0,1,0,0,0,1,0
0,0,0,0,-0.1825689055087738,1,1,0.8141715043316587,0.14232166597127993,0,1,1,0,0,0,0,1,0,0,0,0,0,0,0,1,0,0,0,1,0
0,0,1,0,0.8350744654560759,1,1,0.8805402439652316,1.124493942997391,0,1,1,0,0,0,0,0,0,0,0,1,0,0,0,1,1,0,0,1,0
0,0,0,0,-1.0373893371192475,1,0,-1.4755500130266026,-0.9500541164341579,0,0,0,1,1,0,1,0,1,0,1,0,1,0,1,0,0,0,0,0,0
0,0,1,1,0.30589991255435406,1,1,-1.342812533759457,-0.5606098563884894,0,1,0,1,1,0,1,0,1,0,1,0,1,0,1,0,0,1,0,0,1
1,0,0,0,1.4456604880349857,1,1,-1.342812533759457,-0.35249646375980065,0,1,0,1,1,0,1,0,1,0,1,0,1,0,1,0,0,1,0,0,0
1,0,1,1,-1.2816237461508113,1,1,0.18366847781271725,-0.9794709883880021,0,0,1,0,0,0,0,0,0,0,0,0,0,0,0,0,0,0,0,0,1
0,0,1,1,1.2014260790034217,1,1,1.3783057912170276,1.932799335042572,0,1,1,0,0,0,0,1,0,0,0,1,0,1,0,1,1,0,1,0,0
1,0,0,0,-0.1825689055087738,1,1,0.8805402439652316,0.07997545974074449,0,0,1,0,0,0,0,1,0,0,0,1,0,1,0,0,1,0,0,0,0
1,1,1,0,1.2014260790034217,1,1,0.8141715043316587,1.4564216325064387,0,1,1,0,0,1,0,1,0,1,0,0,0,0,0,0,0,0,0,1,0
1,0,0,1,-0.4675090493789317,1,0,-0.6459407676069426,-0.5777331102123688,0,0,0,0,0,0,0,0,0,0,0,0,0,0,0,0,0,0,0,0,1
0,1,0,0,0.346605647392948,1,1,1.2123839421330955,0.7530510523563136,0,0,1,0,0,0,0,0,0,1,0,1,0,1,0,1,1,0,0,0,0
1,0,1,1,-1.0780950719578415,1,1,0.15048410799593087,-0.8446802467487459,0,0,1,0,0,0,0,0,0,0,0,0,0,0,0,0,0,0,0,1,0
1,1,1,0,0.6722515261016999,1,0,0.8473558741484452,0.9861907390352878,0,1,1,0,0,0,0,1,0,0,0,0,0,0,0,1,0,0,1,0,0
0,0,1,1,1.4049547531963917,1,1,1.4778589006673868,2.1865747378682725,0,1,1,0,0,1,0,0,0,1,0,1,0,1,0,1,1,0,0,1,0
0,0,0,0,0.5094285867473239,1,1,1.1791995723163091,0.9580910404525113,0,0,1,0,0,1,0,1,0,0,0,0,0,1,0,1,1,0,0,1,0
1,0,1,1,1.0793088744876398,1,0,-1.508734382843389,-0.48684814760870093,0,0,0,1,1,0,1,0,1,0,1,0,1,0,1,0,0,1,1,0,0
0,0,0,0,-1.2816237461508113,1,0,0.8805402439652316,-0.9702507747905286,0,0,1,0,0,0,0,1,0,0,0,1,0,1,0,0,0,0,0,1,0
1,0,1,1,1.6084834273893616,1,1,1.3119370515834547,2.298973532199379,0,1,1,0,0,1,0,1,0,1,0,1,0,0,0,1,1,0,1,0,0
1,0,1,1,1.4049547531963917,1,1,-1.4755500130266026,-0.39069449152076247,0,0,0,1,1,0,1,0,1,0,1,0,1,0,1,0,0,1,0,0,1
0,0,1,1,0.46872285190873,1,0,-1.508734382843389,-0.6677399572353249,0,0,0,1,1,0,1,0,1,0,1,0,1,0,1,0,0,0,0,0,1
0,0,0,0,-1.2816237461508113,1,1,-0.679125137423729,-0.990886490937255,0,0,0,0,0,0,0,0,0,0,0,0,0,0,0,0,0,0,0,0,1
0,1,0,0,1.5677776925507676,1,1,1.3451214214002412,2.291948607553685,0,1,1,0,0,0,0,1,0,1,0,0,0,1,0,1,1,0,0,1,0
1,1,0,0,-1.1188008067964355,1,1,0.21685284762950366,-0.8473145934908812,0,0,1,0,0,0,0,0,0,0,0,0,0,0,0,0,0,0,0,0,1
0,1,1,1,1.3642490183577978,1,1,1.5110432704841732,2.155401634753005,0,1,1,0,0,1,0,1,0,0,0,1,0,1,0,1,1,0,1,0,0
1,1,1,0,-0.019745966154397852,1,1,0.9469089835988044,0.2937966036440597,0,1,1,0,0,0,0,1,0,1,0,0,0,0,0,1,0,0,0,1,0
1,0,0,0,0.7943687306174818,1,1,-0.04862211090478751,0.4571261016564483,0,0,0,0,0,1,0,1,0,0,0,0,0,1,0,0,0,1,1,0,0
1,0,0,0,-1.2816237461508113,1,0,-0.679125137423729,-0.990886490937255,0,0,0,0,0,0,0,0,0,0,0,0,0,0,0,0,0,0,0,0,1
1,0,0,0,-0.5896262538947137,1,0,-1.4755500130266026,-0.8530223447655076,0,0,0,1,1,0,1,0,1,0,1,0,1,0,1,0,0,0,0,0,1
1,0,0,0,1.3642490183577978,1,1,-0.3472814392558651,0.511130209870222,0,0,0,0,0,1,0,1,0,0,0,0,0,0,0,0,1,0,0,0,1
1,0,1,0,0.22448844287716607,1,1,0.48232780616379484,0.3126760886293627,0,0,1,0,0,1,0,1,0,0,0,0,0,0,0,0,0,0,0,1,0
1,0,1,1,-0.7117434584104956,1,0,1.2123839421330955,-0.27829569718965635,0,0,1,0,0,1,0,0,0,0,0,1,0,1,0,1,1,0,0,1,0
0,0,1,1,0.5501343215859179,1,0,1.1460152024995227,1.022632535634826,0,1,1,0,0,1,0,0,0,1,0,1,0,0,0,1,0,1,0,0,1
0,0,1,0,1.3235432835192036,1,1,1.1791995723163091,1.906455867621219,0,1,1,0,0,1,0,1,0,0,0,1,0,1,0,0,1,0,0,0,0
0,0,1,0,1.4456604880349857,1,0,-1.3096281639426706,-0.1711655963428208,0,1,0,1,1,0,1,0,1,0,1,0,1,0,1,0,0,1,1,0,0
1,0,1,1,-0.7931549280876836,1,0,1.07964646286595,-0.4245019413781655,0,0,1,0,0,0,0,0,0,1,0,0,0,1,0,1,0,0,0,1,0
0,0,0,0,-0.9152721326034655,1,1,1.1128308326827363,-0.5456818915163894,0,1,1,0,0,0,0,0,0,0,0,1,0,1,0,1,0,0,0,1,0
1,0,0,0,-0.30468611002455576,1,1,-1.508734382843389,-0.783651213889278,0,0,0,1,1,0,1,0,1,0,1,0,1,0,1,0,1,0,0,0,0
1,0,0,0,-0.9152721326034655,1,0,-1.3096281639426706,-0.9000015283335872,0,1,0,1,1,0,1,0,1,0,1,0,1,0,1,0,0,1,0,0,0
1,0,1,0,1.6084834273893616,1,0,-1.3096281639426706,-0.18828885016670024,0,1,0,1,1,0,1,0,1,0,1,0,1,0,1,0,0,1,1,0,0
1,0,0,0,-1.2002122764736234,1,1,-0.48001891852301065,-0.9434682495788197,0,0,0,0,0,0,0,0,0,0,0,1,0,0,0,0,0,0,0,0,1
1,0,0,0,-1.2409180113122174,1,1,-0.3472814392558651,-0.9601524456123433,0,1,0,0,0,0,0,1,0,0,0,0,0,0,0,0,0,0,0,0,1
1,0,1,1,0.22448844287716607,1,0,0.5486965457973676,0.3438491917446304,0,0,0,0,0,1,0,0,0,1,0,1,0,1,0,1,0,1,1,0,0
1,0,1,0,1.2014260790034217,1,1,1.411490161033814,2.0245624132269517,0,1,1,0,0,0,0,0,0,1,0,1,0,1,0,1,0,1,0,0,0
1,1,1,1,-0.8745663977648716,1,1,0.34959032689664926,-0.6699352461871043,0,1,1,0,0,0,0,0,0,0,0,0,0,0,0,0,0,0,1,0,0
0,0,0,0,-1.2002122764736234,1,0,0.5155121759805812,-0.9149294932056872,0,0,1,0,0,0,0,0,0,1,0,1,0,0,0,0,0,0,1,0,0
1,0,1,1,0.6722515261016999,0,1,-0.44683454870622424,0.10544081158138573,1,0,0,0,0,0,0,1,0,0,0,0,0,1,0,1,1,0,0,0,0
1,0,0,0,-0.6303319887333076,1,0,-1.508734382843389,-0.8481927090715929,0,0,0,1,1,0,1,0,1,0,1,0,1,0,1,0,0,1,1,0,0
0,0,0,0,-0.9966836022806536,1,1,-1.4755500130266026,-0.9500541164341579,0,0,0,1,1,0,1,0,1,0,1,0,1,0,1,0,0,0,0,0,1
1,0,0,0,-1.2409180113122174,1,1,-0.48001891852301065,-0.9623477345641226,0,0,0,0,0,0,0,0,0,0,0,1,0,0,0,0,0,0,1,0,0
1,0,0,0,-1.2002122764736234,1,1,0.7809871345148723,-0.8951718926396725,0,0,1,0,0,0,0,0,0,1,0,1,0,1,0,0,0,0,0,0,1
0,1,0,0,-0.9559778674420595,1,1,0.6482496552477268,-0.6756429974617307,0,1,1,0,0,0,0,0,0,0,0,0,0,0,0,1,0,0,0,1,0
1,0,1,0,1.5270719577121736,1,0,-1.342812533759457,-0.25326940313937096,0,1,0,1,1,0,1,0,1,0,1,0,1,0,1,0,0,1,0,0,0
1,0,1,1,-0.019745966154397852,1,0,0.9800933534155908,0.3644849078913569,0,0,1,0,0,1,0,1,0,1,0,0,0,0,0,1,1,0,0,0,1
1,0,1,1,-0.4268033145403377,1,0,0.34959032689664926,-0.3195671294831094,0,0,1,0,0,1,0,0,0,0,0,0,0,0,0,0,0,0,0,0,0
0,0,1,1,-0.7524491932490895,1,1,-1.508734382843389,-0.8907813147361137,0,0,0,1,1,0,1,0,1,0,1,0,1,0,1,0,1,0,0,0,1
1,0,1,1,-1.2409180113122174,1,0,0.8473558741484452,-0.926784053545296,0,0,1,0,0,0,0,0,0,1,0,1,0,0,0,1,0,0,1,0,0
1,0,1,0,1.4456604880349857,1,0,-1.3096281639426706,-0.2515131719779474,0,1,0,1,1,0,1,0,1,0,1,0,1,0,1,0,0,1,0,0,0
1,0,0,0,-0.7524491932490895,1,0,-1.4755500130266026,-0.889464141365046,0,0,0,1,1,0,1,0,1,0,1,0,1,0,1,0,1,0,0,0,0
0,0,0,0,-1.2409180113122174,1,1,0.8805402439652316,-0.9364433249331255,0,0,1,0,0,1,0,1,0,0,0,0,0,1,0,0,0,0,0,1,0
0,0,0,0,-1.2409180113122174,1,1,0.48232780616379484,-0.9381995560945491,0,0,1,0,0,0,0,0,0,0,0,0,0,1,0,0,0,0,0,1,0
0,0,1,0,0.631545791263106,1,1,1.07964646286595,1.0498541186368908,0,0,1,0,0,0,0,1,0,1,0,0,0,1,0,1,1,0,0,1,0
0,0,1,0,-1.0780950719578415,1,1,-0.5132032883397971,-0.8916594303168254,0,0,0,0,0,0,0,0,0,0,0,1,0,0,0,0,0,0,0,1,0
1,1,1,0,0.428017117070136,1,1,1.2787526817666683,0.9277960529179553,0,1,1,0,0,0,0,1,0,1,0,0,0,1,0,1,0,0,0,1,0
0,0,0,0,0.14307697319997809,1,1,0.34959032689664926,0.16646984444085353,0,0,0,0,0,1,0,1,0,1,0,1,0,0,0,1,1,0,0,0,1
1,0,0,0,1.3642490183577978,1,0,1.1460152024995227,1.9358727395750632,0,0,1,0,0,0,0,1,0,1,0,0,0,1,0,1,0,0,0,1,0
1,0,1,1,1.0386031396490458,1,1,0.913724613782018,1.3189965441250473,0,0,1,0,0,0,0,1,0,0,0,0,0,1,0,1,0,0,0,1,0
0,0,0,0,-0.38609757970174374,1,1,0.8473558741484452,-0.05788868643100289,0,1,1,0,0,1,0,0,0,0,0,0,0,1,0,0,0,0,0,0,0
1,0,0,0,-1.2816237461508113,1,1,1.2123839421330955,-0.9658601968869697,0,1,1,0,0,0,0,0,0,1,0,0,0,1,0,1,0,0,0,1,0
0,0,0,0,-0.7117434584104956,1,0,-1.4755500130266026,-0.8776095810254372,0,0,0,1,1,0,1,0,1,0,1,0,1,0,1,0,1,0,1,0,0
1,0,1,1,1.5677776925507676,1,0,1.1791995723163091,2.154962576962649,0,0,1,0,0,1,0,1,0,1,0,1,0,1,0,0,0,1,1,0,0
0,0,0,0,-0.8338606629262776,1,1,0.8141715043316587,-0.5461209493067452,0,1,1,0,0,0,0,1,0,0,0,0,0,0,0,1,0,0,0,1,0
1,0,0,0,-1.2816237461508113,1,0,-0.6459407676069426,-0.9904474331468992,0,0,0,0,0,0,0,0,0,0,0,0,0,0,0,0,0,0,0,0,1
1,1,0,0,-0.9559778674420595,1,0,-0.5132032883397971,-0.813946201423834,0,0,0,0,0,0,0,0,0,0,0,1,0,0,0,0,0,0,0,0,1
1,0,1,1,-0.10115743583158582,1,0,-1.4423656432098162,-0.6980349447698808,0,0,0,1,1,0,1,0,1,0,1,0,1,0,1,0,0,1,0,0,1
1,1,0,0,0.1023712383613841,1,1,1.2123839421330955,0.5247410013712543,0,1,1,0,0,0,0,0,0,1,0,0,0,1,0,1,0,0,0,1,0
0,0,1,0,0.6722515261016999,1,1,-0.4136501788894379,0.12388123877633282,0,1,0,0,0,0,0,0,0,0,0,0,0,0,0,0,0,0,1,0,0
0,0,1,1,1.1607203441648277,0,1,-0.1149908505383603,0.6367007379120047,1,0,0,0,0,0,0,1,0,1,0,1,0,1,0,1,0,1,0,0,0
0,0,1,0,1.5270719577121736,0,0,-0.015437741088001118,0.9673112540499847,1,0,0,0,0,1,0,1,0,1,0,1,0,1,0,1,0,1,0,0,0
0,0,0,0,-0.9152721326034655,1,1,1.1791995723163091,-0.5448037759356775,0,1,1,0,0,0,0,0,0,1,0,0,0,1,0,1,0,0,0,1,0
1,0,1,1,1.6084834273893616,1,0,-1.2764437941258842,-0.1975090637641738,0,1,0,1,1,0,1,0,1,0,1,0,1,0,1,0,0,1,0,0,1
0,0,1,1,1.2014260790034217,1,0,-0.3472814392558651,0.4935678982559866,0,0,0,0,0,1,0,0,0,1,0,0,0,0,0,0,1,0,1,0,0
0,0,1,1,-0.9966836022806536,1,1,-0.6459407676069426,-0.8297522818766458,0,0,0,0,0,0,0,0,0,0,0,0,0,0,0,0,0,0,0,1,0
1,0,0,0,-1.2409180113122174,1,1,0.48232780616379484,-0.9338089781909902,0,0,1,0,0,0,0,0,0,0,0,0,0,1,0,0,0,0,0,1,0
1,0,0,0,0.6722515261016999,1,1,1.2787526817666683,1.2008899985193147,0,1,1,0,0,0,0,1,0,1,0,0,0,1,0,1,0,0,0,0,0
1,0,0,0,-1.2816237461508113,1,0,-1.508734382843389,-1.0018629356961521,0,0,0,1,1,0,1,0,1,0,1,0,1,0,1,0,0,0,0,0,1
1,0,1,0,-0.30468611002455576,1,1,1.013277723232377,0.016312080139141403,0,0,1,0,0,0,0,0,0,0,0,1,0,1,0,1,0,0,1,0,0
1,0,0,0,1.6084834273893616,1,1,0.34959032689664926,1.3326073356260797,0,0,0,0,0,1,0,1,0,1,0,1,0,1,0,0,0,1,0,0,0
0,0,0,0,0.26519417771576004,0,1,-0.48001891852301065,-0.1737999430849561,1,0,0,0,0,0,0,0,0,1,0,0,0,1,0,1,0,0,1,0,0
0,0,1,1,-1.2002122764736234,1,1,0.15048410799593087,-0.9070264529792813,0,1,0,0,0,0,0,1,0,1,0,0,0,1,0,0,0,0,0,0,0
0,0,1,1,1.4863662228735797,1,1,1.2787526817666683,2.2590192732769934,0,1,1,0,0,0,0,1,0,1,0,0,0,1,0,1,0,0,0,1,0
1,0,0,0,-0.6710377235719016,1,0,-1.508734382843389,-0.8811220433482843,0,0,0,1,1,0,1,0,1,0,1,0,1,0,1,0,0,0,1,0,0
0,0,0,0,-0.8338606629262776,0,1,-1.0441532054083793,-0.8192148949081046,1,0,0,0,0,1,0,0,0,0,0,1,0,0,0,0,1,0,0,0,1
1,0,1,1,1.5677776925507676,1,1,0.050930998545571676,1.0744413548968204,0,1,0,0,0,1,0,1,0,0,0,1,0,0,0,0,1,0,1,0,0
0,0,1,1,-0.8338606629262776,1,0,-1.508734382843389,-0.9232715912224491,0,0,0,1,1,0,1,0,1,0,1,0,1,0,1,0,0,0,0,0,0
1,1,0,0,1.5677776925507676,1,1,1.3783057912170276,2.3367325021699847,0,1,1,0,0,0,0,1,0,0,0,1,0,1,0,1,0,1,0,1,0
1,0,1,1,0.5501343215859179,1,0,-0.2809126996222923,0.1137829095981475,0,0,0,0,0,1,0,0,0,1,0,1,0,0,0,0,1,0,0,0,1
0,0,1,1,1.6084834273893616,1,0,0.913724613782018,1.9459710687532485,0,1,0,0,0,1,0,1,0,1,0,1,0,1,0,1,0,1,0,0,0
0,0,0,0,-0.4268033145403377,1,1,0.3827746967134356,-0.22736499350837386,0,1,1,0,0,0,0,0,0,0,0,0,0,0,0,0,1,0,1,0,0
1,0,1,0,-1.2816237461508113,1,0,-0.31409706943907867,-0.9860568552433403,0,0,0,0,0,1,0,0,0,1,0,0,0,0,0,0,0,0,0,0,1
0,0,1,1,1.6084834273893616,1,1,1.7101494893848914,2.7406656692973974,0,1,1,0,0,1,0,1,0,1,0,1,0,1,0,1,0,1,1,0,0
1,0,0,0,0.346605647392948,1,1,-1.3096281639426706,-0.572903474518454,0,1,0,1,1,0,1,0,1,0,1,0,1,0,1,0,0,0,0,0,0
0,0,1,0,0.8350744654560759,1,1,0.9800933534155908,1.185083918066503,0,0,1,0,0,0,0,0,0,1,0,0,0,1,0,1,1,0,0,0,0
0,0,1,1,1.2014260790034217,1,1,1.2123839421330955,1.9042605786694398,0,1,1,0,0,1,0,0,0,0,0,0,0,1,0,1,0,1,0,0,0
0,0,0,0,-1.2409180113122174,1,1,1.0464620930491635,-0.9338089781909902,0,1,1,0,0,0,0,0,0,0,0,0,0,1,0,1,0,0,0,1,0
0,0,1,1,1.4863662228735797,1,1,0.9469089835988044,1.7988867089840277,0,1,1,0,0,0,0,1,0,0,0,1,0,0,0,1,0,1,0,0,0
0,0,0,0,-1.1595065416350294,1,1,-0.6459407676069426,-0.9241497068031608,0,0,0,0,0,0,0,0,0,0,0,0,0,0,0,0,0,0,0,0,1
0,0,0,0,-0.9559778674420595,1,1,-0.1813595901719331,-0.7775044048242957,0,0,0,0,0,0,0,0,0,0,0,1,0,1,0,0,0,0,0,0,0
1,0,0,0,1.2421318138420157,1,0,0.21685284762950366,0.9989234149556084,0,1,0,0,0,1,0,1,0,1,0,1,0,0,0,0,1,0,0,1,0
1,0,0,0,-1.1188008067964355,1,0,-0.5795720279733698,-0.9122951464635519,0,1,0,0,0,0,0,0,0,0,0,0,0,0,0,0,0,0,0,1,0
0,0,0,0,0.346605647392948,1,0,-1.4755500130266026,-0.6435917787657514,0,0,0,1,1,0,1,0,1,0,1,0,1,0,1,0,0,1,0,0,1
0,0,0,0,-1.1188008067964355,1,1,0.9469089835988044,-0.7968229475999546,0,1,1,0,0,0,0,0,0,0,0,0,0,1,0,1,0,0,0,0,1
1,1,1,0,-1.2409180113122174,1,1,1.013277723232377,-0.930735573658499,0,0,1,0,0,0,0,0,0,1,0,0,0,1,0,1,0,0,1,0,0
1,0,1,0,0.020959768684196134,1,1,-0.1149908505383603,-0.12418641277474128,0,0,0,0,0,1,0,1,0,0,0,1,0,0,0,0,0,1,0,0,1
1,0,0,0,-1.2816237461508113,1,0,-1.508734382843389,-1.0018629356961521,0,0,0,1,1,0,1,0,1,0,1,0,1,0,1,0,0,0,0,0,1
0,0,1,0,0.7536629957788878,1,0,-1.3096281639426706,-0.44777200426702735,0,1,0,1,1,0,1,0,1,0,1,0,1,0,1,0,0,1,0,0,1
0,1,0,0,-0.9966836022806536,1,0,1.2123839421330955,-0.6677399572353249,0,1,1,0,0,0,0,0,0,1,0,0,0,1,0,1,0,0,0,1,0
1,1,0,0,-1.0373893371192475,1,0,0.28322158726307645,-0.7709185379689575,0,1,1,0,0,0,0,0,0,0,0,0,0,0,0,0,0,0,0,0,1
1,0,0,0,-1.1188008067964355,1,0,1.3119370515834547,-0.772674769130381,0,1,1,0,0,0,0,1,0,1,0,0,0,1,0,1,0,0,0,0,1
0,0,0,0,-1.2816237461508113,1,0,0.5155121759805812,-0.9750804104844433,0,0,1,0,0,0,0,0,0,0,0,0,0,0,0,1,0,0,1,0,0
0,0,0,0,-0.5489205190561197,0,1,-0.679125137423729,-0.6181264269251101,1,0,0,0,0,0,0,0,0,0,0,0,0,1,0,1,1,0,1,0,0
0,0,0,0,0.14307697319997809,1,1,1.1460152024995227,0.5769888784236045,0,1,1,0,0,0,0,1,0,0,0,0,0,1,0,1,0,0,0,1,0
0,0,0,0,1.4456604880349857,1,1,-0.3472814392558651,0.6028932880546016,0,0,0,0,0,1,0,0,0,1,0,0,0,0,0,0,1,0,1,0,0
0,1,0,0,0.26519417771576004,1,1,1.1460152024995227,0.7618322081634313,0,1,1,0,0,0,0,0,0,1,0,0,0,1,0,1,0,0,0,1,0
1,1,0,0,-0.7117434584104956,1,1,0.5155121759805812,-0.47587170284980385,0,1,1,0,0,0,0,1,0,0,0,0,0,0,0,0,0,0,0,1,0
1,0,1,1,1.6084834273893616,1,0,-1.4423656432098162,-0.35469175271158004,0,0,0,1,1,0,1,0,1,0,1,0,1,0,1,0,0,1,0,0,0
1,0,1,0,-1.0373893371192475,0,0,-1.0109688355915931,-0.8978062393818078,1,0,0,0,0,1,0,1,0,0,0,0,0,0,0,0,0,0,0,0,1
1,0,1,0,1.5677776925507676,1,0,-1.342812533759457,-0.2506350563972357,0,1,0,1,1,0,1,0,1,0,1,0,1,0,1,0,0,1,0,0,0
1,0,1,1,-0.7524491932490895,1,1,0.01774662872878528,-0.5988078841494512,0,0,0,0,0,1,0,1,0,0,0,0,0,1,0,0,0,0,0,1,0
1,0,1,0,-0.4268033145403377,1,1,-1.4755500130266026,-0.8034088144552929,0,0,0,1,1,0,1,0,1,0,1,0,1,0,1,0,0,0,0,0,0
0,1,0,0,1.6084834273893616,1,1,1.7433338592016778,2.693686485729318,0,1,1,0,0,1,0,1,0,1,0,1,0,1,0,1,0,1,1,0,0
1,0,1,0,0.7943687306174818,1,1,0.8805402439652316,1.0213153622637585,0,1,1,0,0,1,0,0,0,1,0,1,0,0,0,0,0,1,1,0,0
0,0,0,0,0.1023712383613841,1,1,-0.08180648072157391,-0.08993990512698237,0,0,0,0,0,0,0,0,0,1,0,0,0,0,0,1,0,0,0,1,0
0,0,1,1,0.7129572609402939,1,0,-1.4755500130266026,-0.6018812886819424,0,0,0,1,1,0,1,0,1,0,1,0,1,0,1,0,0,1,0,0,0
0,0,1,0,0.9978974048104517,1,1,1.1460152024995227,1.403295639873377,0,1,1,0,0,1,0,0,0,0,0,0,0,1,0,1,0,0,0,1,0
0,0,1,1,1.4049547531963917,1,1,1.577412010117746,2.2335539214363522,0,1,1,0,0,0,0,1,0,1,0,1,0,1,0,1,1,0,1,0,0
1,0,0,0,-0.8745663977648716,1,1,0.48232780616379484,-0.6611540903799866,0,0,1,0,0,1,0,0,0,1,0,0,0,0,0,0,0,0,0,0,0
1,0,1,0,0.1023712383613841,1,1,0.15048410799593087,0.06153503254579739,0,1,0,0,0,0,0,1,0,0,0,1,0,1,0,0,1,0,0,1,0
1,1,1,0,-1.2816237461508113,1,1,0.28322158726307645,-0.9781538150169344,0,1,1,0,0,0,0,0,0,0,0,0,0,0,0,0,0,0,0,1,0
0,0,0,0,-0.1418631706701798,1,1,0.31640595707986285,-0.13516285753363835,0,1,1,0,0,0,0,0,0,0,0,0,0,0,0,0,0,0,0,1,0
0,0,0,0,-0.019745966154397852,1,0,-1.4755500130266026,-0.7230612388201662,0,0,0,1,1,0,1,0,1,0,1,0,1,0,1,0,1,0,0,0,0
1,0,0,0,-0.5082147842175256,1,1,-0.44683454870622424,-0.5610489141788453,0,0,0,0,0,0,0,1,0,0,0,0,0,0,0,0,0,0,0,0,1
0,0,1,1,-0.4268033145403377,1,0,-1.508734382843389,-0.8108727968913428,0,0,0,1,1,0,1,0,1,0,1,0,1,0,1,0,0,0,0,0,0
0,0,0,0,-0.2639803751859618,1,1,0.31640595707986285,-0.2049730462002238,0,1,1,0,0,0,0,0,0,0,0,0,0,0,0,0,0,0,0,0,0
1,0,0,0,-0.4268033145403377,0,0,-0.2809126996222923,-0.43767367508884203,1,0,0,0,0,0,0,0,0,1,0,1,0,1,0,1,0,1,0,0,0
1,0,1,0,1.5270719577121736,1,0,-1.3096281639426706,-0.15843292042250018,0,1,0,1,1,0,1,0,1,0,1,0,1,0,1,0,0,1,0,0,0
0,0,1,1,1.4456604880349857,1,0,0.6814340250645132,1.4309562806657976,0,1,0,0,0,0,0,1,0,1,0,1,0,1,0,1,0,1,0,0,0
1,0,0,0,-0.6303319887333076,1,1,0.8473558741484452,-0.3024438756592299,0,0,1,0,0,0,0,1,0,1,0,0,0,0,0,1,0,0,1,0,0
0,0,0,0,-1.2409180113122174,0,1,-1.1437063148587385,-0.9843006240819168,1,0,0,0,0,0,0,0,0,0,0,1,0,0,0,0,0,0,0,1,0
0,0,1,0,0.9164859351332638,1,0,-1.508734382843389,-0.5096791527072069,0,0,0,1,1,0,1,0,1,0,1,0,1,0,1,0,1,0,0,1,0
1,0,0,0,0.22448844287716607,1,1,1.3119370515834547,0.6964125974004047,0,1,1,0,0,1,0,1,0,0,0,0,0,1,0,1,1,0,0,1,0
0,0,1,1,-1.0373893371192475,0,0,-1.0109688355915931,-0.9021968172853666,1,0,0,0,0,1,0,0,0,0,0,1,0,0,0,0,0,0,0,0,1
0,0,1,1,-1.1188008067964355,1,1,0.6814340250645132,-0.8038478722456487,0,0,1,0,0,0,0,0,0,0,0,1,0,1,0,0,0,0,0,1,0
0,0,0,0,0.346605647392948,1,1,1.1128308326827363,0.7280247583060283,0,0,1,0,0,0,0,1,0,0,0,1,0,1,0,1,0,1,0,0,0
0,0,0,0,-0.8745663977648716,1,1,-0.015437741088001118,-0.6958396558181015,0,0,0,0,0,0,0,0,0,0,0,0,0,1,0,1,0,0,0,1,0
0,0,1,0,1.5677776925507676,1,1,0.6150652854309404,1.5776015826446628,0,1,0,0,0,0,0,1,0,1,0,1,0,1,0,1,0,1,1,0,0
0,1,0,0,-0.06045170099299184,1,1,0.28322158726307645,-0.09081802070769414,0,0,1,0,0,1,0,0,0,0,0,0,0,0,0,0,0,0,1,0,0
1,0,1,0,1.4456604880349857,1,1,0.8473558741484452,1.756737161109863,0,1,0,0,0,1,0,1,0,1,0,1,0,1,0,1,0,1,1,0,0
0,0,1,0,1.6084834273893616,1,1,1.1128308326827363,2.069785365633608,0,1,1,0,0,1,0,0,0,1,0,1,0,1,0,0,0,1,0,0,0
0,0,1,1,-0.3453918448631497,1,0,-0.015437741088001118,-0.32615299633844763,0,1,0,0,0,1,0,1,0,1,0,0,0,0,0,0,0,1,0,1,0
0,0,0,0,-0.8745663977648716,1,1,1.1791995723163091,-0.5145087884011216,0,1,1,0,0,0,0,0,0,1,0,0,0,1,0,1,0,0,0,1,0
0,0,1,0,-1.2409180113122174,1,1,-0.08180648072157391,-0.960591503402699,0,0,0,0,0,1,0,0,0,0,0,0,0,0,0,1,0,0,0,0,1
1,0,1,1,1.6084834273893616,1,1,1.4446745308506004,2.399956823981232,0,1,1,0,0,1,0,1,0,1,0,0,0,1,0,1,0,1,1,0,0
0,0,0,0,-0.8338606629262776,1,0,-1.508734382843389,-0.9136123198346195,0,0,0,1,1,0,1,0,1,0,1,0,1,0,1,0,0,0,0,0,1
1,0,0,1,-0.019745966154397852,1,0,0.6150652854309404,0.145834128294127,0,1,0,0,0,0,0,1,0,1,0,1,0,1,0,1,1,0,1,0,0
0,1,0,0,-1.2816237461508113,1,1,0.28322158726307645,-0.9781538150169344,0,0,1,0,0,0,0,1,0,0,0,0,0,0,0,0,0,0,0,1,0
1,0,1,1,-0.8338606629262776,1,1,-1.4423656432098162,-0.8758533498640136,0,0,0,1,1,0,1,0,1,0,1,0,1,0,1,0,0,0,0,1,0
1,0,0,0,0.428017117070136,1,1,1.2123839421330955,0.977848641018526,0,1,1,0,0,0,0,1,0,0,0,0,0,1,0,1,0,0,0,1,0
1,0,1,1,-0.8338606629262776,1,0,-1.4423656432098162,-0.8951718926396725,0,0,0,1,1,0,1,0,1,0,1,0,1,0,1,0,0,1,0,0,0
1,0,0,0,-0.2639803751859618,0,0,-0.3472814392558651,-0.4122083232482008,1,0,0,0,0,1,0,0,0,0,0,1,0,1,0,1,1,0,1,0,0
0,0,0,0,-1.2816237461508113,1,1,0.18366847781271725,-0.9794709883880021,0,0,1,0,0,0,0,0,0,0,0,0,0,0,0,0,0,0,0,1,0
1,0,0,0,-0.8745663977648716,1,0,-1.3759969035762434,-0.9026358750757225,0,1,0,1,1,0,1,0,1,0,1,0,1,0,1,0,0,0,1,0,0
1,0,0,0,-0.1825689055087738,0,1,-1.1437063148587385,-0.6545682235246484,1,0,0,0,0,0,0,0,0,0,0,1,0,0,0,0,0,0,1,0,0
0,1,1,0,1.3642490183577978,1,1,0.5155121759805812,1.301434232510812,0,1,0,0,0,0,0,1,0,1,0,0,0,1,0,1,0,1,0,0,0
1,0,1,1,-0.5082147842175256,1,0,1.0464620930491635,-0.20848550852307088,0,1,1,0,0,0,0,1,0,0,0,1,0,1,0,0,0,0,0,0,1
0,0,1,0,1.2014260790034217,1,1,1.3119370515834547,1.8932841339105426,0,0,1,0,0,1,0,0,0,1,0,1,0,1,0,1,1,0,0,1,0
0,1,0,0,-1.2816237461508113,1,1,0.31640595707986285,-0.9777147572265785,0,1,1,0,0,0,0,0,0,0,0,0,0,0,0,0,0,0,0,1,0
1,0,0,1,-0.4675090493789317,1,0,0.5155121759805812,-0.24317107396118567,0,1,1,0,0,1,0,0,0,0,0,0,0,0,0,0,0,0,0,1,0
1,0,0,0,-1.2816237461508113,0,1,-1.342812533759457,-0.9996676467443727,1,0,0,0,0,0,0,0,0,0,0,0,0,0,0,0,0,0,0,0,1
1,0,1,1,0.22448844287716607,1,1,0.9800933534155908,0.5774279362139604,0,1,1,0,0,0,0,0,0,1,0,1,0,1,0,0,0,1,0,0,0
1,0,1,1,-0.5896262538947137,1,0,0.6150652854309404,-0.30288293344958583,0,0,0,0,0,1,0,0,0,1,0,1,0,1,0,1,0,0,0,1,0
1,0,1,0,1.1200146093262338,1,1,-1.4755500130266026,-0.4842138008665656,0,0,0,1,1,0,1,0,1,0,1,0,1,0,1,0,0,1,0,0,0
0,0,0,0,1.5270719577121736,1,1,0.8473558741484452,1.7931789577094015,0,1,1,0,0,0,0,1,0,1,0,1,0,0,0,0,1,0,0,0,0
0,0,1,1,1.4049547531963917,1,1,0.15048410799593087,1.0160466687794878,0,1,0,0,0,0,0,0,0,1,0,1,0,0,0,1,0,1,0,0,0
1,0,1,1,-1.1188008067964355,1,1,-1.3096281639426706,-0.9509322320148696,0,1,0,1,1,0,1,0,1,0,1,0,1,0,1,0,0,0,0,0,0
1,0,1,0,1.3642490183577978,1,0,1.676965119568105,2.4767919372935117,0,1,1,0,0,1,0,1,0,1,0,1,0,1,0,1,1,0,0,0,0
1,0,1,0,1.6084834273893616,1,0,-1.3096281639426706,-0.2212181844433915,0,1,0,1,1,0,1,0,1,0,1,0,1,0,1,0,0,1,0,0,1
0,1,1,0,1.6084834273893616,1,1,0.6482496552477268,1.6807801633782953,0,1,0,0,0,1,0,1,0,1,0,0,0,1,0,1,0,1,1,0,0
1,0,0,1,-1.2002122764736234,1,1,-1.4755500130266026,-0.9772756994362226,0,0,0,1,1,0,1,0,1,0,1,0,1,0,1,0,0,0,0,0,1
1,0,1,0,0.631545791263106,1,1,-1.4755500130266026,-0.5553411629042188,0,0,0,1,1,0,1,0,1,0,1,0,1,0,1,0,0,1,0,0,1
0,0,0,0,-1.0373893371192475,1,1,0.31640595707986285,-0.772674769130381,0,1,1,0,0,0,0,0,0,0,0,0,0,0,0,0,0,0,0,1,0
0,0,1,0,-1.2409180113122174,1,0,0.8473558741484452,-0.926784053545296,0,0,1,0,0,1,0,1,0,0,0,0,0,1,0,0,0,0,0,1,0
1,0,0,0,0.7943687306174818,1,1,1.2787526817666683,1.3449009537560446,0,1,1,0,0,0,0,1,0,1,0,0,0,1,0,1,0,0,0,1,0
0,0,1,1,0.22448844287716607,1,1,-1.4755500130266026,-0.6826679221074249,0,0,0,1,1,0,1,0,1,0,1,0,1,0,1,0,0,1,0,0,1
1,0,1,1,1.6084834273893616,1,0,-1.4755500130266026,-0.41572078557104786,0,0,0,1,1,0,1,0,1,0,1,0,1,0,1,0,0,1,0,1,0
0,1,0,0,-0.9559778674420595,1,1,0.31640595707986285,-0.7371110881115545,0,1,1,0,0,0,0,0,0,0,0,0,0,0,0,0,0,0,0,1,0
0,0,1,1,0.9978974048104517,1,0,-1.508734382843389,-0.497824592367598,0,0,0,1,1,0,1,0,1,0,1,0,1,0,1,0,0,1,0,0,0
1,0,0,1,-0.7931549280876836,1,0,-0.679125137423729,-0.7208659498683868,0,0,0,0,0,0,0,0,0,0,0,0,0,0,0,0,0,0,0,0,1
1,0,1,0,0.30589991255435406,1,1,1.3783057912170276,0.8241784143939668,0,1,1,0,0,0,0,1,0,1,0,0,0,1,0,1,1,0,0,0,0
0,0,1,1,0.26519417771576004,1,1,-1.508734382843389,-0.6352496807489895,0,0,0,1,1,0,1,0,1,0,1,0,1,0,1,0,0,1,0,0,0
0,1,0,0,0.020959768684196134,1,1,1.5110432704841732,0.5945511900378398,0,1,1,0,0,0,0,1,0,1,0,1,0,1,0,1,0,0,0,1,0
0,0,0,0,0.631545791263106,1,0,-1.342812533759457,-0.49079966772190387,0,1,0,1,1,0,1,0,1,0,1,0,1,0,1,0,0,1,1,0,0
0,1,0,0,-0.9152721326034655,0,1,-1.176890684675525,-0.8824392167193519,1,0,0,0,0,0,0,0,0,0,0,1,0,0,0,0,0,0,0,1,0
0,0,0,0,-0.8745663977648716,1,0,0.3827746967134356,-0.6422746053946836,0,0,1,0,0,1,0,0,0,0,0,0,0,0,0,0,0,0,0,1,0
0,0,1,0,0.590840056424512,1,0,-1.2764437941258842,-0.4613827957680597,0,1,0,1,1,0,1,0,1,0,1,0,1,0,1,0,1,0,0,1,0
1,0,0,0,-1.2816237461508113,1,1,0.44914343634700843,-0.975958526065155,0,0,1,0,0,0,0,0,0,0,0,0,0,1,0,0,0,0,0,1,0
1,0,0,0,0.7943687306174818,1,1,0.8141715043316587,1.0322918070226554,0,1,0,0,0,1,0,1,0,1,0,1,0,1,0,1,0,1,0,0,1
1,0,1,0,1.3642490183577978,1,0,0.6814340250645132,1.4212970092779682,0,1,0,0,0,1,0,1,0,0,0,1,0,1,0,1,0,1,0,1,0
0,1,1,1,-0.8745663977648716,1,1,0.44914343634700843,-0.6308591028454307,0,1,1,0,0,0,0,0,0,1,0,0,0,0,0,0,0,0,1,0,0
1,0,1,1,0.5501343215859179,1,1,0.5155121759805812,0.6446037781384105,0,1,1,0,0,0,0,1,0,0,0,0,0,0,0,0,0,0,0,0,0
0,0,1,0,0.46872285190873,1,1,1.0464620930491635,0.9058431634001611,0,1,1,0,0,0,0,0,0,0,0,0,0,1,0,1,0,0,0,1,0
1,1,1,1,1.5677776925507676,1,1,1.3451214214002412,2.3038031678932938,0,1,1,0,0,1,0,1,0,0,0,0,0,1,0,1,0,0,1,0,0
0,0,1,1,-0.4268033145403377,1,0,-0.31409706943907867,-0.48070133854371855,0,0,0,0,0,0,0,1,0,0,0,1,0,0,0,0,0,0,0,1,0
0,0,1,1,-0.38609757970174374,1,1,0.415959066530222,-0.23790238047691506,0,1,0,0,0,1,0,0,0,1,0,1,0,1,0,0,0,1,0,0,0
1,1,1,0,0.7943687306174818,1,1,1.3119370515834547,1.4344687429886447,0,1,1,0,0,1,0,0,0,1,0,0,0,1,0,1,0,0,0,1,0
1,0,1,1,1.6084834273893616,1,0,-1.508734382843389,-0.41176926545784487,0,0,0,1,1,0,1,0,1,0,1,0,1,0,1,0,0,1,1,0,0
0,0,1,1,0.30589991255435406,1,1,0.6482496552477268,0.4400028478325689,0,1,1,0,0,0,0,0,0,1,0,1,0,0,0,0,0,0,0,1,0
0,0,1,0,1.4863662228735797,1,1,1.013277723232377,1.9508007044471634,0,0,1,0,0,0,0,1,0,0,0,0,0,1,0,1,1,0,1,0,0
0,1,0,0,-0.1418631706701798,1,0,1.1128308326827363,0.2463783622856243,0,1,1,0,0,0,0,0,0,0,0,1,0,1,0,1,0,0,0,1,0
1,1,0,0,1.6084834273893616,1,0,1.6105963799345322,2.434203331628991,0,1,1,0,0,1,0,1,0,1,0,1,0,1,0,1,0,1,0,0,0
0,1,1,0,0.428017117070136,1,1,0.9800933534155908,0.8145191430061374,0,1,1,0,0,1,0,1,0,0,0,0,0,1,0,0,0,0,0,1,0
1,0,1,1,1.4049547531963917,1,0,-1.2764437941258842,-0.2690754835921828,0,1,0,1,1,0,1,0,1,0,1,0,1,0,1,0,0,1,0,0,1
0,0,1,1,0.9164859351332638,1,0,-1.4423656432098162,-0.47894510738229507,0,0,0,1,1,0,1,0,1,0,1,0,1,0,1,0,0,1,0,0,1
1,0,1,0,1.5677776925507676,1,1,-1.342812533759457,-0.21287608642662972,0,1,0,1,1,0,1,0,1,0,1,0,1,0,1,0,0,1,0,1,0
0,0,0,1,-0.30468611002455576,1,0,-1.4755500130266026,-0.8034088144552929,0,0,0,1,1,0,1,0,1,0,1,0,1,0,1,0,0,0,1,0,0
0,0,0,0,-1.2816237461508113,1,0,-1.4755500130266026,-1.0014238779057962,0,0,0,1,1,0,1,0,1,0,1,0,1,0,1,0,0,0,0,0,1
1,0,0,0,1.6084834273893616,1,0,1.4778589006673868,2.448692238710735,0,1,1,0,0,0,0,1,0,1,0,1,0,1,0,1,0,1,0,0,0
1,0,1,0,0.7943687306174818,1,1,0.34959032689664926,0.6867533260125753,0,0,0,0,0,1,0,1,0,0,0,0,0,1,0,1,1,0,0,0,1
0,0,0,0,-0.4268033145403377,1,1,-1.508734382843389,-0.8293132240862899,0,0,0,1,1,0,1,0,1,0,1,0,1,0,1,0,1,0,0,0,1
1,0,0,0,1.4456604880349857,1,0,0.3827746967134356,1.2873843832194238,0,1,0,0,0,1,0,1,0,1,0,0,0,0,0,1,1,0,1,0,0
1,0,1,0,-0.9152721326034655,1,1,0.18366847781271725,-0.7208659498683868,0,0,1,0,0,0,0,0,0,0,0,0,0,0,0,0,0,0,0,1,0
0,0,1,1,-0.9152721326034655,1,1,1.1791995723163091,-0.543047544774254,0,1,1,0,0,1,0,0,0,0,0,0,0,1,0,1,0,0,0,1,0
0,0,1,1,0.9164859351332638,1,1,1.2787526817666683,1.4731058285399625,0,0,1,0,0,0,0,1,0,1,0,1,0,1,0,1,1,0,0,0,0
1,0,0,0,0.9571916699718578,1,0,-1.342812533759457,-0.4245019413781655,0,1,0,1,1,0,1,0,1,0,1,0,1,0,1,0,1,0,0,1,0
0,1,1,1,0.5501343215859179,1,1,1.5110432704841732,1.1727902999365383,0,1,1,0,0,1,0,1,0,0,0,1,0,1,0,1,0,0,0,1,0
1,0,0,0,-1.2816237461508113,1,1,0.6482496552477268,-0.9733241793230197,0,0,1,0,0,1,0,0,0,0,0,0,0,0,0,1,0,0,0,0,1
1,0,0,0,0.428017117070136,1,1,0.34959032689664926,0.37765664160203344,0,1,1,0,0,0,0,0,0,0,0,0,0,0,0,0,0,0,1,0,0
1,1,1,0,0.26519417771576004,1,1,1.3451214214002412,0.8707185401716905,0,1,1,0,0,0,0,1,0,1,0,0,0,1,0,1,0,0,0,1,0
1,0,1,0,0.7129572609402939,0,1,-0.679125137423729,-0.0495465884142411,1,0,0,0,0,1,0,0,0,0,0,1,0,1,0,0,1,0,0,0,0
0,0,0,0,-1.0780950719578415,1,0,-1.508734382843389,-0.953566578757005,0,0,0,1,1,0,1,0,1,0,1,0,1,0,1,0,0,0,1,0,0
1,0,1,1,0.5094285867473239,1,0,-1.342812533759457,-0.5325101578057128,0,1,0,1,1,0,1,0,1,0,1,0,1,0,1,0,0,1,0,0,1
0,0,0,0,-0.4268033145403377,0,1,-0.48001891852301065,-0.5390960246610511,1,0,0,0,0,0,0,0,0,1,0,0,0,1,0,1,0,0,0,1,0
0,0,1,1,1.6084834273893616,1,0,-1.3096281639426706,-0.19487471702203849,0,1,0,1,1,0,1,0,1,0,1,0,1,0,1,0,0,1,0,0,0
0,0,0,0,-1.0373893371192475,1,1,1.1791995723163091,-0.6962787136084573,0,0,1,0,0,0,0,0,0,1,0,1,0,1,0,1,0,0,0,1,0
1,0,0,0,-1.2816237461508113,1,1,-1.508734382843389,-1.0018629356961521,0,0,0,1,1,0,1,0,1,0,1,0,1,0,1,0,0,0,0,0,1
0,0,0,0,1.6084834273893616,1,1,1.7101494893848914,2.5079650404087794,0,1,1,0,0,1,0,1,0,1,0,1,0,1,0,1,0,1,0,0,0
1,1,1,0,-0.9152721326034655,1,1,0.913724613782018,-0.6001250575205188,0,0,1,0,0,0,0,1,0,1,0,1,0,1,0,0,0,0,0,0,1
1,1,1,0,-1.2816237461508113,0,0,-0.8118626166908747,-0.9926427220986785,1,0,0,0,0,0,0,1,0,0,0,0,0,1,0,0,0,0,0,1,0
0,0,1,0,0.631545791263106,1,1,0.15048410799593087,0.49795847615954547,0,1,0,0,0,0,0,0,0,1,0,1,0,0,0,1,1,0,0,0,1
1,0,0,0,-0.2639803751859618,1,1,-1.508734382843389,-0.8034088144552929,0,0,0,1,1,0,1,0,1,0,1,0,1,0,1,0,1,0,0,0,0
0,0,1,0,1.4456604880349857,1,0,0.8473558741484452,1.7545418721580837,0,1,1,0,0,0,0,1,0,1,0,1,0,0,0,0,0,1,1,0,0
0,0,1,0,0.7129572609402939,1,0,0.34959032689664926,0.69158296170649,0,1,0,0,0,0,0,0,0,1,0,0,0,1,0,1,1,0,0,0,0
0,0,1,0,1.6084834273893616,1,1,1.676965119568105,2.6392433197251886,0,1,1,0,0,1,0,1,0,1,0,1,0,1,0,1,0,1,1,0,0
0,1,0,0,-0.6303319887333076,1,0,-1.4755500130266026,-0.8653159628954724,0,0,0,1,1,0,1,0,1,0,1,0,1,0,1,0,1,0,0,0,1
1,1,1,0,1.3642490183577978,1,1,1.411490161033814,2.0855914460864193,0,1,1,0,0,0,0,1,0,1,0,1,0,1,0,1,1,0,0,0,0
1,0,1,0,-0.6303319887333076,1,0,0.8473558741484452,-0.3718150065354595,0,1,1,0,0,1,0,1,0,1,0,0,0,0,0,0,0,0,1,0,0
1,0,1,0,-0.5082147842175256,1,1,-0.015437741088001118,-0.4508454087995185,0,0,0,0,0,1,0,0,0,0,0,1,0,0,0,1,1,0,0,0,1
0,1,0,0,-0.1825689055087738,1,1,1.2787526817666683,0.25867198041558903,0,1,1,0,0,0,0,0,0,1,0,1,0,1,0,1,0,0,0,1,0
1,0,0,0,0.5094285867473239,1,1,-0.48001891852301065,-0.0012502314750939324,0,0,0,0,0,1,0,0,0,0,0,0,0,0,0,0,0,0,0,0,0
1,0,1,1,0.387311382231542,1,0,-0.3472814392558651,6.694189597371782e-05,0,0,0,0,0,1,0,1,0,0,0,0,0,0,0,0,0,0,0,0,1
0,0,0,0,-1.2816237461508113,1,1,-0.6459407676069426,-0.9904474331468992,0,0,0,0,0,0,0,0,0,0,0,0,0,0,0,0,0,0,0,1,0
0,0,1,0,-0.3453918448631497,1,1,0.34959032689664926,-0.24317107396118567,0,1,1,0,0,0,0,0,0,0,0,0,0,0,0,0,0,0,1,0,0
1,0,1,1,-0.9966836022806536,1,1,-0.7123095072405154,-0.8587300960401342,0,0,0,0,0,0,0,0,0,0,0,0,0,0,0,0,1,0,0,0,1
0,0,1,1,-0.8338606629262776,0,0,-1.0441532054083793,-0.8152633747949017,1,0,0,0,0,1,0,0,0,0,0,1,0,0,0,0,1,0,1,0,0
1,0,0,0,-0.9559778674420595,1,0,-1.508734382843389,-0.9311746314488549,0,0,0,1,1,0,1,0,1,0,1,0,1,0,1,0,0,0,1,0,0
0,0,1,0,0.428017117070136,1,0,0.5155121759805812,0.48171333791637777,0,1,1,0,0,0,0,1,0,0,0,0,0,0,0,0,0,0,0,1,0
0,0,1,1,0.7943687306174818,1,1,-1.4755500130266026,-0.531632042225001,0,0,0,1,1,0,1,0,1,0,1,0,1,0,1,0,1,0,0,1,0
0,0,1,0,-0.019745966154397852,1,1,0.34959032689664926,0.010165271074159035,0,0,1,0,0,1,0,0,0,0,0,0,0,0,0,0,0,0,0,0,0
1,1,0,0,-1.2816237461508113,1,0,0.15048410799593087,-0.979910046178358,0,0,1,0,0,0,0,0,0,0,0,0,0,0,0,0,0,0,0,1,0
0,0,1,1,1.6084834273893616,1,1,1.7433338592016778,2.637487088563765,0,1,1,0,0,1,0,1,0,1,0,1,0,1,0,1,0,1,0,0,0
1,0,0,0,-1.0780950719578415,1,1,0.6814340250645132,-0.7955057742288869,0,0,1,0,0,0,0,1,0,0,0,0,0,1,0,0,0,0,0,1,0
0,0,1,1,1.2014260790034217,0,0,-0.5463876581565834,0.31048079967758324,1,0,0,0,0,1,0,1,0,0,0,1,0,1,0,0,0,1,0,0,0
0,0,0,0,-0.5082147842175256,1,1,-1.508734382843389,-0.8200930104888164,0,0,0,1,1,0,1,0,1,0,1,0,1,0,1,0,1,0,1,0,0
1,0,1,1,0.06166550352279012,1,1,0.8473558741484452,0.3495569430192569,0,1,1,0,0,0,0,0,0,1,0,0,0,0,0,1,0,0,1,0,0
1,0,1,1,-0.5082147842175256,1,1,0.18366847781271725,-0.36479008188976536,0,0,1,0,0,0,0,0,0,0,0,0,0,0,0,0,0,0,0,1,0
0,0,1,0,0.7536629957788878,0,1,-0.5132032883397971,0.11070950506565633,1,0,0,0,0,0,0,1,0,0,0,0,0,1,0,1,0,0,0,1,0
0,0,0,0,1.6084834273893616,1,0,-1.4755500130266026,-0.32264053401560056,0,0,0,1,1,0,1,0,1,0,1,0,1,0,1,0,0,1,1,0,0
0,0,0,0,-1.0373893371192475,1,1,0.44914343634700843,-0.7810168671471428,0,1,1,0,0,0,0,1,0,0,0,0,0,0,0,0,0,0,0,0,0
1,0,0,0,-1.2816237461508113,1,0,-1.4755500130266026,-1.0014238779057962,0,0,0,1,1,0,1,0,1,0,1,0,1,0,1,0,0,0,0,0,1
0,0,1,1,-0.9966836022806536,1,0,-0.3472814392558651,-0.7985791787613782,0,0,0,0,0,1,0,1,0,0,0,0,0,0,0,0,0,0,0,0,1
1,0,0,0,-1.2002122764736234,1,1,-0.5132032883397971,-0.9360042671427696,0,0,0,0,0,0,0,0,0,1,0,0,0,0,0,0,0,0,0,1,0
1,0,0,0,-0.06045170099299184,1,1,0.5155121759805812,0.05626633906152679,0,1,1,0,0,0,0,1,0,0,0,0,0,0,0,0,0,0,0,1,0
0,0,0,0,-0.9559778674420595,1,1,0.31640595707986285,-0.7002302337216603,0,1,1,0,0,0,0,0,0,0,0,0,0,0,0,0,0,0,0,1,0
0,1,0,0,-0.5896262538947137,1,1,0.6482496552477268,-0.3766446422293742,0,0,1,0,0,0,0,0,0,1,0,0,0,0,0,1,0,0,0,1,0
1,0,0,0,0.7943687306174818,1,1,0.6814340250645132,0.8944276608509082,0,0,1,0,0,0,0,1,0,0,0,0,0,0,0,1,0,0,0,1,0
1,1,1,0,-0.9559778674420595,1,0,-1.508734382843389,-0.9298574580777873,0,0,0,1,1,0,1,0,1,0,1,0,1,0,1,0,1,0,1,0,0
1,0,0,0,1.4863662228735797,1,1,-1.508734382843389,-0.3748884110679507,0,0,0,1,1,0,1,0,1,0,1,0,1,0,1,0,0,1,0,0,0
0,0,0,0,-1.2816237461508113,1,0,-0.48001891852301065,-0.9882521441951198,0,0,0,0,0,1,0,0,0,0,0,0,0,0,0,0,0,0,0,1,0
0,0,1,1,0.020959768684196134,1,1,-1.342812533759457,-0.6853022688495602,0,1,0,1,1,0,1,0,1,0,1,0,1,0,1,0,0,1,0,0,1
1,0,0,0,-0.6710377235719016,1,1,-1.4755500130266026,-0.8653159628954724,0,0,0,1,1,0,1,0,1,0,1,0,1,0,1,0,0,0,1,0,0
0,0,1,0,1.3235432835192036,1,1,-0.31409706943907867,0.6024542302642457,0,0,0,0,0,1,0,0,0,1,0,0,0,0,0,0,0,0,0,0,1
1,0,1,1,-1.2409180113122174,1,0,-1.4755500130266026,-0.9952770688408139,0,0,0,1,1,0,1,0,1,0,1,0,1,0,1,0,1,0,0,0,1
0,1,0,0,-0.7931549280876836,1,1,1.0464620930491635,-0.467968662623398,0,0,1,0,0,0,0,0,0,1,0,0,0,1,0,1,0,0,0,1,0
0,0,1,0,1.4863662228735797,1,0,1.3451214214002412,2.1685733684636816,0,1,1,0,0,0,0,0,0,1,0,1,0,1,0,1,0,1,0,0,0
1,0,1,0,-0.9559778674420595,1,1,0.48232780616379484,-0.6848632110592043,0,0,1,0,0,0,0,1,0,1,0,0,0,0,0,0,0,0,0,1,0
0,0,1,0,0.18378270803857208,1,0,0.25003721744629004,0.1568105730530241,0,1,0,0,0,0,0,1,0,0,0,1,0,0,0,1,1,0,0,0,1
1,0,1,0,0.18378270803857208,1,1,-0.31409706943907867,-0.11891771929047068,0,1,0,0,0,1,0,0,0,0,0,0,0,0,0,0,0,0,0,0,1
1,0,1,1,0.8757802002946699,1,1,0.48232780616379484,0.9049650478194493,0,0,1,0,0,0,0,1,0,0,0,1,0,0,0,0,0,1,0,0,0
0,0,0,1,0.1023712383613841,1,0,-0.48001891852301065,-0.2835643906739269,0,1,0,0,0,0,0,0,0,0,0,0,0,0,0,0,0,0,0,0,1
1,0,1,1,-0.9966836022806536,1,0,-1.508734382843389,-0.9360042671427696,0,0,0,1,1,0,1,0,1,0,1,0,1,0,1,0,0,0,1,0,0
0,0,0,0,0.8757802002946699,1,1,-1.4755500130266026,-0.5557802206945747,0,0,0,1,1,0,1,0,1,0,1,0,1,0,1,0,0,1,0,0,1
1,1,0,0,-0.6710377235719016,1,1,0.31640595707986285,-0.456553160074145,0,1,1,0,0,0,0,0,0,0,0,0,0,0,0,0,0,0,0,0,0
0,0,0,0,-0.8745663977648716,1,0,-0.015437741088001118,-0.7041817538348633,0,0,0,0,0,0,0,0,0,1,0,1,0,0,0,1,1,0,1,0,0
1,0,1,1,0.06166550352279012,0,0,-1.1437063148587385,-0.5983688263590953,1,0,0,0,0,1,0,0,0,0,0,0,0,0,0,0,1,0,0,0,0
1,0,0,0,-0.9559778674420595,1,0,-0.679125137423729,-0.8209711260695282,0,0,0,0,0,0,0,0,0,0,0,0,0,0,0,0,0,0,0,0,1
0,0,1,0,1.6084834273893616,1,0,-1.3096281639426706,-0.19838717934488556,0,1,0,1,1,0,1,0,1,0,1,0,1,0,1,0,0,1,1,0,0
1,0,0,0,-0.6303319887333076,1,0,-0.44683454870622424,-0.6150530223926188,0,0,0,0,0,0,0,0,0,0,0,1,0,0,0,0,0,0,0,0,1
1,0,0,0,-1.2409180113122174,1,0,-0.679125137423729,-0.9614696189834109,0,0,0,0,0,0,0,0,0,0,0,0,0,0,0,0,0,0,0,0,0
1,0,0,0,0.346605647392948,1,1,0.8141715043316587,0.590160612134281,0,1,1,0,0,0,0,1,0,0,0,0,0,1,0,0,0,0,0,1,0
0,0,0,0,0.18378270803857208,1,1,-0.015437741088001118,0.019385484671632588,0,0,0,0,0,0,0,0,0,0,0,0,0,1,0,1,0,0,0,1,0
0,1,0,0,0.6722515261016999,1,1,0.8141715043316587,0.8720357135427581,0,0,1,0,0,0,0,1,0,1,0,0,0,0,0,1,1,0,0,0,0
0,0,1,0,0.8350744654560759,1,0,0.31640595707986285,0.672703476721187,0,1,0,0,0,1,0,1,0,1,0,0,0,0,0,1,1,0,0,0,0
0,0,1,1,-1.2409180113122174,0,0,-1.176890684675525,-0.990886490937255,1,0,0,0,0,0,0,0,0,0,0,1,0,0,0,0,0,0,0,0,0
0,1,0,0,0.8757802002946699,1,1,0.48232780616379484,0.9084775101422964,0,1,1,0,0,0,0,1,0,0,0,0,0,0,0,0,0,0,0,1,0
0,0,0,1,-1.2816237461508113,1,0,-0.5132032883397971,-0.9886912019854757,0,0,0,0,0,1,0,0,0,0,0,0,0,0,0,0,0,0,0,0,1
1,0,0,1,-0.22327464034736777,1,0,-1.4755500130266026,-0.7678451334364663,0,0,0,1,1,0,1,0,1,0,1,0,1,0,1,0,1,0,1,0,0
0,0,0,0,-0.8338606629262776,1,0,-1.4755500130266026,-0.8934156614782489,0,0,0,1,1,0,1,0,1,0,1,0,1,0,1,0,0,0,0,0,1
1,1,1,0,-0.8745663977648716,1,1,0.18366847781271725,-0.6440308365561072,0,0,1,0,0,0,0,0,0,0,0,0,0,0,0,0,0,0,0,1,0
0,0,0,1,-0.30468611002455576,0,0,-0.9777844657748066,-0.6396402586525484,1,0,0,0,0,1,0,0,0,0,0,1,0,0,0,0,0,1,0,0,0
1,0,0,0,-1.2002122764736234,1,1,-1.508734382843389,-0.979910046178358,0,0,0,1,1,0,1,0,1,0,1,0,1,0,1,0,1,0,0,0,1
1,0,0,0,-1.2409180113122174,1,1,0.5155121759805812,-0.930735573658499,0,0,1,0,0,0,0,0,0,0,0,0,0,0,0,1,0,0,0,1,0
0,0,1,1,-0.7931549280876836,1,0,-1.508734382843389,-0.8938547192686048,0,0,0,1,1,0,1,0,1,0,1,0,1,0,1,0,0,1,0,0,1
0,1,1,0,-0.30468611002455576,1,1,1.1128308326827363,0.09358625124177687,0,0,1,0,0,0,0,1,0,1,0,0,0,1,0,1,0,0,0,1,0
1,0,0,0,-0.9152721326034655,1,1,0.5155121759805812,-0.6642274949124778,0,1,1,0,0,0,0,1,0,0,0,0,0,0,0,0,0,0,0,0,0
1,0,1,0,1.4049547531963917,1,0,1.4778589006673868,2.208966685176423,0,1,1,0,0,1,0,1,0,1,0,0,0,1,0,1,1,0,1,0,0
0,0,1,1,1.6084834273893616,1,0,0.8473558741484452,1.910407387734422,0,1,0,0,0,1,0,1,0,1,0,1,0,1,0,1,0,1,1,0,0
0,0,0,0,-0.9559778674420595,1,0,-1.4755500130266026,-0.9057092796082137,0,0,0,1,1,0,1,0,1,0,1,0,1,0,1,0,0,0,0,0,0
1,1,0,0,0.7129572609402939,1,1,0.18366847781271725,0.5063005741763072,0,1,0,0,0,1,0,1,0,0,0,0,0,1,0,0,0,0,0,0,0
0,0,1,0,-0.6710377235719016,1,1,1.1791995723163091,-0.3366903833069888,0,1,1,0,0,0,0,1,0,0,0,0,0,1,0,1,0,0,0,1,0
0,0,0,0,-0.8338606629262776,1,1,0.6814340250645132,-0.5803674569545041,0,0,1,0,0,1,0,0,0,0,0,0,0,1,0,0,1,0,1,0,0
0,0,0,0,-0.9559778674420595,1,1,0.34959032689664926,-0.7322814524176398,0,1,1,0,0,0,0,0,0,0,0,0,0,0,0,0,0,0,1,0,0
1,0,0,0,0.1023712383613841,1,0,-1.508734382843389,-0.7129629096419808,0,0,0,1,1,0,1,0,1,0,1,0,1,0,1,0,0,1,0,0,1
0,0,1,1,-0.5082147842175256,1,0,0.3827746967134356,-0.31298126262777115,0,1,0,0,0,1,0,0,0,0,0,0,0,1,0,1,1,0,0,0,0
1,0,1,0,-0.7931549280876836,0,1,-0.3472814392558651,-0.7002302337216603,1,0,0,0,0,1,0,0,0,0,0,1,0,1,0,1,0,0,0,1,0
1,0,1,1,-0.9559778674420595,1,0,1.2787526817666683,-0.5843189770677071,0,0,1,0,0,0,0,0,0,1,0,1,0,1,0,1,0,0,0,1,0
1,0,1,1,1.3235432835192036,1,0,-1.508734382843389,-0.4429423685731126,0,0,0,1,1,0,1,0,1,0,1,0,1,0,1,0,0,1,0,0,1
0,0,0,0,0.346605647392948,1,1,-1.342812533759457,-0.5878314393905542,0,1,0,1,1,0,1,0,1,0,1,0,1,0,1,0,1,0,0,0,1
0,0,1,0,1.0386031396490458,1,1,1.245568311949882,1.5736500625314598,0,1,1,0,0,0,0,0,0,1,0,1,0,1,0,1,0,0,1,0,0
1,0,0,0,-0.8338606629262776,1,0,0.31640595707986285,-0.6471042410885983,0,1,0,0,0,0,0,0,0,1,0,0,0,1,0,1,0,0,0,0,0
0,0,1,1,-0.4675090493789317,1,1,-0.679125137423729,-0.6036375198433659,0,0,0,0,0,0,0,0,0,0,0,0,0,0,0,0,0,0,0,1,0
0,0,0,0,-1.2816237461508113,1,1,0.5155121759805812,-0.9750804104844433,0,1,1,0,0,0,0,1,0,0,0,0,0,0,0,0,0,0,0,0,1
1,0,0,0,-1.2816237461508113,1,1,-1.4755500130266026,-1.0014238779057962,0,0,0,1,1,0,1,0,1,0,1,0,1,0,1,0,0,0,0,0,1
1,0,0,0,-0.7931549280876836,1,0,-1.4755500130266026,-0.8925375458975372,0,0,0,1,1,0,1,0,1,0,1,0,1,0,1,0,0,1,1,0,0
1,0,0,0,-1.2816237461508113,1,1,-0.679125137423729,-0.990886490937255,0,0,0,0,0,0,0,0,0,0,0,0,0,0,0,0,0,0,0,0,0
1,0,1,1,-0.8745663977648716,1,1,0.01774662872878528,-0.6927662512856102,0,1,0,0,0,1,0,0,0,0,0,0,0,1,0,0,0,0,0,0,0
1,0,1,1,1.3642490183577978,1,1,1.2787526817666683,2.076810290279302,0,0,1,0,0,1,0,1,0,1,0,0,0,1,0,1,1,0,0,0,0
0,0,1,0,1.0386031396490458,1,1,1.5110432704841732,1.8550861061495807,0,1,1,0,0,1,0,1,0,1,0,0,0,1,0,1,1,0,1,0,0
1,0,0,1,-1.2816237461508113,1,1,0.8473558741484452,-0.9706898325808844,0,0,1,0,0,0,0,0,0,0,0,0,0,1,0,1,0,0,0,1,0
0,0,1,1,-0.06045170099299184,1,0,-1.4423656432098162,-0.7041817538348633,0,0,0,1,1,0,1,0,1,0,1,0,1,0,1,0,0,1,0,0,1
0,0,0,0,-1.2816237461508113,1,0,-1.508734382843389,-1.0018629356961521,0,0,0,1,1,0,1,0,1,0,1,0,1,0,1,0,0,0,0,0,1
0,0,1,1,-0.7117434584104956,1,0,-1.4755500130266026,-0.885512621251843,0,0,0,1,1,0,1,0,1,0,1,0,1,0,1,0,0,0,0,0,1
0,0,1,1,-1.0780950719578415,1,1,-0.5463876581565834,-0.8798048699772165,0,0,0,0,0,0,0,0,0,0,0,1,0,0,0,0,0,0,0,0,1
1,0,0,0,1.2421318138420157,1,0,-1.3096281639426706,-0.3257139385480917,0,1,0,1,1,0,1,0,1,0,1,0,1,0,1,0,0,1,0,0,1
0,1,1,1,1.5677776925507676,1,0,0.15048410799593087,1.177180877840097,0,1,0,0,0,1,0,1,0,0,0,0,0,1,0,0,1,0,0,1,0
1,0,0,0,-1.2816237461508113,1,1,-0.6459407676069426,-0.9904474331468992,0,0,0,0,0,0,0,0,0,0,0,0,0,0,0,0,0,0,0,0,1
1,0,1,0,-0.6303319887333076,1,1,0.18366847781271725,-0.4771888762208715,0,0,1,0,0,0,0,0,0,0,0,0,0,0,0,0,0,0,0,0,0
1,0,0,0,-1.2002122764736234,1,0,-0.6459407676069426,-0.9482978852727344,0,0,0,0,0,0,0,0,0,0,0,0,0,0,0,0,0,0,0,0,1
1,0,0,0,-1.2816237461508113,1,1,-1.4755500130266026,-1.0014238779057962,0,0,0,1,1,0,1,0,1,0,1,0,1,0,1,0,0,0,0,0,1
1,0,0,1,1.2014260790034217,1,1,-1.342812533759457,-0.3898163759400507,0,1,0,1,1,0,1,0,1,0,1,0,1,0,1,0,0,1,0,0,1
0,0,0,0,0.8350744654560759,1,0,1.1460152024995227,1.3712444211773975,0,0,1,0,0,1,0,1,0,1,0,1,0,0,0,1,0,1,0,0,1
0,0,1,1,-0.6710377235719016,1,0,0.28322158726307645,-0.4855309742376333,0,0,1,0,0,0,0,1,0,0,0,0,0,0,0,0,0,0,0,0,0
1,1,1,0,1.6084834273893616,0,1,-0.015437741088001118,0.9857516812449318,1,0,0,0,0,1,0,1,0,1,0,1,0,1,0,1,0,1,1,0,0
0,0,0,0,-0.9152721326034655,0,0,-0.9446000959580202,-0.8459974201198135,1,0,0,0,0,0,0,1,0,0,0,1,0,0,0,0,0,0,0,1,0
1,0,1,1,-0.5489205190561197,1,0,-1.4755500130266026,-0.8402896688451871,0,0,0,1,1,0,1,0,1,0,1,0,1,0,1,0,0,1,0,0,1
0,0,1,1,0.1023712383613841,1,1,-1.508734382843389,-0.6857413266399162,0,0,0,1,1,0,1,0,1,0,1,0,1,0,1,0,0,1,0,0,1
0,1,0,0,-0.7931549280876836,1,1,1.013277723232377,-0.44382048415382436,0,1,1,0,0,0,0,0,0,0,0,0,0,1,0,1,0,0,0,1,0
0,1,0,0,-1.2409180113122174,0,0,-1.342812533759457,-0.9922036643083227,1,0,0,0,0,0,0,0,0,0,0,0,0,0,0,0,0,0,0,1,0
0,1,0,0,-0.7117434584104956,1,0,0.8141715043316587,-0.4446985997345361,0,1,1,0,0,0,0,1,0,0,0,0,0,1,0,0,0,0,1,0,0
0,0,1,0,-0.9152721326034655,1,1,-1.4755500130266026,-0.8995624705432314,0,0,0,1,1,0,1,0,1,0,1,0,1,0,1,0,0,0,0,0,1
0,0,1,0,-0.8338606629262776,1,0,-0.6459407676069426,-0.7884808495831929,0,0,0,0,0,0,0,0,0,0,0,0,0,0,0,0,0,0,0,0,0
0,1,1,0,-0.06045170099299184,1,1,0.8473558741484452,0.23452380194601544,0,1,1,0,0,0,0,0,0,1,0,0,0,1,0,0,1,0,0,1,0
1,1,1,0,0.46872285190873,1,0,0.7809871345148723,0.7073890421593019,0,1,1,0,0,0,0,1,0,0,0,0,0,0,0,1,1,0,0,0,1
0,0,0,0,-0.5896262538947137,1,1,0.6814340250645132,-0.328348285290227,0,1,1,0,0,0,0,0,0,0,0,0,0,1,0,0,0,0,0,1,0
0,0,1,1,0.428017117070136,1,0,0.34959032689664926,0.41848901610513056,0,0,0,0,0,1,0,0,0,1,0,0,0,1,0,1,0,1,0,0,0
0,0,0,0,-0.7117434584104956,1,1,1.2123839421330955,-0.37049783316439183,0,0,1,0,0,0,0,1,0,1,0,0,0,1,0,1,0,0,0,1,0
0,0,1,0,-0.7117434584104956,1,0,0.34959032689664926,-0.5210946552564598,0,0,1,0,0,0,0,1,0,0,0,0,0,0,0,0,0,0,0,0,0
0,1,1,0,-1.2816237461508113,0,1,-1.342812533759457,-0.9996676467443727,1,0,0,0,0,0,0,0,0,0,0,0,0,0,0,0,0,0,0,1,0
0,0,1,1,0.5094285867473239,1,1,-1.3096281639426706,-0.47631076064015976,0,1,0,1,1,0,1,0,1,0,1,0,1,0,1,0,1,0,1,0,0
1,0,1,0,0.590840056424512,1,0,-1.508734382843389,-0.5830018036966393,0,0,0,1,1,0,1,0,1,0,1,0,1,0,1,0,0,1,0,0,1
1,0,0,0,-0.1418631706701798,1,1,-0.2145439599887195,-0.26556302126933573,0,0,0,0,0,1,0,1,0,0,0,1,0,0,0,0,1,0,0,1,0
0,0,1,1,0.631545791263106,1,0,0.48232780616379484,0.6889486149643548,0,1,0,0,0,0,0,1,0,0,0,1,0,1,0,1,0,1,0,1,0
0,0,0,0,-0.9966836022806536,1,0,-1.4755500130266026,-0.9482978852727344,0,0,0,1,1,0,1,0,1,0,1,0,1,0,1,0,0,1,0,0,1
1,0,1,1,1.2014260790034217,1,1,1.3451214214002412,1.8379628523257012,0,1,1,0,0,1,0,1,0,0,0,0,0,1,0,1,0,0,0,1,0
1,0,0,1,1.3642490183577978,1,1,-1.3096281639426706,-0.27566135044752105,0,1,0,1,1,0,1,0,1,0,1,0,1,0,1,0,0,1,1,0,0
0,0,0,0,-1.2002122764736234,1,0,-1.4755500130266026,-0.9825443929204932,0,0,0,1,1,0,1,0,1,0,1,0,1,0,1,0,0,0,0,0,1
0,0,0,0,-0.019745966154397852,1,1,1.4778589006673868,0.5739154738911133,0,1,1,0,0,1,0,0,0,1,0,1,0,1,0,1,1,0,0,0,0
1,1,0,0,-0.6710377235719016,0,1,-0.8450469865076611,-0.7120847940612691,1,0,0,0,0,0,0,1,0,0,0,0,0,1,0,0,0,0,0,0,1
0,0,0,0,0.30589991255435406,1,1,1.3451214214002412,0.8931104874798405,0,1,1,0,0,0,0,0,0,1,0,1,0,1,0,1,1,0,1,0,0
0,0,0,0,-0.9966836022806536,1,0,-1.4755500130266026,-0.9338089781909902,0,0,0,1,1,0,1,0,1,0,1,0,1,0,1,0,0,1,0,0,1
0,0,1,1,-1.1595065416350294,1,1,-0.2145439599887195,-0.911856088673196,0,1,0,0,0,0,0,1,0,0,0,1,0,0,0,0,0,0,0,0,1
1,0,1,1,1.5270719577121736,1,1,0.48232780616379484,1.5060351628166537,0,1,0,0,0,1,0,1,0,1,0,1,0,1,0,0,0,1,0,0,0
1,0,0,1,-1.2816237461508113,0,1,-1.3096281639426706,-0.9992285889540168,1,0,0,0,0,0,0,0,0,0,0,0,0,0,0,0,0,0,0,1,0
1,0,1,0,1.4456604880349857,1,1,1.411490161033814,2.203697991692152,0,1,1,0,0,1,0,1,0,0,0,1,0,1,0,1,0,0,0,1,0
1,0,1,1,0.46872285190873,0,1,-0.3472814392558651,0.007091866541667852,1,0,0,0,0,0,0,0,0,1,0,1,0,1,0,1,1,0,0,1,0
0,0,0,0,-1.0373893371192475,1,0,-0.08180648072157391,-0.8266788773441547,0,0,0,0,0,0,0,0,0,1,0,1,0,0,0,1,0,0,0,0,0
0,1,0,0,1.5677776925507676,1,0,0.8141715043316587,1.7527856409966602,0,1,0,0,0,1,0,1,0,1,0,1,0,1,0,1,0,1,0,0,1
1,0,0,0,0.428017117070136,1,1,0.415959066530222,0.4672244308346336,0,1,1,0,0,0,0,1,0,0,0,0,0,0,0,0,0,0,0,1,0
0,0,0,1,-0.7931549280876836,1,1,1.3119370515834547,-0.4398689640406214,0,1,1,0,0,0,0,1,0,1,0,0,0,1,0,1,1,0,1,0,0
1,0,1,1,1.4049547531963917,1,0,-1.342812533759457,-0.29893141333638285,0,1,0,1,1,0,1,0,1,0,1,0,1,0,1,0,0,1,0,0,0
1,0,0,1,-1.2816237461508113,1,0,-1.508734382843389,-1.0018629356961521,0,0,0,1,1,0,1,0,1,0,1,0,1,0,1,0,0,0,0,0,1
1,0,1,1,0.5501343215859179,1,1,-1.4755500130266026,-0.6392012008621925,0,0,0,1,1,0,1,0,1,0,1,0,1,0,1,0,1,0,0,0,0
0,0,1,1,1.3642490183577978,1,1,1.245568311949882,1.8941622494912544,0,1,1,0,0,0,0,1,0,1,0,0,0,1,0,1,1,0,1,0,0
1,0,1,1,0.30589991255435406,1,1,0.31640595707986285,0.31355420421007446,0,1,0,0,0,0,0,0,0,1,0,0,0,1,0,1,0,0,0,1,0
0,0,1,1,1.4049547531963917,1,1,0.9800933534155908,1.7738604149337425,0,1,1,0,0,1,0,0,0,0,0,1,0,0,0,1,1,0,1,0,0
0,0,1,1,0.1023712383613841,1,1,-1.3096281639426706,-0.6229560626190248,0,1,0,1,1,0,1,0,1,0,1,0,1,0,1,0,0,0,0,1,0
1,0,1,1,0.26519417771576004,1,0,0.5155121759805812,0.386876855199507,0,0,0,0,0,1,0,0,0,1,0,1,0,1,0,1,1,0,1,0,0
1,0,0,0,-1.2816237461508113,1,0,0.18366847781271725,-0.9794709883880021,0,0,1,0,0,0,0,0,0,0,0,0,0,0,0,0,0,0,0,1,0
1,0,1,1,1.2421318138420157,1,1,-1.508734382843389,-0.4934340144640392,0,0,0,1,1,0,1,0,1,0,1,0,1,0,1,0,0,1,0,0,1
1,0,0,1,-1.2816237461508113,1,0,-0.5463876581565834,-0.9891302597758315,0,0,0,0,0,0,0,0,0,1,0,0,0,0,0,0,0,0,0,1,0
0,0,0,0,-1.2816237461508113,1,1,0.6814340250645132,-0.9728851215326638,0,1,1,0,0,0,0,0,0,0,0,0,0,0,0,1,0,0,0,1,0
1,0,0,0,-0.9152721326034655,1,0,-1.4755500130266026,-0.9289793424970755,0,0,0,1,1,0,1,0,1,0,1,0,1,0,1,0,0,0,0,1,0
1,0,0,0,-1.2816237461508113,1,1,0.31640595707986285,-0.9777147572265785,0,1,1,0,0,0,0,0,0,0,0,0,0,0,0,0,0,0,0,1,0
0,0,1,1,1.2828375486806096,1,1,0.913724613782018,1.6153605526152686,0,1,1,0,0,0,0,1,0,1,0,0,0,0,0,1,1,0,0,1,0
0,0,0,0,-0.6710377235719016,1,0,-1.4755500130266026,-0.870584656379743,0,0,0,1,1,0,1,0,1,0,1,0,1,0,1,0,1,0,0,0,0
0,0,1,0,1.5677776925507676,1,1,0.5155121759805812,1.4757401752820978,0,1,0,0,0,0,0,0,0,1,0,1,0,1,0,1,0,1,0,0,0
1,0,0,1,-0.9152721326034655,1,0,1.013277723232377,-0.6018812886819424,0,1,1,0,0,0,0,0,0,0,0,0,0,1,0,1,0,0,0,1,0
1,1,1,0,-0.38609757970174374,1,1,1.3119370515834547,-0.051302819575664634,0,1,1,0,0,0,0,1,0,1,0,0,0,1,0,1,0,0,0,1,0
0,0,0,0,-1.2816237461508113,1,1,0.6814340250645132,-0.9728851215326638,0,1,1,0,0,0,0,0,0,0,0,0,0,0,0,1,0,0,0,0,1
1,0,0,0,-0.2639803751859618,1,1,-0.44683454870622424,-0.44162519520204496,0,1,0,0,0,0,0,0,0,0,0,0,0,0,0,0,1,0,1,0,0
1,0,0,0,0.8757802002946699,1,0,0.6482496552477268,0.9585300982428672,0,0,1,0,0,1,0,0,0,1,0,1,0,0,0,0,1,0,0,1,0
0,0,0,0,-1.0373893371192475,1,1,0.48232780616379484,-0.7450141283379603,0,1,1,0,0,1,0,0,0,0,0,0,0,0,0,0,0,0,0,0,1
1,0,0,0,-1.1188008067964355,1,1,-1.508734382843389,-0.9724460637423079,0,0,0,1,1,0,1,0,1,0,1,0,1,0,1,0,0,0,0,0,1
0,0,1,1,0.14307697319997809,1,1,1.07964646286595,0.5076177475473749,0,1,1,0,0,0,0,1,0,1,0,0,0,1,0,0,0,0,0,0,0
0,0,0,0,-0.9152721326034655,1,0,0.7146183948812996,-0.6457870677175307,0,1,1,0,0,0,0,0,0,0,0,0,0,0,0,1,0,0,0,1,0
1,0,1,0,-1.2002122764736234,1,1,-1.3759969035762434,-0.9711288903712403,0,1,0,1,1,0,1,0,1,0,1,0,1,0,1,0,0,0,0,0,1
0,0,1,0,-1.1188008067964355,1,0,0.08411536836235807,-0.8565348070883547,0,1,0,0,0,0,0,0,0,1,0,1,0,1,0,0,0,0,0,0,0
1,1,1,0,0.7536629957788878,1,1,0.9469089835988044,1.0753194704775322,0,1,1,0,0,1,0,0,0,1,0,0,0,1,0,0,0,0,0,0,0
0,0,0,0,-0.8338606629262776,1,0,-1.508734382843389,-0.9021968172853666,0,0,0,1,1,0,1,0,1,0,1,0,1,0,1,0,0,0,0,0,1
0,0,0,0,0.020959768684196134,1,1,0.48232780616379484,0.16822607560227704,0,0,1,0,0,0,0,1,0,0,0,1,0,0,0,0,1,0,0,0,0
0,0,0,0,-0.10115743583158582,1,1,-0.5463876581565834,-0.33581226772627704,0,0,0,0,0,1,0,0,0,0,0,0,0,0,0,0,0,0,0,0,1
0,0,1,0,1.5677776925507676,1,1,1.676965119568105,2.5365037967819117,0,1,1,0,0,1,0,1,0,1,0,1,0,1,0,1,0,1,1,0,0
0,1,0,0,-1.2816237461508113,1,1,0.15048410799593087,-0.979910046178358,0,0,1,0,0,0,0,0,0,0,0,0,0,0,0,0,0,0,0,1,0
0,0,1,1,-1.2409180113122174,1,0,0.18366847781271725,-0.945663538530599,0,0,1,0,0,0,0,0,0,0,0,0,0,0,0,0,0,0,0,1,0
1,0,0,0,-0.7931549280876836,1,0,-1.508734382843389,-0.9035139906564342,0,0,0,1,1,0,1,0,1,0,1,0,1,0,1,0,0,1,0,0,1
1,0,1,1,-0.5896262538947137,1,1,0.6814340250645132,-0.3072735113531446,0,0,1,0,0,0,0,0,0,0,0,1,0,0,0,1,0,0,0,1,0
0,1,1,0,1.3642490183577978,0,0,-0.6459407676069426,0.318822897694345,1,0,0,0,0,0,0,1,0,1,0,0,0,1,0,0,1,0,0,0,0
0,0,1,0,1.4049547531963917,1,1,-1.3096281639426706,-0.24931788302616803,0,1,0,1,1,0,1,0,1,0,1,0,1,0,1,0,0,1,1,0,0
1,0,0,0,-0.9966836022806536,0,1,-1.3096281639426706,-0.9285402847067196,1,0,0,0,0,0,0,0,0,0,0,0,0,0,0,0,0,0,1,0,0
0,0,1,1,-1.2002122764736234,1,1,0.5155121759805812,-0.9004405861239431,0,0,1,0,0,0,0,0,0,0,0,0,0,0,0,1,0,0,0,1,0
0,0,1,1,0.18378270803857208,1,1,-1.342812533759457,-0.6321762762164983,0,1,0,1,1,0,1,0,1,0,1,0,1,0,1,0,0,1,0,0,0
1,1,1,0,1.4863662228735797,1,1,1.4778589006673868,2.3415621378638996,0,1,1,0,0,0,0,1,0,1,0,1,0,1,0,1,0,1,0,1,0
1,0,1,1,0.7536629957788878,1,1,-1.3759969035762434,-0.47631076064015976,0,1,0,1,1,0,1,0,1,0,1,0,1,0,1,0,1,0,0,0,1
1,0,0,0,-1.0780950719578415,1,0,-1.5419187526601754,-0.9619086767737668,0,0,0,1,1,0,1,0,1,0,1,0,1,0,1,0,0,0,0,0,1
1,0,1,0,-0.10115743583158582,1,0,-1.4755500130266026,-0.7524781107740104,0,0,0,1,1,0,1,0,1,0,1,0,1,0,1,0,1,0,1,0,0
0,0,1,1,1.5270719577121736,1,0,-1.342812533759457,-0.23570709152513566,0,1,0,1,1,0,1,0,1,0,1,0,1,0,1,0,0,1,0,0,1
1,0,1,1,1.0793088744876398,1,1,0.7146183948812996,1.2667486670726973,0,0,0,0,0,1,0,1,0,1,0,1,0,1,0,1,0,1,0,1,0
1,1,0,0,0.387311382231542,1,1,0.48232780616379484,0.45800421723716006,0,1,1,0,0,0,0,1,0,0,0,0,0,0,0,0,0,0,0,0,0
0,0,0,0,-1.2816237461508113,1,0,-1.508734382843389,-1.0018629356961521,0,0,0,1,1,0,1,0,1,0,1,0,1,0,1,0,0,0,0,0,1
0,0,0,0,-1.2002122764736234,1,0,-1.5419187526601754,-0.9856177974529845,0,0,0,1,1,0,1,0,1,0,1,0,1,0,1,0,0,0,0,0,1
1,0,0,0,-1.2409180113122174,1,0,1.013277723232377,-0.9368823827234813,0,0,1,0,0,0,0,1,0,0,0,0,0,1,0,1,0,0,0,1,0
0,0,1,1,-0.7931549280876836,1,1,-1.508734382843389,-0.9021968172853666,0,0,0,1,1,0,1,0,1,0,1,0,1,0,1,0,0,1,0,0,0
0,0,0,0,-0.4268033145403377,1,1,-0.5132032883397971,-0.5496334116295922,0,0,0,0,0,1,0,0,0,0,0,0,0,0,0,0,0,0,0,1,0
0,0,1,0,0.8350744654560759,1,1,1.5442276403009596,1.5402816704644127,0,1,1,0,0,0,0,1,0,1,0,1,0,1,0,1,1,0,0,0,0
0,0,1,1,0.46872285190873,1,0,0.9800933534155908,0.8755481758656052,0,1,1,0,0,0,0,1,0,1,0,0,0,0,0,1,1,0,0,1,0
1,0,1,0,1.6084834273893616,1,1,1.676965119568105,2.688417792245047,0,1,1,0,0,1,0,1,0,1,0,1,0,1,0,1,0,1,0,0,0
1,0,1,0,1.5270719577121736,1,0,1.6437807497513186,2.6093873899809883,0,1,1,0,0,1,0,1,0,1,0,1,0,1,0,1,0,1,1,0,0
1,0,0,0,-1.2816237461508113,1,0,-1.508734382843389,-1.0018629356961521,0,0,0,1,1,0,1,0,1,0,1,0,1,0,1,0,0,0,0,0,0
0,0,0,0,-1.0373893371192475,1,0,-0.1149908505383603,-0.817897721537037,0,0,0,0,0,1,0,1,0,1,0,0,0,0,0,0,0,0,0,1,0
0,1,1,0,1.6084834273893616,1,1,1.577412010117746,2.5224539474905234,0,1,1,0,0,1,0,1,0,1,0,0,0,1,0,1,0,1,0,1,0
0,0,1,1,-1.1595065416350294,1,1,0.44914343634700843,-0.8789267543965048,0,0,1,0,0,0,0,0,0,0,0,0,0,1,0,0,0,0,0,0,1
0,1,1,0,-0.8745663977648716,1,1,1.1460152024995227,-0.5136306728204099,0,1,1,0,0,0,0,0,0,1,0,0,0,1,0,1,0,0,0,1,0
0,0,1,1,-0.4268033145403377,1,0,0.6150652854309404,-0.2001434105063091,0,0,1,0,0,0,0,1,0,0,0,0,0,0,0,1,0,0,0,1,0
0,1,1,0,1.1200146093262338,1,1,1.1791995723163091,1.636874384342707,0,1,1,0,0,0,0,0,0,1,0,0,0,1,0,1,1,0,1,0,0
0,0,0,0,-0.2639803751859618,1,1,0.747802764698086,-0.011787618443635134,0,0,1,0,0,1,0,0,0,1,0,1,0,0,0,0,1,0,1,0,0
1,0,0,0,0.18378270803857208,1,0,1.1128308326827363,0.5155207877737807,0,1,1,0,0,0,0,0,0,0,0,1,0,1,0,1,0,0,0,0,0
0,0,0,0,-1.0780950719578415,1,1,1.4778589006673868,-0.7164753719648279,0,1,1,0,0,0,0,1,0,1,0,1,0,1,0,1,0,0,1,0,0
1,0,0,0,0.14307697319997809,1,1,0.6482496552477268,0.32892122687253034,0,1,1,0,0,0,0,0,0,0,0,0,0,0,0,1,0,0,0,1,0
1,0,0,0,1.6084834273893616,1,0,0.15048410799593087,1.1446906013537617,0,1,0,0,0,1,0,1,0,1,0,1,0,0,0,0,0,1,0,0,0
1,0,1,0,1.2421318138420157,1,1,1.5110432704841732,1.9336774506232839,0,0,1,0,0,1,0,1,0,1,0,1,0,1,0,1,0,1,1,0,0
1,0,0,1,-0.22327464034736777,1,0,-1.508734382843389,-0.7867246184217693,0,0,0,1,1,0,1,0,1,0,1,0,1,0,1,0,0,1,1,0,0
0,0,0,0,-1.2409180113122174,1,1,-0.31409706943907867,-0.9654211390966138,0,0,0,0,0,0,0,1,0,0,0,1,0,0,0,0,0,0,1,0,0
0,0,0,0,0.1023712383613841,0,1,-1.0441532054083793,-0.49431213004475094,1,0,0,0,0,0,0,0,0,1,0,1,0,0,0,0,0,0,0,0,1
0,0,0,1,-0.7117434584104956,1,0,-1.508734382843389,-0.8916594303168254,0,0,0,1,1,0,1,0,1,0,1,0,1,0,1,0,1,0,0,0,1
0,1,0,0,-0.7931549280876836,1,1,0.31640595707986285,-0.5974907107783836,0,0,1,0,0,0,0,0,0,1,0,0,0,0,0,0,0,0,0,1,0
0,1,1,0,1.3235432835192036,1,0,0.9800933534155908,1.6794629900072275,0,0,1,0,0,1,0,1,0,1,0,0,0,0,0,1,0,0,0,1,0
0,0,0,0,-0.9559778674420595,1,1,0.31640595707986285,-0.7015474070927279,0,0,0,0,0,1,0,1,0,0,0,0,0,1,0,1,0,0,0,1,0
1,0,0,0,-1.2409180113122174,1,0,1.1791995723163091,-0.9232715912224491,0,0,1,0,0,1,0,1,0,0,0,0,0,1,0,1,0,0,0,1,0
0,0,0,0,-0.9152721326034655,1,1,0.5486965457973676,-0.6510557612018013,0,1,1,0,0,0,0,1,0,0,0,0,0,0,0,0,0,0,1,0,0
1,0,1,1,-0.8745663977648716,1,0,-1.508734382843389,-0.9114170308828402,0,0,0,1,1,0,1,0,1,0,1,0,1,0,1,0,0,1,0,0,1
0,0,0,0,0.14307697319997809,1,1,-1.508734382843389,-0.7120847940612691,0,0,0,1,1,0,1,0,1,0,1,0,1,0,1,0,1,0,0,0,0
0,1,1,0,-0.22327464034736777,1,0,0.6150652854309404,0.0040184620091766685,0,1,0,0,0,0,0,1,0,1,0,1,0,1,0,1,0,0,0,1,0
0,0,1,1,1.6084834273893616,1,1,0.6150652854309404,1.606140339017795,0,1,0,0,0,1,0,1,0,1,0,0,0,1,0,1,0,1,1,0,0
1,0,1,0,1.1607203441648277,1,1,0.15048410799593087,0.8452531883310492,0,1,0,0,0,1,0,0,0,1,0,0,0,0,0,1,0,1,0,0,1
0,1,1,0,1.0386031396490458,1,1,1.3451214214002412,1.7141485554453424,0,0,1,0,0,1,0,1,0,0,0,1,0,1,0,1,1,0,1,0,0
1,0,1,0,-0.4268033145403377,1,1,0.747802764698086,-0.19794812155452968,0,0,1,0,0,0,0,0,0,1,0,0,0,1,0,0,0,0,0,0,0
0,0,0,0,-1.1188008067964355,1,1,0.8473558741484452,-0.8104337391009869,0,1,1,0,0,0,0,1,0,0,0,0,0,1,0,0,0,0,0,1,0
0,1,0,0,-0.2639803751859618,1,1,1.013277723232377,0.08612226880572686,0,1,1,0,0,1,0,1,0,0,0,0,0,0,0,1,0,0,0,1,0
1,1,1,1,1.1607203441648277,1,0,1.1460152024995227,1.610530916921354,0,1,1,0,0,0,0,1,0,0,0,0,0,1,0,1,1,0,0,1,0
1,1,1,0,0.30589991255435406,1,0,1.2123839421330955,0.7837850976812255,0,1,1,0,0,1,0,0,0,0,0,0,0,1,0,1,0,0,0,1,0
1,1,0,0,1.3235432835192036,1,1,1.1460152024995227,1.8419143724389042,0,0,1,0,0,0,0,1,0,1,0,0,0,1,0,1,0,0,0,0,0
1,0,0,0,-1.2002122764736234,1,1,1.411490161033814,-0.870584656379743,0,0,1,0,0,0,0,1,0,1,0,1,0,1,0,1,0,0,0,1,0
1,0,1,0,-0.22327464034736777,1,0,-0.5463876581565834,-0.3863039136172036,0,0,0,0,0,1,0,0,0,0,0,0,0,0,0,0,1,0,1,0,0
1,0,0,1,1.4863662228735797,1,1,0.48232780616379484,1.4054909288251565,0,1,0,0,0,1,0,1,0,1,0,1,0,1,0,0,0,1,1,0,0
0,0,1,1,0.8757802002946699,1,1,-0.1813595901719331,0.4149765537822835,0,1,0,0,0,0,0,1,0,1,0,0,0,0,0,0,0,1,0,0,0
0,0,0,0,-0.1418631706701798,1,0,0.08411536836235807,-0.21946195328196796,0,1,0,0,0,1,0,1,0,0,0,1,0,0,0,0,0,0,0,0,1
0,1,0,0,-1.0780950719578415,1,1,0.8141715043316587,-0.7612592665811281,0,0,1,0,0,0,0,0,0,0,0,0,0,1,0,1,0,0,0,1,0
1,0,0,0,-0.5896262538947137,1,0,-1.508734382843389,-0.8648769051051165,0,0,0,1,1,0,1,0,1,0,1,0,1,0,1,0,0,0,0,0,1
1,0,0,0,-1.2409180113122174,1,1,0.15048410799593087,-0.9513712898052256,0,0,1,0,0,0,0,0,0,0,0,0,0,0,0,0,0,0,1,0,0
0,0,0,0,-0.4268033145403377,1,1,-1.4755500130266026,-0.8038478722456487,0,0,0,1,1,0,1,0,1,0,1,0,1,0,1,0,0,0,0,0,1
0,0,1,1,-0.2639803751859618,1,0,-1.508734382843389,-0.7933104852771076,0,0,0,1,1,0,1,0,1,0,1,0,1,0,1,0,0,1,1,0,0
1,0,0,1,-0.8745663977648716,1,0,0.7146183948812996,-0.6181264269251101,0,1,1,0,0,0,0,0,0,0,0,0,0,0,0,1,0,0,0,1,0
1,0,1,1,0.9978974048104517,1,1,0.31640595707986285,0.7539291679370255,0,1,1,0,0,0,0,0,0,0,0,0,0,0,0,0,0,0,0,1,0
1,0,0,0,-1.1595065416350294,1,1,-1.508734382843389,-0.9807881617590697,0,0,0,1,1,0,1,0,1,0,1,0,1,0,1,0,0,0,0,0,1
1,0,0,0,0.14307697319997809,1,1,0.6482496552477268,0.3363852093085804,0,1,1,0,0,0,0,0,0,0,0,0,0,0,0,1,0,0,0,1,0
1,0,0,0,1.4049547531963917,1,1,-1.508734382843389,-0.4855309742376333,0,0,0,1,1,0,1,0,1,0,1,0,1,0,1,0,1,0,0,0,1
0,0,0,0,0.9164859351332638,1,1,-0.48001891852301065,0.23320662857494778,0,0,0,0,0,1,0,0,0,0,0,0,0,0,0,0,0,0,1,0,0
0,0,1,0,-0.22327464034736777,1,0,1.013277723232377,0.07075524614327094,0,1,1,0,0,0,0,0,0,0,0,0,0,1,0,1,0,0,1,0,0
1,0,0,0,-1.2816237461508113,1,1,-0.6459407676069426,-0.9904474331468992,0,0,0,0,0,0,0,0,0,0,0,0,0,0,0,0,0,0,0,0,1
0,0,0,1,0.7129572609402939,1,0,-1.4755500130266026,-0.5843189770677071,0,0,0,1,1,0,1,0,1,0,1,0,1,0,1,0,0,1,1,0,0
0,0,1,1,1.6084834273893616,1,1,0.9469089835988044,1.9262134681872338,0,1,0,0,0,1,0,1,0,1,0,1,0,1,0,1,0,1,0,0,0
0,0,0,0,-1.2002122764736234,1,1,-0.31409706943907867,-0.9241497068031608,0,0,0,0,0,0,0,0,0,0,0,0,0,0,0,1,0,0,0,1,0
0,0,0,0,1.5270719577121736,0,1,-0.2145439599887195,0.8399844948467786,1,0,0,0,0,1,0,0,0,1,0,1,0,1,0,1,0,1,0,0,0
0,0,0,0,1.5677776925507676,1,1,1.5442276403009596,2.4952323644884586,0,1,1,0,0,0,0,1,0,1,0,1,0,1,0,1,0,1,0,1,0
0,0,1,1,-1.1595065416350294,1,0,-1.4755500130266026,-0.9768366416458668,0,0,0,1,1,0,1,0,1,0,1,0,1,0,1,0,0,0,0,0,1
0,0,0,0,-0.9966836022806536,1,1,0.31640595707986285,-0.7696013645978899,0,1,1,0,0,0,0,0,0,0,0,0,0,0,0,0,0,0,1,0,0
0,0,0,0,-0.019745966154397852,1,0,-1.508734382843389,-0.7463313017090281,0,0,0,1,1,0,1,0,1,0,1,0,1,0,1,0,0,0,0,0,0
0,0,0,0,-0.8338606629262776,1,1,0.34959032689664926,-0.6352496807489895,0,1,0,0,0,0,0,0,0,0,0,1,0,1,0,1,1,0,0,0,1
0,0,1,1,-0.9152721326034655,1,0,0.6814340250645132,-0.633493449587566,0,1,1,0,0,0,0,0,0,0,0,0,0,0,0,1,0,0,0,1,0
0,0,1,1,0.631545791263106,1,1,0.581880915614154,0.7587588036309402,0,1,1,0,0,0,0,0,0,0,0,0,0,0,0,1,1,0,0,0,1
0,0,0,0,0.9978974048104517,1,1,1.013277723232377,1.388806732791633,0,0,1,0,0,0,0,0,0,1,0,0,0,1,0,1,0,1,0,1,0
0,0,0,0,-0.9559778674420595,1,0,0.5155121759805812,-0.7235002966105221,0,0,1,0,0,0,0,1,0,1,0,0,0,0,0,0,0,0,0,1,0
1,1,0,0,-0.8338606629262776,1,1,0.6150652854309404,-0.5584145674367099,0,0,1,0,0,0,0,1,0,1,0,1,0,0,0,0,0,0,0,0,1
1,0,1,1,-1.2816237461508113,1,1,-0.6459407676069426,-0.9904474331468992,0,0,0,0,0,0,0,0,0,0,0,0,0,0,0,0,0,0,0,0,1
0,0,0,0,-0.38609757970174374,1,0,0.6150652854309404,-0.11803960370975891,0,0,1,0,0,0,0,1,0,1,0,1,0,0,0,0,0,0,0,0,0
0,0,1,1,1.6084834273893616,1,0,0.6482496552477268,1.5771625248543069,0,1,0,0,0,1,0,0,0,1,0,1,0,1,0,1,0,1,1,0,0
0,0,0,0,-1.2816237461508113,1,1,-0.6459407676069426,-0.9904474331468992,0,0,0,0,0,0,0,0,0,0,0,0,0,0,0,0,0,0,0,1,0
1,0,0,1,-0.9966836022806536,1,0,-1.4755500130266026,-0.9320527470295666,0,0,0,1,1,0,1,0,1,0,1,0,1,0,1,0,0,0,0,0,1
0,0,0,0,-1.2002122764736234,1,0,-1.508734382843389,-0.9851787396626286,0,0,0,1,1,0,1,0,1,0,1,0,1,0,1,0,0,0,0,0,1
1,0,0,0,-0.5896262538947137,1,0,-1.508734382843389,-0.8297522818766458,0,0,0,1,1,0,1,0,1,0,1,0,1,0,1,0,1,0,0,0,1
1,0,0,0,-0.4268033145403377,1,1,1.1791995723163091,-0.09037896291733825,0,1,1,0,0,1,0,0,0,0,0,0,0,1,0,1,0,0,0,1,0
0,0,1,1,-0.22327464034736777,1,0,-1.508734382843389,-0.768723249017178,0,0,0,1,1,0,1,0,1,0,1,0,1,0,1,0,0,1,0,0,1
0,1,0,0,0.22448844287716607,1,1,1.1460152024995227,0.6292367554759546,0,1,1,0,0,0,0,0,0,0,0,1,0,1,0,1,0,0,0,1,0
1,0,1,1,1.6084834273893616,1,1,1.5110432704841732,2.4873293242620527,0,1,1,0,0,1,0,1,0,1,0,0,0,1,0,1,0,1,0,0,0
1,0,1,1,1.4863662228735797,1,1,-0.1813595901719331,0.7763211152451756,0,0,0,0,0,1,0,1,0,1,0,0,0,0,0,0,0,1,0,0,0
0,0,0,0,-0.8745663977648716,1,1,0.48232780616379484,-0.6023203464722983,0,1,1,0,0,1,0,0,0,0,0,0,0,0,0,0,0,0,0,0,0
1,0,0,1,-0.7524491932490895,1,0,-1.508734382843389,-0.8925375458975372,0,0,0,1,1,0,1,0,1,0,1,0,1,0,1,0,0,0,0,0,1
0,0,1,1,0.9978974048104517,1,1,0.6482496552477268,1.117029960561341,0,1,0,0,0,1,0,0,0,1,0,1,0,1,0,1,0,1,0,1,0
0,0,0,1,0.1023712383613841,1,1,-1.4755500130266026,-0.727451816723725,0,0,0,1,1,0,1,0,1,0,1,0,1,0,1,0,1,0,1,0,0
1,0,0,1,-1.2409180113122174,1,0,-0.14817522035514671,-0.9513712898052256,0,1,0,0,0,1,0,1,0,0,0,0,0,0,0,0,0,0,0,0,0
1,1,0,0,-0.38609757970174374,1,1,1.3783057912170276,0.07997545974074449,0,1,1,0,0,0,0,1,0,1,0,0,0,1,0,1,0,0,0,1,0
1,0,0,0,0.5501343215859179,1,0,-1.4755500130266026,-0.6141749068119071,0,0,0,1,1,0,1,0,1,0,1,0,1,0,1,0,0,1,0,0,0
0,0,0,0,-0.8338606629262776,1,0,-1.508734382843389,-0.9105389153021284,0,0,0,1,1,0,1,0,1,0,1,0,1,0,1,0,0,0,0,0,0
0,1,0,0,-1.0373893371192475,1,1,-0.44683454870622424,-0.8262398195537988,0,0,0,0,0,0,0,1,0,0,0,0,0,0,0,0,0,0,0,0,1
1,0,1,1,-1.0780950719578415,1,0,-1.3096281639426706,-0.9430291917884638,0,1,0,1,1,0,1,0,1,0,1,0,1,0,1,0,0,1,0,0,1
0,0,0,0,-1.2816237461508113,1,1,0.34959032689664926,-0.9772756994362226,0,1,1,0,0,0,0,0,0,0,0,0,0,0,0,0,0,0,0,0,1
0,0,1,0,1.2421318138420157,1,1,1.4778589006673868,1.993389310111684,0,1,1,0,0,0,0,1,0,1,0,1,0,1,0,1,0,1,0,0,0
0,0,1,1,1.1607203441648277,1,0,-0.1813595901719331,0.5884043809728574,0,1,0,0,0,1,0,1,0,0,0,0,0,0,0,0,0,0,0,1,0
0,0,0,0,-0.06045170099299184,1,0,0.747802764698086,0.1857883872165124,0,0,1,0,0,1,0,0,0,1,0,1,0,0,0,0,0,0,0,1,0
1,0,0,0,-0.2639803751859618,1,1,0.5155121759805812,-0.09345236744982945,0,1,1,0,0,0,0,0,0,0,0,1,0,0,0,0,0,0,0,1,0
1,0,0,0,0.020959768684196134,1,1,-0.3472814392558651,-0.2791738127703681,0,1,0,0,0,0,0,1,0,0,0,0,0,0,0,0,0,0,0,0,0
1,0,1,1,1.6084834273893616,0,1,0.01774662872878528,1.0375605005069262,1,0,0,0,0,1,0,1,0,1,0,1,0,1,0,1,0,1,0,0,0
0,0,1,1,0.346605647392948,1,1,0.31640595707986285,0.3890721441512864,0,0,0,0,0,1,0,0,0,0,0,1,0,1,0,1,1,0,1,0,0
1,0,1,1,1.1607203441648277,1,0,0.6482496552477268,1.3009951747204562,0,0,0,0,0,1,0,1,0,1,0,1,0,1,0,1,1,0,0,0,0
1,0,1,0,-0.7117434584104956,1,0,-1.5419187526601754,-0.8811220433482843,0,0,0,1,1,0,1,0,1,0,1,0,1,0,1,0,1,0,0,0,1
1,1,0,0,0.9164859351332638,0,1,-0.48001891852301065,0.19413048523327417,1,0,0,0,0,0,0,0,0,1,0,0,0,1,0,1,1,0,0,0,0
1,0,1,1,0.590840056424512,1,1,1.411490161033814,1.2368927373284972,0,1,1,0,0,0,0,0,0,1,0,1,0,1,0,1,0,0,0,0,0
0,1,1,0,0.8757802002946699,1,1,1.2123839421330955,1.3488524738692473,0,1,1,0,0,0,0,1,0,0,0,0,0,1,0,1,1,0,1,0,0
1,0,0,0,-1.2816237461508113,1,0,-1.4755500130266026,-1.0014238779057962,0,0,0,1,1,0,1,0,1,0,1,0,1,0,1,0,0,0,0,0,1
0,0,0,0,0.590840056424512,1,1,1.3783057912170276,1.1187861917227646,0,1,1,0,0,0,0,1,0,1,0,0,0,1,0,1,0,0,0,1,0
0,0,0,0,1.2014260790034217,1,1,1.676965119568105,2.121594184895602,0,1,1,0,0,1,0,1,0,1,0,1,0,1,0,1,1,0,1,0,0
0,0,1,0,1.4049547531963917,1,1,-1.4755500130266026,-0.42757534591065666,0,0,0,1,1,0,1,0,1,0,1,0,1,0,1,0,1,0,0,0,0
1,0,0,0,0.18378270803857208,1,0,0.01774662872878528,0.005335635380244318,0,0,0,0,0,1,0,1,0,1,0,1,0,0,0,0,0,1,0,0,0
0,1,0,0,0.8350744654560759,1,1,0.28322158726307645,0.7473433010816872,0,0,1,0,0,0,0,1,0,0,0,0,0,0,0,0,0,0,1,0,0
0,0,1,0,1.2014260790034217,1,0,0.5486965457973676,1.1784980512111647,0,0,0,0,0,1,0,0,0,1,0,1,0,1,0,1,0,1,0,0,1
1,0,0,0,-0.7524491932490895,1,1,-1.4755500130266026,-0.8789267543965048,0,0,0,1,1,0,1,0,1,0,1,0,1,0,1,0,0,0,0,1,0
1,0,0,1,-1.0780950719578415,1,0,-1.508734382843389,-0.9614696189834109,0,0,0,1,1,0,1,0,1,0,1,0,1,0,1,0,0,0,0,0,1
0,0,1,0,-0.22327464034736777,1,1,1.2123839421330955,0.1669089022312094,0,0,1,0,0,1,0,0,0,0,0,1,0,1,0,1,1,0,1,0,0
1,0,0,0,1.0386031396490458,1,0,-1.4755500130266026,-0.5136306728204099,0,0,0,1,1,0,1,0,1,0,1,0,1,0,1,0,0,1,1,0,0
1,0,1,0,0.6722515261016999,1,1,1.1460152024995227,1.120542422884188,0,1,1,0,0,0,0,1,0,0,0,0,0,1,0,1,0,0,0,0,0
0,0,1,1,1.4863662228735797,1,0,0.28322158726307645,1.1345922721755763,0,1,0,0,0,1,0,1,0,0,0,1,0,1,0,0,1,0,1,0,0
0,0,1,1,1.5270719577121736,1,1,0.5155121759805812,1.4998883537516714,0,0,0,0,0,0,0,1,0,1,0,1,0,1,0,1,0,1,0,0,0
0,0,0,0,-1.2816237461508113,1,0,-1.4755500130266026,-1.0014238779057962,0,0,0,1,1,0,1,0,1,0,1,0,1,0,1,0,0,0,0,0,1
0,0,0,0,-0.7931549280876836,1,0,-0.31409706943907867,-0.6844241532688484,0,0,0,0,0,1,0,0,0,0,0,1,0,0,0,0,1,0,0,0,1
0,0,0,0,-1.2816237461508113,0,1,-1.342812533759457,-0.9996676467443727,1,0,0,0,0,0,0,0,0,0,0,0,0,0,0,0,0,0,0,0,1
0,1,0,0,-0.9559778674420595,1,0,0.34959032689664926,-0.7305252212562162,0,0,1,0,0,0,0,0,0,1,0,0,0,0,0,0,0,0,1,0,0
1,0,0,0,1.2828375486806096,1,1,0.6482496552477268,1.3119716194793531,0,1,1,0,0,1,0,1,0,0,0,0,0,0,0,0,1,0,1,0,0
1,0,0,0,-1.2002122764736234,1,1,0.01774662872878528,-0.9184419555285342,0,1,0,0,0,0,0,0,0,0,0,1,0,1,0,0,0,0,0,0,1
1,1,0,1,-0.8745663977648716,1,1,-0.3472814392558651,-0.7463313017090281,0,0,0,0,0,0,0,1,0,0,0,1,0,0,0,0,0,0,0,1,0
1,0,0,0,0.7536629957788878,0,1,-0.679125137423729,-0.05261999294673229,1,0,0,0,0,1,0,0,0,0,0,1,0,0,0,1,0,0,1,0,0
1,0,1,0,1.2828375486806096,1,1,0.050930998545571676,0.9181367815301258,0,1,0,0,0,1,0,0,0,0,0,0,0,1,0,0,1,0,1,0,0
0,0,0,0,-0.7931549280876836,1,1,-1.4755500130266026,-0.889464141365046,0,0,0,1,1,0,1,0,1,0,1,0,1,0,1,0,0,0,0,0,1
0,0,0,0,-0.6303319887333076,1,1,0.18366847781271725,-0.5079229215457833,0,0,1,0,0,0,0,0,0,0,0,0,0,0,0,0,0,0,0,1,0
1,0,1,1,-0.6303319887333076,1,1,0.18366847781271725,-0.482896627495498,0,1,0,0,0,1,0,0,0,1,0,0,0,1,0,0,1,0,0,0,0
0,0,0,0,-0.019745966154397852,0,0,-1.1437063148587385,-0.6031984620530101,1,0,0,0,0,1,0,0,0,0,0,0,0,0,0,0,1,0,0,0,1
1,0,1,0,1.5270719577121736,1,0,0.08411536836235807,1.0375605005069262,0,0,0,0,0,1,0,1,0,0,0,1,0,0,0,1,0,1,0,0,1
1,0,0,0,-1.2816237461508113,1,1,0.48232780616379484,-0.9755194682747992,0,0,1,0,0,0,0,0,0,0,0,0,0,1,0,0,0,0,0,1,0
1,0,1,1,0.5094285867473239,1,1,1.013277723232377,0.9075993945615847,0,1,1,0,0,0,0,1,0,1,0,0,0,0,0,1,1,0,1,0,0
0,0,0,0,0.46872285190873,1,1,0.6482496552477268,0.6854361526415077,0,1,1,0,0,0,0,1,0,1,0,0,0,0,0,0,0,0,0,0,0
0,0,1,1,-0.8338606629262776,1,0,-1.3096281639426706,-0.8899031991554018,0,1,0,1,1,0,1,0,1,0,1,0,1,0,1,0,0,1,1,0,0
0,0,1,0,1.5677776925507676,1,0,-1.508734382843389,-0.40474434081215077,0,0,0,1,1,0,1,0,1,0,1,0,1,0,1,0,0,1,1,0,0
1,0,1,0,-1.2409180113122174,1,0,0.3827746967134356,-0.9439073073691755,0,0,1,0,0,0,0,0,0,1,0,0,0,0,0,0,0,0,0,1,0
0,0,1,1,-0.9559778674420595,1,0,0.01774662872878528,-0.7191097187069633,0,0,0,0,0,1,0,1,0,1,0,1,0,0,0,0,0,0,0,0,1
0,0,0,0,-1.0373893371192475,0,0,-1.3096281639426706,-0.9272231113356519,1,0,0,0,0,0,0,0,0,0,0,0,0,0,0,0,0,0,0,0,0
1,0,0,0,-0.5896262538947137,1,1,0.34959032689664926,-0.407378687554286,0,0,1,0,0,0,0,0,0,0,0,1,0,0,0,0,0,0,0,0,0
1,0,0,0,-1.1595065416350294,1,1,0.25003721744629004,-0.8762924076543694,0,1,1,0,0,0,0,0,0,0,0,0,0,0,0,0,0,0,0,0,0
0,0,0,0,-0.7117434584104956,1,0,-1.508734382843389,-0.8789267543965048,0,0,0,1,1,0,1,0,1,0,1,0,1,0,1,0,0,0,0,0,1
0,0,1,0,1.4863662228735797,1,0,1.1460152024995227,2.008317274983784,0,1,1,0,0,1,0,0,0,0,0,0,0,1,0,1,0,1,0,0,0
0,0,0,0,-1.2816237461508113,1,1,-0.679125137423729,-0.990886490937255,0,0,0,0,0,0,0,0,0,0,0,0,0,0,0,0,0,0,0,0,1
1,0,0,0,-1.2816237461508113,1,1,0.6482496552477268,-0.9733241793230197,0,1,1,0,0,0,0,0,0,0,0,0,0,1,0,0,0,0,0,0,1
1,0,0,0,-1.0373893371192475,0,1,-1.342812533759457,-0.9443463651595314,1,0,0,0,0,0,0,0,0,0,0,0,0,0,0,0,1,0,1,0,0
0,0,1,1,1.0386031396490458,0,0,-0.1813595901719331,0.5809403985368075,1,0,0,0,0,1,0,0,0,1,0,1,0,1,0,1,0,1,0,0,1
0,0,0,0,0.5094285867473239,1,1,1.676965119568105,1.2399661418609884,0,1,1,0,0,1,0,1,0,1,0,1,0,1,0,1,0,0,0,1,0
0,0,0,0,0.14307697319997809,1,1,0.3827746967134356,0.13397956795451815,0,0,0,0,0,1,0,1,0,1,0,1,0,1,0,0,1,0,0,0,1
1,1,1,0,-0.22327464034736777,1,1,0.6482496552477268,0.003579404218820785,0,1,0,0,0,0,0,1,0,1,0,1,0,1,0,1,0,0,0,0,0
1,1,1,0,1.3235432835192036,1,1,1.3119370515834547,1.8779171112480866,0,1,1,0,0,0,0,1,0,1,0,0,0,1,0,1,0,0,0,1,0
1,1,1,0,1.6084834273893616,1,1,1.7101494893848914,2.67963663643793,0,1,1,0,0,1,0,1,0,1,0,1,0,1,0,1,0,1,0,0,0
0,0,1,0,-0.7117434584104956,1,0,-1.3096281639426706,-0.8402896688451871,0,1,0,1,1,0,1,0,1,0,1,0,1,0,1,0,0,1,0,0,1
1,0,0,0,-1.2409180113122174,1,0,0.18366847781271725,-0.9522494053859373,0,0,0,0,0,0,0,0,0,0,0,1,0,1,0,1,0,0,0,1,0
0,0,0,0,1.2828375486806096,1,1,1.1791995723163091,1.7356623871727808,0,1,1,0,0,0,0,0,0,1,0,0,0,1,0,1,1,0,1,0,0
0,0,0,0,-0.7931549280876836,1,1,1.1791995723163091,-0.4139645544096243,0,1,1,0,0,1,0,0,0,0,0,0,0,1,0,1,0,0,0,1,0
1,0,1,1,1.5270719577121736,1,1,0.5155121759805812,1.448518592280033,0,0,0,0,0,1,0,1,0,1,0,0,0,1,0,1,0,1,1,0,0
1,0,0,0,-1.2816237461508113,1,0,-0.3472814392558651,-0.9864959130336962,0,1,0,0,0,0,0,0,0,1,0,0,0,0,0,0,0,0,0,1,0
1,0,0,0,-0.5082147842175256,1,1,0.8473558741484452,-0.22824310908908563,0,1,1,0,0,0,0,0,0,1,0,0,0,1,0,0,0,0,1,0,0
0,0,0,0,1.0793088744876398,1,0,-1.342812533759457,-0.35469175271158004,0,1,0,1,1,0,1,0,1,0,1,0,1,0,1,0,0,1,0,1,0
1,1,1,0,-0.06045170099299184,1,0,0.8141715043316587,0.2222301838160507,0,1,1,0,0,1,0,0,0,0,0,0,0,1,0,0,0,0,0,1,0
1,0,0,0,0.14307697319997809,1,1,0.01774662872878528,0.08656132659608275,0,0,0,0,0,0,0,1,0,0,0,1,0,0,0,1,1,0,0,0,1
1,0,0,0,-1.2816237461508113,1,1,0.8141715043316587,-0.9711288903712403,0,0,1,0,0,0,0,0,0,0,0,0,0,1,0,1,0,0,0,1,0
1,0,0,0,-1.2816237461508113,1,0,-1.4755500130266026,-1.0014238779057962,0,0,0,1,1,0,1,0,1,0,1,0,1,0,1,0,0,0,0,0,1
0,0,0,0,-0.9559778674420595,1,0,-1.508734382843389,-0.9412729606270402,0,0,0,1,1,0,1,0,1,0,1,0,1,0,1,0,0,0,0,0,1
0,0,1,1,0.8757802002946699,1,1,-1.342812533759457,-0.4209894790553184,0,1,0,1,1,0,1,0,1,0,1,0,1,0,1,0,1,0,0,0,0
0,0,1,1,1.1607203441648277,1,1,-1.508734382843389,-0.4912387255122598,0,0,0,1,1,0,1,0,1,0,1,0,1,0,1,0,0,0,0,0,1
1,0,0,0,-1.1188008067964355,1,1,0.34959032689664926,-0.8534614025558636,0,1,1,0,0,0,0,0,0,0,0,0,0,0,0,0,0,0,0,0,0
1,0,1,1,0.346605647392948,1,1,0.31640595707986285,0.31706666653292154,0,1,0,0,0,1,0,1,0,1,0,0,0,1,0,0,0,0,1,0,0
1,0,1,0,1.6084834273893616,1,0,0.6482496552477268,1.6386306155041304,0,0,0,0,0,1,0,1,0,1,0,1,0,1,0,1,0,1,0,0,1
1,0,0,0,-0.22327464034736777,1,1,0.15048410799593087,-0.22297441560481504,0,0,1,0,0,0,0,0,0,0,0,0,0,0,0,0,0,0,0,0,1
1,0,0,0,0.1023712383613841,1,0,-0.31409706943907867,-0.12769887509758834,0,0,0,0,0,0,0,0,0,0,0,0,0,1,0,0,0,0,0,0,1
0,1,0,0,-0.6710377235719016,1,1,1.0464620930491635,-0.33888567225876826,0,1,1,0,0,0,0,0,0,0,0,0,0,1,0,1,0,0,0,1,0
1,0,0,0,-0.6303319887333076,1,0,-1.508734382843389,-0.8740971187025901,0,0,0,1,1,0,1,0,1,0,1,0,1,0,1,0,1,0,0,0,1
1,0,1,1,1.2014260790034217,1,0,-1.342812533759457,-0.36215573514763005,0,1,0,1,1,0,1,0,1,0,1,0,1,0,1,0,1,0,0,0,0
0,1,0,0,-1.2816237461508113,1,1,0.25003721744629004,-0.9785928728072903,0,1,1,0,0,0,0,0,0,0,0,0,0,0,0,0,0,0,0,1,0
0,0,0,0,-0.7931549280876836,1,1,0.31640595707986285,-0.5860752082291306,0,0,1,0,0,0,0,1,0,0,0,0,0,0,0,0,1,0,0,0,1
0,0,0,0,-0.9152721326034655,1,1,0.31640595707986285,-0.6593978592185631,0,1,1,0,0,0,0,0,0,0,0,0,0,0,0,0,0,0,0,1,0
0,0,1,1,-1.1595065416350294,1,0,-0.48001891852301065,-0.9052702218178578,0,1,0,0,0,0,0,0,0,0,0,0,0,0,0,0,0,0,0,0,1
1,0,0,0,-0.9152721326034655,1,0,-1.4755500130266026,-0.9329308626102785,0,0,0,1,1,0,1,0,1,0,1,0,1,0,1,0,1,0,0,0,1
0,0,1,1,0.387311382231542,1,1,0.9800933534155908,0.8276908767168139,0,1,1,0,0,0,0,0,0,0,0,0,0,1,0,1,0,0,0,1,0
0,0,0,0,-1.2816237461508113,1,0,-1.508734382843389,-1.0018629356961521,0,0,0,1,1,0,1,0,1,0,1,0,1,0,1,0,0,0,1,0,0
1,0,1,1,1.4049547531963917,1,0,0.747802764698086,1.5881389696132038,0,1,1,0,0,0,0,1,0,1,0,0,0,0,0,0,1,0,0,1,0
1,0,1,1,1.2014260790034217,1,0,-1.4755500130266026,-0.4556750444934332,0,0,0,1,1,0,1,0,1,0,1,0,1,0,1,0,0,1,1,0,0
1,1,0,0,-0.5896262538947137,1,0,0.9469089835988044,-0.2449273051226092,0,1,1,0,0,0,0,0,0,1,0,1,0,1,0,0,0,0,0,0,0
0,0,0,0,-0.8338606629262776,1,1,0.6482496552477268,-0.5636832609209805,0,0,1,0,0,0,0,1,0,0,0,0,0,0,0,1,0,0,0,1,0
1,0,0,1,-0.9559778674420595,1,1,-0.48001891852301065,-0.7977010631806664,0,0,0,0,0,0,0,1,0,0,0,0,0,0,0,0,0,0,0,1,0
1,0,1,0,1.6084834273893616,1,0,-1.3096281639426706,-0.19180131248954732,0,1,0,1,1,0,1,0,1,0,1,0,1,0,1,0,0,1,1,0,0
1,0,0,0,1.0793088744876398,1,1,-1.4755500130266026,-0.48684814760870093,0,0,0,1,1,0,1,0,1,0,1,0,1,0,1,0,0,1,0,0,0
0,0,0,0,-0.10115743583158582,1,1,0.48232780616379484,0.05538822348081502,0,1,0,0,0,1,0,0,0,1,0,0,0,1,0,1,1,0,1,0,0
0,0,0,0,1.5270719577121736,1,0,1.1128308326827363,1.9920721367406165,0,1,1,0,0,0,0,1,0,0,0,0,0,1,0,1,1,0,0,1,0
0,0,1,1,1.4863662228735797,1,0,-1.4755500130266026,-0.42318476800709787,0,0,0,1,1,0,1,0,1,0,1,0,1,0,1,0,0,1,0,0,0
0,0,1,1,0.590840056424512,1,0,-1.4755500130266026,-0.5641223187113364,0,0,0,1,1,0,1,0,1,0,1,0,1,0,1,0,0,1,1,0,0
1,0,0,0,-0.8338606629262776,1,1,-0.1813595901719331,-0.6910100201241867,0,0,0,0,0,0,0,0,0,0,0,1,0,1,0,0,1,0,0,1,0
0,0,1,0,0.387311382231542,1,1,0.6482496552477268,0.5651343180839956,0,1,1,0,0,0,0,0,0,1,0,1,0,0,0,0,0,0,0,1,0
1,0,1,0,1.0793088744876398,1,1,1.1460152024995227,1.607018454598507,0,1,1,0,0,0,0,0,0,1,0,0,0,1,0,1,1,0,0,0,0
0,1,0,0,0.5094285867473239,1,1,1.245568311949882,1.068733603622194,0,1,1,0,0,0,0,0,0,1,0,0,0,1,0,1,1,0,0,0,0
1,0,1,0,-0.9152721326034655,1,1,0.18366847781271725,-0.686180384430272,0,0,1,0,0,0,0,0,0,0,0,0,0,0,0,0,0,0,0,1,0
0,0,1,1,0.6722515261016999,1,0,0.44914343634700843,0.6687519566079841,0,0,0,0,0,0,0,1,0,1,0,0,0,1,0,1,1,0,1,0,0
0,0,1,1,1.0386031396490458,1,0,-1.3096281639426706,-0.3476668280658859,0,1,0,1,1,0,1,0,1,0,1,0,1,0,1,0,0,1,1,0,0
1,1,0,0,-0.4675090493789317,1,1,-0.14817522035514671,-0.46752960483304207,0,0,0,0,0,0,0,0,0,1,0,0,0,1,0,0,0,0,0,0,0
0,0,0,0,-1.0373893371192475,1,1,0.34959032689664926,-0.7625764399521957,0,1,1,0,0,0,0,0,0,0,0,0,0,0,0,0,0,0,0,1,0
1,0,0,1,-0.1825689055087738,1,1,-0.3472814392558651,-0.3445934235333947,0,0,0,0,0,0,0,1,0,0,0,1,0,0,0,0,1,0,1,0,0
1,1,1,0,-0.019745966154397852,1,1,1.3119370515834547,0.4610776217696513,0,1,1,0,0,0,0,0,0,1,0,1,0,1,0,1,0,0,0,1,0
0,0,0,0,0.5501343215859179,1,1,1.2123839421330955,1.0419510784104848,0,1,1,0,0,0,0,0,0,1,0,0,0,1,0,1,1,0,0,1,0
1,0,0,0,-0.8338606629262776,1,1,1.0464620930491635,-0.5061666903843598,0,1,1,0,0,0,0,0,0,0,0,0,0,1,0,1,0,0,0,1,0
0,0,1,0,-0.9559778674420595,1,0,0.8141715043316587,-0.6356887385393454,0,0,1,0,0,0,0,0,0,0,0,0,0,1,0,1,0,0,0,1,0
1,0,0,0,-0.8745663977648716,1,1,0.28322158726307645,-0.6036375198433659,0,0,1,0,0,0,0,0,0,0,0,1,0,0,0,0,0,0,0,1,0
1,0,0,0,-1.2409180113122174,1,0,-1.4755500130266026,-0.9957161266311698,0,0,0,1,1,0,1,0,1,0,1,0,1,0,1,0,0,0,0,0,1
1,0,0,0,-1.2409180113122174,1,1,0.6814340250645132,-0.9368823827234813,0,0,1,0,0,0,0,0,0,1,0,0,0,0,0,1,0,0,0,1,0
0,0,1,0,0.8757802002946699,1,0,1.5110432704841732,1.5771625248543069,0,1,1,0,0,0,0,1,0,1,0,1,0,1,0,1,1,0,0,1,0
0,0,0,0,-0.3453918448631497,1,1,0.9800933534155908,-0.007836098330432183,0,0,1,0,0,1,0,0,0,0,0,0,0,1,0,1,0,0,0,1,0
0,0,0,0,-1.2002122764736234,1,1,0.15048410799593087,-0.9228325334320931,0,0,1,0,0,0,0,0,0,0,0,0,0,0,0,0,0,0,0,1,0
1,0,0,0,-1.2816237461508113,1,0,-0.6459407676069426,-0.9904474331468992,0,0,0,0,0,0,0,0,0,0,0,0,0,0,0,0,0,0,0,1,0
1,0,1,1,0.346605647392948,1,0,0.11729973817914446,0.23628003310743897,0,1,0,0,0,0,0,1,0,1,0,0,0,1,0,0,1,0,0,0,0
0,0,1,0,0.26519417771576004,0,0,-0.31409706943907867,-0.051302819575664634,1,0,0,0,0,1,0,0,0,1,0,0,0,1,0,1,0,0,0,1,0
1,0,1,1,-1.0780950719578415,1,0,-1.508734382843389,-0.960591503402699,0,0,0,1,1,0,1,0,1,0,1,0,1,0,1,0,1,0,0,0,1
0,0,1,1,0.387311382231542,1,0,-1.4091812733930298,-0.5650004342920482,0,1,0,1,1,0,1,0,1,0,1,0,1,0,1,0,0,1,0,1,0
0,1,1,1,-0.019745966154397852,1,1,1.1791995723163091,0.40224387786196286,0,1,1,0,0,0,0,1,0,0,0,0,0,1,0,1,0,0,0,1,0
0,0,0,1,-1.2409180113122174,1,0,-0.44683454870622424,-0.9636649079351903,0,0,0,0,0,0,0,1,0,0,0,0,0,0,0,0,0,0,0,0,1
1,1,1,0,1.0793088744876398,0,1,-0.015437741088001118,0.6959735396100488,1,0,0,0,0,1,0,0,0,1,0,1,0,1,0,1,0,1,1,0,0
1,0,0,0,-1.2816237461508113,1,1,0.5155121759805812,-0.9750804104844433,0,0,1,0,0,0,0,0,0,0,0,0,0,0,0,1,0,0,0,1,0
0,0,1,1,-0.7117434584104956,1,0,-1.508734382843389,-0.8907813147361137,0,0,0,1,1,0,1,0,1,0,1,0,1,0,1,0,0,0,0,0,1
0,0,0,0,-0.9152721326034655,1,1,-1.4423656432098162,-0.9127342042539078,0,0,0,1,1,0,1,0,1,0,1,0,1,0,1,0,0,0,0,1,0
0,0,0,0,-1.0373893371192475,1,1,0.15048410799593087,-0.784090271679634,0,0,1,0,0,0,0,0,0,0,0,0,0,0,0,0,0,0,0,0,0
0,1,0,0,-0.38609757970174374,1,1,0.48232780616379484,-0.20453398840986795,0,1,1,0,0,0,0,0,0,1,0,0,0,0,0,0,0,0,0,0,1
1,0,0,0,1.4863662228735797,1,0,-1.508734382843389,-0.3959631850050331,0,0,0,1,1,0,1,0,1,0,1,0,1,0,1,0,0,1,1,0,0
0,1,0,0,-0.38609757970174374,1,1,0.34959032689664926,-0.28883308415819753,0,0,1,0,0,1,0,0,0,0,0,0,0,0,0,0,0,0,0,0,0
0,0,0,0,0.30589991255435406,1,1,0.5155121759805812,0.39829235774875993,0,1,0,0,0,0,0,0,0,1,0,1,0,1,0,1,1,0,0,0,1
1,0,0,0,-1.0780950719578415,1,1,0.5155121759805812,-0.7937495430674634,0,0,0,0,0,1,0,0,0,1,0,1,0,1,0,1,0,1,0,0,1
1,0,0,0,0.5501343215859179,1,1,0.9469089835988044,0.8136410274254257,0,1,1,0,0,1,0,1,0,0,0,0,0,0,0,1,0,0,0,1,0
0,0,1,1,1.4456604880349857,1,1,-1.508734382843389,-0.4429423685731126,0,0,0,1,1,0,1,0,1,0,1,0,1,0,1,0,0,1,0,0,0
0,0,1,1,0.346605647392948,1,1,1.4778589006673868,0.9453583645321906,0,1,1,0,0,0,0,1,0,1,0,1,0,1,0,1,1,0,0,0,0
0,0,0,0,0.26519417771576004,0,0,-0.7786782468740883,-0.2638067901079122,1,0,0,0,0,1,0,1,0,0,0,1,0,0,0,0,1,0,0,0,0
1,0,1,0,-0.4675090493789317,1,0,-0.3472814392558651,-0.5162650195625451,0,0,0,0,0,0,0,0,0,0,0,0,0,1,0,0,0,0,0,0,0
1,0,0,0,0.18378270803857208,1,1,0.18366847781271725,0.11027044727530044,0,0,1,0,0,0,0,0,0,0,0,0,0,0,0,0,0,0,0,0,1
0,0,0,0,1.1200146093262338,1,1,1.1460152024995227,1.598237298791389,0,0,1,0,0,0,0,1,0,1,0,0,0,1,0,1,0,1,0,1,0
0,0,1,1,0.14307697319997809,1,1,0.913724613782018,0.473371239899616,0,1,0,0,0,1,0,1,0,1,0,1,0,1,0,1,0,1,1,0,0
0,0,1,1,0.1023712383613841,1,1,1.3783057912170276,0.638896026863784,0,0,1,0,0,1,0,0,0,1,0,1,0,1,0,1,0,0,0,1,0
0,0,1,1,1.6084834273893616,1,0,1.1460152024995227,2.173403004157596,0,1,1,0,0,1,0,1,0,0,0,1,0,1,0,0,0,1,0,0,0
1,0,1,0,1.6084834273893616,1,1,0.8141715043316587,1.7356623871727808,0,1,0,0,0,1,0,1,0,1,0,1,0,1,0,1,0,1,0,0,0
1,0,1,0,-1.0373893371192475,1,1,0.15048410799593087,-0.8121899702624105,0,0,1,0,0,0,0,0,0,0,0,0,0,0,0,0,0,0,0,1,0
0,1,0,0,-1.2816237461508113,1,1,0.18366847781271725,-0.9794709883880021,0,0,1,0,0,0,0,0,0,0,0,0,0,0,0,0,0,0,0,0,1
1,0,0,0,1.3642490183577978,1,0,-1.508734382843389,-0.46006562239699206,0,0,0,1,1,0,1,0,1,0,1,0,1,0,1,0,0,1,0,0,0
1,0,0,0,-0.06045170099299184,1,0,1.1460152024995227,0.3548256365035275,0,0,1,0,0,0,0,0,0,1,0,1,0,1,0,1,0,1,0,0,0
1,0,0,0,-1.0373893371192475,1,1,0.9469089835988044,-0.7314033368369279,0,1,1,0,0,0,0,0,0,0,0,0,0,1,0,1,0,0,0,1,0
0,1,0,0,-1.2409180113122174,1,1,0.18366847781271725,-0.9597133878219873,0,0,1,0,0,0,0,0,0,0,0,0,0,0,0,0,0,0,0,0,0
0,0,0,0,0.8757802002946699,1,1,0.9800933534155908,1.2382099106995648,0,1,1,0,0,0,0,1,0,1,0,0,0,1,0,0,1,0,0,0,0
1,0,0,0,-1.2816237461508113,1,1,-1.342812533759457,-0.9996676467443727,0,1,0,1,1,0,1,0,1,0,1,0,1,0,1,0,0,0,0,0,1
1,0,1,1,1.5677776925507676,1,1,0.28322158726307645,1.252698817781309,0,0,0,0,0,0,0,1,0,0,0,1,0,1,0,1,0,1,1,0,0
1,0,0,0,-1.1595065416350294,1,0,-1.4755500130266026,-0.9781538150169344,0,0,0,1,1,0,1,0,1,0,1,0,1,0,1,0,0,0,0,0,1
0,0,0,0,-1.2002122764736234,1,1,0.48232780616379484,-0.9030749328660784,0,0,1,0,0,0,0,0,0,0,0,0,0,1,0,0,0,0,0,1,0
0,0,0,1,-0.6303319887333076,1,1,-0.015437741088001118,-0.5303148688539334,0,0,0,0,0,0,0,0,0,0,0,0,0,1,0,1,0,0,0,0,1
1,0,0,0,0.7943687306174818,1,1,0.48232780616379484,0.8413016682178462,0,1,0,0,0,1,0,0,0,0,0,1,0,1,0,1,0,1,1,0,0
0,0,1,1,-1.2409180113122174,1,0,-1.4755500130266026,-0.9965942422118815,0,0,0,1,1,0,1,0,1,0,1,0,1,0,1,0,1,0,0,0,1
0,0,1,0,-0.7524491932490895,1,0,1.3451214214002412,-0.4183551323131831,0,0,1,0,0,1,0,1,0,0,0,1,0,1,0,1,1,0,0,0,1
0,0,1,1,-0.9152721326034655,1,0,0.18366847781271725,-0.7134019674323367,0,1,0,0,0,1,0,1,0,0,0,0,0,1,0,0,1,0,0,1,0
1,0,0,0,-1.2409180113122174,1,0,-1.4755500130266026,-0.9943989532601021,0,0,0,1,1,0,1,0,1,0,1,0,1,0,1,0,0,0,0,0,1
1,0,1,1,0.9978974048104517,1,0,-0.1813595901719331,0.5304487526458809,0,0,0,0,0,1,0,1,0,0,0,1,0,0,0,0,1,0,0,0,1
1,1,1,0,-0.7931549280876836,1,0,0.18366847781271725,-0.6374449697007689,0,0,1,0,0,0,0,0,0,0,0,0,0,0,0,0,0,0,0,0,0
1,1,0,0,1.2828375486806096,1,0,1.245568311949882,1.9262134681872338,0,1,1,0,0,0,0,0,0,1,0,1,0,1,0,1,1,0,0,1,0
0,0,0,0,0.9978974048104517,0,1,-0.7786782468740883,-0.018812543089329267,1,0,0,0,0,1,0,0,0,1,0,1,0,0,0,0,1,0,1,0,0
0,0,1,1,1.5677776925507676,1,0,0.3827746967134356,1.376513114661668,0,0,1,0,0,0,0,0,0,1,0,0,0,0,0,0,0,1,0,1,0
1,0,0,0,-1.2816237461508113,1,1,0.18366847781271725,-0.9794709883880021,0,0,1,0,0,0,0,0,0,0,0,0,0,0,0,0,0,0,0,0,1
0,0,0,0,-1.2816237461508113,1,1,0.34959032689664926,-0.9772756994362226,0,1,1,0,0,0,0,0,0,0,0,0,0,0,0,0,0,0,0,1,0
1,0,0,0,-1.2816237461508113,1,0,-0.679125137423729,-0.990886490937255,0,0,0,0,0,0,0,0,0,0,0,0,0,0,0,0,0,0,0,0,1
0,1,1,0,0.8350744654560759,1,1,1.013277723232377,1.192108842712197,0,1,1,0,0,0,0,0,0,0,0,0,0,1,0,1,1,0,1,0,0
0,0,0,0,-1.2816237461508113,1,1,-0.14817522035514671,-0.983861566291561,0,1,0,0,0,0,0,0,0,0,0,0,0,0,0,1,0,0,0,1,0
1,1,1,0,1.1200146093262338,1,1,1.07964646286595,1.5657470223050538,0,0,1,0,0,0,0,1,0,1,0,0,0,1,0,1,1,0,0,1,0
0,0,1,0,-1.2816237461508113,1,1,-0.6459407676069426,-0.9904474331468992,0,0,0,0,0,0,0,0,0,0,0,0,0,0,0,0,0,0,0,1,0
0,0,0,1,-0.6710377235719016,1,1,0.5486965457973676,-0.43416121276599495,0,0,1,0,0,0,0,0,0,0,0,0,0,1,0,0,0,0,0,1,0
0,0,0,0,1.5270719577121736,1,0,-1.508734382843389,-0.42142853684567433,0,0,0,1,1,0,1,0,1,0,1,0,1,0,1,0,1,0,0,0,0
0,0,1,0,1.3642490183577978,1,0,0.8141715043316587,1.5793578138060862,0,1,1,0,0,1,0,1,0,0,0,1,0,0,0,0,1,0,0,1,0
0,0,0,0,-0.30468611002455576,1,1,0.48232780616379484,-0.12550358614580892,0,0,1,0,0,1,0,1,0,0,0,0,0,0,0,0,0,0,0,0,0
0,0,0,0,-1.2816237461508113,1,0,-1.508734382843389,-1.0018629356961521,0,0,0,1,1,0,1,0,1,0,1,0,1,0,1,0,0,0,0,0,1
1,0,0,0,0.18378270803857208,1,0,0.08411536836235807,0.06241314812650916,0,1,0,0,0,1,0,1,0,1,0,1,0,0,0,0,1,0,0,1,0
1,0,0,1,-1.2816237461508113,1,1,-1.508734382843389,-1.0018629356961521,0,0,0,1,1,0,1,0,1,0,1,0,1,0,1,0,0,0,0,0,1
0,0,0,0,-1.1595065416350294,1,1,0.48232780616379484,-0.8710237141700989,0,0,1,0,0,0,0,0,0,0,0,0,0,0,0,1,0,0,0,1,0
0,0,0,0,-1.2002122764736234,1,0,-0.679125137423729,-0.9566399832894962,0,0,0,0,0,0,0,0,0,0,0,0,0,0,0,0,0,0,0,1,0
0,0,0,0,-0.1418631706701798,1,1,0.050930998545571676,-0.17072653855246492,0,1,0,0,0,1,0,0,0,0,0,0,0,0,0,1,0,0,0,1,0
1,0,1,0,1.1607203441648277,1,0,0.34959032689664926,1.0660992568800585,0,1,0,0,0,1,0,0,0,1,0,1,0,0,0,1,0,1,1,0,0
0,1,1,0,1.6084834273893616,1,1,1.7101494893848914,2.6238762970627327,0,1,1,0,0,1,0,1,0,1,0,1,0,1,0,1,0,1,1,0,0
1,0,1,1,1.4456604880349857,1,1,1.2787526817666683,2.0956897752646046,0,0,1,0,0,1,0,1,0,1,0,0,0,1,0,1,0,1,1,0,0
1,0,0,0,-1.2816237461508113,1,0,-1.4755500130266026,-1.0014238779057962,0,0,0,1,1,0,1,0,1,0,1,0,1,0,1,0,0,0,0,0,1
1,0,1,1,0.7536629957788878,1,0,-1.508734382843389,-0.5333882733864246,0,0,0,1,1,0,1,0,1,0,1,0,1,0,1,0,0,1,1,0,0
0,0,0,0,-0.9966836022806536,1,1,1.2787526817666683,-0.6383230852814807,0,1,1,0,0,1,0,0,0,0,0,1,0,1,0,1,0,0,0,0,0
1,0,0,0,1.4863662228735797,1,1,1.5110432704841732,2.251994348631299,0,1,1,0,0,1,0,1,0,1,0,0,0,1,0,1,0,1,1,0,0
1,0,0,0,-0.7524491932490895,1,0,-1.508734382843389,-0.8679503096376077,0,0,0,1,1,0,1,0,1,0,1,0,1,0,1,0,1,0,0,0,1
0,0,1,0,1.2014260790034217,1,1,1.2123839421330955,1.696147186040751,0,1,1,0,0,0,0,0,0,1,0,0,0,1,0,1,0,0,0,1,0
0,1,0,0,0.7129572609402939,1,1,0.6150652854309404,0.7956396580208344,0,1,1,0,0,1,0,1,0,0,0,0,0,0,0,0,0,0,0,1,0
0,0,1,0,1.5677776925507676,1,1,0.6482496552477268,1.644338366778757,0,0,0,0,0,1,0,1,0,1,0,1,0,1,0,1,1,0,0,0,0
1,0,0,0,0.22448844287716607,1,1,-0.08180648072157391,0.023337004784835535,0,0,0,0,0,0,0,0,0,1,0,1,0,0,0,1,1,0,0,0,1
1,1,1,0,1.0386031396490458,1,1,1.1128308326827363,1.5415988438354802,0,1,1,0,0,0,0,0,0,1,0,0,0,1,0,1,0,0,0,1,0
0,0,0,0,0.631545791263106,1,0,-1.342812533759457,-0.512752557239698,0,1,0,1,1,0,1,0,1,0,1,0,1,0,1,0,1,0,0,0,0
1,0,0,0,-1.2409180113122174,0,1,-0.8118626166908747,-0.9763975838555109,1,0,0,0,0,0,0,1,0,1,0,1,0,0,0,0,0,0,1,0,0
1,0,1,1,-0.1418631706701798,1,1,-0.14817522035514671,-0.2049730462002238,0,0,0,0,0,1,0,0,0,0,0,0,0,0,0,1,0,0,0,0,1
0,0,1,1,1.3642490183577978,1,1,-0.2145439599887195,0.6626051475430017,0,0,0,0,0,1,0,1,0,0,0,1,0,0,0,0,0,1,1,0,0
1,0,1,0,1.3642490183577978,1,1,1.3119370515834547,2.014903141839122,0,1,1,0,0,0,0,1,0,0,0,1,0,1,0,1,1,0,0,1,0
1,0,1,1,0.8757802002946699,0,0,-0.6127563977901562,0.05407105010974737,1,0,0,0,0,0,0,0,0,1,0,1,0,0,0,1,0,1,1,0,0
0,0,1,1,1.3642490183577978,1,1,-0.1813595901719331,0.7442698965491961,0,0,0,0,0,1,0,0,0,0,0,0,0,1,0,0,0,1,0,1,0
1,0,0,0,-0.5896262538947137,1,0,-1.4755500130266026,-0.8341428597802046,0,0,0,1,1,0,1,0,1,0,1,0,1,0,1,0,1,0,0,0,1
0,0,0,0,-1.2409180113122174,0,1,-1.0109688355915931,-0.9829834507108491,1,0,0,0,0,0,0,0,0,0,0,0,0,0,0,1,0,0,0,1,0
1,0,0,0,-1.2002122764736234,1,0,-1.508734382843389,-0.983422508501205,0,0,0,1,1,0,1,0,1,0,1,0,1,0,1,0,1,0,0,0,1
1,1,0,0,-1.2816237461508113,0,1,-1.3096281639426706,-0.9992285889540168,1,0,0,0,0,0,0,0,0,0,0,0,0,0,0,0,0,0,0,1,0
0,0,1,1,-1.2816237461508113,1,1,-1.508734382843389,-1.0018629356961521,0,0,0,1,1,0,1,0,1,0,1,0,1,0,1,0,0,0,0,0,1
1,0,1,0,0.6722515261016999,1,1,0.6814340250645132,0.8764262914463169,0,0,1,0,0,0,0,1,0,0,0,0,0,1,0,0,0,0,1,0,0
0,0,1,1,1.6084834273893616,1,1,0.6814340250645132,1.6724380653615334,0,1,0,0,0,1,0,0,0,1,0,1,0,1,0,1,0,1,1,0,0
1,0,1,1,-1.2409180113122174,1,1,-0.679125137423729,-0.9706898325808844,0,0,0,0,0,0,0,0,0,0,0,0,0,0,0,0,0,0,0,1,0
1,0,1,0,-0.8745663977648716,1,1,-1.4755500130266026,-0.9294184002874314,0,0,0,1,1,0,1,0,1,0,1,0,1,0,1,0,1,0,0,0,1
0,0,1,1,-1.2002122764736234,1,0,-1.508734382843389,-0.9864959130336962,0,0,0,1,1,0,1,0,1,0,1,0,1,0,1,0,0,0,0,0,1
0,0,1,1,0.020959768684196134,1,0,0.7809871345148723,0.25779386483487726,0,1,1,0,0,0,0,1,0,1,0,1,0,0,0,0,0,0,1,0,0
1,0,0,1,-0.9966836022806536,0,0,-1.3096281639426706,-0.915807608786399,1,0,0,0,0,0,0,0,0,0,0,0,0,0,0,0,0,0,0,0,1
0,0,0,0,1.2421318138420157,1,0,1.1128308326827363,1.7198563067199688,0,1,1,0,0,1,0,1,0,1,0,0,0,1,0,0,0,1,1,0,0
0,0,0,1,-0.8745663977648716,1,0,-1.4755500130266026,-0.9131732620442637,0,0,0,1,1,0,1,0,1,0,1,0,1,0,1,0,0,0,1,0,0
0,0,1,1,0.14307697319997809,0,0,-0.8118626166908747,-0.33098263203236233,1,0,0,0,0,1,0,0,0,1,0,1,0,0,0,0,0,1,1,0,0
1,0,1,1,-0.9966836022806536,1,1,0.9800933534155908,-0.6769601708327985,0,0,1,0,0,0,0,0,0,1,0,0,0,1,0,1,0,0,0,1,0
0,1,0,0,-0.9152721326034655,0,1,-1.0109688355915931,-0.8657550206858283,1,0,0,0,0,0,0,0,0,0,0,0,0,0,0,1,0,0,0,1,0
0,0,0,0,-1.2002122764736234,1,1,0.34959032689664926,-0.8916594303168254,0,1,1,0,0,0,0,0,0,0,0,0,0,0,0,0,0,0,1,0,0
0,0,0,0,-0.1418631706701798,1,1,0.11729973817914446,-0.14526118671182367,0,0,0,0,0,1,0,1,0,1,0,0,0,0,0,1,0,0,0,0,0
0,0,1,1,1.2828375486806096,1,1,-0.3804658090726515,0.4821523957067337,0,1,0,0,0,0,0,1,0,0,0,0,0,0,0,0,1,0,0,0,0
1,0,1,1,0.7129572609402939,1,1,1.4446745308506004,1.3743178257098887,0,1,1,0,0,1,0,1,0,1,0,0,0,1,0,1,1,0,0,1,0
1,1,0,0,-1.2816237461508113,1,1,0.15048410799593087,-0.979910046178358,0,0,1,0,0,0,0,0,0,0,0,0,0,0,0,0,0,0,0,1,0
0,0,1,0,-1.0373893371192475,1,1,0.34959032689664926,-0.7924323696963957,0,0,1,0,0,0,0,0,0,1,0,0,0,0,0,0,0,0,0,0,0
0,0,0,0,-0.7524491932490895,1,0,-0.44683454870622424,-0.6910100201241867,0,0,0,0,0,0,0,1,0,0,0,0,0,0,0,0,1,0,1,0,0
1,0,0,0,-1.2816237461508113,1,0,0.18366847781271725,-0.9794709883880021,0,0,1,0,0,0,0,0,0,0,0,0,0,0,0,0,0,0,0,0,1
0,1,0,0,-1.2002122764736234,1,1,0.18366847781271725,-0.9070264529792813,0,0,1,0,0,0,0,0,0,0,0,0,0,0,0,0,0,0,0,1,0
0,0,0,0,-1.2002122764736234,1,0,-0.015437741088001118,-0.9338089781909902,0,1,0,0,0,0,0,0,0,0,0,1,0,1,0,0,0,0,0,1,0
0,0,0,0,-1.2409180113122174,1,1,0.34959032689664926,-0.9474197696920226,0,1,1,0,0,0,0,0,0,0,0,0,0,0,0,0,0,0,0,1,0
1,0,1,0,0.14307697319997809,0,0,-0.9777844657748066,-0.4319659238142155,1,0,0,0,0,1,0,0,0,1,0,0,0,0,0,0,1,0,0,0,1
0,0,1,1,1.4456604880349857,1,1,1.2787526817666683,2.080322752602149,0,1,1,0,0,0,0,1,0,0,0,1,0,1,0,1,0,1,1,0,0
1,1,0,0,0.020959768684196134,1,1,0.6150652854309404,0.18227592489366531,0,1,1,0,0,0,0,1,0,1,0,0,0,0,0,0,0,0,1,0,0
0,0,0,0,-0.9559778674420595,1,0,1.1128308326827363,-0.6049546932144335,0,1,1,0,0,0,0,0,0,1,0,0,0,1,0,1,0,0,1,0,0
1,1,1,0,-0.019745966154397852,1,1,0.6814340250645132,0.14978564840732994,0,1,1,0,0,0,0,0,0,0,0,0,0,0,0,1,0,0,0,1,0
1,0,1,0,-0.4268033145403377,1,1,-0.3472814392558651,-0.5044104592229363,0,0,0,0,0,1,0,0,0,0,0,1,0,0,0,0,0,0,0,1,0
0,0,1,0,-0.5489205190561197,1,1,0.8141715043316587,-0.29893141333638285,0,1,1,0,0,0,0,1,0,0,0,0,0,0,0,1,0,0,0,1,0
1,0,1,1,1.4049547531963917,1,1,-0.14817522035514671,0.7253904115638931,0,0,0,0,0,1,0,0,0,1,0,1,0,0,0,0,0,1,0,0,0
0,0,1,1,0.346605647392948,1,0,-1.508734382843389,-0.6572025702667836,0,0,0,1,1,0,1,0,1,0,1,0,1,0,1,0,0,1,0,0,0
0,0,0,0,-1.2002122764736234,1,0,0.6814340250645132,-0.8907813147361137,0,0,1,0,0,0,0,0,0,0,0,1,0,0,0,1,0,0,0,1,0
1,0,0,0,0.7943687306174818,1,0,-1.508734382843389,-0.5601707985981335,0,0,0,1,1,0,1,0,1,0,1,0,1,0,1,0,0,1,0,0,1
0,0,0,0,-1.2816237461508113,1,1,0.5486965457973676,-0.9746413526940874,0,0,1,0,0,0,0,0,0,0,0,0,0,0,0,1,0,0,0,1,0
0,0,1,1,-1.2409180113122174,1,0,0.01774662872878528,-0.9513712898052256,0,0,0,0,0,0,0,0,0,0,0,0,0,1,0,1,0,0,0,0,1
0,0,0,0,-1.2409180113122174,1,1,0.747802764698086,-0.9298574580777873,0,0,1,0,0,0,0,1,0,0,0,0,0,1,0,0,0,0,0,0,0
1,0,1,1,-0.9966836022806536,1,1,-1.508734382843389,-0.9434682495788197,0,0,0,1,1,0,1,0,1,0,1,0,1,0,1,0,0,0,0,0,1
0,1,1,0,0.387311382231542,1,1,1.013277723232377,0.7152920823857077,0,1,1,0,0,0,0,1,0,1,0,0,0,1,0,0,0,0,0,1,0
0,1,1,0,-0.7931549280876836,1,1,0.18366847781271725,-0.6080280977469248,0,0,1,0,0,0,0,0,0,0,0,0,0,0,0,0,0,0,0,1,0
0,0,0,0,-0.9966836022806536,1,0,0.21685284762950366,-0.7630154977425516,0,1,0,0,0,1,0,0,0,0,0,1,0,0,0,1,0,0,0,1,0
0,0,1,0,0.8350744654560759,1,0,-1.508734382843389,-0.5755378212605894,0,0,0,1,1,0,1,0,1,0,1,0,1,0,1,0,1,0,1,0,0
0,0,0,0,-0.7117434584104956,1,1,0.6150652854309404,-0.5140697306107657,0,0,1,0,0,0,0,1,0,0,0,0,0,1,0,0,0,0,0,0,0
0,0,0,0,0.26519417771576004,0,1,-0.48001891852301065,-0.12725981730723246,1,0,0,0,0,0,0,0,0,1,0,0,0,1,0,1,0,0,0,1,0
1,1,1,0,-0.22327464034736777,0,0,-0.9446000959580202,-0.5570973940656423,1,0,0,0,0,0,0,0,0,0,0,0,0,0,0,1,0,0,0,0,0
0,0,0,0,-1.2816237461508113,1,1,1.1791995723163091,-0.9662992546773256,0,1,1,0,0,0,0,1,0,0,0,0,0,1,0,1,0,0,1,0,0
0,0,0,0,0.5501343215859179,1,1,-1.4423656432098162,-0.5988078841494512,0,0,0,1,1,0,1,0,1,0,1,0,1,0,1,0,0,1,0,1,0
1,0,1,0,-0.6303319887333076,1,1,0.5155121759805812,-0.4236238257974537,0,1,1,0,0,0,0,1,0,0,0,0,0,0,0,0,0,0,0,0,0
1,0,1,1,0.7536629957788878,1,0,-1.508734382843389,-0.5724644167280982,0,0,0,1,1,0,1,0,1,0,1,0,1,0,1,0,1,0,0,0,1
0,0,0,0,-0.9559778674420595,1,1,0.6814340250645132,-0.667300899444969,0,0,1,0,0,0,0,0,0,1,0,0,0,0,0,1,0,0,1,0,0
0,1,0,0,0.5094285867473239,1,1,1.1791995723163091,0.94755365348397,0,1,1,0,0,0,0,0,0,1,0,0,0,1,0,1,1,0,0,0,0
1,0,1,1,1.4863662228735797,1,1,1.3451214214002412,2.1935996625139667,0,1,1,0,0,0,0,1,0,1,0,0,0,1,0,1,0,1,0,1,0
0,0,1,1,0.9978974048104517,1,0,-1.508734382843389,-0.4517235243802303,0,0,0,1,1,0,1,0,1,0,1,0,1,0,1,0,0,1,0,0,0
0,0,0,1,-0.4268033145403377,0,1,-0.5132032883397971,-0.5575364518559982,1,0,0,0,0,0,0,0,0,1,0,0,0,1,0,1,1,0,1,0,0
1,0,0,0,-1.2816237461508113,1,1,0.5155121759805812,-0.9750804104844433,0,0,1,0,0,0,0,0,0,0,0,0,0,1,0,0,0,0,0,1,0
1,0,0,0,-0.9152721326034655,1,1,-0.44683454870622424,-0.780138751566431,0,0,0,0,0,1,0,0,0,0,0,0,0,0,0,0,0,0,0,0,1
1,0,0,0,-0.019745966154397852,1,1,-1.4755500130266026,-0.7406235504344015,0,0,0,1,1,0,1,0,1,0,1,0,1,0,1,0,0,1,0,0,0
0,0,1,1,-0.6710377235719016,1,1,0.48232780616379484,-0.4539188133320097,0,1,1,0,0,0,0,1,0,0,0,0,0,0,0,0,0,0,1,0,0
0,0,1,1,0.9978974048104517,1,1,1.013277723232377,1.4199798359069005,0,0,1,0,0,0,0,1,0,0,0,0,0,1,0,1,1,0,0,1,0
0,0,0,0,-0.5896262538947137,1,0,-1.508734382843389,-0.8385334376837635,0,0,0,1,1,0,1,0,1,0,1,0,1,0,1,0,0,0,0,0,1
0,0,1,1,0.346605647392948,1,1,0.050930998545571676,0.18754461837793593,0,0,0,0,0,0,0,1,0,0,0,1,0,0,0,1,1,0,0,0,0
1,0,0,0,-0.7524491932490895,1,0,0.3827746967134356,-0.5197774818853922,0,0,1,0,0,0,0,0,0,1,0,0,0,0,0,0,0,0,0,1,0
0,0,0,0,-0.9559778674420595,1,1,0.9800933534155908,-0.6198826580865336,0,1,1,0,0,0,0,0,0,0,0,0,0,1,0,1,0,0,0,1,0
0,1,0,0,-0.7931549280876836,1,1,1.1791995723163091,-0.4359174439274185,0,1,1,0,0,1,0,0,0,0,0,0,0,1,0,1,0,0,0,1,0
1,0,0,0,-1.2816237461508113,1,1,0.34959032689664926,-0.9772756994362226,0,1,1,0,0,0,0,0,0,0,0,0,0,0,0,0,0,0,0,1,0
1,0,1,0,1.4456604880349857,1,1,1.1791995723163091,1.9551912823507223,0,0,1,0,0,0,0,1,0,0,0,1,0,1,0,1,1,0,0,1,0
0,0,1,1,0.631545791263106,1,0,-1.4755500130266026,-0.5592926830174217,0,0,0,1,1,0,1,0,1,0,1,0,1,0,1,0,0,1,0,0,0
1,1,0,0,-0.7931549280876836,1,1,1.3783057912170276,-0.411330207667489,0,1,1,0,0,0,0,1,0,1,0,0,0,1,0,1,0,0,0,1,0
1,0,0,0,-1.2409180113122174,1,1,-0.31409706943907867,-0.960591503402699,0,0,0,0,0,1,0,0,0,1,0,0,0,0,0,0,0,0,0,0,1
0,0,0,0,-0.019745966154397852,1,0,0.31640595707986285,-0.008275156120788066,0,1,0,0,0,1,0,0,0,0,0,0,0,1,0,1,1,0,0,0,1
0,0,1,0,0.7536629957788878,1,1,-0.14817522035514671,0.3706317169563393,0,0,0,0,0,1,0,1,0,0,0,1,0,0,0,0,1,0,0,0,0
0,0,0,0,-1.2816237461508113,1,0,0.15048410799593087,-0.979910046178358,0,0,1,0,0,0,0,0,0,0,0,0,0,0,0,0,0,0,0,0,1
0,0,0,0,-0.30468611002455576,1,0,-1.508734382843389,-0.7788215781953634,0,0,0,1,1,0,1,0,1,0,1,0,1,0,1,0,1,0,1,0,0
0,0,1,1,-0.7524491932490895,1,0,-1.5419187526601754,-0.8982452971721636,0,0,0,1,1,0,1,0,1,0,1,0,1,0,1,0,0,1,0,0,1
0,0,1,0,-0.10115743583158582,1,0,0.18366847781271725,-0.04515601051068227,0,0,0,0,0,0,0,1,0,1,0,1,0,0,0,1,1,0,0,0,0
0,0,1,1,1.6084834273893616,1,0,1.7433338592016778,2.7964260086725945,0,1,1,0,0,1,0,1,0,1,0,1,0,1,0,1,0,1,1,0,0
0,0,1,0,0.9571916699718578,1,1,0.6814340250645132,1.1420562546116264,0,1,1,0,0,0,0,0,0,0,0,0,0,1,0,0,0,0,0,0,0
1,0,1,0,1.6084834273893616,1,1,1.07964646286595,2.1132520868788403,0,1,1,0,0,1,0,1,0,1,0,0,0,1,0,0,0,1,1,0,0
1,0,1,1,0.8350744654560759,1,1,-1.508734382843389,-0.5228508864178834,0,0,0,1,1,0,1,0,1,0,1,0,1,0,1,0,0,1,0,0,1
1,0,0,1,-1.2002122764736234,1,0,-0.31409706943907867,-0.9412729606270402,0,0,0,0,0,1,0,0,0,1,0,0,0,0,0,0,0,0,0,0,1
1,0,0,0,0.26519417771576004,1,0,0.34959032689664926,0.31443231979078623,0,1,1,0,0,0,0,0,0,0,0,0,0,0,0,0,0,0,0,1,0
1,0,1,0,0.30589991255435406,1,1,1.2123839421330955,0.7956396580208344,0,1,1,0,0,0,0,1,0,0,0,0,0,1,0,1,0,0,0,1,0
1,0,0,1,1.1200146093262338,1,0,-1.508734382843389,-0.4881653209797686,0,0,0,1,1,0,1,0,1,0,1,0,1,0,1,0,0,1,0,0,1
0,0,0,0,1.4456604880349857,1,1,0.5155121759805812,1.3299729888839444,0,1,0,0,0,0,0,1,0,1,0,0,0,1,0,1,0,1,0,1,0
1,0,1,1,0.7943687306174818,1,0,0.48232780616379484,0.7530510523563136,0,0,0,0,0,1,0,1,0,1,0,0,0,1,0,1,0,1,0,1,0
1,0,0,1,-0.38609757970174374,0,0,-0.8118626166908747,-0.5944173062458924,1,0,0,0,0,1,0,1,0,0,0,1,0,0,0,0,1,0,0,0,0
1,0,1,0,1.1607203441648277,1,1,0.5486965457973676,1.0740022971064644,0,0,0,0,0,1,0,1,0,0,0,1,0,1,0,1,0,1,0,0,1
0,0,1,1,1.4049547531963917,1,1,-1.508734382843389,-0.40781774534464194,0,0,0,1,1,0,1,0,1,0,1,0,1,0,1,0,0,1,0,0,0
1,0,1,0,1.3642490183577978,1,1,0.6814340250645132,1.4463233033282534,0,0,0,0,0,1,0,1,0,1,0,1,0,1,0,1,0,1,0,0,0
1,0,1,1,-0.9966836022806536,1,0,-1.342812533759457,-0.9210763022706696,0,1,0,1,1,0,1,0,1,0,1,0,1,0,1,0,1,0,0,0,1
0,0,1,1,0.1023712383613841,1,1,-0.1813595901719331,-0.07237759351274704,0,1,0,0,0,1,0,1,0,0,0,0,0,0,0,0,0,0,1,0,0
1,0,1,0,1.2014260790034217,0,1,-0.8782313563244474,0.019385484671632588,1,0,0,0,0,1,0,1,0,0,0,1,0,0,0,0,0,1,1,0,0
0,0,0,0,-1.2816237461508113,1,1,0.6150652854309404,-0.9737632371133756,0,0,1,0,0,1,0,1,0,0,0,1,0,0,0,0,0,0,0,0,1
1,0,0,0,-1.2816237461508113,1,1,-1.4755500130266026,-1.0014238779057962,0,0,0,1,1,0,1,0,1,0,1,0,1,0,1,0,0,0,0,0,1
0,0,1,1,0.346605647392948,1,0,-1.508734382843389,-0.6712524195581719,0,0,0,1,1,0,1,0,1,0,1,0,1,0,1,0,0,1,0,0,0
1,1,1,0,1.6084834273893616,1,0,1.1128308326827363,2.0320263956630016,0,1,1,0,0,0,0,1,0,0,0,0,0,1,0,1,0,1,0,0,0
1,0,0,0,-1.1188008067964355,1,1,0.913724613782018,-0.8117509124720547,0,1,1,0,0,0,0,0,0,1,0,0,0,1,0,0,0,0,0,1,0
0,0,1,1,1.5677776925507676,1,0,1.6437807497513186,2.5461630681697414,0,1,1,0,0,1,0,1,0,1,0,1,0,1,0,1,0,1,0,0,0
1,1,0,0,-1.2816237461508113,1,1,0.28322158726307645,-0.9781538150169344,0,1,1,0,0,0,0,0,0,0,0,0,0,0,0,0,0,0,0,1,0
1,0,0,0,-1.2816237461508113,1,1,-0.7123095072405154,-0.9913255487276109,0,0,0,0,0,0,0,0,0,0,0,0,0,0,0,0,0,0,0,0,0
0,0,0,1,1.2014260790034217,1,0,-1.2764437941258842,-0.291028373109977,0,1,0,1,1,0,1,0,1,0,1,0,1,0,1,0,0,1,0,0,0
0,0,1,1,0.590840056424512,1,1,-1.4423656432098162,-0.5531458739524393,0,0,0,1,1,0,1,0,1,0,1,0,1,0,1,0,0,1,0,0,0
0,1,0,0,-0.6710377235719016,1,1,0.9800933534155908,-0.3467887124851741,0,0,1,0,0,0,0,0,0,0,0,1,0,1,0,1,0,0,0,1,0
0,0,1,0,1.1607203441648277,1,0,1.2123839421330955,1.7923008421286897,0,1,1,0,0,0,0,0,0,0,0,1,0,1,0,1,1,0,0,0,0
1,0,1,0,-0.38609757970174374,1,0,-1.508734382843389,-0.7968229475999546,0,0,0,1,1,0,1,0,1,0,1,0,1,0,1,0,1,0,1,0,0
0,0,0,0,-0.8338606629262776,1,1,0.8141715043316587,-0.5294367532732216,0,0,1,0,0,0,0,0,0,1,0,1,0,0,0,1,0,0,0,1,0
1,0,1,0,-0.22327464034736777,1,0,0.5155121759805812,-0.04252166376854697,0,1,0,0,0,1,0,0,0,0,0,1,0,1,0,1,1,0,0,0,1
0,0,1,0,0.22448844287716607,1,1,-1.4755500130266026,-0.6528119923632248,0,0,0,1,1,0,1,0,1,0,1,0,1,0,1,0,1,0,1,0,0
0,0,0,0,-0.1418631706701798,1,0,-1.4755500130266026,-0.7472094172897398,0,0,0,1,1,0,1,0,1,0,1,0,1,0,1,0,1,0,0,0,1
0,0,1,0,1.2828375486806096,1,0,-1.3096281639426706,-0.2576599810429298,0,1,0,1,1,0,1,0,1,0,1,0,1,0,1,0,0,1,0,0,1
0,0,0,0,0.7536629957788878,1,0,-1.4755500130266026,-0.5623660875499129,0,0,0,1,1,0,1,0,1,0,1,0,1,0,1,0,0,1,0,0,0
1,0,0,0,0.7536629957788878,1,0,-0.1813595901719331,0.3258478223400392,0,1,0,0,0,1,0,0,0,0,0,1,0,0,0,0,1,0,1,0,0
1,0,0,0,-0.22327464034736777,1,0,-0.5132032883397971,-0.4433814263634685,0,1,0,0,0,0,0,0,0,0,0,0,0,0,0,0,0,0,0,0,1
1,0,0,0,-1.1188008067964355,1,1,-0.04862211090478751,-0.870584656379743,0,0,0,0,0,0,0,0,0,1,0,1,0,1,0,0,0,0,1,0,0
0,0,1,1,1.6084834273893616,1,1,1.013277723232377,1.9942674256923958,0,1,1,0,0,1,0,1,0,0,0,0,0,1,0,0,0,1,0,1,0
0,0,1,0,0.7536629957788878,1,1,0.44914343634700843,0.7240732381928254,0,1,0,0,0,0,0,1,0,0,0,1,0,1,0,1,1,0,1,0,0
0,0,0,0,-0.7524491932490895,1,1,0.8141715043316587,-0.5145087884011216,0,0,1,0,0,0,0,0,0,0,0,0,0,1,0,1,0,0,0,0,1
1,0,0,0,-0.4268033145403377,1,0,-0.31409706943907867,-0.46006562239699206,0,0,0,0,0,1,0,0,0,0,0,1,0,0,0,0,0,0,0,0,1
1,0,1,1,0.346605647392948,1,1,1.245568311949882,0.8395454370564227,0,1,1,0,0,0,0,0,0,1,0,1,0,1,0,1,1,0,0,1,0
0,0,0,0,0.387311382231542,1,1,-1.4755500130266026,-0.6396402586525484,0,0,0,1,1,0,1,0,1,0,1,0,1,0,1,0,0,1,0,0,0
0,0,0,0,-1.1595065416350294,1,1,0.18366847781271725,-0.8925375458975372,0,0,1,0,0,0,0,0,0,0,0,0,0,0,0,0,0,0,0,1,0
0,0,1,1,1.6084834273893616,1,1,0.8473558741484452,1.8713312443927483,0,1,1,0,0,1,0,1,0,0,0,1,0,0,0,0,0,1,0,0,0
0,0,0,1,-1.1595065416350294,1,1,-1.4755500130266026,-0.9728851215326638,0,0,0,1,1,0,1,0,1,0,1,0,1,0,1,0,0,0,0,0,0
0,1,1,0,-0.5082147842175256,1,1,-0.14817522035514671,-0.45743127565485675,0,0,0,0,0,0,0,1,0,0,0,0,0,0,0,1,0,0,0,1,0
0,0,0,0,-0.4268033145403377,1,0,0.01774662872878528,-0.377522757810086,0,0,0,0,0,0,0,1,0,1,0,0,0,1,0,0,1,0,0,0,0
1,0,0,0,0.18378270803857208,1,1,1.3119370515834547,0.6485552982516134,0,1,1,0,0,0,0,1,0,0,0,1,0,1,0,1,1,0,1,0,0
0,0,0,0,-1.2816237461508113,1,0,-0.5132032883397971,-0.9886912019854757,0,0,0,0,0,1,0,0,0,0,0,0,0,0,0,0,0,0,0,0,0
1,1,0,0,-0.5082147842175256,1,1,1.1128308326827363,-0.20146058387737675,0,1,1,0,0,0,0,0,0,1,0,0,0,1,0,1,0,0,0,1,0
0,0,1,0,-0.30468611002455576,1,1,0.31640595707986285,-0.2212181844433915,0,0,1,0,0,0,0,0,0,1,0,0,0,0,0,0,0,0,0,1,0
1,0,0,0,-1.1595065416350294,1,0,0.44914343634700843,-0.8653159628954724,0,1,1,0,0,0,0,1,0,0,0,0,0,0,0,0,0,0,0,1,0
1,0,1,1,1.6084834273893616,1,0,-1.3096281639426706,-0.19048413911847967,0,1,0,1,1,0,1,0,1,0,1,0,1,0,1,0,0,1,1,0,0
0,0,1,0,-0.019745966154397852,1,0,-1.508734382843389,-0.7287689900947927,0,0,0,1,1,0,1,0,1,0,1,0,1,0,1,0,0,0,0,0,0
0,0,1,1,1.0793088744876398,1,0,-1.508734382843389,-0.47367641389802445,0,0,0,1,1,0,1,0,1,0,1,0,1,0,1,0,0,1,1,0,0
0,0,0,0,0.1023712383613841,1,0,-1.508734382843389,-0.7393063770633339,0,0,0,1,1,0,1,0,1,0,1,0,1,0,1,0,0,0,0,0,0
1,0,0,1,0.8350744654560759,1,0,-0.08180648072157391,0.4909335515138513,0,0,0,0,0,1,0,1,0,0,0,1,0,0,0,0,1,0,1,0,0
1,0,0,0,1.5677776925507676,1,1,0.48232780616379484,1.4274438183429505,0,1,1,0,0,0,0,1,0,0,0,0,0,0,0,0,1,0,1,0,0
0,0,0,0,-0.8745663977648716,1,1,1.07964646286595,-0.5250461753696628,0,1,1,0,0,0,0,0,0,1,0,0,0,1,0,1,0,0,0,0,0
0,0,1,1,0.7943687306174818,1,0,-1.508734382843389,-0.5404131980321187,0,0,0,1,1,0,1,0,1,0,1,0,1,0,1,0,0,1,0,0,1
1,0,0,0,0.428017117070136,0,1,-0.9777844657748066,-0.3678634864222565,1,0,0,0,0,1,0,0,0,1,0,0,0,0,0,0,1,0,1,0,0
0,0,1,1,-0.38609757970174374,1,1,-1.3096281639426706,-0.7845293294699899,0,1,0,1,1,0,1,0,1,0,1,0,1,0,1,0,0,1,1,0,0
0,0,1,1,-0.8745663977648716,0,0,-0.48001891852301065,-0.7621373821618398,1,0,0,0,0,1,0,0,0,0,0,0,0,1,0,1,0,0,0,1,0
1,0,0,0,-0.1825689055087738,1,1,1.3451214214002412,0.2977481237572626,0,1,1,0,0,0,0,1,0,1,0,0,0,1,0,1,0,0,0,1,0
0,0,1,1,1.2421318138420157,1,1,1.1460152024995227,1.760688681223066,0,1,1,0,0,1,0,0,0,0,0,0,0,1,0,1,1,0,1,0,0
1,1,0,0,-0.7931549280876836,1,1,-0.1813595901719331,-0.6642274949124778,0,0,0,0,0,0,0,1,0,0,0,0,0,1,0,0,0,0,0,1,0
0,0,0,0,-0.6303319887333076,1,1,0.9800933534155908,-0.3002485867074505,0,1,1,0,0,1,0,1,0,0,0,0,0,1,0,0,0,0,0,1,0
1,0,0,0,-1.2002122764736234,1,1,0.7146183948812996,-0.9030749328660784,0,0,1,0,0,1,0,0,0,0,0,0,0,0,0,1,0,0,0,0,1
0,0,0,0,-1.1595065416350294,1,0,-0.6459407676069426,-0.9263449957549402,0,0,0,0,0,0,0,0,0,0,0,0,0,0,0,0,0,0,0,0,1
1,0,1,1,0.590840056424512,1,0,0.747802764698086,0.7534901101466696,0,1,1,0,0,0,0,1,0,0,0,0,0,1,0,0,0,0,0,1,0
0,0,1,1,1.4863662228735797,1,0,-0.1813595901719331,0.804859871618308,0,0,0,0,0,0,0,1,0,1,0,1,0,0,0,0,1,0,0,0,0
0,0,0,0,-1.2002122764736234,1,1,0.48232780616379484,-0.9021968172853666,0,0,1,0,0,1,0,1,0,0,0,0,0,0,0,0,0,0,0,1,0
0,0,1,1,-0.8745663977648716,1,0,-1.3096281639426706,-0.8784876966061489,0,1,0,1,1,0,1,0,1,0,1,0,1,0,1,0,0,1,0,0,1
0,1,0,0,-0.9966836022806536,1,1,0.9800933534155908,-0.6844241532688484,0,0,1,0,0,0,0,0,0,1,0,0,0,1,0,1,0,0,1,0,0
1,0,0,0,-1.1595065416350294,1,0,-1.508734382843389,-0.975958526065155,0,0,0,1,1,0,1,0,1,0,1,0,1,0,1,0,0,0,0,0,1
0,0,0,0,0.8350744654560759,0,1,-0.3804658090726515,0.25384234472167433,1,0,0,0,0,1,0,1,0,1,0,1,0,1,0,0,1,0,0,1,0
0,0,1,1,-0.5082147842175256,1,0,-1.4755500130266026,-0.8271179351345106,0,0,0,1,1,0,1,0,1,0,1,0,1,0,1,0,0,0,0,1,0
1,1,0,0,-1.1188008067964355,0,0,-0.6459407676069426,-0.9162466665767549,1,0,0,0,0,0,0,0,0,1,0,1,0,1,0,0,0,0,1,0,0
0,0,0,0,-1.1595065416350294,1,1,0.18366847781271725,-0.8934156614782489,0,0,1,0,0,0,0,0,0,0,0,0,0,0,0,0,0,0,1,0,0
0,0,0,0,1.2014260790034217,1,1,0.01774662872878528,0.6784112279958135,0,0,0,0,0,1,0,0,0,0,0,1,0,0,0,1,0,1,0,0,1
0,1,0,0,0.46872285190873,1,0,0.8141715043316587,0.7416355498070607,0,0,1,0,0,0,0,1,0,1,0,0,0,0,0,1,1,0,1,0,0
1,0,0,0,-1.2002122764736234,1,1,-1.508734382843389,-0.9847396818722727,0,0,0,1,1,0,1,0,1,0,1,0,1,0,1,0,0,0,0,0,1
0,0,1,1,1.6084834273893616,1,1,0.6482496552477268,1.617994899357404,0,1,0,0,0,1,0,0,0,1,0,1,0,1,0,1,0,1,0,0,0
1,0,1,1,-0.8338606629262776,1,0,-1.508734382843389,-0.896928123801096,0,0,0,1,1,0,1,0,1,0,1,0,1,0,1,0,0,1,0,0,1
1,0,1,1,-1.2409180113122174,1,0,1.07964646286595,-0.9294184002874314,0,0,1,0,0,1,0,0,0,0,0,0,0,1,0,1,0,0,0,1,0
1,0,1,0,0.631545791263106,1,0,-1.508734382843389,-0.6348106229586337,0,0,0,1,1,0,1,0,1,0,1,0,1,0,1,0,0,1,0,0,1
1,0,0,0,-1.1595065416350294,1,1,-0.2809126996222923,-0.9074655107696372,0,0,0,0,0,0,0,0,0,0,0,0,0,1,0,0,0,0,0,1,0
0,0,0,0,0.06166550352279012,1,0,0.6814340250645132,0.26130632715772434,0,1,1,0,0,0,0,0,0,0,0,0,0,1,0,0,0,0,0,1,0
1,0,0,0,1.2014260790034217,1,1,0.31640595707986285,1.052488465379026,0,0,0,0,0,1,0,1,0,0,0,0,0,1,0,1,1,0,1,0,0
1,0,0,0,-1.2816237461508113,1,1,0.5155121759805812,-0.9750804104844433,0,0,1,0,0,0,0,0,0,0,0,0,0,0,0,1,0,0,0,0,1
1,0,1,0,0.8350744654560759,1,0,0.415959066530222,0.8140800852157815,0,1,0,0,0,1,0,0,0,1,0,1,0,1,0,0,1,0,0,0,0
1,1,1,0,-0.4268033145403377,1,1,0.8141715043316587,-0.15931103600321195,0,0,1,0,0,0,0,0,0,0,0,0,0,1,0,1,0,0,0,0,0
0,0,0,0,1.6084834273893616,1,1,0.28322158726307645,1.301434232510812,0,0,0,0,0,1,0,1,0,1,0,1,0,0,0,1,0,1,1,0,0
0,0,0,0,-1.2002122764736234,1,0,1.013277723232377,-0.8815611011386401,0,0,1,0,0,0,0,1,0,0,0,0,0,1,0,1,0,0,0,1,0
1,0,1,1,-1.2816237461508113,1,0,-1.508734382843389,-1.0018629356961521,0,0,0,1,1,0,1,0,1,0,1,0,1,0,1,0,1,0,1,0,0
0,0,0,1,1.4049547531963917,1,1,1.3119370515834547,2.080322752602149,0,1,1,0,0,0,0,1,0,0,0,1,0,1,0,1,0,1,0,1,0
0,0,0,0,-1.1595065416350294,1,1,-0.015437741088001118,-0.8991234127528754,0,1,0,0,0,0,0,0,0,0,0,1,0,1,0,0,0,0,0,0,1
1,0,1,1,-0.2639803751859618,1,1,-1.4755500130266026,-0.7884808495831929,0,0,0,1,1,0,1,0,1,0,1,0,1,0,1,0,1,0,0,0,0
1,0,0,0,-1.2409180113122174,1,1,0.7146183948812996,-0.9377604983041932,0,1,1,0,0,0,0,0,0,0,0,0,0,0,0,1,0,0,0,1,0
0,0,0,0,-1.2409180113122174,1,0,-1.508734382843389,-0.9935208376793904,0,0,0,1,1,0,1,0,1,0,1,0,1,0,1,0,0,0,0,0,1
1,1,0,0,-0.22327464034736777,1,1,1.3119370515834547,0.2911622569019244,0,1,1,0,0,0,0,1,0,0,0,1,0,1,0,1,1,0,0,0,0
0,0,1,1,1.2828375486806096,0,1,-0.3472814392558651,0.49268978267527486,1,0,0,0,0,0,0,1,0,0,0,1,0,1,0,1,0,1,0,1,0
0,0,1,0,-0.5896262538947137,0,1,-0.8450469865076611,-0.7164753719648279,1,0,0,0,0,0,0,0,0,1,0,0,0,1,0,0,0,0,0,1,0
1,0,1,1,1.4049547531963917,1,1,0.48232780616379484,1.3137278506407768,0,1,0,0,0,1,0,0,0,1,0,0,0,1,0,1,0,1,0,1,0
1,0,1,1,0.7129572609402939,1,0,0.34959032689664926,0.7570025724695166,0,0,0,0,0,1,0,0,0,0,0,1,0,1,0,1,1,0,0,1,0
0,0,1,0,0.26519417771576004,1,1,1.3119370515834547,0.804859871618308,0,0,1,0,0,1,0,0,0,1,0,1,0,1,0,1,1,0,1,0,0
1,0,0,0,-1.1595065416350294,1,1,0.7809871345148723,-0.847753651281237,0,0,1,0,0,0,0,0,0,0,0,0,0,1,0,1,0,0,0,1,0
0,1,1,0,-0.8745663977648716,1,1,1.3119370515834547,-0.512752557239698,0,1,1,0,0,0,0,0,0,1,0,1,0,1,0,1,0,0,0,0,0
0,1,0,0,-1.2409180113122174,1,0,0.5486965457973676,-0.9390776716752608,0,0,1,0,0,0,0,0,0,0,0,0,0,1,0,0,0,0,0,0,1
0,0,0,1,-0.6710377235719016,1,1,-1.508734382843389,-0.8521442291847959,0,0,0,1,1,0,1,0,1,0,1,0,1,0,1,0,1,0,0,0,0
0,0,0,0,0.22448844287716607,1,1,0.6482496552477268,0.4228795940086894,0,0,1,0,0,0,0,1,0,1,0,1,0,0,0,0,0,0,1,0,0
0,0,1,0,1.6084834273893616,1,1,0.9800933534155908,2.0285139333401547,0,1,1,0,0,1,0,1,0,0,0,0,0,0,0,1,0,1,1,0,0
0,0,0,0,-0.5489205190561197,0,1,-0.8450469865076611,-0.6984740025602367,1,0,0,0,0,0,0,1,0,0,0,0,0,0,0,1,0,0,0,1,0
1,0,0,0,-1.2816237461508113,1,0,-1.4755500130266026,-1.0014238779057962,0,0,0,1,1,0,1,0,1,0,1,0,1,0,1,0,0,0,0,0,1
1,0,1,1,0.387311382231542,1,0,0.28322158726307645,0.34560542290605395,0,0,0,0,0,0,0,0,0,1,0,1,0,1,0,1,1,0,0,1,0
1,0,0,1,-0.9966836022806536,0,1,-0.679125137423729,-0.8596082116208459,1,0,0,0,0,1,0,0,0,0,0,1,0,0,0,1,0,1,0,0,1
0,0,1,1,0.9571916699718578,1,1,-1.508734382843389,-0.5188993663046805,0,0,0,1,1,0,1,0,1,0,1,0,1,0,1,0,0,1,1,0,0
1,0,1,1,1.2014260790034217,1,0,0.21685284762950366,0.9598472716139348,0,0,0,0,0,1,0,0,0,1,0,1,0,0,0,1,1,0,1,0,0
1,0,0,0,-1.2409180113122174,1,0,-0.3804658090726515,-0.9579571566605638,0,0,0,0,0,1,0,0,0,1,0,0,0,0,0,0,0,0,0,1,0
1,0,1,0,0.1023712383613841,1,1,0.34959032689664926,0.12080783424384164,0,1,1,0,0,0,0,0,0,0,0,0,0,0,0,0,0,0,0,1,0
1,0,1,0,-0.10115743583158582,1,0,-1.508734382843389,-0.7573077464679251,0,0,0,1,1,0,1,0,1,0,1,0,1,0,1,0,1,0,1,0,0
0,0,1,1,1.0793088744876398,1,0,0.8473558741484452,1.2702611293955444,0,1,0,0,0,1,0,1,0,1,0,1,0,1,0,1,0,1,1,0,0
0,0,1,0,1.3235432835192036,1,1,1.4446745308506004,2.115008318040264,0,1,1,0,0,0,0,1,0,1,0,1,0,1,0,1,1,0,1,0,0
0,0,0,1,1.2014260790034217,1,1,1.1791995723163091,1.805472575839366,0,1,1,0,0,0,0,0,0,1,0,0,0,1,0,1,1,0,0,1,0
1,0,0,0,0.30589991255435406,1,1,-0.1149908505383603,0.15198093735910936,0,0,0,0,0,1,0,1,0,0,0,1,0,0,0,0,0,0,0,0,1
1,0,0,0,-0.3453918448631497,1,1,1.1460152024995227,0.0452898943026297,0,1,1,0,0,0,0,1,0,0,0,0,0,1,0,1,0,0,0,0,0
0,0,1,0,-0.7117434584104956,1,0,0.7809871345148723,-0.399914705118236,0,0,1,0,0,0,0,0,0,0,0,0,0,1,0,1,0,0,0,1,0
1,0,1,0,0.1023712383613841,1,0,-0.1149908505383603,-0.07501194025488234,0,0,0,0,0,1,0,1,0,1,0,0,0,0,0,0,0,0,0,0,1
0,0,1,1,0.7536629957788878,1,0,0.6814340250645132,0.9308694574504465,0,0,0,0,0,1,0,1,0,1,0,1,0,1,0,1,0,1,1,0,0
1,0,0,0,-0.4675090493789317,0,1,-0.9446000959580202,-0.6677399572353249,1,0,0,0,0,0,0,1,0,0,0,1,0,0,0,0,0,0,0,0,1
0,0,0,0,1.3642490183577978,1,1,0.8473558741484452,1.6087746857599303,0,1,0,0,0,1,0,1,0,1,0,1,0,1,0,1,0,1,1,0,0
0,0,1,1,1.5677776925507676,1,1,0.581880915614154,1.6237026506320305,0,0,0,0,0,1,0,0,0,1,0,1,0,1,0,1,0,1,1,0,0
0,0,1,1,0.9978974048104517,1,1,1.1791995723163091,1.4533482279739476,0,1,1,0,0,0,0,1,0,0,0,0,0,1,0,1,0,0,0,1,0
1,1,0,0,-1.2409180113122174,1,1,-0.5132032883397971,-0.9702507747905286,0,0,0,0,0,1,0,0,0,0,0,0,0,0,0,0,0,0,0,1,0
1,1,1,0,-1.0780950719578415,1,1,0.5155121759805812,-0.8095556235202752,0,1,1,0,0,0,0,0,0,1,0,0,0,0,0,0,0,0,0,1,0
0,0,1,1,0.5501343215859179,1,0,-1.508734382843389,-0.5856361504387747,0,0,0,1,1,0,1,0,1,0,1,0,1,0,1,0,0,1,0,0,1
1,0,1,1,-0.30468611002455576,1,1,0.34959032689664926,-0.17555617424637962,0,0,1,0,0,0,0,1,0,0,0,0,0,0,0,0,0,0,0,1,0
1,0,0,0,-1.2409180113122174,1,0,-1.4755500130266026,-0.9957161266311698,0,0,0,1,1,0,1,0,1,0,1,0,1,0,1,0,0,0,0,0,1
0,0,1,1,-0.30468611002455576,1,1,0.8141715043316587,0.029483813849817905,0,1,1,0,0,0,0,0,0,1,0,0,0,0,0,1,0,0,0,1,0
0,0,0,0,0.18378270803857208,0,0,-1.2100750544923113,-0.5830018036966393,1,0,0,0,0,0,0,0,0,0,0,1,0,0,0,0,0,0,1,0,0
0,0,1,0,0.020959768684196134,1,1,1.3119370515834547,0.4865429736102925,0,1,1,0,0,0,0,1,0,1,0,0,0,1,0,1,0,0,0,1,0
1,0,0,0,-0.6710377235719016,1,0,-1.508734382843389,-0.885512621251843,0,0,0,1,1,0,1,0,1,0,1,0,1,0,1,0,0,1,0,0,1
1,0,0,0,-0.9559778674420595,1,1,1.013277723232377,-0.6471042410885983,0,0,1,0,0,0,0,0,0,0,0,1,0,1,0,1,0,0,0,0,0
1,0,0,0,-1.2816237461508113,1,0,-0.6459407676069426,-0.9904474331468992,0,0,0,0,0,0,0,0,0,0,0,0,0,0,0,0,0,0,0,1,0
0,0,0,1,-1.1595065416350294,1,0,-1.4755500130266026,-0.9689336014194608,0,0,0,1,1,0,1,0,1,0,1,0,1,0,1,0,0,0,1,0,0
1,0,1,0,0.1023712383613841,1,1,0.8805402439652316,0.41058597587872464,0,1,1,0,0,0,0,0,0,0,0,1,0,1,0,0,0,0,1,0,0
0,0,0,0,0.18378270803857208,1,1,-1.508734382843389,-0.705059869415575,0,0,0,1,1,0,1,0,1,0,1,0,1,0,1,0,1,0,0,1,0
0,1,0,0,0.9571916699718578,1,0,1.5110432704841732,1.6851707412818542,0,1,1,0,0,1,0,1,0,1,0,0,0,1,0,1,1,0,0,1,0
1,0,0,0,-0.22327464034736777,1,1,-1.508734382843389,-0.8082384501492076,0,0,0,1,1,0,1,0,1,0,1,0,1,0,1,0,0,0,1,0,0
1,0,1,0,0.22448844287716607,1,0,-1.4755500130266026,-0.6839850954784926,0,0,0,1,1,0,1,0,1,0,1,0,1,0,1,0,0,1,0,0,0
0,0,1,1,-0.6710377235719016,0,1,-0.9777844657748066,-0.7678451334364663,1,0,0,0,0,0,0,0,0,0,0,0,0,0,0,1,0,0,1,0,0
0,0,1,1,1.3235432835192036,1,1,1.3451214214002412,2.0566136319229313,0,1,1,0,0,0,0,1,0,1,0,0,0,1,0,1,0,0,0,1,0
0,0,0,0,-0.7524491932490895,1,0,-0.1813595901719331,-0.6712524195581719,0,0,0,0,0,0,0,0,0,0,0,1,0,0,0,1,1,0,1,0,0
1,1,0,0,-1.1188008067964355,1,1,0.8141715043316587,-0.8007744677131575,0,0,1,0,0,0,0,0,0,0,0,0,0,1,0,1,0,0,0,1,0
1,0,1,0,1.6084834273893616,1,1,1.3783057912170276,2.3112671503293436,0,1,1,0,0,0,0,1,0,1,0,0,0,1,0,1,0,1,0,0,0
0,0,0,0,-1.1595065416350294,1,0,-0.48001891852301065,-0.9162466665767549,0,1,0,0,0,0,0,0,0,0,0,0,0,0,0,0,0,0,0,1,0
1,1,0,0,-0.5082147842175256,1,0,-0.3472814392558651,-0.546999064887457,0,0,0,0,0,1,0,0,0,0,0,1,0,0,0,0,1,0,0,0,1
0,0,1,1,0.9978974048104517,1,1,-1.4755500130266026,-0.5329492155960687,0,0,0,1,1,0,1,0,1,0,1,0,1,0,1,0,0,1,0,0,0
1,0,1,1,1.3235432835192036,1,0,0.9800933534155908,1.6583882160701453,0,1,1,0,0,1,0,1,0,1,0,1,0,0,0,0,0,1,1,0,0
0,0,0,0,-1.1595065416350294,1,1,0.6814340250645132,-0.8692674830086754,0,1,1,0,0,0,0,0,0,0,0,0,0,1,0,0,0,0,0,1,0
0,0,0,0,-0.019745966154397852,1,0,-1.508734382843389,-0.7362329725308427,0,0,0,1,1,0,1,0,1,0,1,0,1,0,1,0,1,0,0,0,0
1,0,1,1,0.5094285867473239,1,0,-1.508734382843389,-0.6137358490215512,0,0,0,1,1,0,1,0,1,0,1,0,1,0,1,0,0,1,0,1,0
1,0,0,0,-0.4268033145403377,1,0,0.6150652854309404,-0.22034006886267973,0,1,1,0,0,0,0,0,0,0,0,0,0,0,0,1,0,0,0,1,0
1,0,1,0,0.06166550352279012,1,0,0.7809871345148723,0.3069683373547362,0,1,1,0,0,0,0,1,0,0,0,0,0,0,0,1,0,0,0,0,1
1,0,0,0,0.590840056424512,1,1,0.7146183948812996,0.8066161027797315,0,0,0,0,0,1,0,1,0,1,0,1,0,1,0,1,1,0,0,0,0
1,0,0,0,-0.5896262538947137,1,0,-1.4755500130266026,-0.8398506110548312,0,0,0,1,1,0,1,0,1,0,1,0,1,0,1,0,0,1,1,0,0
0,0,0,1,-1.2816237461508113,1,1,0.48232780616379484,-0.9755194682747992,0,0,1,0,0,0,0,0,0,0,0,0,0,0,0,1,0,0,0,1,0
1,1,0,0,-1.0780950719578415,1,0,-0.679125137423729,-0.8890250835746901,0,0,0,0,0,0,0,0,0,0,0,0,0,0,0,0,0,0,1,0,0
0,0,0,0,0.14307697319997809,0,1,-1.0109688355915931,-0.4539188133320097,1,0,0,0,0,0,0,1,0,0,0,1,0,0,0,0,0,0,0,0,0
1,0,1,1,0.1023712383613841,1,1,0.28322158726307645,0.15812774642409172,0,1,0,0,0,0,0,0,0,0,0,1,0,1,0,1,1,0,0,0,0
1,1,0,0,-0.30468611002455576,1,1,0.7809871345148723,-0.004323636007585116,0,1,1,0,0,0,0,1,0,0,0,0,0,1,0,0,0,0,0,1,0
1,0,0,0,-1.1188008067964355,1,1,-0.44683454870622424,-0.8951718926396725,0,0,0,0,0,0,0,1,0,0,0,0,0,0,0,0,0,0,0,1,0
0,0,0,0,-1.1595065416350294,0,0,-0.5463876581565834,-0.9215153600610255,1,0,0,0,0,1,0,0,0,1,0,1,0,0,0,1,0,0,0,0,1
0,0,0,0,0.590840056424512,1,1,-0.2145439599887195,0.224864530558186,0,0,0,0,0,1,0,1,0,0,0,1,0,0,0,0,1,0,0,0,1
1,0,1,0,0.7943687306174818,0,1,-0.8450469865076611,-0.12330829719402951,1,0,0,0,0,1,0,0,0,0,0,0,0,0,0,1,0,0,0,1,0
0,0,1,1,-1.1595065416350294,1,0,-1.4755500130266026,-0.9829834507108491,0,0,0,1,1,0,1,0,1,0,1,0,1,0,1,0,0,0,0,0,1
0,1,1,1,1.4456604880349857,0,1,-0.3804658090726515,0.5949902478281957,1,0,0,0,0,0,0,1,0,1,0,0,0,1,0,1,0,1,0,1,0
1,1,0,0,-0.4675090493789317,1,0,-1.4755500130266026,-0.82184924165024,0,0,0,1,1,0,1,0,1,0,1,0,1,0,1,0,1,0,0,0,0
0,0,1,1,1.2828375486806096,1,1,1.3119370515834547,1.940702375268978,0,1,1,0,0,1,0,0,0,0,0,1,0,1,0,1,1,0,0,0,0
0,0,0,0,-1.2816237461508113,1,1,0.5155121759805812,-0.9750804104844433,0,0,1,0,0,0,0,0,0,0,0,0,0,1,0,0,0,0,0,1,0
1,1,0,0,-1.2409180113122174,1,0,0.050930998545571676,-0.9689336014194608,0,0,0,0,0,1,0,0,0,1,0,0,0,1,0,0,0,0,0,0,0
0,0,1,1,0.9164859351332638,1,1,0.6814340250645132,1.0094608019241496,0,1,1,0,0,1,0,1,0,0,0,0,0,0,0,0,0,0,0,1,0
1,0,1,1,1.6084834273893616,1,0,1.3451214214002412,2.3305856931050024,0,1,1,0,0,1,0,0,0,1,0,0,0,1,0,1,0,1,0,0,0
0,0,0,0,-1.2816237461508113,0,0,-1.342812533759457,-0.9996676467443727,1,0,0,0,0,0,0,0,0,0,0,0,0,0,0,0,0,0,0,0,1
0,0,0,0,-0.8338606629262776,1,1,1.1791995723163091,-0.4991417657386657,0,1,1,0,0,0,0,0,0,1,0,0,0,1,0,1,0,0,0,0,0
0,0,1,0,1.0793088744876398,1,0,1.2123839421330955,1.6412649622462658,0,1,1,0,0,0,0,1,0,0,0,0,0,1,0,1,0,0,0,1,0
1,0,1,0,1.2421318138420157,1,1,1.2787526817666683,1.8888935560069837,0,1,1,0,0,0,0,1,0,1,0,0,0,1,0,1,0,0,0,1,0
1,0,1,1,-0.9152721326034655,1,1,-1.342812533759457,-0.8991234127528754,0,1,0,1,1,0,1,0,1,0,1,0,1,0,1,0,0,0,0,0,1
0,0,1,1,-0.3453918448631497,1,0,-1.342812533759457,-0.7595030354197045,0,1,0,1,1,0,1,0,1,0,1,0,1,0,1,0,0,1,0,0,1
1,0,1,1,1.3235432835192036,1,1,1.3119370515834547,1.9314821616715045,0,1,1,0,0,0,0,0,0,1,0,1,0,1,0,1,0,1,0,0,0
0,0,0,0,-0.5082147842175256,1,1,0.11729973817914446,-0.4086958609253537,0,1,0,0,0,0,0,1,0,0,0,1,0,0,0,1,0,0,1,0,0
0,0,1,0,0.631545791263106,1,1,-0.14817522035514671,0.3003824704993979,0,1,0,0,0,1,0,0,0,0,0,1,0,0,0,0,1,0,0,0,0
1,0,0,0,1.2014260790034217,1,1,0.5155121759805812,1.176741820049741,0,0,0,0,0,0,0,1,0,1,0,1,0,1,0,1,0,0,0,0,0
0,1,0,0,-1.0780950719578415,1,0,-1.508734382843389,-0.9636649079351903,0,0,0,1,1,0,1,0,1,0,1,0,1,0,1,0,0,0,0,0,0
1,1,0,0,-0.3453918448631497,1,0,-0.3472814392558651,-0.4433814263634685,0,1,0,0,0,0,0,1,0,0,0,0,0,0,0,0,0,0,1,0,0
0,0,1,0,0.06166550352279012,1,1,-0.14817522035514671,-0.13077227963007954,0,1,0,0,0,1,0,0,0,0,0,1,0,0,0,0,0,0,0,0,0
1,0,0,0,0.5501343215859179,0,0,-1.0441532054083793,-0.3353732099359212,1,0,0,0,0,0,0,0,0,1,0,1,0,0,0,0,1,0,1,0,0
1,0,0,0,-0.2639803751859618,1,0,-0.6459407676069426,-0.4688467782041097,0,0,0,0,0,0,0,0,0,0,0,0,0,0,0,0,0,0,0,1,0
0,0,1,1,-0.5489205190561197,0,1,-1.342812533759457,-0.8196539526984605,1,0,0,0,0,0,0,0,0,0,0,0,0,0,0,0,0,0,0,0,1
1,0,0,0,-0.3453918448631497,1,0,-0.3472814392558651,-0.46489525809090676,0,1,0,0,0,0,0,0,0,0,0,1,0,0,0,0,1,0,0,0,0
0,1,0,0,0.9978974048104517,1,0,1.2123839421330955,1.5271099367537362,0,1,1,0,0,1,0,0,0,1,0,1,0,0,0,1,0,1,1,0,0
0,0,0,0,1.4456604880349857,1,0,-1.508734382843389,-0.377522757810086,0,0,0,1,1,0,1,0,1,0,1,0,1,0,1,0,0,1,1,0,0
1,0,1,0,-0.8338606629262776,1,1,0.31640595707986285,-0.6848632110592043,0,0,0,0,0,0,0,0,0,1,0,1,0,1,0,1,0,0,0,1,0
0,0,0,1,-0.8338606629262776,1,1,0.3827746967134356,-0.6181264269251101,0,1,1,0,0,0,0,0,0,0,0,0,0,0,0,0,0,0,0,1,0
0,0,1,1,0.30589991255435406,0,1,-0.48001891852301065,-0.11628337254833537,1,0,0,0,0,0,0,1,0,0,0,0,0,1,0,1,0,0,0,1,0
1,1,1,0,-0.38609757970174374,1,0,0.7146183948812996,-0.14306589776004425,0,1,1,0,0,0,0,0,0,0,0,0,0,0,0,1,0,0,0,1,0
0,0,0,0,-1.1595065416350294,1,0,0.18366847781271725,-0.8868297946229107,0,0,1,0,0,0,0,0,0,0,0,0,0,0,0,0,0,0,0,1,0
0,0,1,1,1.4049547531963917,1,0,-0.48001891852301065,0.49620224499812193,0,0,0,0,0,0,0,1,0,0,0,0,0,0,0,0,1,0,1,0,0
0,0,1,0,0.1023712383613841,1,1,-0.08180648072157391,-0.037692028074632254,0,0,0,0,0,1,0,0,0,0,0,0,0,1,0,0,1,0,0,0,0
1,1,1,0,-0.9152721326034655,1,1,0.7146183948812996,-0.6343715651682778,0,1,1,0,0,0,0,0,0,0,0,0,0,0,0,1,0,0,0,1,0
1,0,1,1,-1.0780950719578415,1,1,-1.4755500130266026,-0.9632258501448344,0,0,0,1,1,0,1,0,1,0,1,0,1,0,1,0,0,1,1,0,0
1,0,1,0,-0.9152721326034655,1,1,0.6814340250645132,-0.6348106229586337,0,1,1,0,0,0,0,0,0,0,0,0,0,0,0,1,0,0,0,1,0
1,0,0,0,-0.6303319887333076,1,1,1.013277723232377,-0.2901502575292652,0,1,1,0,0,0,0,0,0,1,0,1,0,0,0,1,0,0,0,0,0
1,0,0,0,1.3235432835192036,1,0,0.9469089835988044,1.6544366959569423,0,1,1,0,0,1,0,0,0,0,0,1,0,0,0,1,1,0,0,1,0
0,1,0,0,-1.2409180113122174,1,0,0.8141715043316587,-0.9395167294656167,0,1,1,0,0,0,0,1,0,0,0,0,0,0,0,1,0,0,0,1,0
1,1,0,0,0.6722515261016999,1,1,1.0464620930491635,1.0612696211861439,0,1,1,0,0,0,0,0,0,0,0,0,0,1,0,1,0,0,0,1,0
0,0,0,0,0.7536629957788878,1,0,1.411490161033814,1.4836432155085035,0,1,1,0,0,1,0,1,0,1,0,0,0,1,0,1,1,0,0,0,0
1,0,1,1,1.6084834273893616,1,1,1.577412010117746,2.520258658538744,0,1,1,0,0,0,0,1,0,1,0,1,0,1,0,1,0,1,0,0,0
1,0,0,0,0.46872285190873,1,0,0.11729973817914446,0.28852791015978907,0,0,1,0,0,0,0,0,0,0,0,0,0,0,0,0,0,0,1,0,0
0,0,0,0,0.387311382231542,1,0,0.050930998545571676,0.20247258325003595,0,0,0,0,0,0,0,0,0,1,0,1,0,0,0,1,0,1,1,0,0
0,0,0,0,-1.2409180113122174,0,0,-1.342812533759457,-0.9900083753565433,1,0,0,0,0,0,0,0,0,0,0,0,0,0,0,0,0,0,0,1,0
0,0,1,0,-0.1825689055087738,1,1,0.913724613782018,0.13222333679309461,0,0,1,0,0,1,0,0,0,0,0,0,0,1,0,1,0,0,0,0,1
0,0,1,1,0.06166550352279012,0,0,-0.1149908505383603,-0.13516285753363835,1,0,0,0,0,1,0,0,0,1,0,1,0,1,0,1,1,0,0,0,1
1,0,1,0,-0.06045170099299184,1,1,0.48232780616379484,0.08041451753110038,0,1,0,0,0,0,0,0,0,1,0,1,0,1,0,1,1,0,0,0,1
0,0,0,0,-1.2816237461508113,1,0,-1.508734382843389,-1.0018629356961521,0,0,0,1,1,0,1,0,1,0,1,0,1,0,1,0,0,0,0,0,1
0,0,1,0,-0.4268033145403377,1,1,0.15048410799593087,-0.32790922749987117,0,0,1,0,0,0,0,0,0,0,0,0,0,0,0,0,0,0,0,1,0
1,0,0,0,-1.2409180113122174,1,1,0.3827746967134356,-0.9390776716752608,0,1,1,0,0,0,0,0,0,0,0,0,0,0,0,0,0,0,0,1,0
1,0,1,0,1.6084834273893616,1,1,1.5110432704841732,2.4855730931006295,0,1,1,0,0,0,0,1,0,1,0,1,0,1,0,1,0,1,1,0,0
1,0,1,1,-0.9966836022806536,1,1,-0.44683454870622424,-0.8279960507152223,0,0,0,0,0,0,0,0,0,1,0,0,0,0,0,0,0,0,0,1,0
0,0,1,1,1.6084834273893616,0,0,-0.015437741088001118,0.977848641018526,1,0,0,0,0,1,0,1,0,1,0,1,0,1,0,1,0,1,0,0,0
1,0,0,1,-0.6303319887333076,1,1,-0.48001891852301065,-0.6387621430718365,0,0,0,0,0,1,0,0,0,0,0,0,0,0,0,0,0,0,0,0,1
0,0,1,0,1.6084834273893616,1,1,1.07964646286595,2.108861508975281,0,1,1,0,0,1,0,1,0,1,0,1,0,0,0,0,0,1,0,0,0
0,0,0,0,1.3642490183577978,0,1,-0.5795720279733698,0.38468156624772754,1,0,0,0,0,1,0,1,0,1,0,1,0,0,0,0,0,1,0,0,1
1,0,0,0,0.1023712383613841,1,0,0.34959032689664926,0.14715130166519463,0,1,1,0,0,0,0,0,0,0,0,0,0,0,0,0,0,0,1,0,0
1,0,0,0,-1.1595065416350294,1,0,-0.2809126996222923,-0.9026358750757225,0,0,0,0,0,1,0,0,0,1,0,0,0,0,0,0,0,0,0,1,0
0,0,1,1,1.6084834273893616,1,0,-1.508734382843389,-0.40474434081215077,0,0,0,1,1,0,1,0,1,0,1,0,1,0,1,0,0,1,1,0,0
0,0,0,0,1.3235432835192036,1,1,0.6482496552477268,1.3866114438398534,0,0,0,0,0,1,0,1,0,1,0,1,0,1,0,1,0,1,0,0,0
0,0,1,1,1.4863662228735797,1,0,-1.4755500130266026,-0.3902554337304066,0,0,0,1,1,0,1,0,1,0,1,0,1,0,1,0,0,1,0,0,0
0,0,1,0,1.3235432835192036,1,0,0.21685284762950366,0.9155024347879905,0,0,0,0,0,1,0,1,0,1,0,0,0,0,0,1,0,1,0,0,0
0,0,1,1,0.22448844287716607,1,0,0.5155121759805812,0.3324336891953774,0,0,0,0,0,1,0,1,0,0,0,1,0,1,0,1,1,0,1,0,0
1,0,1,0,-0.3453918448631497,1,1,0.9469089835988044,-0.023203120992888102,0,1,1,0,0,0,0,0,0,0,0,0,0,1,0,1,0,0,0,1,0
1,0,0,0,-1.1188008067964355,1,0,1.3451214214002412,-0.768723249017178,0,1,1,0,0,0,0,1,0,1,0,0,0,1,0,1,0,0,0,1,0
1,0,1,1,-0.3453918448631497,1,0,-0.3472814392558651,-0.42274571021674195,0,1,0,0,0,1,0,0,0,0,0,0,0,0,0,0,0,0,0,1,0
0,0,0,0,-1.2816237461508113,0,0,-1.3096281639426706,-0.9992285889540168,1,0,0,0,0,0,0,0,0,0,0,0,0,0,0,0,0,0,0,1,0
1,0,0,0,1.1607203441648277,1,1,1.411490161033814,1.8528908171978014,0,1,1,0,0,1,0,1,0,1,0,0,0,1,0,1,1,0,0,1,0
1,0,1,1,1.5270719577121736,1,1,0.6814340250645132,1.5938467208878304,0,1,0,0,0,0,0,1,0,1,0,1,0,1,0,1,0,1,1,0,0
0,0,0,0,-1.2816237461508113,0,1,-1.3096281639426706,-0.9992285889540168,1,0,0,0,0,0,0,0,0,0,0,0,0,0,0,0,0,0,0,0,1
1,1,0,1,-1.0373893371192475,1,1,-0.6459407676069426,-0.8591691538304901,0,0,0,0,0,0,0,0,0,0,0,0,0,0,0,0,0,0,0,0,1
1,0,1,1,-1.2816237461508113,1,0,-1.508734382843389,-1.0018629356961521,0,0,0,1,1,0,1,0,1,0,1,0,1,0,1,0,0,0,0,0,0
0,0,1,1,0.5094285867473239,1,0,0.5486965457973676,0.5444986019372691,0,1,0,0,0,1,0,1,0,1,0,1,0,1,0,0,0,0,0,0,1
0,0,0,0,-0.9152721326034655,1,1,-0.14817522035514671,-0.7340376835790633,0,0,0,0,0,0,0,0,0,0,0,1,0,0,0,1,0,0,0,0,1
1,0,1,1,-0.1418631706701798,1,1,0.18366847781271725,-0.14350495555040013,0,0,1,0,0,0,0,0,0,0,0,0,0,0,0,0,0,0,0,1,0
0,0,0,0,1.0386031396490458,1,1,-0.015437741088001118,0.6560192806876635,0,0,0,0,0,1,0,1,0,1,0,1,0,0,0,0,0,1,1,0,0
0,1,1,0,1.4049547531963917,1,1,-1.4755500130266026,-0.4556750444934332,0,0,0,1,1,0,1,0,1,0,1,0,1,0,1,0,0,1,0,0,0
0,0,0,1,-0.7524491932490895,1,1,0.7146183948812996,-0.4991417657386657,0,1,1,0,0,1,0,0,0,0,0,1,0,0,0,0,0,0,0,0,1
0,0,1,0,0.5094285867473239,1,0,-1.3096281639426706,-0.5180212507239687,0,1,0,1,1,0,1,0,1,0,1,0,1,0,1,0,0,1,0,0,1
1,1,1,0,1.4049547531963917,1,1,-0.14817522035514671,0.7982740047629697,0,0,0,0,0,1,0,1,0,0,0,1,0,0,0,0,1,0,0,0,0
0,1,1,1,-0.06045170099299184,1,1,1.1128308326827363,0.2678921940130626,0,0,1,0,0,0,0,0,0,1,0,1,0,1,0,1,0,0,0,1,0
1,1,0,0,-1.2409180113122174,1,1,0.9800933534155908,-0.930735573658499,0,1,1,0,0,0,0,0,0,0,0,0,0,1,0,1,0,0,0,1,0
0,0,1,0,0.18378270803857208,1,1,-1.508734382843389,-0.6954005980277456,0,0,0,1,1,0,1,0,1,0,1,0,1,0,1,0,1,0,0,0,0
1,0,0,0,1.3235432835192036,1,1,0.31640595707986285,1.0994676489471056,0,1,0,0,0,0,0,1,0,1,0,1,0,0,0,1,0,1,1,0,0
0,0,0,0,-1.2409180113122174,1,1,1.013277723232377,-0.9241497068031608,0,1,1,0,0,0,0,0,0,0,0,0,0,1,0,1,0,0,0,1,0
0,0,0,1,-1.2002122764736234,0,0,-1.176890684675525,-0.9706898325808844,1,0,0,0,0,0,0,1,0,0,0,0,0,0,0,0,0,0,0,0,1
1,0,1,1,1.6084834273893616,1,1,0.5155121759805812,1.50427893165523,0,1,0,0,0,1,0,1,0,1,0,1,0,1,0,0,0,1,0,0,0
1,0,1,0,0.14307697319997809,1,0,-1.4755500130266026,-0.6940834246566779,0,0,0,1,1,0,1,0,1,0,1,0,1,0,1,0,1,0,0,0,0
0,0,1,0,1.6084834273893616,1,1,0.7146183948812996,1.6496070602630275,0,1,0,0,0,1,0,1,0,0,0,1,0,1,0,1,0,1,0,0,0
1,0,0,0,-0.5489205190561197,0,1,-0.8450469865076611,-0.6883756733820514,1,0,0,0,0,0,0,0,0,1,0,0,0,1,0,0,0,0,0,1,0
1,1,0,0,-0.30468611002455576,1,0,1.3451214214002412,0.15549339968195644,0,1,1,0,0,0,0,1,0,1,0,0,0,1,0,1,0,0,0,0,1
0,0,0,0,-1.0780950719578415,1,0,-1.4755500130266026,-0.961030561193055,0,0,0,1,1,0,1,0,1,0,1,0,1,0,1,0,0,0,0,0,1
1,0,0,0,-1.2816237461508113,1,0,-1.508734382843389,-1.0018629356961521,0,0,0,1,1,0,1,0,1,0,1,0,1,0,1,0,0,0,0,0,1
0,0,1,1,1.0793088744876398,1,1,0.25003721744629004,0.8312033390396609,0,1,0,0,0,0,0,0,0,1,0,1,0,1,0,0,0,1,0,0,0
0,1,0,0,-1.2002122764736234,1,1,0.48232780616379484,-0.9201981866899578,0,1,1,0,0,0,0,1,0,0,0,0,0,0,0,0,0,0,0,1,0
0,0,0,0,-0.9152721326034655,1,1,0.34959032689664926,-0.6690571306063925,0,1,1,0,0,0,0,0,0,0,0,0,0,0,0,0,0,0,0,0,1
1,1,0,0,-0.7931549280876836,1,1,0.8473558741484452,-0.482896627495498,0,0,1,0,0,0,0,0,0,0,0,0,0,1,0,1,0,0,0,1,0
1,0,0,0,-0.4268033145403377,1,0,-0.1813595901719331,-0.45962656460663615,0,1,0,0,0,1,0,1,0,0,0,0,0,0,0,0,0,0,0,1,0
1,0,1,0,1.6084834273893616,1,1,1.4446745308506004,2.4473750653396675,0,1,1,0,0,1,0,1,0,0,0,1,0,1,0,1,0,1,1,0,0
0,0,0,0,1.3642490183577978,0,1,-0.08180648072157391,0.8057379871990197,1,0,0,0,0,1,0,1,0,1,0,1,0,1,0,1,0,1,0,0,0
1,0,1,0,-1.1188008067964355,1,1,0.9800933534155908,-0.791554254115684,0,0,1,0,0,0,0,0,0,1,0,0,0,1,0,1,0,0,0,1,0
1,0,1,1,1.6084834273893616,1,1,1.6437807497513186,2.6291449905470032,0,1,1,0,0,1,0,1,0,1,0,1,0,1,0,1,0,1,1,0,0
1,0,1,1,-1.0373893371192475,1,0,-0.5463876581565834,-0.8609253849919136,0,0,0,0,0,0,0,0,0,1,0,0,0,0,0,0,0,0,0,1,0
1,1,1,0,1.4049547531963917,1,0,1.245568311949882,2.0583698630843545,0,1,1,0,0,0,0,1,0,0,0,1,0,1,0,1,0,1,0,0,0
0,0,0,0,-1.2816237461508113,1,0,0.15048410799593087,-0.979910046178358,0,0,1,0,0,0,0,0,0,0,0,0,0,0,0,0,0,0,0,0,0
0,0,0,0,0.46872285190873,0,1,-0.5132032883397971,-0.015739138556838082,1,0,0,0,0,0,0,0,0,1,0,0,0,1,0,1,1,0,0,1,0
1,0,1,0,1.6084834273893616,1,0,-1.508734382843389,-0.3863039136172036,0,0,0,1,1,0,1,0,1,0,1,0,1,0,1,0,0,1,1,0,0
0,1,1,1,0.9978974048104517,1,1,1.013277723232377,1.4340296851982888,0,0,1,0,0,0,0,1,0,1,0,1,0,1,0,0,0,0,1,0,0
0,0,1,1,-1.1188008067964355,1,0,-0.679125137423729,-0.9136123198346195,0,0,0,0,0,0,0,0,0,0,0,0,0,0,0,0,0,0,0,0,1
0,0,1,0,-1.1595065416350294,1,0,-1.4755500130266026,-0.9702507747905286,0,0,0,1,1,0,1,0,1,0,1,0,1,0,1,0,0,0,0,1,0
0,0,0,0,1.3235432835192036,1,1,1.3451214214002412,1.9508007044471634,0,1,1,0,0,0,0,1,0,0,0,1,0,1,0,1,1,0,0,0,0
1,1,0,0,-0.5489205190561197,1,1,1.013277723232377,-0.22999934025050917,0,0,1,0,0,0,0,0,0,1,0,0,0,1,0,1,0,0,1,0,0
1,0,1,1,-1.0373893371192475,1,0,-0.679125137423729,-0.8639987895244048,0,0,0,0,0,0,0,0,0,0,0,0,0,0,0,0,0,0,0,1,0
1,0,0,0,0.631545791263106,1,0,-1.508734382843389,-0.6080280977469248,0,0,0,1,1,0,1,0,1,0,1,0,1,0,1,0,0,1,1,0,0
0,0,1,0,-0.5489205190561197,1,1,0.28322158726307645,-0.377522757810086,0,0,1,0,0,1,0,0,0,0,0,0,0,0,0,0,0,0,0,1,0
1,1,0,1,-1.2816237461508113,1,1,-0.48001891852301065,-0.9882521441951198,0,0,0,0,0,0,0,0,0,1,0,0,0,0,0,0,0,0,0,0,1
1,0,1,1,-0.5489205190561197,1,0,-0.48001891852301065,-0.61066244448906,0,1,0,0,0,0,0,0,0,0,0,0,0,0,0,0,0,0,1,0,0
1,0,0,0,0.7536629957788878,1,1,1.1460152024995227,1.2017681141000265,0,0,1,0,0,0,0,1,0,1,0,0,0,1,0,1,0,0,0,1,0
0,0,0,0,-0.8338606629262776,1,1,0.8141715043316587,-0.5483162382585246,0,1,1,0,0,0,0,1,0,0,0,0,0,1,0,0,0,0,0,0,0
1,0,0,0,0.346605647392948,1,0,-1.4755500130266026,-0.6580806858474955,0,0,0,1,1,0,1,0,1,0,1,0,1,0,1,0,0,1,0,0,1
0,0,1,0,0.8350744654560759,1,1,0.9469089835988044,1.12888452090095,0,0,1,0,0,0,0,0,0,0,0,1,0,1,0,1,1,0,0,1,0
0,0,0,0,-1.2816237461508113,1,1,-0.679125137423729,-0.990886490937255,0,0,0,0,0,0,0,0,0,0,0,0,0,0,0,0,0,0,0,0,0
1,1,1,0,-0.7524491932490895,1,1,0.34959032689664926,-0.5654394920824041,0,1,1,0,0,0,0,0,0,0,0,0,0,0,0,0,0,0,0,1,0
1,1,1,0,1.5270719577121736,1,1,0.7809871345148723,1.7584933922712866,0,1,0,0,0,1,0,1,0,1,0,1,0,1,0,1,0,1,1,0,0
1,0,0,1,-0.06045170099299184,1,1,0.48232780616379484,0.12563746993775637,0,1,0,0,0,0,0,1,0,0,0,1,0,1,0,1,1,0,0,0,1
1,0,0,0,1.4456604880349857,1,1,1.7433338592016778,2.5176243117966086,0,1,1,0,0,1,0,1,0,1,0,1,0,1,0,1,1,0,1,0,0
1,0,1,1,0.6722515261016999,1,0,0.6482496552477268,0.8575468064610139,0,1,1,0,0,0,0,0,0,0,0,0,0,1,0,0,0,0,0,1,0
0,0,1,1,0.5501343215859179,1,1,-1.508734382843389,-0.6031984620530101,0,0,0,1,1,0,1,0,1,0,1,0,1,0,1,0,0,1,0,0,1
0,0,1,0,-0.4675090493789317,1,0,0.48232780616379484,-0.2453663629129651,0,0,1,0,0,0,0,0,0,1,0,1,0,0,0,0,1,0,0,1,0
0,1,1,0,1.6084834273893616,1,0,0.44914343634700843,1.4845213310892154,0,1,0,0,0,1,0,1,0,1,0,1,0,0,0,1,0,1,0,0,0
1,1,0,0,0.5094285867473239,1,1,0.9469089835988044,0.8338376857817963,0,1,1,0,0,0,0,0,0,0,0,0,0,1,0,1,0,0,0,0,0
1,1,1,0,1.4456604880349857,1,1,1.3451214214002412,2.1944777780946785,0,1,1,0,0,0,0,1,0,1,0,0,0,1,0,1,0,0,0,1,0
0,0,1,0,1.5270719577121736,1,0,0.01774662872878528,1.079270990590735,0,1,0,0,0,1,0,0,0,1,0,1,0,0,0,0,0,1,1,0,0
1,0,0,0,-0.38609757970174374,1,1,1.1460152024995227,-0.0038845782172292325,0,0,1,0,0,1,0,0,0,1,0,0,0,1,0,1,1,0,1,0,0
0,0,0,1,-1.1595065416350294,1,1,0.747802764698086,-0.8604863272015577,0,1,1,0,0,0,0,0,0,1,0,1,0,0,0,0,0,0,0,0,1
0,1,0,0,-1.2816237461508113,1,1,0.18366847781271725,-0.9794709883880021,0,0,1,0,0,0,0,0,0,0,0,0,0,0,0,0,0,0,0,1,0
0,0,1,1,0.18378270803857208,1,1,1.013277723232377,0.4448324835264836,0,1,1,0,0,0,0,0,0,0,0,0,0,1,0,1,0,0,0,1,0
0,0,0,0,0.18378270803857208,1,1,1.2123839421330955,0.5462548330986926,0,1,1,0,0,0,0,1,0,1,0,0,0,1,0,1,0,0,0,0,0
1,0,0,0,1.6084834273893616,1,0,0.7809871345148723,1.7830806285312162,0,1,0,0,0,1,0,1,0,1,0,1,0,1,0,1,0,1,1,0,0
1,0,0,0,0.46872285190873,0,1,-0.3472814392558651,0.061095974755441505,1,0,0,0,0,1,0,0,0,1,0,0,0,1,0,1,1,0,0,1,0
1,0,0,1,-0.10115743583158582,1,0,-0.015437741088001118,-0.1632625561164149,0,0,0,0,0,0,0,1,0,1,0,0,0,1,0,0,1,0,1,0,0
1,0,1,1,0.8757802002946699,1,1,1.3451214214002412,1.4647637305232006,0,1,1,0,0,0,0,1,0,0,0,1,0,1,0,1,1,0,0,1,0
1,0,0,0,-1.1595065416350294,1,1,0.18366847781271725,-0.9061483373985696,0,0,1,0,0,0,0,0,0,0,0,0,0,0,0,0,0,0,0,1,0
1,0,1,1,-1.1188008067964355,1,1,0.5155121759805812,-0.8411677844258988,0,1,1,0,0,0,0,1,0,0,0,0,0,0,0,0,0,0,0,1,0
1,0,0,0,0.1023712383613841,1,1,-1.4755500130266026,-0.7098895051094897,0,0,0,1,1,0,1,0,1,0,1,0,1,0,1,0,0,1,0,0,1
1,0,1,0,0.7943687306174818,1,0,-0.1149908505383603,0.38116910392488046,0,1,0,0,0,0,0,1,0,0,0,1,0,0,0,0,0,0,0,0,0
0,0,0,0,1.6084834273893616,1,1,1.4778589006673868,2.337171559960341,0,0,1,0,0,1,0,1,0,1,0,1,0,1,0,1,0,1,0,1,0
0,0,1,0,0.7129572609402939,1,1,1.4778589006673868,1.3629023231606356,0,1,1,0,0,1,0,1,0,0,0,1,0,1,0,1,0,0,0,0,0
0,0,0,0,-0.6710377235719016,1,0,-1.508734382843389,-0.8806829855579283,0,0,0,1,1,0,1,0,1,0,1,0,1,0,1,0,1,0,1,0,0
1,1,0,0,0.1023712383613841,1,1,1.013277723232377,0.5150817299834249,0,1,1,0,0,0,0,0,0,0,0,0,0,1,0,1,0,0,0,1,0
1,0,0,0,1.5677776925507676,1,1,0.7146183948812996,1.6996596483635982,0,1,1,0,0,0,0,0,0,1,0,1,0,0,0,0,0,1,1,0,0
1,0,1,0,1.0793088744876398,1,1,1.5110432704841732,1.8208395985018218,0,1,1,0,0,1,0,1,0,1,0,0,0,1,0,1,1,0,0,1,0
0,1,1,0,1.5270719577121736,1,1,1.3119370515834547,2.2164306676124728,0,1,1,0,0,0,0,1,0,0,0,1,0,1,0,1,0,1,0,0,0
1,0,0,0,-1.2816237461508113,1,1,0.31640595707986285,-0.9777147572265785,0,0,1,0,0,0,0,0,0,0,0,1,0,0,0,0,0,0,0,0,1
0,1,1,0,0.9164859351332638,1,0,-0.44683454870622424,0.2358409753170831,0,1,0,0,0,0,0,0,0,0,0,0,0,0,0,0,0,0,0,0,0
0,0,1,1,1.5270719577121736,1,1,1.6437807497513186,2.3806382812055733,0,1,1,0,0,1,0,1,0,1,0,1,0,1,0,1,0,1,0,0,0
1,0,0,0,-1.0373893371192475,1,0,0.15048410799593087,-0.7959448320192428,0,0,1,0,0,0,0,0,0,0,0,0,0,0,0,0,0,0,0,0,0
0,1,1,0,0.7129572609402939,1,1,1.1791995723163091,1.2680658404437648,0,1,1,0,0,0,0,0,0,0,0,1,0,1,0,1,1,0,0,1,0
0,0,1,1,1.2828375486806096,1,0,-1.4755500130266026,-0.44952823542845083,0,0,0,1,1,0,1,0,1,0,1,0,1,0,1,0,0,1,0,0,1
1,1,0,0,-0.9966836022806536,1,1,0.15048410799593087,-0.7634545555329074,0,0,1,0,0,0,0,0,0,0,0,0,0,0,0,0,0,0,1,0,0
1,1,1,0,1.1607203441648277,1,1,0.581880915614154,1.1429343701923382,0,1,1,0,0,0,0,1,0,0,0,0,0,0,0,0,0,0,0,1,0
0,0,0,1,-1.2816237461508113,1,1,0.15048410799593087,-0.979910046178358,0,0,1,0,0,0,0,0,0,0,0,0,0,0,0,0,0,0,0,1,0
0,0,0,1,-0.38609757970174374,1,1,-0.5132032883397971,-0.5188993663046805,0,0,0,0,0,0,0,0,0,0,0,1,0,0,0,0,1,0,0,1,0
0,0,1,1,-0.8745663977648716,1,1,0.050930998545571676,-0.6853022688495602,0,1,0,0,0,0,0,0,0,0,0,1,0,0,0,1,0,0,0,1,0
1,1,1,1,-0.3453918448631497,1,1,0.48232780616379484,-0.19487471702203849,0,1,1,0,0,1,0,0,0,0,0,0,0,0,0,0,0,0,0,1,0
1,0,1,1,0.020959768684196134,1,0,-1.4755500130266026,-0.7072551583673544,0,0,0,1,1,0,1,0,1,0,1,0,1,0,1,0,1,0,0,0,1
0,1,1,0,0.8350744654560759,1,0,-1.3096281639426706,-0.4504063510091626,0,1,0,1,1,0,1,0,1,0,1,0,1,0,1,0,0,1,1,0,0
1,0,1,1,-0.38609757970174374,1,0,-1.4755500130266026,-0.8108727968913428,0,0,0,1,1,0,1,0,1,0,1,0,1,0,1,0,0,1,0,0,1
0,0,0,0,-0.7524491932490895,1,1,0.7146183948812996,-0.49211684109297155,0,0,1,0,0,0,0,1,0,0,0,0,0,0,0,1,0,0,0,1,0
1,0,1,0,1.5270719577121736,1,0,0.6482496552477268,1.4950587180577566,0,0,1,0,0,1,0,1,0,0,0,1,0,0,0,0,0,1,0,0,0
0,0,1,0,-0.4268033145403377,1,1,0.48232780616379484,-0.2453663629129651,0,1,0,0,0,1,0,0,0,0,0,1,0,1,0,1,0,0,0,1,0
1,0,0,0,-0.7117434584104956,1,0,-1.508734382843389,-0.8736580609122342,0,0,0,1,1,0,1,0,1,0,1,0,1,0,1,0,0,0,0,0,1
0,0,1,0,1.3235432835192036,1,1,1.411490161033814,2.099202237587452,0,1,1,0,0,0,0,1,0,1,0,1,0,1,0,1,0,1,0,0,0
1,0,1,0,1.6084834273893616,1,1,0.6814340250645132,1.7238078268331718,0,1,0,0,0,0,0,1,0,1,0,1,0,1,0,1,0,1,1,0,0
0,0,1,0,1.2421318138420157,1,1,1.411490161033814,2.0074391594030723,0,1,1,0,0,0,0,1,0,1,0,0,0,1,0,1,1,0,0,1,0
0,1,0,0,-1.1188008067964355,1,1,0.15048410799593087,-0.870584656379743,0,0,1,0,0,0,0,0,0,0,0,0,0,0,0,0,0,0,0,0,1
0,0,0,0,0.1023712383613841,1,1,1.6105963799345322,0.7082671577400136,0,1,1,0,0,1,0,1,0,1,0,1,0,1,0,1,0,1,0,0,1
1,0,1,0,-0.8745663977648716,1,1,0.31640595707986285,-0.6479823566693101,0,1,1,0,0,0,0,0,0,0,0,0,0,0,0,0,0,0,0,1,0
0,1,0,0,-1.1188008067964355,0,0,-0.6459407676069426,-0.9232715912224491,1,0,0,0,0,0,0,0,0,0,0,0,0,1,0,1,0,0,0,1,0
0,0,0,0,-0.06045170099299184,1,0,0.48232780616379484,0.08612226880572686,0,0,0,0,0,0,0,1,0,1,0,1,0,1,0,1,0,1,0,0,1
1,0,0,0,-1.2816237461508113,1,0,-0.44683454870622424,-0.9878130864047638,0,0,0,0,0,0,0,0,0,0,0,1,0,0,0,0,0,0,0,0,1
0,0,1,1,-0.019745966154397852,1,0,0.28322158726307645,0.006652808751311968,0,0,0,0,0,1,0,1,0,1,0,1,0,0,0,1,0,1,0,0,1
1,0,0,0,-0.8745663977648716,1,1,-0.1149908505383603,-0.690131904543475,0,0,0,0,0,0,0,1,0,0,0,0,0,1,0,0,1,0,0,1,0
0,1,0,0,0.6722515261016999,1,1,0.8473558741484452,0.9721408897438995,0,1,1,0,0,0,0,0,0,1,0,0,0,0,0,1,0,0,1,0,0
1,0,1,0,1.4049547531963917,1,1,0.7809871345148723,1.5354520347704979,0,1,1,0,0,0,0,1,0,0,0,0,0,1,0,0,1,0,0,0,0
0,0,1,1,1.5270719577121736,1,0,0.9469089835988044,1.8783561690384425,0,1,1,0,0,1,0,1,0,1,0,1,0,0,0,0,0,1,0,0,0
0,0,0,0,-1.2816237461508113,1,1,-1.508734382843389,-1.0018629356961521,0,0,0,1,1,0,1,0,1,0,1,0,1,0,1,0,0,0,0,0,1
1,1,1,0,-0.9559778674420595,1,1,-1.4423656432098162,-0.9206372444803137,0,0,0,1,1,0,1,0,1,0,1,0,1,0,1,0,0,0,0,0,1
1,0,0,0,-0.4675090493789317,1,0,-1.4755500130266026,-0.8337038019898488,0,0,0,1,1,0,1,0,1,0,1,0,1,0,1,0,0,0,1,0,0
0,0,0,1,-0.1825689055087738,1,0,-1.4755500130266026,-0.7753091158725163,0,0,0,1,1,0,1,0,1,0,1,0,1,0,1,0,0,0,0,0,1
1,0,1,1,1.4049547531963917,1,1,1.3451214214002412,2.0583698630843545,0,1,1,0,0,0,0,1,0,1,0,0,0,1,0,1,1,0,0,1,0
1,0,0,0,-0.7117434584104956,1,1,0.747802764698086,-0.46489525809090676,0,1,1,0,0,1,0,0,0,0,0,0,0,1,0,0,0,0,0,0,0
0,0,1,1,-1.1188008067964355,1,1,0.6150652854309404,-0.832825686409137,0,0,1,0,0,0,0,1,0,0,0,0,0,0,0,1,0,0,0,1,0
0,0,0,0,-0.30468611002455576,1,1,0.44914343634700843,-0.20365587282915618,0,1,0,0,0,1,0,1,0,1,0,1,0,1,0,0,0,0,0,0,0
0,0,0,0,-1.1595065416350294,1,0,-1.4755500130266026,-0.9742022949037314,0,0,0,1,1,0,1,0,1,0,1,0,1,0,1,0,0,0,1,0,0
0,0,0,0,-1.0373893371192475,1,1,0.18366847781271725,-0.8126290280527664,0,0,0,0,0,0,0,0,0,0,0,1,0,1,0,1,0,0,1,0,0
0,0,0,0,-1.2816237461508113,1,0,-0.6459407676069426,-0.9904474331468992,0,0,0,0,0,0,0,0,0,0,0,0,0,0,0,0,0,0,0,1,0
0,0,1,1,1.0386031396490458,1,1,-1.508734382843389,-0.501776112480801,0,0,0,1,1,0,1,0,1,0,1,0,1,0,1,0,0,1,0,0,1
0,0,0,0,-0.5896262538947137,1,1,0.15048410799593087,-0.4741154716883803,0,0,1,0,0,0,0,0,0,0,0,0,0,0,0,0,0,0,0,1,0
0,1,1,0,1.1200146093262338,1,0,0.8141715043316587,1.3141669084311327,0,1,1,0,0,0,0,1,0,0,0,0,0,0,0,1,0,0,0,1,0
0,0,1,0,-0.7524491932490895,1,0,-1.4755500130266026,-0.882000158928996,0,0,0,1,1,0,1,0,1,0,1,0,1,0,1,0,0,1,0,0,1
0,0,0,0,0.387311382231542,1,1,-0.5132032883397971,-0.09828200314374416,0,0,0,0,0,0,0,1,0,0,0,0,0,0,0,0,0,0,0,1,0
1,0,0,0,-1.2816237461508113,0,0,-0.9777844657748066,-0.994838011050458,1,0,0,0,0,0,0,0,0,0,0,0,0,0,0,1,0,0,0,1,0
0,0,1,1,1.2828375486806096,0,0,-0.5132032883397971,0.3991704733294717,1,0,0,0,0,0,0,1,0,1,0,1,0,0,0,1,0,1,0,1,0
0,0,0,0,0.8350744654560759,1,0,1.3451214214002412,1.4845213310892154,0,1,1,0,0,0,0,1,0,1,0,0,0,1,0,1,0,1,0,1,0
0,1,0,0,-1.2816237461508113,1,1,0.15048410799593087,-0.979910046178358,0,0,1,0,0,0,0,0,0,0,0,0,0,0,0,0,0,0,0,1,0
0,0,1,1,0.5094285867473239,1,1,1.3451214214002412,1.0665383146704144,0,1,1,0,0,1,0,1,0,0,0,0,0,1,0,1,0,0,0,1,0
1,1,1,0,-0.10115743583158582,1,1,1.3451214214002412,0.3864377974091511,0,1,1,0,0,1,0,1,0,1,0,1,0,1,0,0,0,0,0,0,0
0,0,0,0,-0.6303319887333076,1,0,0.18366847781271725,-0.4987027079483098,0,0,1,0,0,0,0,0,0,0,0,0,0,0,0,0,0,0,0,0,0
0,1,0,0,-0.06045170099299184,1,1,0.28322158726307645,-0.036813912493920485,0,1,1,0,0,0,0,0,0,0,0,0,0,0,0,0,0,0,0,1,0
1,0,0,0,0.26519417771576004,1,1,0.28322158726307645,0.18842273395864767,0,1,1,0,0,0,0,0,0,0,0,0,0,0,0,0,0,0,1,0,0
0,0,1,1,1.0793088744876398,1,1,1.0464620930491635,1.4397374364729152,0,1,1,0,0,0,0,1,0,0,0,1,0,0,0,1,0,0,0,0,0
0,0,0,0,-0.9152721326034655,1,1,0.9800933534155908,-0.591782959503757,0,1,1,0,0,0,0,1,0,1,0,0,0,0,0,1,0,0,0,1,0
1,0,0,0,-1.2002122764736234,1,1,0.5155121759805812,-0.8991234127528754,0,0,1,0,0,0,0,0,0,0,0,0,0,0,0,1,0,0,0,1,0
0,1,0,0,0.428017117070136,1,1,0.8473558741484452,0.6748987656729665,0,1,1,0,0,0,0,1,0,0,0,0,0,1,0,0,0,0,0,1,0
1,0,0,0,-1.2002122764736234,1,0,0.6482496552477268,-0.9070264529792813,0,0,1,0,0,0,0,1,0,0,0,0,0,0,0,1,0,0,0,1,0
1,0,1,1,-0.4675090493789317,1,0,1.3119370515834547,-0.06315737991527348,0,1,1,0,0,0,0,1,0,1,0,0,0,1,0,1,0,0,0,1,0
1,1,1,0,0.020959768684196134,0,1,-0.48001891852301065,-0.24185390059011802,1,0,0,0,0,0,0,1,0,1,0,1,0,1,0,0,0,0,0,1,0
1,0,1,0,-0.9559778674420595,0,0,-1.342812533759457,-0.8964890660107401,1,0,0,0,0,0,0,0,0,0,0,0,0,0,0,0,1,0,0,0,0
0,0,0,0,-1.2409180113122174,1,0,-0.14817522035514671,-0.9614696189834109,0,0,0,0,0,0,0,0,0,1,0,0,0,0,0,1,0,0,0,1,0
1,0,0,0,-1.0373893371192475,0,1,-0.9777844657748066,-0.900879643914299,1,0,0,0,0,0,0,0,0,1,0,1,0,0,0,0,1,0,1,0,0
0,0,1,1,-1.1188008067964355,0,0,-1.3096281639426706,-0.9553228099184284,1,0,0,0,0,0,0,0,0,0,0,0,0,0,0,0,0,0,0,0,1
1,0,1,1,-1.2409180113122174,1,0,0.15048410799593087,-0.9474197696920226,0,0,1,0,0,0,0,0,0,0,0,0,0,0,0,0,0,0,0,0,1
1,0,0,0,-0.6303319887333076,1,1,0.18366847781271725,-0.4802622807533627,0,0,1,0,0,0,0,0,0,0,0,0,0,0,0,0,0,0,0,1,0
0,1,0,0,1.1200146093262338,1,1,1.2123839421330955,1.7014158795250218,0,1,1,0,0,1,0,0,0,0,0,0,0,1,0,1,1,0,0,0,0
0,0,0,1,0.46872285190873,1,0,-1.508734382843389,-0.6291028716840071,0,0,0,1,1,0,1,0,1,0,1,0,1,0,1,0,0,1,0,0,1
1,0,0,0,1.6084834273893616,1,0,0.7146183948812996,1.7598105656423542,0,1,0,0,0,1,0,1,0,0,0,1,0,1,0,1,0,1,1,0,0
1,0,1,0,1.4863662228735797,1,1,0.913724613782018,1.8261082919860925,0,1,1,0,0,0,0,1,0,0,0,1,0,1,0,0,0,1,0,0,1
1,0,0,0,-1.2409180113122174,1,0,-0.679125137423729,-0.9777147572265785,0,0,0,0,0,0,0,0,0,0,0,0,0,0,0,0,0,0,0,0,1
0,0,0,0,-1.2816237461508113,1,1,0.6482496552477268,-0.9733241793230197,0,1,1,0,0,0,0,0,0,0,0,0,0,1,0,0,0,0,0,1,0
1,0,1,0,0.9978974048104517,1,0,1.411490161033814,1.610530916921354,0,1,1,0,0,0,0,0,0,1,0,1,0,1,0,1,0,1,0,1,0
0,0,0,0,-0.5489205190561197,1,0,-0.2145439599887195,-0.5513896427910158,0,0,0,0,0,0,0,1,0,0,0,0,0,1,0,0,1,0,0,1,0
0,0,1,1,0.346605647392948,1,1,0.9800933534155908,0.6990469441425401,0,1,1,0,0,1,0,1,0,0,0,0,0,1,0,0,0,0,0,0,0
1,0,1,1,1.4049547531963917,1,1,1.5442276403009596,2.295900127666888,0,1,1,0,0,0,0,1,0,1,0,1,0,1,0,1,0,1,0,0,0
0,0,1,0,-1.1188008067964355,1,1,0.7809871345148723,-0.8108727968913428,0,0,1,0,0,1,0,0,0,1,0,0,0,0,0,1,0,0,0,0,1
0,1,1,0,-0.7117434584104956,1,1,0.6150652854309404,-0.45787033344521266,0,1,1,0,0,0,0,0,0,1,0,1,0,0,0,0,0,0,0,1,0
0,0,0,0,1.5677776925507676,1,1,1.7765182290184642,2.7116878551339094,0,1,1,0,0,1,0,1,0,1,0,1,0,1,0,1,0,1,0,1,0
1,0,1,0,-1.2002122764736234,1,1,-1.4755500130266026,-0.9878130864047638,0,0,0,1,1,0,1,0,1,0,1,0,1,0,1,0,0,0,1,0,0
0,0,1,1,1.5677776925507676,1,0,-1.342812533759457,-0.215510433168765,0,1,0,1,1,0,1,0,1,0,1,0,1,0,1,0,0,1,0,0,0
0,1,1,0,1.5270719577121736,1,1,0.913724613782018,1.8322551010510748,0,1,0,0,0,1,0,1,0,1,0,1,0,1,0,1,0,1,0,0,0
1,0,0,0,-1.1595065416350294,0,0,-0.7454938770573019,-0.946102596320955,1,0,0,0,0,1,0,1,0,0,0,1,0,0,0,0,0,0,0,0,1
1,1,0,0,-1.1188008067964355,1,1,0.6814340250645132,-0.8310694552477135,0,0,1,0,0,0,0,1,0,0,0,0,0,0,0,1,0,0,0,1,0
0,0,1,0,1.1607203441648277,1,0,-1.4755500130266026,-0.44908917763809497,0,0,0,1,1,0,1,0,1,0,1,0,1,0,1,0,0,1,1,0,0
1,0,0,1,-1.2002122764736234,1,1,-1.2764437941258842,-0.957079041079852,0,1,0,1,1,0,1,0,1,0,1,0,1,0,1,0,0,1,0,0,1
0,0,1,1,-1.2002122764736234,1,0,-0.679125137423729,-0.9513712898052256,0,0,0,0,0,0,0,0,0,0,0,0,0,0,0,0,0,0,0,0,1
0,0,1,1,0.06166550352279012,1,0,0.747802764698086,0.2516470557698949,0,1,1,0,0,0,0,0,0,1,0,0,0,1,0,0,0,0,0,1,0
1,0,1,0,1.5677776925507676,1,1,1.3451214214002412,2.2704347758262466,0,1,1,0,0,0,0,1,0,1,0,0,0,1,0,1,1,0,0,0,0
0,0,1,1,-0.38609757970174374,1,1,0.8805402439652316,-0.04515601051068227,0,1,0,0,0,1,0,1,0,1,0,1,0,1,0,1,0,1,1,0,0
0,0,0,0,0.14307697319997809,1,0,-1.508734382843389,-0.7379892036922662,0,0,0,1,1,0,1,0,1,0,1,0,1,0,1,0,1,0,0,0,1
1,0,1,0,-0.7117434584104956,1,1,0.11729973817914446,-0.5237290019985952,0,0,1,0,0,0,0,0,0,0,0,0,0,0,0,0,0,0,0,0,0
1,0,1,0,-0.8745663977648716,1,1,-0.31409706943907867,-0.7432578971765368,0,0,0,0,0,0,0,0,0,0,0,0,0,1,0,0,0,0,0,0,0
0,1,0,0,-0.7117434584104956,1,1,0.34959032689664926,-0.5066057481747157,0,0,1,0,0,0,0,1,0,0,0,0,0,0,0,0,0,0,1,0,0
0,0,0,0,1.2014260790034217,0,1,-0.7123095072405154,0.1963257741850536,1,0,0,0,0,0,0,1,0,1,0,0,0,0,0,1,0,1,1,0,0
1,0,0,0,-1.0373893371192475,1,0,1.013277723232377,-0.7226221810298104,0,1,1,0,0,0,0,0,0,0,0,0,0,1,0,1,0,0,0,0,1
0,0,1,1,-1.0780950719578415,1,1,0.5155121759805812,-0.7897980229542605,0,1,1,0,0,0,0,0,0,0,0,1,0,0,0,0,0,0,0,1,0
0,0,0,0,-0.1418631706701798,1,0,-1.3096281639426706,-0.7019864648830838,0,1,0,1,1,0,1,0,1,0,1,0,1,0,1,0,0,0,0,1,0
1,0,1,1,1.6084834273893616,1,1,0.8141715043316587,1.8823076891516455,0,1,1,0,0,0,0,1,0,0,0,0,0,1,0,0,1,0,0,1,0
0,0,0,0,1.4863662228735797,1,1,0.6814340250645132,1.5789187560157303,0,1,0,0,0,1,0,0,0,1,0,1,0,1,0,1,0,1,1,0,0
1,0,0,0,-0.7117434584104956,1,1,1.2123839421330955,-0.328348285290227,0,0,1,0,0,0,0,0,0,1,0,1,0,1,0,1,0,0,0,1,0
0,0,1,1,-0.6710377235719016,1,0,-1.508734382843389,-0.878048638815793,0,0,0,1,1,0,1,0,1,0,1,0,1,0,1,0,0,1,0,0,1
0,1,1,1,0.590840056424512,1,0,0.18366847781271725,0.44263719457470413,0,0,1,0,0,0,0,0,0,0,0,0,0,0,0,0,0,0,0,0,0
0,0,1,1,0.631545791263106,1,0,0.15048410799593087,0.31706666653292154,0,0,0,0,0,1,0,0,0,1,0,1,0,1,0,0,1,0,0,0,0
0,0,1,1,1.6084834273893616,1,0,0.11729973817914446,1.135909445546644,0,0,0,0,0,1,0,1,0,1,0,0,0,0,0,1,0,1,1,0,0
1,0,0,0,-0.4675090493789317,1,1,0.28322158726307645,-0.32615299633844763,0,1,1,0,0,0,0,0,0,0,0,0,0,0,0,0,0,0,0,1,0
0,0,1,0,1.6084834273893616,1,1,1.5110432704841732,2.501379173553441,0,1,1,0,0,0,0,1,0,1,0,1,0,1,0,1,0,1,0,1,0
1,0,1,1,-1.0373893371192475,1,0,0.15048410799593087,-0.783651213889278,0,0,0,0,0,1,0,0,0,0,0,0,0,1,0,1,0,0,1,0,0
0,1,0,0,-0.22327464034736777,1,1,0.6814340250645132,-0.006079867169008649,0,1,1,0,0,0,0,0,0,0,0,0,0,0,0,1,0,0,0,1,0
1,0,1,0,-1.1595065416350294,1,1,0.31640595707986285,-0.878048638815793,0,1,1,0,0,0,0,0,0,0,0,0,0,0,0,0,0,0,0,1,0
0,0,0,0,-1.1595065416350294,1,1,-0.6127563977901562,-0.9254668801742284,0,0,0,0,0,0,0,0,0,0,0,0,0,0,0,0,0,0,0,0,1
0,0,1,1,-0.2639803751859618,1,1,0.8473558741484452,0.02641040931732672,0,0,1,0,0,0,0,0,0,0,0,0,0,1,0,1,0,0,0,1,0
1,0,0,0,0.387311382231542,1,0,0.48232780616379484,0.44439342573612767,0,1,1,0,0,0,0,0,0,1,0,0,0,0,0,0,0,0,0,1,0
1,0,1,1,1.4863662228735797,1,1,0.5486965457973676,1.448957650070389,0,1,0,0,0,0,0,1,0,1,0,1,0,1,0,1,0,1,0,0,0
0,0,0,1,0.6722515261016999,1,0,-1.4755500130266026,-0.5606098563884894,0,0,0,1,1,0,1,0,1,0,1,0,1,0,1,0,0,1,1,0,0
0,0,0,0,-1.2816237461508113,1,0,0.34959032689664926,-0.9772756994362226,0,0,1,0,0,0,0,1,0,0,0,0,0,0,0,0,0,0,0,1,0
0,0,0,0,0.22448844287716607,1,0,0.11729973817914446,0.15593245747231232,0,1,0,0,0,0,0,1,0,0,0,1,0,0,0,1,0,0,1,0,0
0,0,0,0,0.18378270803857208,1,1,1.1791995723163091,0.6626051475430017,0,1,1,0,0,0,0,0,0,1,0,0,0,1,0,1,0,0,0,1,0
1,0,1,0,-0.7524491932490895,1,0,0.5486965457973676,-0.49167778330261563,0,0,0,0,0,0,0,1,0,1,0,1,0,1,0,1,0,1,0,0,1
1,1,0,0,-1.2816237461508113,1,1,0.48232780616379484,-0.9755194682747992,0,0,1,0,0,0,0,0,0,0,0,0,0,1,0,0,0,0,0,1,0
0,0,0,0,-0.9559778674420595,1,1,-1.508734382843389,-0.9320527470295666,0,0,0,1,1,0,1,0,1,0,1,0,1,0,1,0,0,0,0,1,0
1,0,0,0,-0.3453918448631497,1,1,-0.44683454870622424,-0.4504063510091626,0,0,0,0,0,1,0,0,0,0,0,0,0,0,0,0,0,0,0,1,0
0,0,1,1,-0.9966836022806536,1,0,-0.31409706943907867,-0.8143852592141899,0,1,0,0,0,0,0,1,0,0,0,0,0,0,0,0,0,0,0,1,0
0,0,0,0,-1.2816237461508113,1,0,0.6814340250645132,-0.9728851215326638,0,1,1,0,0,0,0,0,0,0,0,0,0,0,0,1,0,0,0,0,1
0,0,1,0,1.6084834273893616,1,0,0.48232780616379484,1.3611460919992122,0,1,0,0,0,1,0,1,0,1,0,1,0,1,0,0,0,1,1,0,0
0,0,1,0,1.6084834273893616,1,1,1.3451214214002412,2.30204693673187,0,1,1,0,0,1,0,0,0,1,0,0,0,1,0,1,0,1,0,1,0
0,0,1,1,-0.6303319887333076,1,1,-0.31409706943907867,-0.6062718665855013,0,0,0,0,0,1,0,0,0,0,0,1,0,0,0,0,0,0,1,0,0
0,0,0,0,1.4456604880349857,0,0,-0.015437741088001118,0.9826782767124407,1,0,0,0,0,1,0,1,0,1,0,1,0,1,0,1,0,1,1,0,0
0,0,1,0,0.631545791263106,1,1,0.01774662872878528,0.34823976964818926,0,0,0,0,0,0,0,1,0,1,0,0,0,0,0,1,1,0,0,1,0
0,0,1,1,-1.0373893371192475,1,1,0.34959032689664926,-0.7669670178557545,0,0,0,0,0,1,0,1,0,1,0,1,0,1,0,0,0,0,0,1,0
1,0,0,0,0.5501343215859179,0,1,-1.1437063148587385,-0.3564479838730036,1,0,0,0,0,1,0,0,0,0,0,0,0,0,0,0,1,0,0,0,0
1,0,1,1,0.7129572609402939,1,0,1.2787526817666683,1.2162570211817707,0,1,1,0,0,0,0,1,0,0,0,1,0,1,0,1,0,0,0,1,0
0,0,1,0,-0.38609757970174374,1,0,-0.3472814392558651,-0.4741154716883803,0,0,0,0,0,0,0,0,0,1,0,1,0,0,0,0,0,0,0,1,0
0,0,1,1,-0.7931549280876836,1,1,-1.4755500130266026,-0.8986843549625195,0,0,0,1,1,0,1,0,1,0,1,0,1,0,1,0,0,0,0,0,1
0,0,0,1,-0.5896262538947137,1,0,-1.3096281639426706,-0.8108727968913428,0,1,0,1,1,0,1,0,1,0,1,0,1,0,1,0,0,1,1,0,0
0,0,0,0,1.2828375486806096,1,1,-1.342812533759457,-0.3072735113531446,0,1,0,1,1,0,1,0,1,0,1,0,1,0,1,0,1,0,0,0,0
1,0,0,0,1.3642490183577978,1,0,0.8141715043316587,1.6136043214538451,0,1,1,0,0,0,0,1,0,0,0,0,0,0,0,1,0,0,1,0,0
0,0,1,1,-0.9559778674420595,1,0,-0.5463876581565834,-0.8249226461827311,0,0,0,0,0,1,0,0,0,0,0,0,0,0,0,0,1,0,0,0,1
0,1,0,0,-0.4675090493789317,1,1,0.9800933534155908,-0.14394401334075602,0,1,1,0,0,0,0,0,0,0,0,0,0,1,0,1,0,0,0,1,0
1,0,0,1,0.30589991255435406,1,1,-1.4755500130266026,-0.6352496807489895,0,0,0,1,1,0,1,0,1,0,1,0,1,0,1,0,1,0,0,0,0
1,0,1,1,-1.0373893371192475,0,0,-0.5132032883397971,-0.8762924076543694,1,0,0,0,0,1,0,0,0,1,0,1,0,0,0,1,0,1,1,0,0
0,0,0,0,0.9571916699718578,1,1,1.3783057912170276,1.5771625248543069,0,1,1,0,0,1,0,1,0,0,0,0,0,1,0,1,0,0,1,0,0
0,0,1,1,-0.4268033145403377,1,0,-1.4755500130266026,-0.8117509124720547,0,0,0,1,1,0,1,0,1,0,1,0,1,0,1,0,1,0,0,0,0
0,0,0,0,-1.1595065416350294,1,1,0.18366847781271725,-0.8903422569457577,0,0,1,0,0,0,0,0,0,0,0,0,0,0,0,0,0,0,0,0,0
0,1,1,0,-1.2816237461508113,1,1,0.31640595707986285,-0.9777147572265785,0,1,1,0,0,0,0,0,0,0,0,0,0,0,0,0,0,0,0,1,0
1,0,0,0,-0.019745966154397852,1,0,0.8805402439652316,0.25032988239882725,0,0,1,0,0,0,0,0,0,0,0,0,0,1,0,1,0,0,0,1,0
1,0,0,1,-0.2639803751859618,0,1,-0.8450469865076611,-0.5610489141788453,1,0,0,0,0,0,0,1,0,0,0,0,0,1,0,0,1,0,0,0,0
1,0,1,1,-0.5896262538947137,0,0,-0.6127563977901562,-0.6536901079439367,1,0,0,0,0,0,0,1,0,1,0,0,0,1,0,0,1,0,1,0,0
1,0,1,1,0.1023712383613841,1,1,1.4778589006673868,0.6503115294130369,0,1,1,0,0,0,0,1,0,1,0,1,0,1,0,1,0,0,0,1,0
0,0,1,1,1.6084834273893616,1,0,0.5155121759805812,1.4985711803806037,0,1,0,0,0,1,0,1,0,1,0,1,0,1,0,0,0,1,0,0,0
0,0,1,1,0.7943687306174818,1,0,1.1128308326827363,1.1820105135340118,0,1,1,0,0,1,0,1,0,1,0,0,0,0,0,1,0,0,0,0,0
0,1,1,0,-1.0373893371192475,1,1,0.6482496552477268,-0.7265737011430132,0,1,1,0,0,0,0,0,0,0,0,0,0,0,0,1,0,0,0,1,0
0,0,0,0,0.14307697319997809,1,1,1.3119370515834547,0.6959735396100488,0,1,1,0,0,0,0,1,0,1,0,0,0,1,0,1,1,0,0,0,0
0,0,0,0,-1.2409180113122174,1,0,-1.508734382843389,-0.990886490937255,0,0,0,1,1,0,1,0,1,0,1,0,1,0,1,0,0,0,0,0,1
1,0,0,0,-1.0373893371192475,0,0,-0.9777844657748066,-0.8942937770589607,1,0,0,0,0,1,0,0,0,1,0,0,0,0,0,0,1,0,0,0,1
1,0,1,0,-0.7117434584104956,1,1,-1.508734382843389,-0.8609253849919136,0,0,0,1,1,0,1,0,1,0,1,0,1,0,1,0,0,0,1,0,0
1,0,0,0,-1.2409180113122174,1,1,0.48232780616379484,-0.9465416541113109,0,1,1,0,0,0,0,1,0,0,0,0,0,0,0,0,0,0,0,1,0
0,0,1,0,1.5677776925507676,0,1,-0.5795720279733698,0.4724931243189042,1,0,0,0,0,1,0,1,0,1,0,1,0,0,0,0,0,1,0,0,0
1,0,1,1,-0.22327464034736777,1,1,0.34959032689664926,-0.1632625561164149,0,1,1,0,0,0,0,0,0,0,0,0,0,0,0,0,0,0,0,0,0
1,0,1,1,0.46872285190873,1,1,-0.3472814392558651,0.10895327390423279,0,0,0,0,0,0,0,1,0,0,0,1,0,0,0,0,0,0,0,0,0
0,0,1,0,0.5501343215859179,1,0,0.18366847781271725,0.40839068692694525,0,0,0,0,0,1,0,1,0,0,0,1,0,0,0,1,1,0,0,0,1
0,0,0,1,-0.06045170099299184,1,0,-1.4755500130266026,-0.7515999951932986,0,0,0,1,1,0,1,0,1,0,1,0,1,0,1,0,1,0,1,0,0
1,0,0,0,1.4863662228735797,1,1,0.44914343634700843,1.3413884914331975,0,1,0,0,0,1,0,1,0,1,0,1,0,0,0,1,1,0,1,0,0
1,0,1,1,-0.30468611002455576,1,0,-0.14817522035514671,-0.3937678960532537,0,1,0,0,0,0,0,0,0,0,0,0,0,1,0,0,0,0,0,1,0
1,0,1,1,-0.30468611002455576,1,1,-1.508734382843389,-0.8007744677131575,0,0,0,1,1,0,1,0,1,0,1,0,1,0,1,0,0,0,0,0,1
0,0,1,1,1.5270719577121736,1,1,1.6105963799345322,2.444740718597532,0,1,1,0,0,1,0,1,0,1,0,1,0,1,0,1,0,1,1,0,0
1,0,1,0,1.6084834273893616,1,0,-1.4755500130266026,-0.3551308105019359,0,0,0,1,1,0,1,0,1,0,1,0,1,0,1,0,0,1,0,0,0
1,0,0,0,-1.2409180113122174,1,0,-0.679125137423729,-0.9746413526940874,0,0,0,0,0,0,0,0,0,0,0,0,0,0,0,0,0,0,0,1,0
0,0,0,0,-1.1595065416350294,0,1,-1.0441532054083793,-0.9500541164341579,1,0,0,0,0,1,0,1,0,0,0,0,0,0,0,0,0,0,0,1,0
0,0,0,1,1.3642490183577978,1,1,0.8473558741484452,1.5934076630974745,0,1,1,0,0,1,0,0,0,1,0,1,0,0,0,0,0,1,1,0,0
1,0,0,0,-1.1188008067964355,1,1,0.01774662872878528,-0.8613644427822694,0,0,0,0,0,0,0,1,0,0,0,1,0,0,0,1,0,0,0,0,0
1,0,0,0,-1.2816237461508113,1,0,-0.48001891852301065,-0.9882521441951198,0,0,0,0,0,0,0,1,0,0,0,0,0,0,0,0,0,0,0,1,0
1,0,1,0,-1.2816237461508113,1,1,1.013277723232377,-0.968494543629105,0,0,1,0,0,1,0,0,0,0,0,0,0,1,0,1,0,0,0,1,0
0,0,0,0,-1.2816237461508113,1,1,-1.4755500130266026,-1.0014238779057962,0,0,0,1,1,0,1,0,1,0,1,0,1,0,1,0,0,0,0,0,1
1,1,1,0,1.5270719577121736,1,1,1.3119370515834547,2.1984292982078815,0,1,1,0,0,0,0,1,0,1,0,0,0,1,0,1,1,0,0,1,0
0,0,1,0,1.0793088744876398,1,1,1.1791995723163091,1.6390696732944863,0,0,1,0,0,0,0,1,0,0,0,1,0,1,0,1,0,1,0,0,1
0,0,0,0,-0.8338606629262776,1,1,-1.508734382843389,-0.9140513776249755,0,0,0,1,1,0,1,0,1,0,1,0,1,0,1,0,1,0,0,0,0
1,0,0,0,-1.2409180113122174,1,0,-1.508734382843389,-0.9882521441951198,0,0,0,1,1,0,1,0,1,0,1,0,1,0,1,0,0,0,0,0,1
1,0,1,1,0.346605647392948,1,1,-1.4755500130266026,-0.6242732359900924,0,0,0,1,1,0,1,0,1,0,1,0,1,0,1,0,0,1,0,0,1
0,0,0,0,0.22448844287716607,1,1,1.2787526817666683,0.740757434226349,0,1,1,0,0,0,0,0,0,1,0,1,0,1,0,1,0,0,0,1,0
0,0,1,0,1.2828375486806096,1,1,1.676965119568105,2.237066383759199,0,1,1,0,0,1,0,1,0,1,0,1,0,1,0,1,1,0,0,1,0
1,0,1,0,-1.2816237461508113,1,1,0.31640595707986285,-0.9777147572265785,0,1,1,0,0,0,0,0,0,0,0,0,0,0,0,0,0,0,0,0,0
1,0,0,0,-1.1188008067964355,1,0,1.0464620930491635,-0.7941886008578193,0,0,1,0,0,0,0,0,0,1,0,0,0,1,0,1,0,0,0,0,0
0,0,0,0,-1.2816237461508113,0,0,-1.3096281639426706,-0.9992285889540168,1,0,0,0,0,0,0,0,0,0,0,0,0,0,0,0,0,0,0,0,0
1,0,0,1,0.46872285190873,1,0,-1.508734382843389,-0.6506167034114454,0,0,0,1,1,0,1,0,1,0,1,0,1,0,1,0,0,1,0,0,0
1,0,1,1,-1.2816237461508113,1,0,0.8141715043316587,-0.9711288903712403,0,0,1,0,0,0,0,0,0,0,0,0,0,1,0,1,0,0,0,0,1
1,0,1,1,-0.10115743583158582,1,1,0.9800933534155908,0.2358409753170831,0,1,1,0,0,1,0,1,0,0,0,0,0,1,0,0,0,0,0,1,0
1,0,0,0,0.346605647392948,1,1,1.1460152024995227,0.8426188415889139,0,0,1,0,0,0,0,1,0,0,0,1,0,1,0,1,0,1,1,0,0
1,0,1,0,0.8350744654560759,1,0,-1.508734382843389,-0.5228508864178834,0,0,0,1,1,0,1,0,1,0,1,0,1,0,1,0,0,1,1,0,0
1,1,1,0,1.6084834273893616,1,1,1.6437807497513186,2.64758541774195,0,1,1,0,0,1,0,1,0,1,0,1,0,1,0,1,0,1,0,0,1
1,1,0,0,-1.0373893371192475,1,1,0.6482496552477268,-0.7704794801786016,0,1,1,0,0,0,0,0,0,0,0,0,0,1,0,0,0,0,0,1,0
1,0,0,0,0.7129572609402939,1,0,0.15048410799593087,0.49049449372349546,0,1,0,0,0,0,0,0,0,1,0,1,0,0,0,1,0,1,0,0,0
1,0,0,0,-1.2816237461508113,1,0,-0.6459407676069426,-0.9904474331468992,0,0,0,0,0,0,0,0,0,0,0,0,0,0,0,0,0,0,0,0,1
0,0,0,0,-0.06045170099299184,1,0,-1.4755500130266026,-0.7076942161577102,0,0,0,1,1,0,1,0,1,0,1,0,1,0,1,0,0,1,1,0,0
1,0,0,0,0.30589991255435406,1,0,1.3119370515834547,0.8035426982472403,0,1,1,0,0,0,0,0,0,1,0,1,0,1,0,1,0,0,0,0,0
0,0,0,0,-1.2816237461508113,1,1,-1.4755500130266026,-1.0014238779057962,0,0,0,1,1,0,1,0,1,0,1,0,1,0,1,0,0,0,0,0,1
0,1,1,0,1.1200146093262338,0,1,-0.5132032883397971,0.26613596285163904,1,0,0,0,0,0,0,1,0,0,0,0,0,1,0,1,0,1,1,0,0
0,0,1,1,-0.6303319887333076,1,1,-0.1149908505383603,-0.5404131980321187,0,1,0,0,0,0,0,0,0,1,0,1,0,0,0,0,1,0,0,0,1
1,1,1,0,1.6084834273893616,1,0,0.6482496552477268,1.579796871596442,0,1,0,0,0,1,0,1,0,1,0,0,0,1,0,1,0,1,1,0,0
0,1,0,0,-0.2639803751859618,1,1,0.8141715043316587,-0.010470445072567483,0,1,1,0,0,0,0,1,0,0,0,0,0,1,0,0,0,0,0,1,0
1,0,0,0,-1.2816237461508113,1,1,0.8473558741484452,-0.9706898325808844,0,0,1,0,0,0,0,0,0,0,0,0,0,1,0,1,0,0,0,1,0
0,0,0,0,-1.0373893371192475,1,1,0.31640595707986285,-0.7814559249374987,0,1,0,0,0,0,0,0,0,0,0,1,0,1,0,1,0,0,0,1,0
1,0,0,0,-1.2816237461508113,1,1,0.34959032689664926,-0.9772756994362226,0,1,1,0,0,0,0,0,0,0,0,0,0,0,0,0,0,0,0,1,0
1,0,1,1,1.2828375486806096,1,0,0.8473558741484452,1.4612512682003536,0,1,1,0,0,0,0,0,0,1,0,0,0,0,0,1,1,0,1,0,0
1,0,1,1,0.020959768684196134,1,0,0.581880915614154,0.1326623945834505,0,0,0,0,0,0,0,1,0,1,0,1,0,1,0,1,0,1,1,0,0
0,0,0,0,1.4456604880349857,1,0,-1.4755500130266026,-0.40167093627965955,0,0,0,1,1,0,1,0,1,0,1,0,1,0,1,0,0,1,0,0,0
0,0,1,1,0.06166550352279012,1,0,-1.4755500130266026,-0.6958396558181015,0,0,0,1,1,0,1,0,1,0,1,0,1,0,1,0,0,0,0,0,1
1,0,0,0,-1.2002122764736234,1,1,-1.508734382843389,-0.9803491039687139,0,0,0,1,1,0,1,0,1,0,1,0,1,0,1,0,0,0,0,0,1
0,0,0,0,-1.0373893371192475,1,0,-1.4755500130266026,-0.953566578757005,0,0,0,1,1,0,1,0,1,0,1,0,1,0,1,0,1,0,0,0,1
0,0,0,0,-1.0780950719578415,1,1,0.8141715043316587,-0.7963838898095987,0,0,1,0,0,0,0,0,0,1,0,1,0,0,0,1,0,0,0,1,0
1,0,0,1,-0.8338606629262776,1,1,0.15048410799593087,-0.6427136631850395,0,0,0,0,0,1,0,0,0,0,0,0,0,1,0,1,0,0,0,0,1
0,0,1,1,1.0793088744876398,1,1,0.34959032689664926,0.9839954500835083,0,0,0,0,0,0,0,1,0,0,0,1,0,1,0,1,0,1,1,0,0
1,0,1,0,-0.8338606629262776,1,0,0.5155121759805812,-0.629980987264719,0,0,1,0,0,1,0,0,0,0,0,1,0,0,0,0,0,0,0,0,0
1,1,0,0,0.7943687306174818,0,1,-0.5463876581565834,0.1115876206463681,1,0,0,0,0,1,0,0,0,0,0,0,0,1,0,1,0,0,1,0,0
0,0,1,1,-0.019745966154397852,1,1,0.8805402439652316,0.28677167899836553,0,1,1,0,0,0,0,0,0,1,0,0,0,0,0,1,0,0,0,0,0
0,1,1,0,1.4049547531963917,1,1,1.411490161033814,2.125545705008805,0,1,1,0,0,1,0,0,0,1,0,0,0,1,0,1,1,0,1,0,0
1,0,0,0,0.7536629957788878,1,0,-1.508734382843389,-0.5680738388245393,0,0,0,1,1,0,1,0,1,0,1,0,1,0,1,0,1,0,0,1,0
0,0,0,0,-0.9966836022806536,1,0,-0.5132032883397971,-0.8310694552477135,0,0,0,0,0,0,0,0,0,0,0,1,0,0,0,0,0,0,0,1,0
0,1,1,1,-1.2002122764736234,1,1,0.7809871345148723,-0.8903422569457577,0,0,1,0,0,1,0,0,0,0,0,1,0,1,0,0,0,0,0,0,1
0,0,1,0,1.6084834273893616,1,0,1.1791995723163091,2.2098448007571343,0,1,1,0,0,1,0,1,0,1,0,0,0,1,0,0,0,1,0,0,0
1,1,1,0,0.18378270803857208,1,1,0.6814340250645132,0.38204721950559223,0,1,1,0,0,0,0,0,0,0,0,0,0,1,0,0,0,0,0,1,0
1,0,1,1,1.2828375486806096,1,1,-1.342812533759457,-0.3454715391141065,0,1,0,1,1,0,1,0,1,0,1,0,1,0,1,0,0,1,0,0,1
0,1,1,0,-0.2639803751859618,1,0,0.6482496552477268,-0.05788868643100289,0,0,1,0,0,0,0,1,0,0,0,0,0,0,0,1,0,0,0,1,0
1,0,0,0,-0.6710377235719016,1,1,0.9800933534155908,-0.3590823306151389,0,0,1,0,0,1,0,0,0,0,0,0,0,1,0,1,0,0,0,1,0
0,0,1,0,-1.2409180113122174,1,1,1.3119370515834547,-0.9039530484467901,0,1,1,0,0,0,0,0,0,1,0,1,0,1,0,1,0,0,0,1,0
0,0,0,0,0.18378270803857208,1,1,0.44914343634700843,0.296430950386195,0,1,0,0,0,1,0,1,0,1,0,1,0,1,0,0,0,0,1,0,0
1,0,0,0,1.3642490183577978,1,1,1.6437807497513186,2.231358632484573,0,1,1,0,0,1,0,1,0,1,0,1,0,1,0,1,1,0,0,0,0
0,0,0,0,1.6084834273893616,1,1,0.8805402439652316,1.9301649883004368,0,1,0,0,0,1,0,1,0,1,0,1,0,1,0,1,0,1,0,0,0
0,1,0,0,-1.2816237461508113,1,0,-0.6459407676069426,-0.9904474331468992,0,0,0,0,0,0,0,0,0,0,0,0,0,0,0,0,0,0,0,0,1
1,1,1,1,0.5501343215859179,1,1,1.1791995723163091,0.9835563922931525,0,1,1,0,0,1,0,1,0,1,0,0,0,1,0,0,0,0,0,1,0
0,0,1,1,1.4863662228735797,1,0,-1.508734382843389,-0.3797180467618654,0,0,0,1,1,0,1,0,1,0,1,0,1,0,1,0,0,1,1,0,0
0,0,0,0,0.5501343215859179,1,1,1.013277723232377,1.0375605005069262,0,0,1,0,0,1,0,1,0,1,0,0,0,1,0,0,1,0,1,0,0
1,0,1,0,-0.9966836022806536,1,1,0.6814340250645132,-0.7208659498683868,0,1,1,0,0,0,0,0,0,0,0,0,0,0,0,1,0,0,0,0,0
0,0,0,0,-0.9966836022806536,1,1,-0.14817522035514671,-0.7963838898095987,0,0,0,0,0,1,0,0,0,0,0,0,0,1,0,0,0,0,0,1,0
1,0,0,0,-1.2816237461508113,1,0,-1.4755500130266026,-1.0014238779057962,0,0,0,1,1,0,1,0,1,0,1,0,1,0,1,0,0,0,0,0,0
0,1,0,0,1.4049547531963917,1,1,0.913724613782018,1.6856097990722099,0,0,1,0,0,1,0,1,0,0,0,1,0,1,0,0,0,1,0,0,0
0,0,0,0,1.4863662228735797,1,0,-1.342812533759457,-0.2734660614957416,0,1,0,1,1,0,1,0,1,0,1,0,1,0,1,0,0,1,1,0,0
0,0,0,0,-0.7524491932490895,1,0,-0.48001891852301065,-0.6743258240906631,0,0,0,0,0,0,0,1,0,0,0,0,0,0,0,0,0,0,0,1,0
0,0,0,0,1.4456604880349857,1,0,-0.3472814392558651,0.608601039329228,0,1,0,0,0,1,0,0,0,0,0,0,0,0,0,0,0,0,0,0,1
1,0,0,0,0.428017117070136,0,0,-0.679125137423729,-0.16238444053570314,1,0,0,0,0,0,0,0,0,1,0,1,0,0,0,1,1,0,0,1,0
0,0,0,0,-1.2409180113122174,1,0,-1.508734382843389,-0.9851787396626286,0,0,0,1,1,0,1,0,1,0,1,0,1,0,1,0,0,0,0,1,0
0,0,0,0,-1.0780950719578415,0,0,-0.6459407676069426,-0.8793658121868607,1,0,0,0,0,0,0,0,0,0,0,0,0,1,0,1,0,0,1,0,0
0,0,1,1,-0.7931549280876836,1,0,-1.4755500130266026,-0.8907813147361137,0,0,0,1,1,0,1,0,1,0,1,0,1,0,1,0,0,1,0,0,1
1,0,0,0,0.8757802002946699,1,0,-1.508734382843389,-0.5676347810341835,0,0,0,1,1,0,1,0,1,0,1,0,1,0,1,0,0,1,1,0,0
0,0,0,0,-1.2002122764736234,1,0,-0.679125137423729,-0.9452244807402431,0,0,0,0,0,0,0,0,0,0,0,0,0,0,0,0,0,0,0,0,1
0,1,0,0,-0.2639803751859618,1,1,0.44914343634700843,-0.12945510625901188,0,0,1,0,0,0,0,0,0,0,0,0,0,0,0,1,0,0,0,1,0
0,0,0,0,0.22448844287716607,1,0,0.6482496552477268,0.3890721441512864,0,1,0,0,0,1,0,1,0,1,0,0,0,1,0,1,1,0,0,0,0
0,0,1,1,-0.38609757970174374,1,0,-1.4755500130266026,-0.8003354099228016,0,0,0,1,1,0,1,0,1,0,1,0,1,0,1,0,0,1,0,0,0
0,0,1,1,-0.7524491932490895,1,1,-1.508734382843389,-0.8947328348493165,0,0,0,1,1,0,1,0,1,0,1,0,1,0,1,0,0,1,0,0,1
1,0,0,1,0.18378270803857208,1,0,-0.1149908505383603,0.0005059996863296011,0,0,0,0,0,1,0,1,0,0,0,1,0,0,0,0,0,1,1,0,0
0,1,0,0,-0.10115743583158582,0,1,-0.8118626166908747,-0.4956293034158186,1,0,0,0,0,0,0,0,0,1,0,0,0,1,0,0,0,0,0,1,0
0,0,0,0,-1.0373893371192475,1,1,0.48232780616379484,-0.7529171685643663,0,0,1,0,0,0,0,0,0,0,0,0,0,1,0,0,0,0,0,1,0
0,0,0,0,-1.2409180113122174,1,1,0.8805402439652316,-0.9254668801742284,0,1,1,0,0,0,0,0,0,1,0,0,0,1,0,0,0,0,0,1,0
1,1,0,0,0.020959768684196134,1,1,-1.342812533759457,-0.6383230852814807,0,1,0,1,1,0,1,0,1,0,1,0,1,0,1,0,1,0,0,0,0
1,1,1,1,0.7129572609402939,1,1,0.34959032689664926,0.6678738410272723,0,1,0,0,0,1,0,1,0,1,0,0,0,0,0,1,0,1,0,0,0
0,0,1,1,-0.38609757970174374,1,0,-1.3096281639426706,-0.7419407238054692,0,1,0,1,1,0,1,0,1,0,1,0,1,0,1,0,0,1,0,0,1
1,0,0,0,1.6084834273893616,1,1,1.2787526817666683,2.3415621378638996,0,1,1,0,0,0,0,1,0,1,0,0,0,1,0,1,0,1,0,1,0
1,0,1,0,1.3642490183577978,1,1,1.3783057912170276,2.0548574007615077,0,1,1,0,0,1,0,0,0,1,0,0,0,1,0,1,0,1,1,0,0
1,0,0,0,-1.2816237461508113,0,0,-1.176890684675525,-0.9974723577925932,1,0,0,0,0,1,0,0,0,0,0,0,0,0,0,0,0,0,0,0,1
1,0,1,1,-0.8338606629262776,1,1,-1.508734382843389,-0.9052702218178578,0,0,0,1,1,0,1,0,1,0,1,0,1,0,1,0,0,0,0,1,0
0,0,0,0,1.1607203441648277,0,0,-0.7123095072405154,0.17349476908654765,1,0,0,0,0,1,0,1,0,1,0,1,0,0,0,0,1,0,1,0,0
0,0,1,1,0.5501343215859179,1,0,-1.508734382843389,-0.5895876705519777,0,0,0,1,1,0,1,0,1,0,1,0,1,0,1,0,0,1,1,0,0
0,0,1,1,-0.4675090493789317,1,1,-0.2145439599887195,-0.4767498184305156,0,0,0,0,0,0,0,1,0,0,0,0,0,1,0,0,1,0,1,0,0
1,0,1,1,-0.019745966154397852,0,1,-0.9446000959580202,-0.5048495170132922,1,0,0,0,0,0,0,0,0,1,0,1,0,0,0,0,1,0,0,0,1
0,0,1,1,-0.5082147842175256,1,0,-1.4755500130266026,-0.8319475708284253,0,0,0,1,1,0,1,0,1,0,1,0,1,0,1,0,0,0,0,0,1
0,0,0,0,-0.4675090493789317,0,0,-0.9777844657748066,-0.6721305351388838,1,0,0,0,0,1,0,0,0,0,0,1,0,0,0,0,0,1,0,0,1
0,0,0,0,-0.7117434584104956,1,0,-1.508734382843389,-0.8833173323000636,0,0,0,1,1,0,1,0,1,0,1,0,1,0,1,0,0,0,0,0,0
0,0,0,0,-1.2002122764736234,1,0,-1.508734382843389,-0.9847396818722727,0,0,0,1,1,0,1,0,1,0,1,0,1,0,1,0,0,0,0,1,0
1,1,0,0,-0.9152721326034655,1,1,0.25003721744629004,-0.7081332739480661,0,0,1,0,0,0,0,1,0,0,0,0,0,0,0,0,0,0,0,1,0
0,0,0,0,1.3642490183577978,1,1,0.7809871345148723,1.6241417084223864,0,1,1,0,0,0,0,1,0,0,0,0,0,1,0,0,1,0,0,0,0
0,0,0,0,-0.7117434584104956,1,0,-1.508734382843389,-0.8798048699772165,0,0,0,1,1,0,1,0,1,0,1,0,1,0,1,0,0,0,0,0,0
0,0,1,1,-0.6303319887333076,1,0,-1.4755500130266026,-0.8266788773441547,0,0,0,1,1,0,1,0,1,0,1,0,1,0,1,0,1,0,0,0,1
1,1,1,1,0.7536629957788878,1,1,0.6482496552477268,0.8101285651025786,0,1,1,0,0,0,0,1,0,1,0,0,0,0,0,0,0,0,0,1,0
1,0,0,0,-1.2409180113122174,1,1,0.5155121759805812,-0.9469807119016667,0,0,1,0,0,0,0,0,0,0,0,0,0,1,0,0,0,0,0,1,0
0,0,1,0,-1.2816237461508113,0,1,-1.176890684675525,-0.9974723577925932,1,0,0,0,0,0,0,1,0,0,0,0,0,0,0,0,0,0,0,1,0
0,0,0,0,-1.2816237461508113,1,0,-1.508734382843389,-1.0018629356961521,0,0,0,1,1,0,1,0,1,0,1,0,1,0,1,0,0,0,0,0,1
0,0,1,1,0.631545791263106,0,0,-0.6459407676069426,-0.04603412609139403,1,0,0,0,0,1,0,0,0,1,0,0,0,0,0,1,1,0,1,0,0
1,0,0,1,-0.22327464034736777,1,1,0.48232780616379484,-0.05305905073708817,0,1,1,0,0,0,0,0,0,0,0,1,0,0,0,0,0,0,0,1,0
1,0,0,0,-0.5082147842175256,1,0,-0.1813595901719331,-0.48728720539905684,0,1,0,0,0,1,0,0,0,0,0,1,0,0,0,0,0,0,0,0,0
1,0,0,1,-1.2816237461508113,0,1,-1.1105219450419521,-0.9965942422118815,1,0,0,0,0,0,0,1,0,0,0,0,0,0,0,0,0,0,0,0,1
1,0,0,1,-1.1188008067964355,1,0,-1.4755500130266026,-0.9737632371133756,0,0,0,1,1,0,1,0,1,0,1,0,1,0,1,0,0,0,0,0,1
0,0,0,0,-0.8745663977648716,1,0,-0.44683454870622424,-0.7770653470339398,0,0,0,0,0,0,0,1,0,0,0,0,0,0,0,0,0,0,0,1,0
0,0,0,0,-1.2409180113122174,1,1,-1.4755500130266026,-0.9957161266311698,0,0,0,1,1,0,1,0,1,0,1,0,1,0,1,0,0,0,0,0,1
1,0,1,1,-0.6303319887333076,1,1,-1.3096281639426706,-0.8293132240862899,0,1,0,1,1,0,1,0,1,0,1,0,1,0,1,0,0,1,0,0,1
0,0,0,1,-1.0373893371192475,0,0,-1.176890684675525,-0.9219544178513813,1,0,0,0,0,1,0,0,0,0,0,0,0,0,0,0,0,0,0,0,1
0,0,1,0,-0.06045170099299184,1,1,-0.5132032883397971,-0.35249646375980065,0,0,0,0,0,0,0,0,0,0,0,1,0,0,0,0,0,0,0,0,1
0,1,0,0,1.3642490183577978,1,1,0.5155121759805812,1.2834328631062208,0,1,1,0,0,0,0,1,0,0,0,0,0,0,0,0,0,0,1,0,0
0,0,0,0,-1.2816237461508113,1,1,0.9800933534155908,-0.9689336014194608,0,1,1,0,0,0,0,0,0,0,0,0,0,1,0,1,0,0,0,1,0
1,0,0,0,-1.1188008067964355,1,1,0.6814340250645132,-0.8240445306020193,0,1,1,0,0,0,0,1,0,1,0,0,0,0,0,0,0,0,0,1,0
1,0,1,1,0.387311382231542,1,0,1.07964646286595,0.7530510523563136,0,1,1,0,0,1,0,0,0,0,0,0,0,1,0,1,1,0,0,1,0
0,0,1,0,1.4456604880349857,1,1,0.48232780616379484,1.4111986800997829,0,0,0,0,0,1,0,1,0,0,0,1,0,1,0,1,0,1,0,0,0
0,0,1,1,-0.8338606629262776,1,1,-1.4755500130266026,-0.9083436263503489,0,0,0,1,1,0,1,0,1,0,1,0,1,0,1,0,0,0,1,0,0
1,1,1,0,-1.2816237461508113,1,1,0.31640595707986285,-0.9777147572265785,0,1,1,0,0,0,0,0,0,0,0,0,0,0,0,0,0,0,0,1,0
1,0,0,0,1.1200146093262338,1,0,-0.1149908505383603,0.5870872076017898,0,0,0,0,0,1,0,1,0,1,0,0,0,0,0,0,0,1,0,1,0
1,1,1,1,0.22448844287716607,1,0,1.2123839421330955,0.6323101600084458,0,1,1,0,0,0,0,1,0,0,0,0,0,1,0,1,0,0,0,1,0
0,0,0,0,-0.8338606629262776,1,1,1.0464620930491635,-0.5439256603549658,0,0,1,0,0,0,0,0,0,1,0,0,0,1,0,1,0,0,0,1,0
0,0,1,1,-0.7117434584104956,1,0,0.3827746967134356,-0.5030932858518686,0,0,0,0,0,0,0,1,0,1,0,1,0,1,0,1,0,0,0,0,0
0,1,1,0,1.5677776925507676,1,1,1.1460152024995227,2.1567188081240727,0,0,1,0,0,0,0,1,0,1,0,0,0,1,0,1,0,1,0,1,0
1,1,1,0,1.6084834273893616,0,1,-0.04862211090478751,1.0467807141043997,1,0,0,0,0,1,0,1,0,1,0,1,0,1,0,1,0,1,0,0,0
1,0,0,0,-0.8745663977648716,1,0,0.25003721744629004,-0.6510557612018013,0,0,1,0,0,0,0,0,0,1,0,0,0,0,0,0,0,0,0,1,0
0,0,1,1,1.5270719577121736,1,0,0.01774662872878528,0.9844345078738642,0,1,0,0,0,1,0,0,0,0,0,0,0,0,0,1,1,0,0,0,0
0,0,0,0,-1.2816237461508113,1,1,-0.31409706943907867,-0.9860568552433403,0,0,0,0,0,0,0,0,0,0,0,0,0,1,0,0,0,0,1,0,0
1,0,1,1,-0.30468611002455576,1,0,-1.3096281639426706,-0.7335986257887074,0,1,0,1,1,0,1,0,1,0,1,0,1,0,1,0,0,1,1,0,0
0,1,0,0,1.6084834273893616,1,1,1.5110432704841732,2.3907366103837586,0,1,1,0,0,1,0,1,0,0,0,1,0,1,0,1,0,1,0,0,0
1,0,0,0,-0.9966836022806536,1,1,-0.1813595901719331,-0.8187758371177488,0,1,0,0,0,0,0,0,0,0,0,0,0,1,0,0,0,0,0,1,0
1,0,1,1,-0.1418631706701798,0,1,-0.31409706943907867,-0.29190648869068875,1,0,0,0,0,1,0,1,0,1,0,1,0,0,0,1,1,0,1,0,0
1,0,0,0,-1.1188008067964355,1,1,-0.31409706943907867,-0.8934156614782489,0,0,0,0,0,1,0,0,0,0,0,1,0,0,0,0,0,0,0,0,1
1,0,1,1,-0.019745966154397852,0,0,-0.48001891852301065,-0.2844425062546387,1,0,0,0,0,0,0,0,0,1,0,0,0,1,0,1,0,0,1,0,0
1,0,0,0,-1.2816237461508113,1,1,0.34959032689664926,-0.9772756994362226,0,0,0,0,0,0,0,0,0,1,0,1,0,1,0,1,0,0,0,1,0
1,0,1,0,1.5270719577121736,1,1,0.7809871345148723,1.617994899357404,0,1,1,0,0,1,0,1,0,0,0,1,0,0,0,0,0,1,1,0,0
1,0,0,0,-1.2816237461508113,1,1,-1.4755500130266026,-1.0014238779057962,0,0,0,1,1,0,1,0,1,0,1,0,1,0,1,0,0,0,0,0,1
0,1,1,0,-0.22327464034736777,1,1,0.34959032689664926,-0.1632625561164149,0,0,1,0,0,1,0,0,0,0,0,0,0,0,0,0,0,0,0,0,0
1,0,0,0,-0.7524491932490895,1,1,-1.342812533759457,-0.8692674830086754,0,1,0,1,1,0,1,0,1,0,1,0,1,0,1,0,1,0,1,0,0
1,0,1,0,-0.10115743583158582,1,1,0.9800933534155908,0.24813459344704783,0,1,1,0,0,0,0,0,0,0,0,0,0,1,0,1,0,0,1,0,0
1,0,1,1,1.2828375486806096,0,1,-0.14817522035514671,0.6779721702054576,1,0,0,0,0,1,0,0,0,1,0,1,0,1,0,1,0,1,0,0,0
1,0,1,0,0.387311382231542,0,1,-1.3096281639426706,-0.5285586376925099,1,0,0,0,0,0,0,0,0,0,0,0,0,0,0,0,0,0,1,0,0
0,1,0,0,-1.2816237461508113,1,1,0.15048410799593087,-0.979910046178358,0,0,1,0,0,0,0,0,0,0,0,0,0,0,0,0,0,0,0,1,0
1,0,1,1,0.30589991255435406,1,1,-1.4755500130266026,-0.6831069798977808,0,0,0,1,1,0,1,0,1,0,1,0,1,0,1,0,0,0,0,0,0
0,1,1,0,1.3642490183577978,1,1,1.1791995723163091,1.9270915837679456,0,1,1,0,0,0,0,1,0,0,0,0,0,1,0,1,0,0,0,1,0
0,0,0,0,-1.2816237461508113,1,1,-0.48001891852301065,-0.9882521441951198,0,0,0,0,0,0,0,0,0,0,0,1,0,0,0,0,0,0,0,1,0
1,0,0,0,-0.22327464034736777,1,0,0.5486965457973676,-0.0390092014456999,0,0,0,0,0,1,0,0,0,1,0,1,0,1,0,1,1,0,0,1,0
0,1,1,0,-0.1418631706701798,0,1,-0.6459407676069426,-0.47104206715588914,1,0,0,0,0,1,0,0,0,1,0,0,0,0,0,1,0,0,0,1,0
0,0,1,1,1.3235432835192036,1,1,1.1460152024995227,1.8067897492104337,0,1,1,0,0,1,0,1,0,0,0,1,0,1,0,0,0,1,1,0,0
0,1,1,0,-0.3453918448631497,1,1,0.9469089835988044,-0.016178196347193967,0,1,1,0,0,0,0,0,0,0,0,0,0,1,0,1,0,0,0,1,0
1,0,1,0,1.6084834273893616,1,1,1.1460152024995227,2.2484818863084524,0,1,1,0,0,1,0,1,0,1,0,0,0,0,0,1,0,1,0,1,0
1,0,1,0,1.5270719577121736,0,1,-0.8450469865076611,0.1717385379251241,1,0,0,0,0,1,0,0,0,1,0,1,0,0,0,0,0,1,1,0,0
0,0,1,0,-0.5489205190561197,1,1,1.0464620930491635,-0.2449273051226092,0,0,1,0,0,0,0,0,0,1,0,0,0,1,0,1,0,0,0,1,0
1,0,0,0,-1.0373893371192475,1,1,0.8473558741484452,-0.749843764031875,0,1,1,0,0,0,0,0,0,1,0,0,0,1,0,0,0,0,0,1,0
0,0,0,1,-0.9152721326034655,1,1,0.8805402439652316,-0.5869533238098423,0,0,1,0,0,0,0,0,0,1,0,1,0,1,0,0,0,0,0,1,0
0,0,1,0,1.6084834273893616,1,1,-1.342812533759457,-0.23043839804086505,0,1,0,1,1,0,1,0,1,0,1,0,1,0,1,0,0,1,1,0,0
1,1,1,0,-1.2409180113122174,1,1,0.31640595707986285,-0.9487369430630902,0,0,1,0,0,0,0,0,0,1,0,0,0,0,0,0,0,0,0,1,0
0,0,1,0,1.6084834273893616,1,1,0.8473558741484452,1.8296207543089396,0,1,0,0,0,1,0,1,0,1,0,1,0,1,0,1,0,1,0,0,0
0,1,1,0,0.26519417771576004,1,1,1.2123839421330955,0.7236341804024695,0,1,1,0,0,0,0,0,0,0,0,1,0,1,0,1,0,0,0,1,0
0,1,0,0,0.22448844287716607,1,0,-1.4755500130266026,-0.6874975578013396,0,0,0,1,1,0,1,0,1,0,1,0,1,0,1,0,0,1,0,0,1
0,1,0,0,-0.5082147842175256,1,1,0.5486965457973676,-0.2765394660282328,0,0,1,0,0,0,0,0,0,0,0,0,0,0,0,1,0,0,0,1,0
1,0,1,1,1.4863662228735797,1,1,1.013277723232377,1.9187494857511838,0,0,1,0,0,0,0,0,0,0,0,1,0,1,0,1,0,1,1,0,0
0,0,1,1,-0.10115743583158582,1,0,0.7146183948812996,0.10412363821031807,0,0,1,0,0,0,0,0,0,1,0,0,0,0,0,1,1,0,0,1,0
1,0,1,0,0.9978974048104517,0,1,-0.24772832980550588,0.42331865179904526,1,0,0,0,0,0,0,1,0,1,0,1,0,1,0,1,0,1,0,0,0
1,0,0,0,-0.6303319887333076,0,1,-1.3096281639426706,-0.8170196059563253,1,0,0,0,0,0,0,0,0,0,0,0,0,0,0,0,0,0,0,0,1
0,0,1,1,0.8350744654560759,1,0,-1.4755500130266026,-0.5070448059650716,0,0,0,1,1,0,1,0,1,0,1,0,1,0,1,0,0,1,0,0,1
0,1,0,0,-1.1188008067964355,1,1,0.6482496552477268,-0.8380943798934076,0,0,1,0,0,0,0,1,0,0,0,0,0,1,0,0,0,0,0,1,0
0,0,1,1,0.428017117070136,1,1,-1.342812533759457,-0.5742206478895218,0,1,0,1,1,0,1,0,1,0,1,0,1,0,1,0,1,0,0,0,0
1,0,1,1,1.3235432835192036,1,1,0.6482496552477268,1.3273386421418092,0,1,0,0,0,0,0,1,0,1,0,1,0,1,0,1,0,1,0,0,0
0,0,1,1,0.18378270803857208,1,0,-1.508734382843389,-0.7103285628998456,0,0,0,1,1,0,1,0,1,0,1,0,1,0,1,0,0,0,0,1,0
1,0,0,0,-0.8745663977648716,1,1,-1.4755500130266026,-0.9061483373985696,0,0,0,1,1,0,1,0,1,0,1,0,1,0,1,0,0,0,1,0,0
1,0,1,1,0.5094285867473239,1,0,0.44914343634700843,0.5704030115682662,0,1,0,0,0,0,0,1,0,1,0,0,0,1,0,1,1,0,1,0,0
1,0,0,0,0.18378270803857208,1,1,1.0464620930491635,0.5905996699246369,0,0,1,0,0,0,0,1,0,0,0,0,0,1,0,1,0,0,1,0,0
1,0,0,0,-0.5896262538947137,1,0,-0.2809126996222923,-0.5847580348580629,0,1,0,0,0,1,0,0,0,0,0,0,0,0,0,0,0,0,0,0,1
1,0,0,0,0.5094285867473239,0,0,-0.7454938770573019,-0.20233869945808852,1,0,0,0,0,1,0,0,0,1,0,1,0,0,0,0,1,0,0,0,0
1,0,0,0,-1.2002122764736234,0,1,-0.9777844657748066,-0.9636649079351903,1,0,0,0,0,1,0,1,0,0,0,0,0,0,0,0,0,0,0,0,1
1,0,1,1,-1.0373893371192475,1,1,-1.4755500130266026,-0.9338089781909902,0,0,0,1,1,0,1,0,1,0,1,0,1,0,1,0,0,0,0,0,0
1,1,1,0,-0.10115743583158582,1,1,0.48232780616379484,0.028166640478750254,0,0,1,0,0,0,0,1,0,1,0,0,0,0,0,0,0,0,0,0,1
0,0,0,0,-1.1188008067964355,1,0,-0.3472814392558651,-0.8749752342833018,0,0,0,0,0,1,0,0,0,0,0,1,0,0,0,0,0,0,0,1,0
0,1,1,0,-0.1825689055087738,1,1,1.2123839421330955,0.22442547276783012,0,1,1,0,0,0,0,0,0,0,0,1,0,1,0,1,0,0,1,0,0
0,1,0,0,-1.1595065416350294,1,1,0.31640595707986285,-0.8811220433482843,0,1,1,0,0,0,0,0,0,0,0,0,0,0,0,0,0,0,0,1,0
1,0,1,0,-0.22327464034736777,1,1,-0.3804658090726515,-0.4003537629085919,0,0,0,0,0,0,0,1,0,0,0,1,0,0,0,0,0,0,0,1,0
0,1,0,0,0.7129572609402939,1,1,1.3783057912170276,1.3374369713199945,0,1,1,0,0,0,0,1,0,0,0,1,0,1,0,1,1,0,0,1,0
1,0,0,0,0.7536629957788878,1,0,0.5155121759805812,0.8522781129767434,0,1,1,0,0,0,0,0,0,1,0,0,0,0,0,0,0,0,1,0,0
0,0,1,1,-0.10115743583158582,1,0,-1.508734382843389,-0.7458922439186721,0,0,0,1,1,0,1,0,1,0,1,0,1,0,1,0,0,1,0,0,1
0,0,1,1,-0.7524491932490895,1,0,0.5155121759805812,-0.5109963260782745,0,1,0,0,0,0,0,1,0,0,0,1,0,1,0,1,0,0,1,0,0
1,1,1,0,1.5270719577121736,1,1,1.245568311949882,2.1075443356042136,0,1,1,0,0,0,0,1,0,1,0,0,0,1,0,1,0,0,0,1,0
1,0,1,0,1.5677776925507676,1,1,1.6105963799345322,2.4816215729874265,0,1,1,0,0,0,0,1,0,1,0,1,0,1,0,1,1,0,0,0,0
0,0,0,0,-0.1418631706701798,0,1,-1.1437063148587385,-0.6343715651682778,1,0,0,0,0,0,0,1,0,0,0,0,0,0,0,0,0,0,0,1,0
1,0,1,0,1.0386031396490458,1,0,1.1791995723163091,1.4840822732988594,0,1,1,0,0,0,0,0,0,1,0,0,0,1,0,1,1,0,1,0,0
1,0,0,0,-1.2816237461508113,1,1,-1.5419187526601754,-1.002301993486508,0,0,0,1,1,0,1,0,1,0,1,0,1,0,1,0,0,0,0,0,1
0,0,0,0,0.14307697319997809,0,0,-1.1105219450419521,-0.5158259617721892,1,0,0,0,0,1,0,0,0,0,0,0,0,0,0,0,0,1,0,0,0
0,0,1,0,1.6084834273893616,1,0,-1.3096281639426706,-0.181702983311362,0,1,0,1,1,0,1,0,1,0,1,0,1,0,1,0,0,1,0,0,0
1,1,1,0,-0.6303319887333076,1,0,0.5486965457973676,-0.42669723032994494,0,0,1,0,0,0,0,0,0,0,0,0,0,0,0,1,0,0,0,0,0
0,1,1,0,-0.8338606629262776,1,1,1.1128308326827363,-0.5448037759356775,0,1,1,0,0,0,0,1,0,1,0,0,0,1,0,0,0,0,0,1,0
1,0,0,0,1.3642490183577978,0,0,-1.176890684675525,-0.1395534354371972,1,0,0,0,0,0,0,0,0,0,0,1,0,0,0,0,1,0,1,0,0
1,0,0,0,-1.1188008067964355,1,1,-0.31409706943907867,-0.8899031991554018,0,0,0,0,0,1,0,0,0,1,0,0,0,0,0,0,0,0,0,0,1
1,0,0,0,-1.2816237461508113,1,1,-0.679125137423729,-0.990886490937255,0,0,0,0,0,0,0,0,0,0,0,0,0,0,0,0,0,0,0,1,0
1,0,1,0,-0.7524491932490895,1,0,-0.679125137423729,-0.7287689900947927,0,0,0,0,0,0,0,0,0,0,0,0,0,0,0,0,1,0,0,1,0
0,0,1,1,-1.2409180113122174,1,1,0.28322158726307645,-0.9465416541113109,0,0,1,0,0,0,0,1,0,0,0,0,0,0,0,0,0,0,0,0,0
1,0,0,0,-1.2816237461508113,1,1,0.34959032689664926,-0.9772756994362226,0,1,1,0,0,0,0,0,0,0,0,0,0,0,0,0,0,0,0,1,0
0,0,0,0,-1.2816237461508113,0,0,-1.1437063148587385,-0.9970333000022374,1,0,0,0,0,0,0,0,0,0,0,1,0,0,0,0,0,0,0,0,1
0,0,0,0,-1.0373893371192475,1,0,-1.4755500130266026,-0.9443463651595314,0,0,0,1,1,0,1,0,1,0,1,0,1,0,1,0,0,0,0,0,1
1,0,0,0,-0.2639803751859618,1,1,-1.4755500130266026,-0.7858465028410575,0,0,0,1,1,0,1,0,1,0,1,0,1,0,1,0,0,0,0,1,0
0,0,0,0,-1.2409180113122174,1,1,0.7146183948812996,-0.930735573658499,0,0,1,0,0,1,0,1,0,0,0,1,0,0,0,0,0,0,0,1,0
1,0,1,0,-0.6303319887333076,0,0,-1.0109688355915931,-0.7502828218222309,1,0,0,0,0,1,0,0,0,1,0,0,0,0,0,0,0,0,0,0,1
1,0,0,0,-0.3453918448631497,1,1,-0.5132032883397971,-0.497824592367598,0,0,0,0,0,0,0,0,0,1,0,0,0,0,0,0,0,0,0,0,1
0,0,0,0,-0.8338606629262776,1,0,-0.7123095072405154,-0.7731138269207369,0,0,0,0,0,0,0,0,0,0,0,0,0,0,0,0,0,0,0,0,0
1,0,0,0,-0.22327464034736777,1,0,-1.508734382843389,-0.8038478722456487,0,0,0,1,1,0,1,0,1,0,1,0,1,0,1,0,0,1,1,0,0
0,0,1,1,1.5270719577121736,1,1,-1.508734382843389,-0.3950850694243213,0,0,0,1,1,0,1,0,1,0,1,0,1,0,1,0,0,1,0,0,1
0,1,1,0,0.428017117070136,1,1,1.4778589006673868,1.1104440937060027,0,1,1,0,0,1,0,0,0,1,0,1,0,1,0,1,1,0,0,0,1
0,0,0,0,0.22448844287716607,1,1,0.8141715043316587,0.4571261016564483,0,0,1,0,0,0,0,0,0,0,0,0,0,1,0,1,1,0,0,0,1
0,0,0,0,-1.2409180113122174,1,0,0.5155121759805812,-0.9403948450463284,0,0,1,0,0,0,0,0,0,0,0,0,0,0,0,1,0,0,0,1,0
1,0,1,0,1.2421318138420157,1,1,1.245568311949882,1.8190833673403983,0,1,1,0,0,0,0,1,0,1,0,0,0,1,0,1,0,0,0,1,0
0,1,1,0,1.6084834273893616,1,1,1.0464620930491635,1.9872425010467016,0,1,1,0,0,1,0,1,0,1,0,1,0,0,0,0,0,1,0,0,0
0,0,0,0,-0.8338606629262776,0,0,-0.5132032883397971,-0.7678451334364663,1,0,0,0,0,1,0,0,0,1,0,1,0,0,0,1,0,1,0,0,1
0,0,1,0,0.1023712383613841,1,0,-0.2809126996222923,-0.19311848586061497,0,0,0,0,0,0,0,1,0,0,0,1,0,0,0,0,0,0,0,1,0
0,0,1,0,-0.6710377235719016,1,0,0.8473558741484452,-0.40693962976393017,0,1,1,0,0,1,0,1,0,1,0,0,0,0,0,0,0,0,0,1,0
0,0,1,1,-0.019745966154397852,1,1,1.1128308326827363,0.3460444806964098,0,1,1,0,0,0,0,1,0,0,0,0,0,1,0,1,0,0,0,1,0
1,0,1,1,1.6084834273893616,1,1,0.8473558741484452,1.8485002392942425,0,1,1,0,0,0,0,0,0,1,0,0,0,0,0,1,0,1,1,0,0
1,0,0,0,0.020959768684196134,0,1,-0.8450469865076611,-0.4354783861370626,1,0,0,0,0,0,0,1,0,0,0,0,0,1,0,0,1,0,0,1,0
1,0,1,1,0.7129572609402939,1,1,1.2787526817666683,1.2887015565904913,0,0,1,0,0,0,0,1,0,1,0,1,0,1,0,1,1,0,0,0,0
1,0,0,0,-0.10115743583158582,1,1,-0.015437741088001118,-0.18126392552100612,0,1,0,0,0,1,0,0,0,0,0,0,0,0,0,1,0,0,0,0,1
0,0,1,0,-1.2002122764736234,1,0,-1.4755500130266026,-0.9785928728072903,0,0,0,1,1,0,1,0,1,0,1,0,1,0,1,0,0,0,0,0,1
1,0,0,0,1.6084834273893616,1,1,-1.4755500130266026,-0.34239813458161533,0,0,0,1,1,0,1,0,1,0,1,0,1,0,1,0,0,1,0,0,1
0,0,0,0,-1.2816237461508113,1,1,0.18366847781271725,-0.9794709883880021,0,0,1,0,0,0,0,0,0,0,0,0,0,0,0,0,0,0,0,1,0
1,1,0,0,1.5677776925507676,1,1,-1.342812533759457,-0.2348289759444239,0,1,0,1,1,0,1,0,1,0,1,0,1,0,1,0,0,1,0,0,1
1,0,1,0,-1.2816237461508113,1,0,-0.679125137423729,-0.990886490937255,0,0,0,0,0,0,0,0,0,0,0,0,0,0,0,0,0,0,1,0,0
1,0,0,0,-1.2816237461508113,1,1,-0.679125137423729,-0.990886490937255,0,0,0,0,0,0,0,0,0,0,0,0,0,0,0,0,0,0,0,1,0
0,1,1,0,-0.7524491932490895,1,1,1.1791995723163091,-0.40913491871570956,0,1,1,0,0,0,0,1,0,0,0,0,0,1,0,1,0,0,0,1,0
0,0,0,1,-0.7117434584104956,1,1,0.6814340250645132,-0.4530406977512979,0,0,1,0,0,0,0,1,0,0,0,0,0,0,0,1,0,0,0,0,0
1,1,0,0,-1.1595065416350294,0,1,-0.48001891852301065,-0.9193200711092461,1,0,0,0,0,0,0,1,0,0,0,0,0,1,0,1,0,0,1,0,0
0,0,0,0,-1.2409180113122174,1,1,0.48232780616379484,-0.9434682495788197,0,0,1,0,0,0,0,0,0,0,0,0,0,1,0,0,0,0,0,0,1
0,1,0,0,-1.1188008067964355,1,1,0.6150652854309404,-0.8143852592141899,0,1,1,0,0,0,0,0,0,0,0,0,0,1,0,0,0,0,1,0,0
1,0,0,0,0.9571916699718578,1,1,0.34959032689664926,0.8707185401716905,0,0,0,0,0,0,0,1,0,0,0,1,0,1,0,1,1,0,0,0,0
1,0,1,1,1.5270719577121736,1,0,-1.3096281639426706,-0.25722092325257395,0,1,0,1,1,0,1,0,1,0,1,0,1,0,1,0,0,1,0,0,1
1,0,0,0,-1.0373893371192475,1,0,0.28322158726307645,-0.7818949827278545,0,1,1,0,0,0,0,0,0,0,0,0,0,0,0,0,0,0,0,1,0
1,0,0,0,0.9164859351332638,1,1,1.0464620930491635,1.309337272737218,0,1,1,0,0,0,0,0,0,0,0,0,0,1,0,1,0,0,0,1,0
1,0,1,1,0.1023712383613841,1,0,-1.3096281639426706,-0.6550072813150043,0,1,0,1,1,0,1,0,1,0,1,0,1,0,1,0,0,1,0,0,0
1,0,0,0,-0.6710377235719016,1,0,-1.4755500130266026,-0.889464141365046,0,0,0,1,1,0,1,0,1,0,1,0,1,0,1,0,0,0,0,0,1
1,0,0,1,-1.2409180113122174,1,0,-1.508734382843389,-0.9891302597758315,0,0,0,1,1,0,1,0,1,0,1,0,1,0,1,0,0,0,0,0,1
1,0,0,0,-0.9559778674420595,1,1,-1.4755500130266026,-0.9386386138849049,0,0,0,1,1,0,1,0,1,0,1,0,1,0,1,0,1,0,0,0,1
1,0,0,0,-0.3453918448631497,1,1,0.9800933534155908,0.00928715549344727,0,1,1,0,0,0,0,0,0,0,0,0,0,1,0,1,0,0,0,1,0
0,0,1,1,-1.2816237461508113,1,1,0.15048410799593087,-0.979910046178358,0,0,1,0,0,0,0,0,0,0,0,0,0,0,0,0,0,0,0,0,1
1,0,0,0,1.2014260790034217,1,0,-1.508734382843389,-0.46006562239699206,0,0,0,1,1,0,1,0,1,0,1,0,1,0,1,0,0,1,0,0,0
1,0,0,0,-1.1188008067964355,1,1,0.18366847781271725,-0.8582910382497783,0,0,0,0,0,0,0,0,0,1,0,0,0,1,0,1,0,0,0,1,0
1,1,0,0,-0.9152721326034655,1,1,0.48232780616379484,-0.6620322059606984,0,0,1,0,0,0,0,0,0,0,0,0,0,0,0,1,0,0,0,1,0
1,0,1,0,1.5677776925507676,1,0,0.28322158726307645,1.3418275492235532,0,1,0,0,0,1,0,1,0,0,0,1,0,1,0,0,0,1,1,0,0
1,0,0,0,0.14307697319997809,1,1,-1.5419187526601754,-0.7076942161577102,0,0,0,1,1,0,1,0,1,0,1,0,1,0,1,0,0,1,1,0,0
0,0,1,0,0.06166550352279012,1,1,1.07964646286595,0.39785329995840407,0,1,1,0,0,0,0,0,0,0,0,0,0,1,0,1,0,0,0,1,0
1,0,1,1,-0.8338606629262776,1,0,-1.2764437941258842,-0.8723408875411666,0,1,0,1,1,0,1,0,1,0,1,0,1,0,1,0,1,0,0,0,1
1,0,1,1,0.8350744654560759,1,0,-1.4755500130266026,-0.5412913136128304,0,0,0,1,1,0,1,0,1,0,1,0,1,0,1,0,1,0,1,0,0
0,0,0,0,-1.0373893371192475,1,0,-1.508734382843389,-0.9342480359813461,0,0,0,1,1,0,1,0,1,0,1,0,1,0,1,0,1,0,0,0,1
0,1,1,0,1.6084834273893616,1,1,-1.3096281639426706,-0.15975009379356783,0,1,0,1,1,0,1,0,1,0,1,0,1,0,1,0,0,1,1,0,0
1,0,1,0,-0.5896262538947137,1,1,1.1460152024995227,-0.2453663629129651,0,1,1,0,0,1,0,0,0,0,0,0,0,1,0,1,0,0,0,1,0
1,0,1,0,-0.06045170099299184,1,1,0.34959032689664926,0.05407105010974737,0,0,0,0,0,1,0,1,0,1,0,1,0,0,0,1,1,0,1,0,0
1,0,1,1,0.7129572609402939,1,1,0.15048410799593087,0.5010318806920366,0,1,0,0,0,0,0,0,0,1,0,1,0,1,0,0,1,0,0,1,0
1,0,1,1,-0.4268033145403377,1,0,-1.508734382843389,-0.8200930104888164,0,0,0,1,1,0,1,0,1,0,1,0,1,0,1,0,1,0,0,0,1
1,1,1,0,1.6084834273893616,1,0,1.4778589006673868,2.457473394517853,0,1,1,0,0,0,0,1,0,1,0,1,0,1,0,1,0,1,1,0,0
1,0,1,1,-1.2816237461508113,1,1,0.15048410799593087,-0.979910046178358,0,0,1,0,0,0,0,0,0,0,0,0,0,0,0,0,0,0,1,0,0
0,0,0,0,-1.2816237461508113,1,1,-1.4755500130266026,-1.0014238779057962,0,0,0,1,1,0,1,0,1,0,1,0,1,0,1,0,0,0,0,0,1
1,0,1,0,-0.9559778674420595,0,0,-0.8118626166908747,-0.8661940784761841,1,0,0,0,0,0,0,0,0,0,0,1,0,1,0,0,0,0,0,0,1
1,0,1,1,1.6084834273893616,1,1,1.3451214214002412,2.3011688211511583,0,1,1,0,0,1,0,0,0,1,0,0,0,1,0,1,0,1,0,0,0
1,0,0,0,1.0386031396490458,1,1,1.3119370515834547,1.7202953645103247,0,1,1,0,0,0,0,0,0,1,0,1,0,1,0,1,1,0,0,1,0
0,1,0,0,0.1023712383613841,1,1,1.4446745308506004,0.6257242931531075,0,1,1,0,0,1,0,1,0,1,0,0,0,1,0,1,1,0,0,1,0
0,0,1,1,1.5677776925507676,1,0,-1.508734382843389,-0.39684130058574485,0,0,0,1,1,0,1,0,1,0,1,0,1,0,1,0,0,1,1,0,0
1,0,1,0,1.6084834273893616,1,0,0.48232780616379484,1.5407207282547684,0,1,0,0,0,1,0,1,0,1,0,1,0,0,0,1,0,1,1,0,0
0,0,1,0,-0.6303319887333076,1,0,0.44914343634700843,-0.4183551323131831,0,1,1,0,0,1,0,0,0,0,0,0,0,0,0,0,0,0,0,1,0
0,0,1,0,1.6084834273893616,1,0,0.7809871345148723,1.8524517594074454,0,1,0,0,0,1,0,1,0,1,0,1,0,1,0,1,0,1,0,0,0
1,0,1,0,0.7129572609402939,1,0,1.1460152024995227,1.2109883276975,0,1,1,0,0,0,0,0,0,0,0,1,0,1,0,1,1,0,0,1,0
1,0,1,1,-0.2639803751859618,1,1,-1.508734382843389,-0.784090271679634,0,0,0,1,1,0,1,0,1,0,1,0,1,0,1,0,0,1,1,0,0
1,0,1,0,-1.2816237461508113,0,1,-0.48001891852301065,-0.9882521441951198,1,0,0,0,0,0,0,0,0,1,0,0,0,1,0,1,0,0,0,1,0
0,0,0,0,0.46872285190873,1,1,0.7809871345148723,0.7341715673710107,0,0,1,0,0,0,0,1,0,1,0,0,0,1,0,0,0,0,1,0,0
1,0,0,0,0.7943687306174818,1,1,0.6150652854309404,0.8913542563184169,0,0,1,0,0,0,0,0,0,1,0,0,0,0,0,1,0,0,1,0,0
1,1,1,0,0.1023712383613841,1,1,1.1791995723163091,0.49883659174025724,0,1,1,0,0,0,0,0,0,1,0,0,0,1,0,1,0,0,0,1,0
1,1,0,0,-1.2816237461508113,1,0,0.31640595707986285,-0.9777147572265785,0,0,1,0,0,0,0,0,0,0,0,1,0,0,0,0,0,0,0,1,0
1,0,0,0,-1.2409180113122174,1,1,-0.3804658090726515,-0.9627867923544785,0,0,0,0,0,1,0,1,0,0,0,0,0,0,0,0,0,0,0,0,1
0,1,0,0,0.1023712383613841,0,1,-0.8450469865076611,-0.38059616234257715,1,0,0,0,0,0,0,0,0,1,0,0,0,1,0,0,0,0,0,1,0
0,0,0,0,0.14307697319997809,1,0,0.6814340250645132,0.30828551072580385,0,0,0,0,0,1,0,1,0,1,0,1,0,1,0,1,1,0,0,0,0
0,1,1,1,1.6084834273893616,1,1,0.8473558741484452,1.9385070863171987,0,1,0,0,0,1,0,1,0,1,0,1,0,1,0,1,0,1,0,0,0
1,0,0,0,-0.3453918448631497,0,1,-0.48001891852301065,-0.4446985997345361,1,0,0,0,0,1,0,0,0,0,0,0,0,1,0,1,1,0,0,0,1
1,0,1,0,-0.4675090493789317,1,1,1.3783057912170276,-0.022764063202532218,0,1,1,0,0,0,0,0,0,1,0,1,0,1,0,1,0,0,0,1,0
0,0,0,0,0.5501343215859179,1,0,0.6482496552477268,0.6788502857861695,0,1,1,0,0,1,0,1,0,0,0,0,0,0,0,0,0,0,0,0,1
0,0,0,0,-0.6303319887333076,1,0,-1.342812533759457,-0.8016525832938693,0,1,0,1,1,0,1,0,1,0,1,0,1,0,1,0,0,0,0,0,1
0,1,1,0,-0.7117434584104956,1,1,0.9800933534155908,-0.4460157731056038,0,0,1,0,0,0,0,1,0,0,0,0,0,1,0,1,0,0,0,1,0
0,0,1,0,-0.6303319887333076,0,1,-0.9777844657748066,-0.7265737011430132,1,0,0,0,0,0,0,1,0,1,0,0,0,0,0,0,0,0,1,0,0
0,0,1,0,1.3235432835192036,1,0,-0.2145439599887195,0.6832408636897283,0,0,0,0,0,1,0,0,0,1,0,1,0,0,0,0,0,1,1,0,0
1,0,1,1,0.06166550352279012,1,1,0.44914343634700843,0.15198093735910936,0,0,1,0,0,0,0,0,0,0,0,0,0,0,0,1,1,0,0,0,0
1,0,0,0,0.7129572609402939,1,1,0.9469089835988044,1.0740022971064644,0,0,1,0,0,1,0,1,0,0,0,1,0,0,0,1,0,0,1,0,0
1,0,1,1,-1.2816237461508113,1,1,0.15048410799593087,-0.979910046178358,0,0,1,0,0,0,0,0,0,0,0,0,0,0,0,0,0,0,0,0,1
1,0,1,1,1.3642490183577978,1,1,0.6482496552477268,1.4985711803806037,0,1,0,0,0,1,0,0,0,1,0,1,0,1,0,1,0,1,0,0,1
0,0,0,0,-1.2816237461508113,1,0,0.21685284762950366,-0.9790319305976461,0,0,1,0,0,0,0,0,0,0,0,0,0,0,0,0,0,0,0,1,0
1,0,0,1,1.6084834273893616,1,0,-1.508734382843389,-0.33888567225876826,0,0,0,1,1,0,1,0,1,0,1,0,1,0,1,0,0,1,1,0,0
0,0,1,1,1.0793088744876398,1,0,-1.3096281639426706,-0.3366903833069888,0,1,0,1,1,0,1,0,1,0,1,0,1,0,1,0,0,1,0,0,1
1,0,1,1,-0.4675090493789317,1,0,0.415959066530222,-0.29673612438460345,0,1,0,0,0,1,0,1,0,0,0,1,0,1,0,0,1,0,0,0,1
1,0,1,1,-0.9559778674420595,1,1,0.8473558741484452,-0.6734477085099514,0,1,1,0,0,0,0,0,0,1,0,0,0,1,0,0,1,0,0,1,0
0,0,0,0,0.1023712383613841,0,0,-1.342812533759457,-0.6536901079439367,1,0,0,0,0,0,0,0,0,0,0,0,0,0,0,0,0,0,0,1,0
0,0,0,0,-0.9152721326034655,1,0,-0.44683454870622424,-0.791554254115684,0,0,0,0,0,0,0,1,0,0,0,0,0,0,0,0,0,0,0,1,0
1,0,1,1,0.9571916699718578,1,0,-1.342812533759457,-0.39464601163396545,0,1,0,1,1,0,1,0,1,0,1,0,1,0,1,0,0,1,0,0,0
0,1,0,0,1.3642490183577978,1,1,-0.04862211090478751,0.8224221832325432,0,1,0,0,0,1,0,1,0,0,0,1,0,0,0,0,1,0,1,0,0
1,0,1,0,-1.1188008067964355,1,1,0.6814340250645132,-0.8341428597802046,0,1,1,0,0,0,0,1,0,0,0,1,0,0,0,0,0,0,0,1,0
1,0,0,0,-0.9559778674420595,1,0,-1.4755500130266026,-0.9320527470295666,0,0,0,1,1,0,1,0,1,0,1,0,1,0,1,0,0,0,0,0,1
1,0,1,0,0.590840056424512,1,0,0.28322158726307645,0.5361565039205073,0,0,0,0,0,0,0,1,0,1,0,0,0,1,0,1,0,1,0,1,0
0,0,0,0,-0.8338606629262776,1,1,-0.3472814392558651,-0.7230612388201662,0,0,0,0,0,0,0,1,0,0,0,1,0,0,0,0,0,0,0,1,0
0,1,1,0,1.2014260790034217,1,1,0.48232780616379484,1.1056144580120881,0,0,0,0,0,1,0,0,0,1,0,1,0,1,0,1,0,1,1,0,0
1,1,1,0,0.06166550352279012,1,1,0.34959032689664926,0.05451010790010326,0,1,1,0,0,0,0,0,0,0,0,0,0,0,0,0,0,0,0,1,0
1,0,0,0,-0.6710377235719016,1,0,-1.4755500130266026,-0.86663313626654,0,0,0,1,1,0,1,0,1,0,1,0,1,0,1,0,0,0,0,0,0
1,0,0,1,-1.2816237461508113,1,1,-1.4755500130266026,-1.0014238779057962,0,0,0,1,1,0,1,0,1,0,1,0,1,0,1,0,0,0,0,0,1
1,0,0,0,0.5501343215859179,1,1,-0.6459407676069426,-0.10355069662801476,0,0,0,0,0,0,0,0,0,0,0,0,0,0,0,0,0,0,1,0,0
0,0,0,0,-0.38609757970174374,1,1,-1.508734382843389,-0.8003354099228016,0,0,0,1,1,0,1,0,1,0,1,0,1,0,1,0,1,0,1,0,0
0,0,0,0,-0.6303319887333076,1,0,0.48232780616379484,-0.4012318784893037,0,0,0,0,0,1,0,1,0,0,0,1,0,1,0,1,1,0,1,0,0
0,0,0,0,-0.22327464034736777,1,0,0.44914343634700843,-0.09784294535338828,0,0,0,0,0,0,0,1,0,1,0,1,0,1,0,1,1,0,0,0,1
1,0,0,1,-0.5896262538947137,1,1,-0.6459407676069426,-0.6822288643170691,0,0,0,0,0,0,0,0,0,0,0,0,0,0,0,0,0,0,1,0,0
1,1,1,0,-0.5489205190561197,0,1,-1.0109688355915931,-0.7568686886775692,1,0,0,0,0,0,0,1,0,1,0,0,0,0,0,0,0,0,1,0,0
0,0,1,1,0.020959768684196134,1,1,0.48232780616379484,0.1010502336778269,0,1,0,0,0,0,0,0,0,1,0,1,0,1,0,1,1,0,0,1,0
0,0,1,1,1.6084834273893616,1,0,0.050930998545571676,1.0797100483810909,0,1,0,0,0,1,0,1,0,0,0,1,0,0,0,0,0,1,1,0,0
1,0,0,1,-1.2002122764736234,1,0,0.18366847781271725,-0.9114170308828402,0,0,0,0,0,0,0,0,0,0,0,1,0,1,0,1,0,0,0,0,1
1,1,1,0,1.5677776925507676,1,1,1.411490161033814,2.376247703302014,0,1,1,0,0,1,0,1,0,1,0,0,0,1,0,1,0,0,0,1,0
1,0,0,0,-1.0373893371192475,1,1,-0.44683454870622424,-0.8547785759269312,0,0,0,0,0,1,0,0,0,0,0,0,0,0,0,0,0,0,0,0,1
1,1,0,0,0.9164859351332638,1,1,1.7101494893848914,1.7918617843383338,0,1,1,0,0,1,0,1,0,1,0,1,0,1,0,1,0,0,0,1,0
0,0,1,1,-0.10115743583158582,1,0,0.5155121759805812,0.029922871640173786,0,0,0,0,0,0,0,1,0,1,0,1,0,1,0,1,0,1,0,0,0
0,0,1,1,1.6084834273893616,1,1,1.2787526817666683,2.2221384188870994,0,1,1,0,0,0,0,1,0,1,0,0,0,1,0,1,1,0,1,0,0
1,0,1,1,1.2421318138420157,1,0,0.34959032689664926,1.0428291939911967,0,1,0,0,0,1,0,0,0,1,0,1,0,0,0,1,0,1,0,0,1
0,0,0,0,-1.1595065416350294,1,1,0.5155121759805812,-0.8679503096376077,0,1,1,0,0,0,0,1,0,0,0,0,0,0,0,0,0,0,0,0,1
1,1,0,0,-0.8745663977648716,1,1,0.48232780616379484,-0.6471042410885983,0,0,1,0,0,0,0,0,0,0,0,0,0,0,0,1,0,0,1,0,0
1,0,0,0,-0.5082147842175256,1,0,-0.48001891852301065,-0.5698300699859629,0,0,0,0,0,0,0,0,0,0,0,1,0,0,0,0,0,0,0,0,1
0,0,0,0,-0.7931549280876836,0,1,-1.1437063148587385,-0.8372162643126959,1,0,0,0,0,1,0,0,0,0,0,0,0,0,0,0,0,0,0,0,0
0,0,1,1,-0.9152721326034655,1,1,-0.31409706943907867,-0.7682841912268222,0,0,0,0,0,0,0,1,0,1,0,0,0,0,0,0,0,0,0,0,1
1,1,1,1,0.428017117070136,1,1,1.5110432704841732,1.0476588296851115,0,1,1,0,0,0,0,1,0,1,0,1,0,1,0,1,0,0,0,0,0
0,0,1,0,-0.5896262538947137,1,1,0.7809871345148723,-0.31034691588563584,0,1,1,0,0,0,0,0,0,0,0,1,0,1,0,0,0,0,0,1,0
1,1,0,0,-1.2816237461508113,1,1,-0.6459407676069426,-0.9904474331468992,0,0,0,0,0,0,0,0,0,0,0,0,0,0,0,0,0,0,0,0,1
0,0,0,0,-0.6710377235719016,1,1,0.7146183948812996,-0.4218675946360302,0,0,1,0,0,0,0,1,0,0,0,0,0,0,0,1,0,0,0,1,0
0,0,0,1,-1.2816237461508113,0,0,-1.342812533759457,-0.9996676467443727,1,0,0,0,0,0,0,0,0,0,0,0,0,0,0,0,0,0,0,0,1
1,0,0,0,-1.2816237461508113,1,1,0.7146183948812996,-0.9724460637423079,0,1,1,0,0,0,0,0,0,0,0,0,0,0,0,1,0,0,0,1,0
1,1,0,0,0.428017117070136,1,1,0.8141715043316587,0.6828018058993723,0,0,1,0,0,0,0,0,0,0,0,0,0,1,0,1,0,0,0,0,1
1,0,0,0,-1.2409180113122174,1,0,-1.508734382843389,-0.9895693175661874,0,0,0,1,1,0,1,0,1,0,1,0,1,0,1,0,1,0,0,0,1
1,0,0,0,1.0386031396490458,1,1,-1.342812533759457,-0.34591059690446235,0,1,0,1,1,0,1,0,1,0,1,0,1,0,1,0,0,1,1,0,0
1,1,0,0,0.8757802002946699,0,1,-0.31409706943907867,0.29204037248263615,1,0,0,0,0,0,0,1,0,1,0,0,0,1,0,1,1,0,0,1,0
1,0,0,1,-0.6303319887333076,1,0,-0.679125137423729,-0.7112066784805573,0,0,0,0,0,0,0,0,0,0,0,0,0,0,0,0,1,0,0,0,1
1,1,1,0,1.3642490183577978,1,1,1.1791995723163091,2.0065610438223604,0,1,1,0,0,0,0,0,0,0,0,1,0,1,0,1,0,0,1,0,0
0,0,0,0,-1.1188008067964355,1,1,0.6814340250645132,-0.8020916410842251,0,1,1,0,0,0,0,0,0,0,0,0,0,1,0,0,0,0,0,1,0
0,1,0,0,0.9571916699718578,1,0,0.28322158726307645,0.7697352483898373,0,1,0,0,0,1,0,0,0,1,0,1,0,0,0,1,0,1,0,0,0
1,0,1,1,-0.9152721326034655,1,1,-1.4755500130266026,-0.9144904354153314,0,0,0,1,1,0,1,0,1,0,1,0,1,0,1,0,0,0,1,0,0
0,0,0,0,-0.9152721326034655,1,1,0.6482496552477268,-0.644908952136819,0,0,1,0,0,1,0,0,0,0,0,0,0,1,0,0,0,0,0,0,1
0,0,1,0,1.6084834273893616,1,0,1.577412010117746,2.486890266471697,0,1,1,0,0,1,0,1,0,1,0,1,0,1,0,1,0,1,1,0,0
0,0,1,1,-1.0373893371192475,1,0,-1.4755500130266026,-0.9408339028366843,0,0,0,1,1,0,1,0,1,0,1,0,1,0,1,0,0,0,0,0,1
0,0,0,0,-1.1595065416350294,0,1,-1.342812533759457,-0.9680554858387491,1,0,0,0,0,0,0,0,0,0,0,0,0,0,0,0,0,0,0,0,1
0,0,1,0,0.6722515261016999,1,0,0.21685284762950366,0.5142036144027131,0,1,0,0,0,1,0,1,0,1,0,0,0,0,0,1,1,0,0,1,0
0,0,1,1,1.3642490183577978,1,0,1.4778589006673868,2.099202237587452,0,1,1,0,0,1,0,1,0,1,0,0,0,1,0,1,0,1,0,0,0
1,0,1,0,0.7943687306174818,1,1,1.3783057912170276,1.3989050619698182,0,0,1,0,0,1,0,1,0,1,0,1,0,1,0,1,0,1,0,1,0
1,1,0,0,0.7943687306174818,1,1,1.5110432704841732,1.550379999642598,0,1,1,0,0,0,0,1,0,1,0,1,0,1,0,1,0,0,0,1,0
1,0,0,0,-1.2816237461508113,1,0,0.15048410799593087,-0.979910046178358,0,0,1,0,0,0,0,0,0,0,0,0,0,0,0,0,0,0,0,0,1
0,0,1,1,-0.6303319887333076,1,0,-1.342812533759457,-0.8306303974573577,0,1,0,1,1,0,1,0,1,0,1,0,1,0,1,0,0,0,0,0,1
1,0,1,0,1.4049547531963917,1,1,0.15048410799593087,1.0406339050394173,0,0,0,0,0,1,0,1,0,0,0,1,0,0,0,1,0,1,1,0,0
0,0,0,0,-0.3453918448631497,1,1,-0.5132032883397971,-0.4688467782041097,0,0,0,0,0,0,0,0,0,1,0,0,0,0,0,0,0,0,1,0,0
0,0,1,0,1.1200146093262338,0,0,-0.14817522035514671,0.5717201849393339,1,0,0,0,0,0,0,1,0,1,0,1,0,1,0,1,0,1,1,0,0
1,0,0,0,-0.9966836022806536,1,1,0.18366847781271725,-0.7682841912268222,0,0,1,0,0,0,0,0,0,0,0,0,0,0,0,0,0,0,0,0,1
0,0,0,0,-0.019745966154397852,1,1,-0.3472814392558651,-0.24668353628403272,0,1,0,0,0,0,0,1,0,0,0,0,0,0,0,0,0,0,0,1,0
1,0,1,0,-0.7524491932490895,1,1,0.581880915614154,-0.4899215521411921,0,1,1,0,0,0,0,1,0,1,0,0,0,0,0,0,0,0,0,1,0
0,1,1,0,-1.2816237461508113,1,1,0.8473558741484452,-0.9706898325808844,0,1,1,0,0,0,0,1,0,0,0,0,0,1,0,0,0,0,0,1,0
1,1,0,0,-1.2409180113122174,1,1,-0.679125137423729,-0.9698117170001727,0,0,0,0,0,0,0,0,0,0,0,0,0,0,0,0,0,0,0,1,0
1,1,1,0,0.428017117070136,1,1,1.2123839421330955,0.9163805503687024,0,1,1,0,0,0,0,1,0,0,0,0,0,1,0,1,0,0,0,1,0
0,1,1,0,-0.30468611002455576,1,1,0.15048410799593087,-0.24097578500940625,0,1,0,0,0,1,0,0,0,0,0,1,0,1,0,0,0,0,1,0,0
1,0,1,1,0.428017117070136,1,1,-1.508734382843389,-0.6694961883967484,0,0,0,1,1,0,1,0,1,0,1,0,1,0,1,0,1,0,0,0,1
0,0,1,1,0.590840056424512,1,0,-1.4755500130266026,-0.6269075827322277,0,0,0,1,1,0,1,0,1,0,1,0,1,0,1,0,0,1,1,0,0
0,1,0,0,1.2421318138420157,1,1,0.8141715043316587,1.4212970092779682,0,1,1,0,0,0,0,0,0,1,0,0,0,0,0,1,0,0,0,0,0
1,0,0,0,1.0386031396490458,1,1,-1.508734382843389,-0.5557802206945747,0,0,0,1,1,0,1,0,1,0,1,0,1,0,1,0,0,1,0,0,0
0,0,0,0,-0.9152721326034655,1,1,-1.342812533759457,-0.8916594303168254,0,1,0,1,1,0,1,0,1,0,1,0,1,0,1,0,0,0,0,0,1
0,0,0,0,-0.30468611002455576,0,0,-0.1149908505383603,-0.33405603656485355,1,0,0,0,0,1,0,1,0,1,0,0,0,1,0,1,1,0,0,1,0
0,1,1,0,0.387311382231542,1,1,1.013277723232377,0.7214388914506901,0,1,1,0,0,0,0,0,0,0,0,0,0,1,0,1,0,0,0,1,0
0,0,1,1,0.6722515261016999,1,1,1.013277723232377,1.0898083775592762,0,1,1,0,0,0,0,0,0,0,0,0,0,1,0,1,0,0,0,1,0
1,0,1,0,1.5270719577121736,1,1,1.4778589006673868,2.297656358828311,0,0,1,0,0,1,0,1,0,1,0,1,0,1,0,1,1,0,0,0,0
0,0,0,0,-1.2409180113122174,1,0,-1.4755500130266026,-0.994838011050458,0,0,0,1,1,0,1,0,1,0,1,0,1,0,1,0,0,0,1,0,0
1,0,1,1,1.6084834273893616,1,1,0.5155121759805812,1.504717989445586,0,0,0,0,0,1,0,0,0,1,0,1,0,1,0,1,0,1,0,1,0
1,0,1,1,1.6084834273893616,1,0,-0.31409706943907867,0.7385621452745695,0,1,0,0,0,1,0,0,0,0,0,0,0,0,0,0,0,1,0,0,0
0,0,0,1,-1.2816237461508113,1,1,-0.14817522035514671,-0.983861566291561,0,0,0,0,0,1,0,1,0,0,0,1,0,0,0,0,0,0,0,1,0
1,1,1,0,1.4863662228735797,1,1,1.013277723232377,1.7918617843383338,0,1,1,0,0,0,0,1,0,1,0,0,0,0,0,1,0,0,0,0,0
0,0,0,0,-0.9559778674420595,1,1,0.8473558741484452,-0.6550072813150043,0,0,1,0,0,0,0,0,0,0,0,0,0,1,0,1,0,0,0,0,0
1,0,0,0,-0.9152721326034655,1,1,-1.4755500130266026,-0.9232715912224491,0,0,0,1,1,0,1,0,1,0,1,0,1,0,1,0,0,0,1,0,0
1,0,1,1,1.5270719577121736,1,1,1.07964646286595,1.9178713701704722,0,1,1,0,0,1,0,1,0,0,0,0,0,1,0,0,0,0,1,0,0
1,0,0,1,-1.0780950719578415,1,0,0.9800933534155908,-0.757746804258281,0,0,1,0,0,0,0,0,0,1,0,0,0,1,0,1,0,0,0,0,1
0,0,1,1,1.3235432835192036,1,0,-0.1149908505383603,0.6907048461257782,0,0,0,0,0,1,0,1,0,1,0,0,0,0,0,0,1,0,0,0,0
1,0,0,1,0.8757802002946699,1,1,1.3451214214002412,1.5477456529004625,0,0,1,0,0,1,0,1,0,0,0,1,0,1,0,1,1,0,0,1,0
0,0,0,0,0.5501343215859179,1,0,-0.31409706943907867,0.16998230676370057,0,0,0,0,0,0,0,0,0,0,0,0,0,0,0,1,1,0,1,0,0
1,0,1,1,0.9164859351332638,1,1,0.8473558741484452,1.2285506393117354,0,1,1,0,0,0,0,0,0,1,0,0,0,1,0,0,0,0,1,0,0
0,0,1,1,1.2828375486806096,1,1,-1.342812533759457,-0.3257139385480917,0,1,0,1,1,0,1,0,1,0,1,0,1,0,1,0,0,1,0,0,1
1,0,0,0,1.2421318138420157,1,1,0.21685284762950366,0.9563348092910877,0,1,0,0,0,1,0,0,0,1,0,1,0,0,0,1,0,1,0,0,0
1,0,1,0,1.1200146093262338,1,0,-1.342812533759457,-0.34942305922730943,0,1,0,1,1,0,1,0,1,0,1,0,1,0,1,0,1,0,0,0,0
0,0,0,0,0.8757802002946699,1,1,1.013277723232377,1.2131836166492795,0,1,1,0,0,0,0,0,0,1,0,1,0,0,0,1,0,1,0,0,0
1,0,0,0,-1.0780950719578415,1,0,-0.679125137423729,-0.8916594303168254,0,0,0,0,0,0,0,0,0,0,0,0,0,0,0,0,0,0,0,1,0
0,0,1,1,1.5677776925507676,1,1,1.1460152024995227,2.0899820239899785,0,1,1,0,0,1,0,1,0,1,0,0,0,1,0,0,0,1,1,0,0
0,0,1,1,0.346605647392948,1,1,0.9800933534155908,0.6792893435765253,0,0,1,0,0,0,0,0,0,1,0,0,0,1,0,1,0,0,0,0,0
1,0,1,0,0.590840056424512,1,1,0.6150652854309404,0.774564884083752,0,1,1,0,0,0,0,1,0,1,0,0,0,0,0,0,0,0,0,0,0
1,0,0,0,-0.9152721326034655,1,0,-1.508734382843389,-0.9114170308828402,0,0,0,1,1,0,1,0,1,0,1,0,1,0,1,0,1,0,0,0,1
0,1,1,0,0.7129572609402939,1,1,0.7809871345148723,0.9071603367712288,0,1,1,0,0,0,0,1,0,0,0,0,0,1,0,0,0,0,0,1,0
1,0,0,1,-0.9559778674420595,1,0,-0.31409706943907867,-0.8130680858431223,0,0,0,0,0,0,0,0,0,0,0,0,0,1,0,0,0,0,0,1,0
1,0,1,1,0.7943687306174818,1,1,1.0464620930491635,1.180693340162944,0,1,1,0,0,0,0,0,0,1,0,1,0,0,0,1,0,1,0,0,0
1,0,0,0,0.22448844287716607,1,0,-1.4755500130266026,-0.689692846753119,0,0,0,1,1,0,1,0,1,0,1,0,1,0,1,0,1,0,0,0,1
1,0,0,0,-0.5082147842175256,1,0,0.44914343634700843,-0.2897111997389093,0,0,1,0,0,0,0,0,0,0,0,0,0,1,0,0,0,0,0,1,0
1,0,0,0,-1.2002122764736234,1,1,0.913724613782018,-0.8934156614782489,0,0,1,0,0,0,0,0,0,0,0,0,0,1,0,1,0,0,0,1,0
1,0,1,0,0.590840056424512,1,1,1.3119370515834547,1.244356719764547,0,1,1,0,0,0,0,1,0,1,0,0,0,1,0,1,0,0,0,1,0
0,0,0,0,-0.4675090493789317,1,1,-1.4755500130266026,-0.8192148949081046,0,0,0,1,1,0,1,0,1,0,1,0,1,0,1,0,0,1,1,0,0
0,0,0,0,-0.9559778674420595,1,0,-1.508734382843389,-0.9443463651595314,0,0,0,1,1,0,1,0,1,0,1,0,1,0,1,0,0,0,0,0,0
1,0,1,0,1.6084834273893616,1,1,1.3119370515834547,2.269556660245535,0,1,1,0,0,0,0,1,0,1,0,0,0,1,0,1,0,1,0,0,0
0,0,1,1,-1.2002122764736234,1,1,0.15048410799593087,-0.9223934756417372,0,0,1,0,0,0,0,0,0,0,0,0,0,0,0,0,0,0,0,1,0
0,0,0,1,-0.5896262538947137,1,0,-0.24772832980550588,-0.5746597056798776,0,1,0,0,0,1,0,0,0,0,0,0,0,0,0,0,0,0,0,0,1
0,0,1,0,1.4456604880349857,1,1,-1.342812533759457,-0.30156576007851815,0,1,0,1,1,0,1,0,1,0,1,0,1,0,1,0,0,1,1,0,0
1,0,1,0,1.1607203441648277,1,0,0.5155121759805812,1.155227988322303,0,1,0,0,0,0,0,1,0,1,0,0,0,1,0,1,0,1,0,0,0
1,0,1,0,-0.38609757970174374,1,1,-0.1813595901719331,-0.3928897804725419,0,0,0,0,0,1,0,0,0,0,0,0,0,0,0,1,0,0,0,0,0
1,0,0,0,0.590840056424512,1,0,0.9800933534155908,0.9809220455510171,0,1,1,0,0,1,0,1,0,0,0,0,0,1,0,0,1,0,0,0,0
1,1,0,0,-0.7117434584104956,1,1,0.31640595707986285,-0.512752557239698,0,1,1,0,0,0,0,0,0,0,0,0,0,0,0,0,0,0,1,0,0
0,0,1,1,0.1023712383613841,1,0,-1.508734382843389,-0.6993521181409484,0,0,0,1,1,0,1,0,1,0,1,0,1,0,1,0,1,0,0,0,1
0,0,1,0,-0.019745966154397852,1,0,-1.508734382843389,-0.749843764031875,0,0,0,1,1,0,1,0,1,0,1,0,1,0,1,0,1,0,0,0,1
1,0,0,0,1.5677776925507676,1,0,1.07964646286595,1.925774410396878,0,1,1,0,0,1,0,0,0,0,0,1,0,0,0,1,1,0,1,0,0
0,0,1,0,0.7943687306174818,1,1,1.3451214214002412,1.4590559792485742,0,1,1,0,0,0,0,1,0,1,0,0,0,1,0,1,0,0,0,1,0
1,0,0,0,1.6084834273893616,0,1,-0.04862211090478751,0.9497489424357495,1,0,0,0,0,1,0,1,0,1,0,1,0,1,0,1,0,1,0,0,0
1,0,0,0,-0.8338606629262776,1,0,-1.3096281639426706,-0.8714627719604547,0,1,0,1,1,0,1,0,1,0,1,0,1,0,1,0,0,0,0,1,0
1,1,1,0,0.46872285190873,1,1,-1.508734382843389,-0.6383230852814807,0,0,0,1,1,0,1,0,1,0,1,0,1,0,1,0,0,1,1,0,0
1,0,1,0,1.6084834273893616,1,1,1.4778589006673868,2.449570354291447,0,1,1,0,0,1,0,1,0,1,0,0,0,1,0,1,0,1,0,1,0
0,1,0,0,-0.5896262538947137,1,1,0.6814340250645132,-0.34942305922730943,0,1,1,0,0,0,0,1,0,0,0,1,0,0,0,0,0,0,0,1,0
0,0,0,0,-1.0373893371192475,1,1,0.28322158726307645,-0.7858465028410575,0,1,1,0,0,0,0,0,0,0,0,0,0,0,0,0,0,0,0,1,0
1,0,0,0,-0.9152721326034655,1,1,0.31640595707986285,-0.6541291657342925,0,1,1,0,0,0,0,0,0,0,0,0,0,0,0,0,0,0,0,0,1
1,0,1,1,0.387311382231542,1,0,-1.4755500130266026,-0.6352496807489895,0,0,0,1,1,0,1,0,1,0,1,0,1,0,1,0,1,0,0,0,1
1,0,1,0,1.6084834273893616,1,1,1.2787526817666683,2.2151134942414052,0,1,1,0,0,0,0,1,0,1,0,0,0,1,0,1,0,1,0,0,0
1,0,1,1,-0.1418631706701798,1,1,0.8141715043316587,0.17437288466725942,0,1,1,0,0,0,0,0,0,1,0,0,0,0,0,1,0,0,0,1,0
1,0,1,0,1.2421318138420157,1,1,0.6482496552477268,1.350608705030671,0,1,1,0,0,1,0,0,0,0,0,1,0,0,0,0,0,1,1,0,0
0,0,0,0,-1.2816237461508113,1,1,-1.508734382843389,-1.0018629356961521,0,0,0,1,1,0,1,0,1,0,1,0,1,0,1,0,0,0,0,0,1
0,0,1,0,-0.2639803751859618,1,1,0.8473558741484452,0.004896577589888435,0,1,0,0,0,1,0,1,0,1,0,1,0,1,0,1,1,0,1,0,0
0,0,0,0,1.3235432835192036,1,1,0.8141715043316587,1.5556486931268685,0,1,1,0,0,1,0,1,0,0,0,1,0,0,0,0,1,0,0,1,0
1,0,1,1,1.5677776925507676,1,1,0.050930998545571676,1.0498541186368908,0,1,0,0,0,1,0,0,0,0,0,0,0,1,0,0,1,0,0,1,0
0,0,1,0,1.1607203441648277,1,1,1.2123839421330955,1.6114090325020656,0,1,1,0,0,0,0,1,0,0,0,0,0,1,0,1,0,1,0,0,0
0,0,0,0,0.7943687306174818,1,1,0.5155121759805812,0.8764262914463169,0,1,1,0,0,0,0,1,0,0,0,0,0,0,0,0,1,0,0,0,1
0,0,1,0,-1.2409180113122174,0,0,-0.679125137423729,-0.9676164280483932,1,0,0,0,0,0,0,0,0,0,0,0,0,1,0,1,0,0,0,1,0
1,1,1,0,-0.1418631706701798,1,1,1.013277723232377,0.19500860081398594,0,1,1,0,0,0,0,1,0,1,0,0,0,0,0,1,0,0,0,1,0
1,0,0,0,-0.6303319887333076,1,1,-1.4755500130266026,-0.8877079102036225,0,0,0,1,1,0,1,0,1,0,1,0,1,0,1,0,1,0,0,0,1
0,0,1,1,1.0386031396490458,1,0,-1.508734382843389,-0.5364616779189157,0,0,0,1,1,0,1,0,1,0,1,0,1,0,1,0,0,1,1,0,0
0,0,0,0,-1.1595065416350294,1,1,0.581880915614154,-0.8701455985893871,0,0,1,0,0,0,0,0,0,1,0,0,0,0,0,1,0,0,1,0,0
1,0,1,0,-0.38609757970174374,1,1,1.1460152024995227,-0.05042470399495287,0,1,1,0,0,1,0,1,0,1,0,0,0,1,0,0,0,0,0,1,0
0,0,0,0,-0.06045170099299184,1,1,0.48232780616379484,0.0452898943026297,0,1,1,0,0,0,0,0,0,0,0,1,0,0,0,0,0,0,1,0,0
0,0,0,0,1.1607203441648277,1,1,1.2787526817666683,1.8098631537429248,0,1,1,0,0,0,0,1,0,1,0,0,0,1,0,1,1,0,0,1,0
1,1,0,0,-1.0780950719578415,1,1,0.48232780616379484,-0.7919933119060398,0,0,1,0,0,0,0,0,0,0,0,0,0,1,0,0,0,0,0,1,0
0,0,0,0,1.1607203441648277,1,0,0.7146183948812996,1.2619190313787825,0,1,0,0,0,1,0,0,0,1,0,1,0,1,0,1,0,1,1,0,0
1,0,1,1,1.0386031396490458,1,1,1.3451214214002412,1.6258979395838098,0,1,1,0,0,0,0,0,0,1,0,1,0,1,0,1,1,0,0,0,0
0,0,0,0,-0.9152721326034655,1,1,-1.508734382843389,-0.9232715912224491,0,0,0,1,1,0,1,0,1,0,1,0,1,0,1,0,1,0,0,0,1
0,1,1,0,0.9164859351332638,1,0,0.8473558741484452,1.2044024608421617,0,1,1,0,0,0,0,1,0,1,0,1,0,0,0,0,0,0,0,1,0
1,0,1,1,1.6084834273893616,1,1,1.7101494893848914,2.6502197644840857,0,1,1,0,0,1,0,1,0,1,0,1,0,1,0,1,0,1,0,0,0
1,0,1,0,1.6084834273893616,1,0,1.3451214214002412,2.3182920749750378,0,1,1,0,0,1,0,1,0,1,0,1,0,0,0,1,0,1,0,0,0
1,0,1,0,0.30589991255435406,1,1,1.07964646286595,0.6169431373459898,0,1,1,0,0,0,0,0,0,0,0,0,0,1,0,1,0,0,0,0,0
0,0,1,0,-1.0780950719578415,1,0,-0.6459407676069426,-0.8683893674279636,0,0,0,0,0,0,0,0,0,0,0,0,0,0,0,0,0,0,0,0,1
0,0,1,1,1.5270719577121736,1,1,1.3783057912170276,2.237505441549555,0,1,1,0,0,0,0,1,0,1,0,0,0,1,0,1,1,0,0,1,0
1,0,0,0,-0.10115743583158582,1,1,0.8473558741484452,0.19939917871754476,0,0,1,0,0,0,0,0,0,0,0,0,0,1,0,1,0,0,0,1,0
0,0,0,0,-1.2816237461508113,1,0,0.8473558741484452,-0.9706898325808844,0,0,1,0,0,0,0,0,0,0,0,0,0,1,0,1,0,0,0,1,0
1,0,0,0,1.4049547531963917,1,0,1.7101494893848914,2.3933709571258936,0,1,1,0,0,1,0,1,0,1,0,1,0,1,0,1,0,1,1,0,0
1,0,1,1,0.06166550352279012,1,0,-1.508734382843389,-0.712523851851625,0,0,0,1,1,0,1,0,1,0,1,0,1,0,1,0,1,0,1,0,0
0,1,0,0,-1.2409180113122174,1,1,0.9469089835988044,-0.9355652093524137,0,1,1,0,0,0,0,0,0,0,0,0,0,1,0,1,0,0,0,1,0
1,1,1,0,-1.0373893371192475,1,1,0.18366847781271725,-0.8051650456167164,0,0,1,0,0,0,0,0,0,0,0,0,0,0,0,0,0,0,0,0,1
1,1,0,0,-0.9966836022806536,1,1,0.15048410799593087,-0.7643326711136192,0,0,1,0,0,0,0,0,0,0,0,0,0,0,0,0,0,0,0,1,0
1,0,1,0,0.1023712383613841,1,1,0.8141715043316587,0.37765664160203344,0,1,1,0,0,0,0,0,0,0,0,1,0,0,0,1,0,0,0,0,0
1,0,1,0,-0.9559778674420595,1,1,0.7809871345148723,-0.6585197436378514,0,1,1,0,0,1,0,0,0,0,0,0,0,0,0,1,0,0,0,1,0
1,0,0,1,-1.0780950719578415,1,1,-1.4755500130266026,-0.9671773702580373,0,0,0,1,1,0,1,0,1,0,1,0,1,0,1,0,0,0,0,0,1
1,0,0,0,-1.1188008067964355,1,1,-0.5132032883397971,-0.9153685509960431,0,0,0,0,0,0,0,0,0,0,0,1,0,0,0,0,0,0,0,1,0
0,0,1,0,-1.2002122764736234,1,1,0.31640595707986285,-0.9096607997214167,0,1,1,0,0,0,0,0,0,0,0,0,0,0,0,0,0,0,1,0,0
1,0,0,0,0.1023712383613841,1,1,-1.508734382843389,-0.7300861634658603,0,0,0,1,1,0,1,0,1,0,1,0,1,0,1,0,1,0,0,0,1
0,0,1,0,-0.7117434584104956,1,1,-0.44683454870622424,-0.6980349447698808,0,1,0,0,0,0,0,0,0,0,0,0,0,0,0,0,0,0,0,1,0
1,1,1,0,-0.6303319887333076,1,1,0.3827746967134356,-0.4688467782041097,0,0,1,0,0,0,0,1,0,0,0,0,0,0,0,0,0,0,0,1,0
0,0,1,1,0.020959768684196134,1,0,-1.342812533759457,-0.6589588014282072,0,1,0,1,1,0,1,0,1,0,1,0,1,0,1,0,1,0,1,0,0
0,0,0,0,-1.2002122764736234,0,1,-0.48001891852301065,-0.942151076207752,1,0,0,0,0,0,0,1,0,0,0,0,0,1,0,1,0,0,0,1,0
1,0,1,0,1.4456604880349857,1,0,0.18366847781271725,1.0713679503643292,0,0,0,0,0,1,0,1,0,1,0,0,0,0,0,1,0,1,0,0,0
0,0,1,1,1.1200146093262338,1,0,1.676965119568105,1.9569475135121457,0,1,1,0,0,1,0,1,0,1,0,1,0,1,0,1,0,1,1,0,0
0,0,1,1,-0.38609757970174374,1,0,0.5486965457973676,-0.215510433168765,0,1,1,0,0,1,0,0,0,0,0,0,0,0,0,0,1,0,1,0,0
0,0,1,1,0.1023712383613841,1,0,-1.342812533759457,-0.6497385878307337,0,1,0,1,1,0,1,0,1,0,1,0,1,0,1,0,0,1,0,0,0
0,0,1,1,1.2421318138420157,1,0,-1.4755500130266026,-0.4793841651726509,0,0,0,1,1,0,1,0,1,0,1,0,1,0,1,0,0,1,1,0,0
0,0,0,0,-1.2409180113122174,1,0,-0.679125137423729,-0.9742022949037314,0,0,0,0,0,0,0,0,0,0,0,0,0,0,0,0,0,0,0,1,0
1,0,1,1,-1.2002122764736234,1,0,0.8141715043316587,-0.9013187017046549,0,0,1,0,0,1,0,1,0,0,0,0,0,1,0,0,0,0,0,1,0
0,1,1,0,1.1200146093262338,1,1,1.3451214214002412,1.8002038823550954,0,1,1,0,0,0,0,1,0,1,0,0,0,1,0,1,0,0,0,1,0
1,1,0,0,-1.2816237461508113,0,1,-0.8450469865076611,-0.9930817798890345,1,0,0,0,0,0,0,0,0,1,0,0,0,0,0,1,0,0,0,1,0
1,1,1,0,0.9164859351332638,1,1,1.6105963799345322,1.7523465832063043,0,1,1,0,0,0,0,1,0,1,0,1,0,1,0,1,0,1,0,1,0
1,1,0,0,-1.2002122764736234,1,1,1.3451214214002412,-0.8811220433482843,0,1,1,0,0,0,0,1,0,1,0,0,0,1,0,1,0,0,0,1,0
1,0,0,0,-1.2816237461508113,1,1,0.34959032689664926,-0.9772756994362226,0,0,1,0,0,0,0,0,0,0,0,1,0,0,0,0,0,0,0,1,0
1,0,1,0,-0.7524491932490895,0,0,-0.6127563977901562,-0.7173534875455397,1,0,0,0,0,0,0,0,0,0,0,0,0,1,0,1,0,0,0,1,0
1,0,1,1,-0.019745966154397852,1,1,1.1460152024995227,0.3965361265873364,0,1,1,0,0,1,0,0,0,0,0,0,0,1,0,1,0,0,1,0,0
1,0,0,0,0.1023712383613841,1,0,-1.4755500130266026,-0.6857413266399162,0,0,0,1,1,0,1,0,1,0,1,0,1,0,1,0,0,0,0,0,0
0,0,1,1,1.0386031396490458,0,1,-0.31409706943907867,0.37985193055381283,1,0,0,0,0,0,0,0,0,1,0,1,0,1,0,1,0,1,1,0,0
0,0,1,1,0.1023712383613841,0,1,-0.6127563977901562,-0.28049098614143575,1,0,0,0,0,1,0,0,0,0,0,1,0,1,0,0,0,1,1,0,0
0,0,1,0,1.0793088744876398,1,1,0.5486965457973676,1.026584055748029,0,0,1,0,0,1,0,0,0,1,0,0,0,0,0,0,1,0,1,0,0
0,0,1,0,-1.2409180113122174,1,1,0.18366847781271725,-0.9425901339981079,0,0,1,0,0,0,0,0,0,0,0,0,0,0,0,0,0,0,1,0,0
1,1,0,0,-0.3453918448631497,1,1,1.245568311949882,0.08568321101537098,0,1,1,0,0,0,0,1,0,1,0,0,0,1,0,1,0,0,1,0,0
0,0,1,1,0.8350744654560759,1,1,-1.508734382843389,-0.5540239895331511,0,0,0,1,1,0,1,0,1,0,1,0,1,0,1,0,1,0,0,0,0
0,0,0,1,-0.5896262538947137,1,0,-1.4755500130266026,-0.8389724954741195,0,0,0,1,1,0,1,0,1,0,1,0,1,0,1,0,1,0,0,0,0
1,0,0,0,-1.2816237461508113,1,0,-0.5132032883397971,-0.9886912019854757,0,0,0,0,0,0,0,0,0,0,0,1,0,0,0,0,0,0,0,0,1
1,0,1,1,1.5270719577121736,1,0,0.44914343634700843,1.380464634774871,0,1,0,0,0,1,0,1,0,1,0,1,0,0,0,1,1,0,0,0,0
0,1,0,0,0.7129572609402939,1,1,1.3119370515834547,1.282554747525509,0,1,1,0,0,0,0,0,0,1,0,1,0,1,0,1,0,0,0,1,0
1,0,1,0,1.2828375486806096,1,1,0.3827746967134356,1.1051754002217322,0,1,0,0,0,0,0,1,0,1,0,1,0,1,0,0,0,1,0,0,0
1,0,1,0,1.6084834273893616,0,0,-0.7454938770573019,0.2902841413212126,1,0,0,0,0,1,0,1,0,1,0,0,0,0,0,0,0,1,0,0,0
1,1,1,0,1.6084834273893616,1,1,0.6482496552477268,1.6860488568625658,0,0,1,0,0,1,0,1,0,0,0,1,0,0,0,0,0,1,1,0,0
1,1,1,0,-0.7117434584104956,1,1,0.6814340250645132,-0.4196723056842508,0,1,1,0,0,0,0,0,0,0,0,0,0,0,0,1,0,0,0,0,0
0,1,1,0,1.3235432835192036,1,0,1.3451214214002412,1.9692411316421103,0,1,1,0,0,1,0,0,0,1,0,0,0,1,0,1,0,0,0,0,0
1,0,1,0,-0.1825689055087738,1,0,0.3827746967134356,-0.10355069662801476,0,0,1,0,0,0,0,0,0,0,0,1,0,0,0,0,0,0,0,0,0
1,0,0,0,-1.2002122764736234,1,0,0.6814340250645132,-0.8978062393818078,0,0,1,0,0,0,0,0,0,1,0,0,0,0,0,1,0,0,1,0,0
0,1,0,0,0.428017117070136,1,1,1.4446745308506004,1.0094608019241496,0,0,1,0,0,1,0,1,0,0,0,1,0,1,0,1,0,0,1,0,0
1,0,1,1,-0.22327464034736777,1,0,0.21685284762950366,-0.15096893798645017,0,1,0,0,0,0,0,0,0,0,0,1,0,1,0,1,0,0,0,0,0
1,1,1,0,1.6084834273893616,1,1,1.3119370515834547,2.365710316333473,0,1,1,0,0,0,0,1,0,1,0,0,0,1,0,1,0,1,0,0,0
0,0,0,0,-1.2816237461508113,0,0,-1.176890684675525,-0.9974723577925932,1,0,0,0,0,1,0,0,0,0,0,0,0,0,0,0,0,0,0,0,1
0,0,0,0,0.7943687306174818,1,1,-0.1813595901719331,0.3258478223400392,0,0,0,0,0,0,0,0,0,1,0,0,0,0,0,1,0,0,0,1,0
1,0,0,0,-1.2409180113122174,1,1,0.6814340250645132,-0.930735573658499,0,1,1,0,0,0,0,0,0,0,0,0,0,1,0,0,0,0,0,1,0
1,0,0,0,-1.2002122764736234,0,0,-1.3096281639426706,-0.9755194682747992,1,0,0,0,0,0,0,0,0,0,0,0,0,0,0,0,0,0,0,1,0
1,1,1,0,-0.1418631706701798,1,1,0.6482496552477268,0.024654178155903185,0,1,1,0,0,0,0,0,0,0,0,0,0,0,0,1,0,0,0,1,0
0,0,1,1,1.3235432835192036,1,0,-1.2764437941258842,-0.2840034484642828,0,1,0,1,1,0,1,0,1,0,1,0,1,0,1,0,0,1,1,0,0
0,0,1,0,0.9164859351332638,1,1,0.050930998545571676,0.5098130364991543,0,1,0,0,0,1,0,1,0,0,0,1,0,0,0,0,1,0,1,0,0
1,0,1,1,1.6084834273893616,1,0,-0.015437741088001118,1.0621477367668557,0,1,0,0,0,1,0,1,0,1,0,0,0,0,0,0,0,1,1,0,0
0,0,0,0,1.2421318138420157,1,1,-1.4755500130266026,-0.4403080218309773,0,0,0,1,1,0,1,0,1,0,1,0,1,0,1,0,0,1,0,0,1
1,0,1,1,-1.1188008067964355,1,1,-0.31409706943907867,-0.8964890660107401,0,1,0,0,0,0,0,0,0,0,0,1,0,0,0,0,0,0,0,0,1
1,0,0,0,1.0793088744876398,1,0,-1.508734382843389,-0.5276805221117981,0,0,0,1,1,0,1,0,1,0,1,0,1,0,1,0,0,1,0,0,1
0,0,1,1,1.4863662228735797,0,1,-0.7123095072405154,0.28940602574050084,1,0,0,0,0,1,0,0,0,1,0,0,0,0,0,1,0,1,1,0,0
1,0,0,0,-0.22327464034736777,1,0,0.15048410799593087,-0.16414067169712665,0,0,0,0,0,1,0,0,0,1,0,1,0,1,0,0,1,0,1,0,0
1,0,0,0,-0.7117434584104956,0,0,-0.48001891852301065,-0.7081332739480661,1,0,0,0,0,0,0,0,0,1,0,0,0,1,0,1,1,0,0,1,0
1,0,0,1,-1.2816237461508113,1,1,-1.508734382843389,-1.0018629356961521,0,0,0,1,1,0,1,0,1,0,1,0,1,0,1,0,0,0,0,0,1
0,0,0,0,0.30589991255435406,1,1,-0.48001891852301065,-0.12199112382296186,0,0,0,0,0,0,0,0,0,1,0,0,0,0,0,0,1,0,0,0,1
0,0,0,0,-1.2002122764736234,1,1,0.34959032689664926,-0.9030749328660784,0,0,0,0,0,0,0,1,0,0,0,1,0,1,0,1,0,0,0,1,0
1,0,0,0,-1.0373893371192475,1,0,-0.7123095072405154,-0.8881469679939783,0,0,0,0,0,0,0,0,0,0,0,0,0,0,0,0,0,0,0,0,1
1,0,1,0,-0.1825689055087738,1,0,1.0464620930491635,0.16822607560227704,0,1,1,0,0,0,0,1,0,1,0,0,0,1,0,0,0,0,1,0,0
0,0,0,0,0.5094285867473239,1,1,-0.08180648072157391,0.217400548122136,0,0,0,0,0,1,0,1,0,0,0,1,0,0,0,0,1,0,1,0,0
0,0,0,0,-1.1188008067964355,0,0,-0.8450469865076611,-0.9180028977381784,1,0,0,0,0,0,0,0,0,1,0,0,0,0,0,1,0,0,0,1,0
1,0,0,0,-0.8338606629262776,1,0,-0.2809126996222923,-0.7230612388201662,0,0,0,0,0,1,0,0,0,0,0,1,0,0,0,0,0,0,0,0,1
0,0,1,0,-0.4675090493789317,1,1,0.9800933534155908,-0.1549204580996531,0,1,1,0,0,0,0,0,0,0,0,0,0,1,0,1,0,0,0,1,0
1,0,1,1,1.5270719577121736,1,0,-1.3096281639426706,-0.22780405129872974,0,1,0,1,1,0,1,0,1,0,1,0,1,0,1,0,0,1,0,0,1
0,0,1,0,1.5270719577121736,1,1,1.07964646286595,2.0552964585518634,0,1,1,0,0,0,0,0,0,1,0,0,0,1,0,1,1,0,0,1,0
1,0,0,0,1.2828375486806096,1,0,1.1460152024995227,1.865184435327766,0,1,1,0,0,1,0,0,0,1,0,1,0,0,0,1,0,1,1,0,0
0,0,1,0,1.5270719577121736,1,0,0.7146183948812996,1.602188818904592,0,0,0,0,0,1,0,1,0,1,0,1,0,1,0,1,0,1,1,0,0
1,0,1,0,1.6084834273893616,1,1,1.676965119568105,2.6888568500354033,0,1,1,0,0,1,0,1,0,1,0,1,0,1,0,1,0,1,0,1,0
0,0,0,0,-0.6303319887333076,1,0,-1.508734382843389,-0.8609253849919136,0,0,0,1,1,0,1,0,1,0,1,0,1,0,1,0,0,0,1,0,0
1,0,0,1,-1.2816237461508113,1,0,-1.4755500130266026,-1.0014238779057962,0,0,0,1,1,0,1,0,1,0,1,0,1,0,1,0,0,0,0,0,1
1,0,1,1,0.18378270803857208,1,0,-1.508734382843389,-0.7129629096419808,0,0,0,1,1,0,1,0,1,0,1,0,1,0,1,0,1,0,1,0,0
1,0,0,0,-0.9966836022806536,1,1,-1.4755500130266026,-0.9390776716752608,0,0,0,1,1,0,1,0,1,0,1,0,1,0,1,0,0,0,1,0,0
1,0,1,0,0.22448844287716607,1,0,0.8805402439652316,0.5172770189352043,0,1,1,0,0,1,0,0,0,0,0,0,0,1,0,0,0,0,0,0,0
1,0,1,0,-0.3453918448631497,1,1,0.8141715043316587,-0.03988731702641167,0,0,1,0,0,1,0,0,0,0,0,1,0,0,0,1,0,0,0,1,0
0,0,0,0,-1.1188008067964355,1,1,1.1791995723163091,-0.7845293294699899,0,1,1,0,0,0,0,0,0,1,0,0,0,1,0,1,0,0,0,1,0
1,0,0,1,0.8350744654560759,1,0,-1.508734382843389,-0.5483162382585246,0,0,0,1,1,0,1,0,1,0,1,0,1,0,1,0,0,1,0,0,0
0,0,1,1,-0.8338606629262776,0,0,-1.176890684675525,-0.8745361764929459,1,0,0,0,0,0,0,1,0,0,0,0,0,0,0,0,0,0,0,0,1
1,0,1,0,0.06166550352279012,1,0,-1.4755500130266026,-0.7120847940612691,0,0,0,1,1,0,1,0,1,0,1,0,1,0,1,0,0,1,1,0,0
1,0,0,1,1.5270719577121736,1,1,1.6437807497513186,2.4504484698721587,0,1,1,0,0,1,0,1,0,1,0,1,0,1,0,1,0,1,0,1,0
1,0,0,0,-1.2002122764736234,1,0,-1.4755500130266026,-0.9851787396626286,0,0,0,1,1,0,1,0,1,0,1,0,1,0,1,0,0,0,0,0,1
0,0,1,1,0.9164859351332638,1,1,0.6814340250645132,1.034487095974435,0,1,0,0,0,1,0,0,0,1,0,1,0,1,0,1,0,1,0,0,0
0,1,1,0,0.631545791263106,1,0,1.7433338592016778,1.3773912302423799,0,1,1,0,0,1,0,1,0,1,0,1,0,1,0,1,0,0,0,1,0
0,0,1,1,1.4456604880349857,1,1,0.6150652854309404,1.485838504460283,0,1,1,0,0,0,0,0,0,0,0,0,0,1,0,0,1,0,0,1,0
0,0,1,0,0.9571916699718578,1,0,-1.342812533759457,-0.456553160074145,0,1,0,1,1,0,1,0,1,0,1,0,1,0,1,0,1,0,0,1,0
0,0,1,0,-1.0373893371192475,1,1,0.7146183948812996,-0.7546733997257898,0,1,1,0,0,0,0,0,0,0,0,0,0,1,0,0,0,0,0,1,0
1,0,0,0,0.1023712383613841,1,1,1.245568311949882,0.5818185141175192,0,0,1,0,0,0,0,1,0,1,0,0,0,1,0,1,1,0,0,0,0
0,1,0,0,-1.2409180113122174,1,1,0.7809871345148723,-0.9316136892392108,0,1,1,0,0,0,0,0,0,1,0,0,0,0,0,1,0,0,0,1,0
0,0,0,0,-0.4675090493789317,1,1,0.8473558741484452,-0.1926794280702591,0,0,1,0,0,0,0,1,0,1,0,0,0,0,0,1,0,0,0,1,0
1,0,1,1,0.6722515261016999,0,1,-0.8450469865076611,-0.2032168150388003,1,0,0,0,0,1,0,0,0,0,0,0,0,0,0,1,0,0,0,1,0
1,0,1,1,1.1200146093262338,1,0,-1.508734382843389,-0.5004589391097333,0,0,0,1,1,0,1,0,1,0,1,0,1,0,1,0,0,1,1,0,0
1,1,0,0,-0.019745966154397852,1,1,0.5486965457973676,0.13968731922914462,0,1,1,0,0,0,0,0,0,1,0,0,0,0,0,0,0,0,1,0,0
1,0,1,0,0.8757802002946699,1,1,1.3119370515834547,1.3071419837854386,0,1,1,0,0,0,0,1,0,1,0,0,0,1,0,1,0,0,0,1,0
0,0,1,1,0.590840056424512,0,1,-0.14817522035514671,0.20510692999217126,1,0,0,0,0,1,0,1,0,1,0,0,0,1,0,1,0,1,1,0,0
0,0,0,1,-0.30468611002455576,1,1,-0.3472814392558651,-0.4543578711223656,0,0,0,0,0,0,0,1,0,0,0,1,0,0,0,0,1,0,1,0,0
1,0,0,0,-1.1595065416350294,1,1,-0.679125137423729,-0.9329308626102785,0,0,0,0,0,0,0,0,0,0,0,0,0,0,0,0,0,0,1,0,0
1,0,0,0,1.6084834273893616,1,0,-1.508734382843389,-0.38059616234257715,0,0,0,1,1,0,1,0,1,0,1,0,1,0,1,0,0,1,0,0,0
0,0,0,0,-1.2816237461508113,1,1,0.18366847781271725,-0.9794709883880021,0,0,1,0,0,0,0,0,0,0,0,0,0,0,0,0,0,0,0,0,1
1,0,0,0,-0.5896262538947137,1,0,0.6482496552477268,-0.3353732099359212,0,1,1,0,0,0,0,0,0,0,0,0,0,1,0,0,0,0,0,0,0
0,0,0,0,-1.2816237461508113,0,1,-1.3096281639426706,-0.9992285889540168,1,0,0,0,0,0,0,0,0,0,0,0,0,0,0,0,0,0,0,0,1
1,0,1,1,-1.0373893371192475,0,0,-0.2145439599887195,-0.8060431611974281,1,0,0,0,0,1,0,1,0,1,0,0,0,1,0,1,0,0,0,0,1
1,0,1,1,1.1200146093262338,1,1,-1.4755500130266026,-0.45260163996094205,0,0,0,1,1,0,1,0,1,0,1,0,1,0,1,0,0,1,0,0,0
1,0,0,0,-0.9559778674420595,1,1,0.6814340250645132,-0.6773992286231543,0,1,1,0,0,0,0,0,0,0,0,0,0,1,0,0,0,0,0,1,0
1,1,1,0,-0.1418631706701798,1,1,-0.44683454870622424,-0.3770837000197301,0,1,0,0,0,0,0,0,0,0,0,0,0,0,0,0,0,0,0,1,0
0,0,1,1,0.7536629957788878,1,1,0.8473558741484452,0.9892641435677789,0,1,1,0,0,0,0,0,0,1,0,0,0,0,0,1,1,0,0,1,0
1,1,0,0,-1.1595065416350294,0,1,-1.3096281639426706,-0.9654211390966138,1,0,0,0,0,0,0,0,0,0,0,0,0,0,0,0,0,0,0,0,0
0,0,0,0,0.18378270803857208,1,0,-1.508734382843389,-0.6659837260739013,0,0,0,1,1,0,1,0,1,0,1,0,1,0,1,0,0,1,0,0,1
0,0,0,0,0.7129572609402939,1,0,-1.508734382843389,-0.5759768790509453,0,0,0,1,1,0,1,0,1,0,1,0,1,0,1,0,1,0,0,0,0
1,0,1,1,0.9571916699718578,0,1,-0.9446000959580202,-0.14482212892146779,1,0,0,0,0,0,0,1,0,1,0,0,0,0,0,0,1,0,1,0,0
1,0,1,1,-0.8745663977648716,1,0,-1.4755500130266026,-0.892976603687893,0,0,0,1,1,0,1,0,1,0,1,0,1,0,1,0,0,0,0,0,0
1,0,1,1,0.1023712383613841,1,1,0.8141715043316587,0.37765664160203344,0,1,1,0,0,0,0,1,0,0,0,0,0,1,0,0,0,0,0,0,0
1,0,1,1,0.7129572609402939,1,1,1.2787526817666683,1.192547900502553,0,1,1,0,0,0,0,1,0,1,0,0,0,1,0,1,0,0,0,0,0
1,0,0,1,-1.2816237461508113,1,1,0.31640595707986285,-0.9777147572265785,0,1,1,0,0,0,0,0,0,0,0,0,0,0,0,0,0,0,0,1,0
1,0,1,1,0.7536629957788878,0,0,-0.1813595901719331,0.31311514641971855,1,0,0,0,0,1,0,1,0,1,0,0,0,1,0,1,1,0,0,1,0
0,0,0,0,0.590840056424512,1,0,0.31640595707986285,0.5247410013712543,0,1,0,0,0,1,0,1,0,0,0,1,0,0,0,1,0,1,0,0,1
0,1,0,0,-0.019745966154397852,1,0,-0.3472814392558651,-0.20672927736164734,0,0,0,0,0,0,0,1,0,0,0,1,0,0,0,0,0,0,0,0,0
0,0,1,1,1.4049547531963917,0,1,-0.1813595901719331,0.7912490801172756,1,0,0,0,0,0,0,1,0,1,0,1,0,1,0,1,0,1,0,1,0
0,0,1,1,0.7129572609402939,1,1,0.5155121759805812,0.7644665549055667,0,1,0,0,0,1,0,1,0,1,0,1,0,0,0,1,1,0,0,0,0
1,0,0,0,-1.2002122764736234,1,1,1.2123839421330955,-0.8793658121868607,0,1,1,0,0,0,0,0,0,1,0,0,0,1,0,1,0,0,0,0,0
0,0,0,1,-1.1595065416350294,1,0,0.6482496552477268,-0.8639987895244048,0,1,1,0,0,0,0,1,0,1,0,0,0,0,0,0,0,0,0,0,0
0,1,1,1,-0.7524491932490895,1,1,1.013277723232377,-0.4192332478938949,0,1,1,0,0,0,0,0,0,0,0,0,0,1,0,1,0,0,0,1,0
1,1,0,0,0.26519417771576004,1,0,0.8473558741484452,0.488299204771716,0,1,1,0,0,0,0,1,0,0,0,0,0,0,0,1,0,0,0,1,0
0,0,1,0,-1.2816237461508113,1,1,-0.3804658090726515,-0.9869349708240521,0,0,0,0,0,1,0,1,0,0,0,0,0,0,0,0,0,0,0,0,1
1,0,1,0,-0.3453918448631497,1,1,1.2123839421330955,0.03958214302800322,0,1,1,0,0,0,0,0,0,1,0,0,0,1,0,1,0,0,0,1,0
1,0,1,1,-0.30468611002455576,1,0,0.6814340250645132,-0.044716952720326386,0,0,1,0,0,0,0,0,0,0,0,1,0,1,0,0,0,0,0,1,0
1,0,1,0,1.2421318138420157,1,0,0.5155121759805812,1.2026462296807383,0,1,0,0,0,1,0,1,0,1,0,1,0,0,0,1,1,0,1,0,0
1,0,1,0,-1.1188008067964355,1,1,0.5486965457973676,-0.8275569929248664,0,1,1,0,0,0,0,1,0,0,0,0,0,0,0,0,0,0,0,1,0
0,0,0,0,-0.7117434584104956,1,1,-0.5132032883397971,-0.7120847940612691,0,1,0,0,0,0,0,0,0,0,0,0,0,0,0,0,0,0,0,1,0
1,0,1,1,-1.0373893371192475,1,1,-0.5132032883397971,-0.8648769051051165,0,0,0,0,0,1,0,0,0,0,0,0,0,0,0,0,1,0,0,1,0
0,0,1,1,1.4049547531963917,1,0,1.3783057912170276,2.0671510188914723,0,1,1,0,0,1,0,0,0,0,0,1,0,1,0,1,0,1,1,0,0
0,0,0,0,-1.2816237461508113,1,1,0.15048410799593087,-0.979910046178358,0,0,1,0,0,0,0,0,0,0,0,0,0,0,0,0,0,0,0,1,0
0,0,1,1,-1.2816237461508113,1,1,-1.4755500130266026,-1.0014238779057962,0,0,0,1,1,0,1,0,1,0,1,0,1,0,1,0,0,0,0,0,1
1,0,0,0,-0.9152721326034655,1,1,-0.2809126996222923,-0.7893589651639046,0,0,0,0,0,0,0,0,0,0,0,0,0,0,0,1,0,0,0,0,0
1,0,1,0,0.346605647392948,1,1,-1.508734382843389,-0.6154920801829747,0,0,0,1,1,0,1,0,1,0,1,0,1,0,1,0,0,1,0,1,0
1,0,1,1,1.1200146093262338,1,0,0.3827746967134356,0.9844345078738642,0,0,0,0,0,0,0,1,0,0,0,1,0,1,0,1,0,1,0,0,0
1,0,1,0,-0.4268033145403377,1,1,0.6814340250645132,-0.18784979237634436,0,1,1,0,0,0,0,0,0,0,0,0,0,0,0,1,0,0,0,1,0
0,1,0,0,-0.9966836022806536,1,1,0.31640595707986285,-0.7467703594993839,0,0,1,0,0,0,0,0,0,1,0,0,0,0,0,0,0,0,0,0,0
0,0,0,0,-0.9152721326034655,1,1,0.5155121759805812,-0.6457870677175307,0,1,1,0,0,0,0,1,0,0,0,0,0,0,0,0,0,0,0,0,0
0,1,1,0,1.2828375486806096,1,0,1.07964646286595,1.812936558275416,0,0,1,0,0,1,0,1,0,1,0,0,0,0,0,1,1,0,0,0,0
1,1,1,0,-0.8338606629262776,1,1,1.2123839421330955,-0.475432645059448,0,1,1,0,0,0,0,1,0,0,0,0,0,1,0,1,0,0,0,1,0
0,0,1,1,0.590840056424512,1,1,0.6814340250645132,0.7930053112786991,0,1,0,0,0,1,0,1,0,0,0,1,0,1,0,1,0,1,1,0,0
0,0,1,0,-0.3453918448631497,1,1,0.15048410799593087,-0.30156576007851815,0,0,0,0,0,0,0,1,0,0,0,0,0,1,0,1,0,0,0,0,0
0,0,1,1,-1.2409180113122174,1,1,0.21685284762950366,-0.9509322320148696,0,0,1,0,0,0,0,0,0,0,0,0,0,0,0,0,0,0,0,1,0
0,0,0,0,-0.22327464034736777,1,1,1.013277723232377,0.12914993226060342,0,1,1,0,0,0,0,0,0,0,0,0,0,1,0,1,0,0,0,0,0
1,0,0,0,-0.4268033145403377,0,1,-0.7123095072405154,-0.6137358490215512,1,0,0,0,0,0,0,1,0,1,0,0,0,0,0,1,1,0,0,0,0
0,0,1,0,1.6084834273893616,1,1,1.5110432704841732,2.530796045507285,0,1,1,0,0,1,0,1,0,1,0,0,0,1,0,1,0,1,1,0,0
1,0,1,0,-1.2409180113122174,1,1,-0.015437741088001118,-0.9474197696920226,0,0,0,0,0,0,0,1,0,0,0,1,0,0,0,1,0,0,0,0,1
1,0,0,0,-0.2639803751859618,1,1,0.6150652854309404,-0.020568774250752802,0,1,1,0,0,0,0,0,0,0,0,0,0,0,0,1,0,0,0,1,0
1,0,0,0,-1.2409180113122174,1,0,0.8473558741484452,-0.9338089781909902,0,1,1,0,0,1,0,0,0,0,0,0,0,0,0,1,0,0,0,0,1
0,1,0,0,-1.2816237461508113,1,1,-1.508734382843389,-1.0018629356961521,0,0,0,1,1,0,1,0,1,0,1,0,1,0,1,0,0,0,0,1,0
1,0,0,0,-0.22327464034736777,1,0,-0.1813595901719331,-0.30288293344958583,0,1,0,0,0,0,0,0,0,1,0,1,0,0,0,0,0,0,0,1,0
1,1,0,0,-1.2816237461508113,1,1,0.9800933534155908,-0.9689336014194608,0,1,1,0,0,0,0,0,0,0,0,0,0,1,0,1,0,0,0,1,0
1,0,0,0,0.7943687306174818,1,0,-1.4423656432098162,-0.524168059788951,0,0,0,1,1,0,1,0,1,0,1,0,1,0,1,0,0,1,0,0,0
0,0,1,0,-0.6710377235719016,1,1,0.9800933534155908,-0.3687416020029683,0,0,1,0,0,0,0,1,0,0,0,0,0,1,0,1,0,0,0,0,0
0,0,0,0,-1.0780950719578415,1,0,-1.508734382843389,-0.9592743300316314,0,0,0,1,1,0,1,0,1,0,1,0,1,0,1,0,0,1,1,0,0
1,1,0,0,-0.22327464034736777,1,1,0.5486965457973676,-0.0785244025777294,0,1,1,0,0,0,0,1,0,0,0,0,0,0,0,0,0,0,0,1,0
0,0,1,1,-0.38609757970174374,1,0,-1.4755500130266026,-0.8279960507152223,0,0,0,1,1,0,1,0,1,0,1,0,1,0,1,0,1,0,0,0,1
1,0,0,1,-1.2816237461508113,1,0,-1.508734382843389,-1.0018629356961521,0,0,0,1,1,0,1,0,1,0,1,0,1,0,1,0,0,0,0,0,1
1,0,0,1,-0.019745966154397852,1,0,-1.4755500130266026,-0.7046208116252191,0,0,0,1,1,0,1,0,1,0,1,0,1,0,1,0,0,1,0,0,1
0,0,1,0,1.5677776925507676,1,1,-1.3096281639426706,-0.21946195328196796,0,1,0,1,1,0,1,0,1,0,1,0,1,0,1,0,0,1,1,0,0
0,0,0,0,-0.6303319887333076,1,0,-1.508734382843389,-0.8530223447655076,0,0,0,1,1,0,1,0,1,0,1,0,1,0,1,0,0,1,0,0,1
0,1,0,0,0.590840056424512,1,1,0.6814340250645132,0.7324153362095872,0,1,1,0,0,0,0,1,0,1,0,0,0,0,0,0,0,0,0,0,0
1,0,0,0,-0.10115743583158582,1,0,0.8473558741484452,0.2279379350906772,0,1,1,0,0,1,0,1,0,1,0,0,0,0,0,0,1,0,0,0,0
1,0,1,0,-0.9966836022806536,1,0,0.34959032689664926,-0.7327205102079957,0,0,1,0,0,1,0,0,0,0,0,0,0,0,0,0,0,0,0,1,0
0,0,1,1,0.020959768684196134,1,0,-1.508734382843389,-0.7287689900947927,0,0,0,1,1,0,1,0,1,0,1,0,1,0,1,0,0,1,1,0,0
0,0,1,1,-0.7931549280876836,1,0,0.7809871345148723,-0.47367641389802445,0,0,1,0,0,0,0,0,0,0,0,0,0,1,0,1,0,0,0,1,0
1,0,0,0,-1.1188008067964355,1,1,0.31640595707986285,-0.8420459000066106,0,0,1,0,0,0,0,1,0,0,0,0,0,0,0,0,0,0,0,1,0
1,0,0,0,-1.2816237461508113,1,0,-1.4755500130266026,-1.0014238779057962,0,0,0,1,1,0,1,0,1,0,1,0,1,0,1,0,0,0,0,0,1
0,0,1,1,1.6084834273893616,0,1,0.01774662872878528,1.090247435349632,1,0,0,0,0,1,0,1,0,1,0,1,0,1,0,1,0,1,1,0,0
0,1,0,0,-0.7117434584104956,1,0,-0.31409706943907867,-0.6778382864135102,0,1,0,0,0,0,0,0,0,0,0,1,0,0,0,0,0,0,1,0,0
1,0,0,0,-1.2816237461508113,1,1,0.15048410799593087,-0.979910046178358,0,0,1,0,0,0,0,0,0,0,0,0,0,0,0,0,0,0,0,1,0
1,0,0,0,0.346605647392948,1,1,0.8141715043316587,0.6270414665241751,0,0,1,0,0,0,0,1,0,0,0,1,0,1,0,0,1,0,0,1,0
0,1,0,0,1.5677776925507676,1,1,1.1460152024995227,2.1426689588326844,0,1,1,0,0,1,0,1,0,0,0,1,0,1,0,0,1,0,1,0,0
0,0,0,0,-1.2409180113122174,1,1,-0.6459407676069426,-0.9777147572265785,0,0,0,0,0,0,0,0,0,0,0,0,0,0,0,0,0,0,0,0,1
1,0,0,0,-0.9152721326034655,1,1,-0.6459407676069426,-0.8337038019898488,0,0,0,0,0,0,0,0,0,0,0,0,0,0,0,0,0,0,0,1,0
1,0,1,0,0.9571916699718578,1,1,0.9469089835988044,1.2961655390265414,0,1,1,0,0,1,0,1,0,1,0,0,0,0,0,0,1,0,0,1,0
0,1,0,0,-1.2816237461508113,1,1,0.15048410799593087,-0.979910046178358,0,0,1,0,0,0,0,0,0,0,0,0,0,0,0,0,0,0,0,1,0
0,0,1,1,1.2828375486806096,1,1,0.8473558741484452,1.5437941327872597,0,1,0,0,0,1,0,1,0,1,0,1,0,1,0,1,0,1,0,0,1
1,1,1,0,1.2421318138420157,1,0,1.4446745308506004,2.0592479786650664,0,1,1,0,0,1,0,1,0,1,0,0,0,1,0,1,0,1,1,0,0
1,0,0,0,-1.2816237461508113,1,0,-1.508734382843389,-1.0018629356961521,0,0,0,1,1,0,1,0,1,0,1,0,1,0,1,0,0,0,1,0,0
0,1,0,0,-0.6710377235719016,1,1,-0.3472814392558651,-0.6198826580865336,0,1,0,0,0,1,0,0,0,0,0,0,0,0,0,0,0,0,0,1,0
0,0,1,1,-0.2639803751859618,1,0,0.5486965457973676,-0.10135540767623534,0,0,1,0,0,1,0,1,0,0,0,0,0,0,0,0,0,0,0,1,0
1,0,1,0,1.5677776925507676,1,0,0.01774662872878528,1.0450244829429762,0,1,0,0,0,1,0,1,0,0,0,1,0,0,0,0,0,1,0,0,0
1,0,1,1,1.4456604880349857,1,1,0.7809871345148723,1.682097336749363,0,1,0,0,0,1,0,1,0,1,0,1,0,1,0,1,0,1,1,0,0
1,0,0,0,-0.5489205190561197,1,0,-0.1813595901719331,-0.5079229215457833,0,1,0,0,0,0,0,0,0,1,0,1,0,0,0,0,0,0,0,1,0
0,0,0,0,0.631545791263106,1,0,-1.342812533759457,-0.48201851191478623,0,1,0,1,1,0,1,0,1,0,1,0,1,0,1,0,1,0,0,0,0
1,0,1,0,1.5677776925507676,1,0,0.8473558741484452,1.801521055726163,0,1,0,0,0,1,0,1,0,1,0,1,0,1,0,1,0,1,0,0,0
1,1,1,1,1.6084834273893616,1,1,1.676965119568105,2.6774413474861505,0,1,1,0,0,1,0,1,0,1,0,1,0,1,0,1,0,1,1,0,0
1,0,0,0,-0.6303319887333076,1,1,1.3783057912170276,-0.2761004082378769,0,1,1,0,0,1,0,1,0,1,0,1,0,1,0,0,0,0,0,0,0
1,0,1,1,0.26519417771576004,1,0,-1.3096281639426706,-0.576854994631657,0,1,0,1,1,0,1,0,1,0,1,0,1,0,1,0,0,1,0,0,1
0,0,0,0,-0.7931549280876836,1,0,-1.4755500130266026,-0.8903422569457577,0,0,0,1,1,0,1,0,1,0,1,0,1,0,1,0,1,0,0,0,1
1,0,0,0,0.590840056424512,1,1,1.2787526817666683,1.1363485033369998,0,1,1,0,0,0,0,1,0,1,0,0,0,1,0,1,1,0,0,1,0
1,0,0,0,0.1023712383613841,1,0,-1.4423656432098162,-0.7006692915120162,0,0,0,1,1,0,1,0,1,0,1,0,1,0,1,0,0,1,0,0,0
1,0,0,0,-0.9559778674420595,1,1,0.9800933534155908,-0.6541291657342925,0,0,1,0,0,0,0,0,0,1,0,0,0,1,0,1,0,0,0,1,0
1,0,0,0,0.8757802002946699,1,1,1.4446745308506004,1.5187678387369743,0,1,1,0,0,1,0,1,0,0,0,1,0,1,0,1,0,1,1,0,0
0,0,1,1,1.6084834273893616,1,0,0.8141715043316587,1.8853810936841366,0,1,0,0,0,1,0,1,0,1,0,1,0,1,0,1,0,1,1,0,0
1,0,0,1,1.5677776925507676,1,1,0.6814340250645132,1.636435326552351,0,1,1,0,0,1,0,1,0,0,0,0,0,0,0,0,1,0,1,0,0
0,0,0,0,0.6722515261016999,1,1,0.31640595707986285,0.6235290042013281,0,0,0,0,0,0,0,0,0,1,0,1,0,1,0,1,0,1,0,0,0
0,1,1,0,0.8757802002946699,1,1,-1.5419187526601754,-0.5575364518559982,0,0,0,1,1,0,1,0,1,0,1,0,1,0,1,0,0,1,0,0,1
1,1,0,0,-0.5489205190561197,1,1,0.747802764698086,-0.29146743090033284,0,0,1,0,0,1,0,0,0,0,0,0,0,0,0,1,0,0,0,1,0
0,0,1,0,1.6084834273893616,1,1,0.913724613782018,1.9692411316421103,0,1,0,0,0,1,0,1,0,1,0,1,0,1,0,1,0,1,0,1,0
1,0,0,0,-0.3453918448631497,1,1,0.8141715043316587,-0.05964491759242642,0,1,1,0,0,0,0,0,0,1,0,0,0,1,0,0,0,0,0,0,1
1,0,0,0,-1.2002122764736234,0,0,-0.7786782468740883,-0.9632258501448344,1,0,0,0,0,1,0,0,0,1,0,1,0,0,0,0,0,0,0,0,1
0,0,1,0,-1.2816237461508113,1,1,-1.4755500130266026,-1.0014238779057962,0,0,0,1,1,0,1,0,1,0,1,0,1,0,1,0,0,0,0,0,0
1,0,0,0,-0.8745663977648716,1,0,-0.6459407676069426,-0.7941886008578193,0,0,0,0,0,0,0,0,0,0,0,0,0,0,0,0,0,0,1,0,0
0,0,0,0,1.0386031396490458,1,1,-1.342812533759457,-0.3432762501623271,0,1,0,1,1,0,1,0,1,0,1,0,1,0,1,0,0,1,1,0,0
1,0,0,0,-1.2409180113122174,1,0,-1.4755500130266026,-0.9961551844215256,0,0,0,1,1,0,1,0,1,0,1,0,1,0,1,0,0,0,0,0,1
1,0,0,0,1.6084834273893616,0,1,0.01774662872878528,1.1003457645278174,1,0,0,0,0,1,0,1,0,1,0,1,0,1,0,1,0,1,0,0,0
1,0,1,0,1.1200146093262338,1,1,1.013277723232377,1.5108647985105683,0,1,1,0,0,0,0,1,0,1,0,0,0,1,0,0,0,0,0,1,0
0,1,1,0,1.6084834273893616,1,0,0.44914343634700843,1.4493967078607448,0,1,1,0,0,1,0,0,0,0,0,0,0,0,0,0,0,1,0,0,0
0,0,0,0,-1.1595065416350294,1,1,0.34959032689664926,-0.8776095810254372,0,1,1,0,0,0,0,0,0,0,0,0,0,0,0,0,0,0,0,1,0
0,1,0,0,-1.2816237461508113,1,1,0.31640595707986285,-0.9777147572265785,0,1,1,0,0,0,0,0,0,0,0,0,0,0,0,0,0,0,0,0,1
1,0,0,0,-0.9152721326034655,1,1,0.8141715043316587,-0.6312981606357866,0,0,1,0,0,0,0,0,0,0,0,0,0,1,0,1,0,0,0,1,0
1,1,0,0,0.18378270803857208,1,1,1.2123839421330955,0.6336273333795134,0,1,1,0,0,0,0,0,0,1,0,0,0,1,0,1,0,0,0,1,0
1,0,1,0,-1.1595065416350294,0,1,-0.5463876581565834,-0.9219544178513813,1,0,0,0,0,0,0,1,0,0,0,0,0,1,0,1,0,0,0,1,0
1,0,0,0,-1.2409180113122174,1,1,0.28322158726307645,-0.9526884631762932,0,1,1,0,0,0,0,0,0,0,0,0,0,0,0,0,0,0,1,0,0
0,1,1,0,-1.2816237461508113,1,1,-1.4755500130266026,-1.0014238779057962,0,0,0,1,1,0,1,0,1,0,1,0,1,0,1,0,0,0,0,0,1
0,0,1,0,-0.1418631706701798,1,1,0.31640595707986285,-0.06666984223812056,0,1,1,0,0,0,0,0,0,0,0,0,0,0,0,0,0,0,0,1,0
1,0,0,0,0.020959768684196134,1,1,0.7809871345148723,0.318822897694345,0,0,1,0,0,1,0,0,0,0,0,1,0,1,0,0,0,1,0,1,0
0,1,0,0,1.0793088744876398,1,1,1.1460152024995227,1.5758453514832391,0,1,1,0,0,0,0,0,0,1,0,0,0,1,0,1,1,0,0,1,0
1,0,1,0,-1.1188008067964355,1,1,0.8141715043316587,-0.8288741662959341,0,1,1,0,0,1,0,0,0,0,0,0,0,0,0,1,0,0,0,1,0
0,1,0,0,-0.7524491932490895,1,1,0.44914343634700843,-0.5268024065310863,0,1,1,0,0,0,0,1,0,0,0,0,0,0,0,0,0,0,0,1,0
1,1,1,1,-0.9966836022806536,1,1,0.5155121759805812,-0.7542343419354339,0,0,1,0,0,0,0,0,0,0,0,0,0,1,0,0,0,0,1,0,0
1,0,0,1,0.590840056424512,1,0,-1.4755500130266026,-0.5654394920824041,0,0,0,1,1,0,1,0,1,0,1,0,1,0,1,0,1,0,1,0,0
0,0,1,1,-0.6303319887333076,1,0,0.7809871345148723,-0.3691806597933242,0,1,1,0,0,0,0,0,0,1,0,0,0,1,0,0,0,0,0,1,0
1,0,1,1,1.6084834273893616,1,1,1.2787526817666683,2.226528996790658,0,1,1,0,0,0,0,1,0,1,0,0,0,1,0,1,0,1,0,1,0
1,0,0,0,-1.2409180113122174,0,1,-1.3096281639426706,-0.9856177974529845,1,0,0,0,0,0,0,0,0,0,0,0,0,0,0,0,0,0,0,1,0
1,0,1,0,1.1200146093262338,1,0,1.245568311949882,1.69307378150826,0,1,1,0,0,0,0,1,0,1,0,0,0,1,0,1,1,0,0,0,0
1,1,0,0,-0.5896262538947137,1,1,0.5155121759805812,-0.39069449152076247,0,1,1,0,0,0,0,1,0,0,0,0,0,0,0,0,0,0,1,0,0
1,0,0,0,-0.30468611002455576,1,0,0.31640595707986285,-0.1531642269382296,0,0,1,0,0,1,0,0,0,0,0,0,0,0,0,0,0,0,0,0,0
0,0,1,0,1.5677776925507676,1,0,0.747802764698086,1.7843978019022837,0,1,0,0,0,1,0,1,0,1,0,1,0,1,0,1,0,1,0,0,0
1,0,0,0,-1.2816237461508113,1,0,-1.4423656432098162,-1.0009848201154403,0,0,0,1,1,0,1,0,1,0,1,0,1,0,1,0,0,0,0,0,1
0,0,1,1,1.5677776925507676,1,0,-1.508734382843389,-0.3889382603593389,0,0,0,1,1,0,1,0,1,0,1,0,1,0,1,0,0,1,1,0,0
1,1,0,0,1.4049547531963917,1,1,0.34959032689664926,1.211427385487856,0,1,1,0,0,0,0,0,0,0,0,0,0,0,0,0,0,0,0,0,1
0,1,1,0,1.6084834273893616,1,1,1.676965119568105,2.6967598902618093,0,1,1,0,0,1,0,1,0,1,0,1,0,1,0,1,0,1,1,0,0
0,0,0,0,0.346605647392948,0,1,-0.8118626166908747,-0.2739051192860975,1,0,0,0,0,0,0,1,0,0,0,0,0,0,0,1,0,0,0,1,0
1,0,0,0,-0.3453918448631497,1,1,0.8473558741484452,-0.008275156120788066,0,1,1,0,0,0,0,1,0,0,0,0,0,1,0,0,0,0,1,0,0
1,0,0,1,0.8757802002946699,1,1,-0.31409706943907867,0.3473616540674775,0,1,0,0,0,0,0,1,0,0,0,0,0,0,0,0,0,0,1,0,0
0,0,1,1,-0.38609757970174374,0,0,-1.0109688355915931,-0.6532510501535808,1,0,0,0,0,1,0,0,0,0,0,1,0,0,0,0,0,1,0,0,1
1,0,1,1,-0.7931549280876836,1,1,-0.015437741088001118,-0.6251513515708041,0,0,0,0,0,0,0,0,0,0,0,0,0,1,0,1,1,0,0,1,0
0,0,0,0,1.3235432835192036,1,1,1.013277723232377,1.6913175503468365,0,1,1,0,0,0,0,1,0,1,0,0,0,1,0,0,1,0,0,1,0
1,0,1,1,0.9164859351332638,1,0,-1.4755500130266026,-0.4934340144640392,0,0,0,1,1,0,1,0,1,0,1,0,1,0,1,0,0,1,0,0,1
1,0,0,0,0.46872285190873,1,0,-1.508734382843389,-0.6435917787657514,0,0,0,1,1,0,1,0,1,0,1,0,1,0,1,0,1,0,1,0,0
0,0,1,0,1.4456604880349857,0,1,-0.3472814392558651,0.6244071197820399,1,0,0,0,0,1,0,0,0,1,0,0,0,1,0,1,1,0,0,1,0
0,0,0,0,-0.7117434584104956,1,0,-0.5463876581565834,-0.7331595679983515,0,1,0,0,0,0,0,0,0,0,0,0,0,0,0,0,0,0,0,0,1
1,0,1,1,-0.7931549280876836,1,0,0.6482496552477268,-0.5294367532732216,0,0,1,0,0,1,0,0,0,0,0,0,0,0,0,1,0,0,0,1,0
1,0,1,1,0.020959768684196134,1,1,-1.508734382843389,-0.7467703594993839,0,0,0,1,1,0,1,0,1,0,1,0,1,0,1,0,1,0,0,0,0
1,0,0,0,-1.2816237461508113,1,1,-0.48001891852301065,-0.9882521441951198,0,0,0,0,0,0,0,1,0,0,0,0,0,0,0,0,0,0,0,0,1
1,0,1,0,-0.30468611002455576,1,0,-0.31409706943907867,-0.3933288382628978,0,1,0,0,0,0,0,0,0,1,0,0,0,0,0,0,0,0,1,0,0
0,0,0,0,-0.8745663977648716,1,1,0.9800933534155908,-0.5715863011473864,0,0,1,0,0,0,0,1,0,1,0,1,0,0,0,1,0,0,0,1,0
1,0,1,0,-1.1188008067964355,1,1,0.44914343634700843,-0.8293132240862899,0,1,1,0,0,0,0,1,0,0,0,0,0,0,0,0,0,0,0,1,0
0,0,1,1,0.7943687306174818,1,0,-1.4755500130266026,-0.5369007357092717,0,0,0,1,1,0,1,0,1,0,1,0,1,0,1,0,0,1,0,0,0
0,1,1,0,-0.4675090493789317,1,0,0.21685284762950366,-0.3529355215501565,0,1,0,0,0,0,0,1,0,1,0,0,0,0,0,1,1,0,0,0,0
1,0,0,0,0.26519417771576004,1,1,1.3783057912170276,0.7635884393248549,0,1,1,0,0,1,0,1,0,0,0,0,0,1,0,1,0,0,0,1,0
1,0,0,0,-1.2409180113122174,1,1,-1.508734382843389,-0.9957161266311698,0,0,0,1,1,0,1,0,1,0,1,0,1,0,1,0,0,0,1,0,0
0,0,0,0,0.346605647392948,1,0,0.18366847781271725,0.2490127090277596,0,0,1,0,0,0,0,0,0,0,0,0,0,0,0,0,0,0,0,0,0
0,0,1,1,-1.1188008067964355,1,1,-1.342812533759457,-0.9522494053859373,0,1,0,1,1,0,1,0,1,0,1,0,1,0,1,0,0,0,0,0,1
1,0,0,0,-0.3453918448631497,1,1,0.5155121759805812,-0.19311848586061497,0,1,1,0,0,0,0,1,0,0,0,0,0,0,0,0,0,0,0,1,0
1,0,0,0,-1.2816237461508113,1,0,-1.4755500130266026,-1.0014238779057962,0,0,0,1,1,0,1,0,1,0,1,0,1,0,1,0,0,0,0,0,1
0,0,0,0,-1.0373893371192475,1,1,0.48232780616379484,-0.7810168671471428,0,0,1,0,0,0,0,0,0,0,0,0,0,1,0,0,0,0,0,1,0
0,0,0,0,0.30589991255435406,1,1,0.9469089835988044,0.638896026863784,0,1,1,0,0,0,0,1,0,1,0,0,0,1,0,0,0,0,0,0,0
1,0,1,1,-0.5489205190561197,1,0,1.1791995723163091,-0.18126392552100612,0,0,1,0,0,0,0,1,0,0,0,1,0,1,0,1,1,0,0,0,0
1,0,0,0,-0.38609757970174374,1,0,-1.4755500130266026,-0.799018236551734,0,0,0,1,1,0,1,0,1,0,1,0,1,0,1,0,1,0,0,0,1
0,0,0,0,-1.2816237461508113,1,1,-0.6459407676069426,-0.9904474331468992,0,0,0,0,0,0,0,0,0,0,0,0,0,0,0,0,0,0,0,0,1
0,0,0,0,-0.7117434584104956,0,1,-0.8782313563244474,-0.7454531861283162,1,0,0,0,0,0,0,1,0,0,0,0,0,0,0,1,0,1,0,0,1
1,1,0,0,-1.2816237461508113,1,1,0.7809871345148723,-0.9715679481615962,0,1,1,0,0,0,0,0,0,1,0,0,0,1,0,0,0,0,0,1,0
1,1,0,0,1.2421318138420157,1,1,1.4778589006673868,2.076810290279302,0,1,1,0,0,1,0,1,0,1,0,0,0,1,0,1,0,0,0,0,0
1,0,0,0,-1.2816237461508113,1,1,0.31640595707986285,-0.9777147572265785,0,0,1,0,0,0,0,1,0,0,0,0,0,0,0,0,0,0,0,1,0
1,0,0,0,-1.1595065416350294,1,0,-0.679125137423729,-0.9136123198346195,0,0,0,0,0,0,0,0,0,0,0,0,0,0,0,0,0,0,0,0,1
0,0,1,1,0.387311382231542,1,1,0.415959066530222,0.4755665288513954,0,0,1,0,0,0,0,0,0,0,0,0,0,1,0,0,0,0,1,0,0
0,0,1,1,-0.22327464034736777,1,0,0.050930998545571676,-0.18741073458598848,0,0,0,0,0,1,0,1,0,1,0,1,0,0,0,0,1,0,0,0,1
1,0,1,1,1.5677776925507676,1,1,1.7101494893848914,2.63265745286985,0,1,1,0,0,1,0,1,0,1,0,1,0,1,0,1,0,1,0,0,0
1,1,1,0,-1.0373893371192475,1,1,0.9800933534155908,-0.7147191408034044,0,1,1,0,0,1,0,1,0,0,0,0,0,0,0,1,0,0,1,0,0
0,0,0,0,-0.5082147842175256,1,1,-1.508734382843389,-0.8288741662959341,0,0,0,1,1,0,1,0,1,0,1,0,1,0,1,0,0,0,0,0,0
1,0,0,0,0.46872285190873,1,0,1.1791995723163091,0.9207711282722612,0,0,1,0,0,0,0,1,0,0,0,1,0,1,0,1,0,0,0,1,0
0,0,1,1,0.7943687306174818,1,0,-1.508734382843389,-0.56587854987276,0,0,0,1,1,0,1,0,1,0,1,0,1,0,1,0,1,0,1,0,0
0,0,1,0,-1.0373893371192475,1,1,0.7146183948812996,-0.7524781107740104,0,0,1,0,0,0,0,0,0,1,0,0,0,1,0,0,0,0,0,1,0
1,0,1,1,0.9571916699718578,1,1,1.0464620930491635,1.3747568835002446,0,1,1,0,0,0,0,1,0,0,0,1,0,1,0,0,0,0,1,0,0
1,1,1,0,-0.1825689055087738,1,1,1.3451214214002412,0.30609022177402445,0,1,1,0,0,0,0,1,0,0,0,1,0,1,0,1,0,0,0,1,0
0,0,1,1,0.8757802002946699,1,1,-1.4755500130266026,-0.5307539266442893,0,0,0,1,1,0,1,0,1,0,1,0,1,0,1,0,0,1,0,0,0
1,0,1,1,1.6084834273893616,0,1,0.01774662872878528,1.0770757016389556,1,0,0,0,0,1,0,1,0,1,0,1,0,1,0,1,0,1,1,0,0
0,0,0,0,0.26519417771576004,1,0,-1.4755500130266026,-0.6756429974617307,0,0,0,1,1,0,1,0,1,0,1,0,1,0,1,0,0,1,1,0,0
0,0,0,0,-0.8338606629262776,1,0,-1.4755500130266026,-0.8960500082203843,0,0,0,1,1,0,1,0,1,0,1,0,1,0,1,0,1,0,0,1,0
0,0,0,0,0.7943687306174818,1,0,0.31640595707986285,0.6920220194968459,0,1,0,0,0,1,0,0,0,1,0,1,0,1,0,0,1,0,1,0,0
0,0,1,1,-1.0373893371192475,1,0,-0.5463876581565834,-0.8569738648787106,0,1,0,0,0,0,0,0,0,0,0,0,0,0,0,0,0,0,0,1,0
1,0,1,1,-0.06045170099299184,1,0,-1.3096281639426706,-0.678716401994222,0,1,0,1,1,0,1,0,1,0,1,0,1,0,1,0,0,1,0,0,1
1,0,1,1,-0.3453918448631497,1,1,-0.2809126996222923,-0.3718150065354595,0,0,0,0,0,1,0,0,0,1,0,0,0,0,0,0,1,0,1,0,0
0,0,1,0,-1.2002122764736234,1,1,0.31640595707986285,-0.9100998575117725,0,1,1,0,0,0,0,0,0,0,0,0,0,0,0,0,0,0,1,0,0
0,0,0,0,0.590840056424512,1,1,-1.4755500130266026,-0.5952954218266041,0,0,0,1,1,0,1,0,1,0,1,0,1,0,1,0,0,1,0,0,1
1,1,1,1,-0.1825689055087738,1,1,-0.44683454870622424,-0.403866225231439,0,1,0,0,0,0,0,0,0,0,0,0,0,0,0,0,1,0,0,1,0
0,1,1,0,-0.019745966154397852,1,0,0.48232780616379484,0.11817348750170635,0,1,1,0,0,0,0,0,0,1,0,0,0,0,0,0,0,0,0,0,1
1,0,0,0,0.06166550352279012,1,1,1.3451214214002412,0.5440595441469133,0,1,1,0,0,0,0,1,0,0,0,1,0,1,0,1,0,0,0,1,0
1,0,1,1,-1.2002122764736234,1,1,-0.48001891852301065,-0.9364433249331255,0,0,0,0,0,0,0,0,0,1,0,0,0,0,0,0,0,0,0,1,0
1,0,0,0,-0.9152721326034655,1,0,0.48232780616379484,-0.6602759747992749,0,1,1,0,0,0,0,1,0,0,0,0,0,0,0,0,0,0,0,1,0
1,0,0,1,1.3642490183577978,1,0,0.01774662872878528,0.9119899724651435,0,1,0,0,0,1,0,1,0,0,0,1,0,0,0,0,0,1,0,0,0
1,1,0,0,-1.2816237461508113,1,0,-0.6459407676069426,-0.9904474331468992,0,0,0,0,0,0,0,0,0,0,0,0,0,0,0,0,0,0,0,0,0
0,0,1,1,0.6722515261016999,1,0,0.48232780616379484,0.702998464255743,0,1,0,0,0,0,0,1,0,0,0,1,0,1,0,1,0,1,0,0,0
1,0,1,1,-1.2816237461508113,1,1,-1.4755500130266026,-1.0014238779057962,0,0,0,1,1,0,1,0,1,0,1,0,1,0,1,0,0,0,0,0,0
1,1,1,0,-1.0373893371192475,1,1,0.8141715043316587,-0.7134019674323367,0,0,1,0,0,0,0,0,0,0,0,0,0,1,0,1,0,0,0,1,0
1,0,1,0,-1.2002122764736234,1,0,-1.4755500130266026,-0.9886912019854757,0,0,0,1,1,0,1,0,1,0,1,0,1,0,1,0,0,0,0,0,0
1,1,1,0,0.06166550352279012,1,0,0.8473558741484452,0.3631677345202893,0,0,1,0,0,1,0,0,0,0,0,1,0,1,0,0,1,0,0,0,1
0,0,1,1,1.6084834273893616,1,0,0.6814340250645132,1.6807801633782953,0,0,0,0,0,1,0,1,0,1,0,1,0,1,0,1,0,1,0,0,0
1,0,0,0,-1.2002122764736234,1,1,0.415959066530222,-0.919759128899602,0,0,0,0,0,1,0,0,0,1,0,0,0,1,0,1,0,0,0,1,0
0,0,0,0,-0.5896262538947137,1,1,0.21685284762950366,-0.46269996913912737,0,0,1,0,0,0,0,0,0,0,0,0,0,0,0,0,0,0,0,1,0
1,0,1,1,1.4049547531963917,1,0,-0.14817522035514671,0.7433917809684842,0,0,0,0,0,1,0,1,0,0,0,1,0,0,0,0,1,0,0,0,1
1,0,1,1,0.46872285190873,1,0,-1.3096281639426706,-0.5228508864178834,0,1,0,1,1,0,1,0,1,0,1,0,1,0,1,0,1,0,0,0,1
0,0,1,0,-1.0373893371192475,1,1,0.15048410799593087,-0.8007744677131575,0,0,1,0,0,0,0,0,0,0,0,0,0,0,0,0,0,0,0,0,0
1,1,1,0,0.7943687306174818,1,1,1.3119370515834547,1.3962707152276828,0,0,1,0,0,1,0,0,0,1,0,1,0,1,0,1,1,0,0,0,0
1,0,0,0,-0.6710377235719016,1,1,0.15048410799593087,-0.48114039633407446,0,0,1,0,0,0,0,0,0,0,0,0,0,0,0,0,0,0,1,0,0
1,0,1,0,-0.9966836022806536,1,1,-0.3472814392558651,-0.8148243170045458,0,0,0,0,0,0,0,1,0,1,0,0,0,0,0,0,0,0,0,0,1
1,0,0,0,-1.0373893371192475,1,0,-0.015437741088001118,-0.8148243170045458,0,0,0,0,0,0,0,0,0,1,0,1,0,1,0,0,0,0,0,0,0
1,0,1,1,1.6084834273893616,1,1,-1.508734382843389,-0.38937731814969484,0,0,0,1,1,0,1,0,1,0,1,0,1,0,1,0,0,1,1,0,0
1,1,1,0,-1.0373893371192475,0,0,-1.176890684675525,-0.9136123198346195,1,0,0,0,0,1,0,0,0,0,0,0,0,0,0,0,0,0,0,0,0
1,0,0,0,-0.4675090493789317,1,1,-1.4755500130266026,-0.8249226461827311,0,0,0,1,1,0,1,0,1,0,1,0,1,0,1,0,1,0,0,0,1
1,1,0,0,0.1023712383613841,1,1,0.28322158726307645,0.07470676625647389,0,0,0,0,0,0,0,0,0,1,0,1,0,1,0,1,1,0,0,1,0
0,0,1,1,1.1200146093262338,0,1,-0.5132032883397971,0.33726332488929217,1,0,0,0,0,0,0,1,0,0,0,0,0,1,0,1,0,0,0,1,0
1,1,0,0,-0.9966836022806536,1,1,1.1791995723163091,-0.6506167034114454,0,1,1,0,0,0,0,0,0,1,0,0,0,1,0,1,0,0,0,1,0
1,0,0,0,-1.2409180113122174,1,1,0.15048410799593087,-0.946102596320955,0,0,1,0,0,0,0,0,0,0,0,0,0,0,0,0,0,0,0,1,0
0,0,1,1,-0.8338606629262776,0,0,-1.1437063148587385,-0.8486317668619489,1,0,0,0,0,0,0,0,0,0,0,1,0,0,0,0,1,0,1,0,0
1,0,0,0,-1.2002122764736234,0,1,-1.176890684675525,-0.9755194682747992,1,0,0,0,0,0,0,1,0,0,0,0,0,0,0,0,0,0,0,1,0
0,0,1,1,1.6084834273893616,1,1,0.18366847781271725,1.1899135537604177,0,0,0,0,0,1,0,1,0,1,0,0,0,1,0,0,0,1,1,0,0
0,0,0,0,0.7943687306174818,1,1,1.5442276403009596,1.5872608540324922,0,1,1,0,0,1,0,1,0,0,0,1,0,1,0,1,1,0,1,0,0
1,0,0,0,0.5501343215859179,1,0,-1.508734382843389,-0.6115405600697719,0,0,0,1,1,0,1,0,1,0,1,0,1,0,1,0,0,1,1,0,0
0,0,1,0,-0.8338606629262776,1,0,0.44914343634700843,-0.6255904093611601,0,1,0,0,0,1,0,0,0,1,0,0,0,1,0,1,1,0,0,1,0
0,0,0,0,0.18378270803857208,1,0,1.1791995723163091,0.5444986019372691,0,1,1,0,0,0,0,0,0,0,0,1,0,1,0,1,0,0,1,0,0
1,0,0,0,0.387311382231542,1,0,-1.508734382843389,-0.6374449697007689,0,0,0,1,1,0,1,0,1,0,1,0,1,0,1,0,1,0,0,0,0
1,0,0,0,1.0386031396490458,1,0,0.5155121759805812,1.1003457645278174,0,1,1,0,0,0,0,0,0,0,0,1,0,0,0,0,0,0,0,0,0
1,0,0,0,-0.8338606629262776,1,0,-1.4755500130266026,-0.892976603687893,0,0,0,1,1,0,1,0,1,0,1,0,1,0,1,0,1,0,1,0,0
1,0,1,1,1.4456604880349857,1,0,-1.508734382843389,-0.40562245639286254,0,0,0,1,1,0,1,0,1,0,1,0,1,0,1,0,0,1,0,0,0
1,0,0,0,-1.2816237461508113,1,0,-0.6127563977901562,-0.9900083753565433,0,0,0,0,0,0,0,0,0,0,0,0,0,0,0,0,0,0,0,0,1
0,0,1,1,0.46872285190873,1,0,-0.2809126996222923,0.05187576115796796,0,0,0,0,0,1,0,0,0,0,0,1,0,0,0,0,0,0,0,0,0
0,1,1,0,1.5677776925507676,1,1,1.4778589006673868,2.460107741259988,0,0,1,0,0,1,0,1,0,1,0,1,0,1,0,1,0,1,0,0,0
1,0,0,0,-0.1418631706701798,0,0,-1.0109688355915931,-0.5693910121956071,1,0,0,0,0,0,0,1,0,0,0,1,0,0,0,0,0,0,0,1,0
1,0,0,0,0.06166550352279012,1,0,-1.2764437941258842,-0.5799283991641482,0,1,0,1,1,0,1,0,1,0,1,0,1,0,1,0,0,1,0,0,0
1,0,1,0,-1.0780950719578415,1,1,0.8805402439652316,-0.7770653470339398,0,0,1,0,0,0,0,1,0,1,0,0,0,0,0,1,0,0,0,1,0
0,1,1,0,1.2014260790034217,1,1,1.07964646286595,1.5960420098396098,0,1,1,0,0,0,0,1,0,1,0,0,0,1,0,0,1,0,1,0,0
0,1,0,0,-0.4268033145403377,1,1,-1.4755500130266026,-0.8271179351345106,0,0,0,1,1,0,1,0,1,0,1,0,1,0,1,0,1,0,0,0,1
0,1,1,0,1.3642490183577978,1,0,1.3119370515834547,1.9837300387238546,0,1,1,0,0,0,0,1,0,1,0,0,0,1,0,1,1,0,1,0,0
1,0,0,1,-1.2816237461508113,0,0,-1.0441532054083793,-0.9957161266311698,1,0,0,0,0,0,0,1,0,0,0,1,0,0,0,0,0,0,0,0,1
1,0,1,1,0.7129572609402939,1,0,1.3451214214002412,1.3348026245778593,0,1,1,0,0,1,0,0,0,1,0,0,0,1,0,1,0,0,1,0,0
1,0,1,0,1.3642490183577978,1,0,1.0464620930491635,1.8103022115332807,0,1,1,0,0,1,0,1,0,1,0,1,0,0,0,0,0,1,0,0,1
1,0,1,0,1.6084834273893616,1,0,1.676965119568105,2.655488457968356,0,1,1,0,0,1,0,1,0,1,0,1,0,1,0,1,0,1,0,0,0
1,0,0,1,-0.22327464034736777,1,0,-1.508734382843389,-0.7744310002918046,0,0,0,1,1,0,1,0,1,0,1,0,1,0,1,0,0,0,0,0,1
1,0,0,1,-1.0373893371192475,1,0,-1.508734382843389,-0.9504931742245137,0,0,0,1,1,0,1,0,1,0,1,0,1,0,1,0,1,0,0,0,1
1,0,0,0,-0.7524491932490895,1,1,-0.31409706943907867,-0.6734477085099514,0,1,0,0,0,0,0,1,0,0,0,0,0,0,0,0,0,0,1,0,0
1,0,0,0,-0.2639803751859618,0,0,-0.9777844657748066,-0.5614879719692011,1,0,0,0,0,0,0,0,0,1,0,1,0,0,0,0,0,0,0,1,0
0,0,0,0,-0.8745663977648716,1,0,0.34959032689664926,-0.6203217158768894,0,1,1,0,0,0,0,0,0,0,0,0,0,0,0,0,0,0,0,1,0
0,0,1,0,0.020959768684196134,0,0,-0.1813595901719331,-0.12506452835545304,1,0,0,0,0,1,0,0,0,1,0,1,0,1,0,1,0,1,0,0,0
1,0,1,1,0.590840056424512,1,1,0.8473558741484452,0.8856465050437905,0,1,0,0,0,1,0,1,0,1,0,1,0,1,0,1,0,1,0,0,1
0,0,0,0,-1.2816237461508113,1,1,-1.508734382843389,-1.0018629356961521,0,0,0,1,1,0,1,0,1,0,1,0,1,0,1,0,0,0,0,0,1
1,0,0,0,-0.7117434584104956,1,0,-0.44683454870622424,-0.6743258240906631,0,1,0,0,0,0,0,0,0,0,0,0,0,0,0,0,0,0,0,1,0
1,1,1,1,1.3642490183577978,1,1,1.4446745308506004,2.0965678908453165,0,1,1,0,0,0,0,1,0,1,0,1,0,1,0,1,1,0,0,1,0
1,0,1,1,0.14307697319997809,1,0,-1.3096281639426706,-0.6018812886819424,0,1,0,1,1,0,1,0,1,0,1,0,1,0,1,0,0,1,1,0,0
1,0,1,1,0.5094285867473239,1,1,1.013277723232377,0.9462364801129024,0,1,1,0,0,0,0,1,0,1,0,0,0,0,0,1,0,0,0,0,0
0,0,0,0,-0.3453918448631497,1,1,1.3119370515834547,0.08480509543465921,0,1,1,0,0,0,0,1,0,1,0,0,0,1,0,1,0,0,0,1,0
0,1,0,0,-1.2002122764736234,1,0,0.28322158726307645,-0.9241497068031608,0,0,1,0,0,0,0,0,0,1,0,0,0,0,0,0,0,0,0,1,0
0,0,1,1,1.1607203441648277,1,0,1.676965119568105,2.0667119611011167,0,1,1,0,0,1,0,1,0,1,0,1,0,1,0,1,0,1,1,0,0
0,0,1,1,0.06166550352279012,1,1,-1.3096281639426706,-0.6075890399565689,0,1,0,1,1,0,1,0,1,0,1,0,1,0,1,0,1,0,1,0,0
0,0,1,0,1.4456604880349857,1,0,0.18366847781271725,1.1460077747248294,0,1,0,0,0,1,0,1,0,1,0,1,0,0,0,0,0,1,1,0,0
1,0,0,0,-0.6710377235719016,1,1,0.31640595707986285,-0.4965074189965304,0,0,1,0,0,0,0,0,0,0,0,1,0,0,0,0,0,0,1,0,0
1,1,1,0,-0.019745966154397852,1,1,0.5155121759805812,0.07997545974074449,0,0,1,0,0,0,0,0,0,0,0,0,0,0,0,1,0,0,1,0,0
0,0,1,1,-0.2639803751859618,0,0,-0.8782313563244474,-0.5601707985981335,1,0,0,0,0,1,0,1,0,0,0,1,0,0,0,0,0,0,1,0,0
0,0,1,1,0.14307697319997809,1,0,-1.508734382843389,-0.7019864648830838,0,0,0,1,1,0,1,0,1,0,1,0,1,0,1,0,0,0,0,0,0
0,0,0,0,-1.2002122764736234,1,0,-1.4755500130266026,-0.9790319305976461,0,0,0,1,1,0,1,0,1,0,1,0,1,0,1,0,1,0,0,0,1
1,1,0,0,-0.9966836022806536,1,0,1.1791995723163091,-0.644908952136819,0,0,1,0,0,1,0,0,0,0,0,1,0,1,0,1,0,0,1,0,0
0,0,1,0,0.18378270803857208,1,0,0.11729973817914446,0.07821922857932095,0,1,0,0,0,1,0,0,0,1,0,1,0,0,0,0,1,0,1,0,0
1,0,0,0,-1.2816237461508113,1,0,-1.4755500130266026,-1.0014238779057962,0,0,0,1,1,0,1,0,1,0,1,0,1,0,1,0,0,1,0,0,1
1,0,1,1,1.4456604880349857,0,1,-0.2809126996222923,0.7231951226121136,1,0,0,0,0,1,0,1,0,1,0,1,0,0,0,1,0,1,0,0,1
1,0,0,0,-0.30468611002455576,1,1,0.6482496552477268,-0.1132099680158442,0,1,1,0,0,0,0,0,0,0,0,0,0,0,0,1,0,0,0,1,0
0,0,1,0,-0.6303319887333076,1,1,0.34959032689664926,-0.4297706348624361,0,1,0,0,0,0,0,1,0,0,0,0,0,1,0,1,0,0,0,0,0
1,0,1,0,1.4049547531963917,1,0,1.3119370515834547,2.080761810392505,0,1,1,0,0,0,0,1,0,1,0,0,0,1,0,1,1,0,0,1,0
0,1,0,0,-1.1188008067964355,0,0,-1.2100750544923113,-0.9526884631762932,1,0,0,0,0,0,0,1,0,0,0,0,0,0,0,0,0,0,0,1,0
1,1,1,0,0.9978974048104517,1,1,0.21685284762950366,0.8074942183604432,0,1,0,0,0,0,0,1,0,1,0,0,0,1,0,0,1,0,1,0,0
1,0,0,0,-0.9966836022806536,1,0,0.18366847781271725,-0.7674060756461104,0,0,1,0,0,0,0,0,0,0,0,0,0,0,0,0,0,0,0,0,0
1,1,0,0,0.9164859351332638,0,1,-0.679125137423729,0.07821922857932095,1,0,0,0,0,1,0,1,0,0,0,0,0,1,0,0,0,0,0,1,0
0,0,0,0,0.9571916699718578,0,0,-0.6459407676069426,0.1137829095981475,1,0,0,0,0,1,0,1,0,1,0,1,0,0,0,0,0,1,0,0,0
0,1,1,0,-0.5489205190561197,1,1,0.9800933534155908,-0.23746332268655918,0,1,1,0,0,0,0,0,0,0,0,0,0,1,0,1,0,0,0,1,0
0,0,1,1,0.7536629957788878,1,1,0.48232780616379484,0.7539291679370255,0,0,1,0,0,1,0,1,0,0,0,0,0,0,0,0,0,0,0,0,0
0,0,1,1,1.4049547531963917,0,0,-0.9777844657748066,0.10719704274280926,1,0,0,0,0,1,0,0,0,0,0,1,0,0,0,0,0,1,1,0,0
1,0,0,0,0.8350744654560759,1,1,0.5155121759805812,0.898818238754467,0,0,1,0,0,0,0,1,0,0,0,1,0,0,0,0,0,0,0,0,1
0,0,0,0,-1.2816237461508113,1,0,-1.508734382843389,-1.0018629356961521,0,0,0,1,1,0,1,0,1,0,1,0,1,0,1,0,0,0,0,0,1
1,0,0,0,-0.6710377235719016,1,1,-1.508734382843389,-0.8600472694112018,0,0,0,1,1,0,1,0,1,0,1,0,1,0,1,0,0,0,0,0,1
0,0,0,0,-0.2639803751859618,1,1,-0.3472814392558651,-0.3928897804725419,0,0,0,0,0,0,0,1,0,1,0,0,0,0,0,0,0,0,1,0,0
1,0,0,0,0.5094285867473239,1,1,0.34959032689664926,0.42683111412189234,0,0,0,0,0,1,0,0,0,1,0,0,0,1,0,1,0,0,0,1,0
1,0,1,0,0.590840056424512,1,0,-1.3096281639426706,-0.5101182104975628,0,1,0,1,1,0,1,0,1,0,1,0,1,0,1,0,0,0,0,1,0
1,1,1,0,0.020959768684196134,1,1,0.9800933534155908,0.35306940534210396,0,1,1,0,0,0,0,0,0,0,0,0,0,1,0,1,0,0,0,1,0
0,0,0,0,-0.7117434584104956,1,0,0.6482496552477268,-0.44513765752489204,0,0,0,0,0,1,0,1,0,1,0,1,0,1,0,1,0,0,0,0,1
0,0,1,1,0.387311382231542,1,0,-1.4755500130266026,-0.6444698943464631,0,0,0,1,1,0,1,0,1,0,1,0,1,0,1,0,0,1,0,0,1
1,0,0,1,-1.2816237461508113,1,0,-1.4755500130266026,-1.0014238779057962,0,0,0,1,1,0,1,0,1,0,1,0,1,0,1,0,0,0,0,0,1
0,1,0,0,0.9571916699718578,1,1,1.3119370515834547,1.4090033911480035,0,1,1,0,0,0,0,1,0,1,0,0,0,1,0,1,1,0,0,0,0
0,1,0,0,0.8350744654560759,1,1,1.0464620930491635,1.2755298228798149,0,0,1,0,0,1,0,1,0,0,0,1,0,0,0,1,1,0,0,0,1
0,0,0,0,-0.7117434584104956,1,0,1.3451214214002412,-0.3156156093699064,0,0,1,0,0,1,0,0,0,1,0,1,0,1,0,1,0,0,0,1,0
1,0,0,0,-0.6710377235719016,0,0,-0.3472814392558651,-0.6080280977469248,1,0,0,0,0,1,0,1,0,1,0,1,0,1,0,0,0,1,0,0,1
1,0,0,0,-0.5082147842175256,1,1,-1.508734382843389,-0.8279960507152223,0,0,0,1,1,0,1,0,1,0,1,0,1,0,1,0,1,0,0,0,1
1,1,1,0,-0.7117434584104956,1,1,1.0464620930491635,-0.39903658953752424,0,1,1,0,0,1,0,0,0,1,0,0,0,1,0,0,0,0,0,1,0
1,1,0,1,0.22448844287716607,1,1,0.5155121759805812,0.3780956993923893,0,1,1,0,0,1,0,0,0,0,0,0,0,0,0,0,0,0,0,0,1
0,0,0,0,-1.2816237461508113,1,1,-0.2809126996222923,-0.9856177974529845,0,0,0,0,0,0,0,0,0,0,0,0,0,0,0,1,0,0,0,1,0
0,0,1,0,0.9978974048104517,1,1,-1.508734382843389,-0.5123134994493421,0,0,0,1,1,0,1,0,1,0,1,0,1,0,1,0,0,1,0,0,0
1,1,1,0,1.6084834273893616,1,1,1.4778589006673868,2.467132665905682,0,1,1,0,0,1,0,1,0,1,0,0,0,1,0,1,0,1,0,0,0
0,0,0,0,0.8757802002946699,1,1,1.1791995723163091,1.3782693458230917,0,1,1,0,0,0,0,0,0,0,0,1,0,1,0,1,0,0,0,1,0
1,0,1,1,-0.10115743583158582,1,1,-0.3472814392558651,-0.31298126262777115,0,1,0,0,0,1,0,0,0,0,0,0,0,0,0,0,0,0,0,0,0
0,0,0,0,-1.1188008067964355,1,0,0.34959032689664926,-0.8337038019898488,0,1,1,0,0,0,0,0,0,0,0,0,0,0,0,0,0,0,0,1,0
0,1,1,0,1.3235432835192036,1,1,1.4778589006673868,2.162865617189055,0,1,1,0,0,1,0,1,0,1,0,0,0,1,0,1,0,0,1,0,0
0,0,0,0,-0.30468611002455576,1,0,-1.342812533759457,-0.7063770427866426,0,1,0,1,1,0,1,0,1,0,1,0,1,0,1,0,0,1,1,0,0
1,0,1,1,0.46872285190873,1,0,-1.4755500130266026,-0.6326153340068542,0,0,0,1,1,0,1,0,1,0,1,0,1,0,1,0,1,0,0,0,0
0,1,1,0,1.5677776925507676,1,1,0.5155121759805812,1.48188698434708,0,1,1,0,0,1,0,0,0,0,0,0,0,0,0,0,0,1,1,0,0
0,0,1,1,-0.3453918448631497,1,0,0.44914343634700843,-0.20585116178093557,0,1,0,0,0,1,0,1,0,0,0,0,0,1,0,1,1,0,0,1,0
1,0,1,0,0.7536629957788878,1,1,0.8473558741484452,1.0156076109891319,0,1,1,0,0,0,0,1,0,0,0,0,0,0,0,1,1,0,1,0,0
1,0,0,0,1.2014260790034217,1,0,0.8473558741484452,1.4423717832150507,0,1,1,0,0,1,0,1,0,1,0,0,0,0,0,0,0,0,0,0,0
0,1,1,0,0.590840056424512,1,0,0.5155121759805812,0.66919101439834,0,1,1,0,0,1,0,0,0,0,0,0,0,0,0,0,0,0,0,1,0
1,0,0,1,-0.8338606629262776,1,0,-1.508734382843389,-0.9171247821574666,0,0,0,1,1,0,1,0,1,0,1,0,1,0,1,0,0,1,0,0,0
1,0,0,1,-1.2816237461508113,0,1,-1.342812533759457,-0.9996676467443727,1,0,0,0,0,0,0,0,0,0,0,0,0,0,0,0,0,0,0,1,0
1,0,0,0,1.4456604880349857,1,0,1.4446745308506004,2.140473669880905,0,1,1,0,0,0,0,1,0,1,0,1,0,1,0,1,1,0,0,1,0
1,1,1,0,0.7943687306174818,1,1,1.3451214214002412,1.350169647240315,0,1,1,0,0,0,0,1,0,1,0,0,0,1,0,1,1,0,0,0,0
0,0,1,1,-0.2639803751859618,1,1,-0.14817522035514671,-0.3006876444978064,0,1,0,0,0,0,0,1,0,0,0,1,0,0,0,0,0,0,0,1,0
1,0,0,0,-0.7931549280876836,1,1,0.18366847781271725,-0.6014422308915865,0,0,1,0,0,0,0,0,0,0,0,0,0,0,0,0,0,0,0,1,0
0,0,1,0,1.0386031396490458,1,1,0.11729973817914446,0.7337325095806548,0,1,0,0,0,1,0,0,0,0,0,1,0,0,0,1,1,0,0,1,0
1,0,1,1,0.1023712383613841,1,0,-1.4755500130266026,-0.6826679221074249,0,0,0,1,1,0,1,0,1,0,1,0,1,0,1,0,1,0,0,0,0
1,1,0,0,0.7536629957788878,1,1,0.9800933534155908,1.143373427982694,0,0,1,0,0,0,0,0,0,1,0,0,0,1,0,1,1,0,0,0,0
1,0,1,1,1.3235432835192036,1,1,-1.508734382843389,-0.4539188133320097,0,0,0,1,1,0,1,0,1,0,1,0,1,0,1,0,0,1,1,0,0
0,0,0,0,-0.38609757970174374,1,0,-0.31409706943907867,-0.42757534591065666,0,0,0,0,0,0,0,1,0,1,0,0,0,0,0,0,1,0,0,0,0
1,0,1,0,-1.1595065416350294,1,1,0.5155121759805812,-0.8701455985893871,0,0,1,0,0,0,0,0,0,1,0,1,0,0,0,0,0,0,0,0,1
0,0,1,0,0.06166550352279012,1,1,1.1791995723163091,0.4887382625620719,0,1,1,0,0,0,0,0,0,1,0,0,0,1,0,1,0,0,0,1,0
1,0,1,0,-0.7931549280876836,1,1,0.34959032689664926,-0.5759768790509453,0,1,0,0,0,0,0,0,0,1,0,0,0,1,0,1,1,0,0,0,1
1,1,0,0,1.4456604880349857,1,1,1.013277723232377,1.8449877769713954,0,1,1,0,0,0,0,1,0,1,0,0,0,0,0,1,0,0,0,1,0
1,0,1,1,1.4863662228735797,0,0,-0.8450469865076611,0.20993656568608596,1,0,0,0,0,1,0,0,0,1,0,1,0,0,0,0,0,1,0,0,1
0,0,1,1,0.14307697319997809,1,0,-1.4755500130266026,-0.6954005980277456,0,0,0,1,1,0,1,0,1,0,1,0,1,0,1,0,0,1,0,0,0
0,0,1,0,-1.1595065416350294,1,0,-1.4755500130266026,-0.9755194682747992,0,0,0,1,1,0,1,0,1,0,1,0,1,0,1,0,1,0,0,0,0
1,0,1,1,-0.6303319887333076,1,1,-0.08180648072157391,-0.5289976954828658,0,1,0,0,0,1,0,0,0,0,0,1,0,0,0,0,1,0,0,0,1
1,0,1,0,-0.7524491932490895,1,1,0.7146183948812996,-0.467968662623398,0,1,1,0,0,0,0,0,0,0,0,0,0,1,0,0,0,0,0,1,0
1,0,1,1,1.5270719577121736,1,0,0.11729973817914446,1.1227377118359676,0,1,0,0,0,1,0,0,0,1,0,0,0,1,0,0,0,1,1,0,0
1,0,1,0,0.387311382231542,1,1,1.3783057912170276,0.9708237163728318,0,1,1,0,0,0,0,0,0,1,0,1,0,1,0,1,0,0,0,0,0
1,0,1,0,0.428017117070136,1,1,0.5155121759805812,0.5620609135515044,0,1,0,0,0,1,0,0,0,1,0,0,0,1,0,1,1,0,0,1,0
1,0,1,0,-0.9966836022806536,1,1,0.34959032689664926,-0.7213050076587426,0,0,1,0,0,1,0,0,0,0,0,0,0,0,0,0,0,0,0,0,1
1,0,1,1,1.2828375486806096,1,1,1.4778589006673868,1.9494835310760956,0,1,1,0,0,0,0,1,0,1,0,1,0,1,0,1,0,1,1,0,0
0,0,0,0,0.7943687306174818,1,0,-0.24772832980550588,0.3254087645496833,0,0,0,0,0,1,0,0,0,1,0,1,0,0,0,0,1,0,1,0,0
1,0,0,0,0.9164859351332638,1,1,0.415959066530222,0.8878417939955698,0,1,0,0,0,0,0,0,0,1,0,0,0,1,0,1,0,1,0,0,0
1,1,1,0,-1.1595065416350294,1,1,0.18366847781271725,-0.8872688524132666,0,0,1,0,0,0,0,0,0,0,0,0,0,0,0,0,0,0,0,1,0
0,0,0,0,-1.0780950719578415,1,1,-0.5132032883397971,-0.892976603687893,0,0,0,0,0,0,0,0,0,0,0,1,0,0,0,0,0,0,0,0,0
1,1,0,0,-1.2816237461508113,1,1,0.31640595707986285,-0.9777147572265785,0,1,1,0,0,0,0,0,0,0,0,0,0,0,0,0,0,0,0,1,0
0,0,0,0,-1.0780950719578415,0,0,-1.176890684675525,-0.9395167294656167,1,0,0,0,0,1,0,0,0,0,0,0,0,0,0,0,0,0,0,0,0
0,0,0,0,-1.2816237461508113,1,0,0.18366847781271725,-0.9794709883880021,0,0,1,0,0,0,0,0,0,0,0,0,0,0,0,0,0,0,0,1,0
0,0,0,0,-1.2816237461508113,1,1,-1.508734382843389,-1.0018629356961521,0,0,0,1,1,0,1,0,1,0,1,0,1,0,1,0,0,0,0,0,1
0,0,1,0,-0.7931549280876836,1,1,0.3827746967134356,-0.5794893413737924,0,1,0,0,0,1,0,1,0,0,0,1,0,1,0,0,0,0,0,1,0
0,0,0,0,-0.7931549280876836,1,1,0.48232780616379484,-0.5224118286275274,0,0,1,0,0,0,0,1,0,1,0,0,0,0,0,0,0,0,0,1,0
1,0,1,1,-0.3453918448631497,1,1,-1.342812533759457,-0.7524781107740104,0,1,0,1,1,0,1,0,1,0,1,0,1,0,1,0,0,1,0,0,0
0,0,0,0,1.4049547531963917,1,1,-1.2764437941258842,-0.23790238047691506,0,1,0,1,1,0,1,0,1,0,1,0,1,0,1,0,0,1,0,0,1
1,0,1,1,1.0793088744876398,1,0,0.3827746967134356,0.9835563922931525,0,0,0,0,0,0,0,1,0,1,0,1,0,1,0,1,1,0,1,0,0
1,0,1,1,1.5677776925507676,1,0,0.6814340250645132,1.636874384342707,0,0,0,0,0,1,0,1,0,1,0,1,0,1,0,1,0,1,0,0,0
0,1,0,0,1.2828375486806096,1,1,1.4446745308506004,2.1119349135077727,0,1,1,0,0,1,0,0,0,1,0,1,0,1,0,1,0,0,0,0,0
1,1,0,0,-1.0780950719578415,1,1,0.6814340250645132,-0.7893589651639046,0,0,1,0,0,1,0,0,0,0,0,0,0,1,0,0,0,0,0,0,0
0,0,0,0,0.18378270803857208,1,0,0.5155121759805812,0.315310435371498,0,0,1,0,0,0,0,1,0,1,0,0,0,0,0,0,1,0,0,1,0
1,0,0,0,-0.1418631706701798,1,1,0.6482496552477268,0.09446436682248864,0,1,1,0,0,0,0,0,0,0,0,0,0,0,0,1,0,0,0,1,0
1,0,1,1,1.6084834273893616,1,0,-1.342812533759457,-0.23351180257335624,0,1,0,1,1,0,1,0,1,0,1,0,1,0,1,0,0,1,0,0,0
1,0,0,0,-0.3453918448631497,1,1,1.0464620930491635,-0.0785244025777294,0,0,1,0,0,0,0,0,0,0,0,1,0,1,0,1,0,0,0,1,0
1,1,1,0,-0.4675090493789317,1,0,0.7146183948812996,-0.19487471702203849,0,0,1,0,0,0,0,0,0,1,0,0,0,1,0,0,0,0,0,0,0
0,0,0,0,-1.1188008067964355,1,1,-0.679125137423729,-0.9215153600610255,0,0,0,0,0,0,0,0,0,0,0,0,0,0,0,0,0,0,1,0,0
0,0,0,0,1.2421318138420157,1,0,1.07964646286595,1.7352233293824249,0,1,1,0,0,0,0,1,0,0,0,0,0,1,0,1,0,1,0,0,0
1,0,1,0,1.1607203441648277,1,1,1.0464620930491635,1.4805698109760124,0,1,1,0,0,0,0,0,0,0,0,0,0,1,0,1,1,0,0,0,0
0,0,0,0,0.8350744654560759,1,0,-1.5419187526601754,-0.5689519544052511,0,0,0,1,1,0,1,0,1,0,1,0,1,0,1,0,0,1,0,0,1
0,1,0,0,-1.2816237461508113,0,1,-1.3096281639426706,-0.9992285889540168,1,0,0,0,0,0,0,0,0,0,0,0,0,0,0,0,0,0,0,0,1
1,0,0,0,-0.2639803751859618,1,1,0.6814340250645132,-0.051302819575664634,0,0,1,0,0,0,0,1,0,1,0,1,0,0,0,0,1,0,0,1,0
1,0,1,1,-0.9966836022806536,1,0,-1.4755500130266026,-0.9377604983041932,0,0,0,1,1,0,1,0,1,0,1,0,1,0,1,0,0,1,0,0,1
1,1,0,0,1.1200146093262338,1,1,0.21685284762950366,0.9102337413037199,0,1,0,0,0,1,0,1,0,0,0,0,0,0,0,1,1,0,0,1,0
0,0,1,1,-0.5082147842175256,1,1,1.013277723232377,-0.16897030739104138,0,1,1,0,0,0,0,0,0,1,0,1,0,0,0,1,0,0,0,0,0
0,0,0,0,1.0793088744876398,1,1,1.1460152024995227,1.4586169214582183,0,1,1,0,0,1,0,1,0,1,0,0,0,0,0,1,0,0,0,0,0
1,0,0,0,-1.1595065416350294,1,1,-1.4755500130266026,-0.9860568552433403,0,0,0,1,1,0,1,0,1,0,1,0,1,0,1,0,0,0,0,1,0
1,0,0,0,-1.2409180113122174,1,0,-1.508734382843389,-0.9930817798890345,0,0,0,1,1,0,1,0,1,0,1,0,1,0,1,0,0,0,0,0,1
0,0,1,1,0.14307697319997809,1,0,-0.44683454870622424,-0.2133151442169856,0,0,0,0,0,1,0,0,0,0,0,0,0,0,0,0,0,0,1,0,0
1,0,0,0,-0.30468611002455576,1,1,-1.4755500130266026,-0.7748700580821605,0,0,0,1,1,0,1,0,1,0,1,0,1,0,1,0,0,0,0,0,1
1,0,1,0,1.5677776925507676,1,0,0.6150652854309404,1.6794629900072275,0,1,0,0,0,1,0,0,0,1,0,1,0,1,0,1,0,1,0,1,0
1,0,1,0,1.1607203441648277,1,0,1.1460152024995227,1.599115414372101,0,1,1,0,0,1,0,0,0,1,0,1,0,1,0,0,0,0,0,0,0
0,0,1,1,0.18378270803857208,1,0,0.34959032689664926,0.1568105730530241,0,0,0,0,0,1,0,1,0,0,0,0,0,1,0,1,1,0,0,0,0
0,1,0,0,0.8757802002946699,1,0,0.581880915614154,0.8996963543351787,0,1,0,0,0,1,0,1,0,0,0,1,0,1,0,1,1,0,0,0,0
0,0,1,1,1.5677776925507676,1,0,1.6105963799345322,2.5751408823332294,0,1,1,0,0,1,0,1,0,1,0,1,0,1,0,1,0,1,1,0,0
1,0,0,0,-1.2816237461508113,1,1,0.48232780616379484,-0.9755194682747992,0,1,1,0,0,0,0,1,0,0,0,0,0,0,0,0,0,0,0,1,0
1,0,0,0,1.6084834273893616,1,0,0.7146183948812996,1.7224906534621043,0,1,0,0,0,1,0,1,0,1,0,1,0,1,0,1,0,1,0,0,0
0,1,1,0,-0.10115743583158582,1,1,0.8473558741484452,0.1431997815519917,0,1,1,0,0,0,0,1,0,0,0,0,0,1,0,0,0,0,0,1,0
1,0,1,0,-0.10115743583158582,1,0,-0.5132032883397971,-0.377522757810086,0,1,0,0,0,0,0,0,0,0,0,0,0,0,0,0,0,0,0,1,0
1,0,0,0,0.7536629957788878,1,1,0.747802764698086,0.9537004625489524,0,1,1,0,0,0,0,1,0,1,0,1,0,0,0,0,0,0,0,1,0
0,0,0,1,-0.4268033145403377,1,1,0.6482496552477268,-0.21287608642662972,0,1,1,0,0,0,0,0,0,0,0,0,0,0,0,1,0,0,0,1,0
1,0,1,0,1.5677776925507676,1,1,1.3451214214002412,2.1909653157718316,0,0,1,0,0,0,0,1,0,1,0,1,0,1,0,1,0,1,0,1,0
0,0,1,1,0.428017117070136,0,1,-0.14817522035514671,0.14890753282661817,1,0,0,0,0,1,0,0,0,1,0,1,0,1,0,1,1,0,1,0,0
0,0,0,0,-1.2816237461508113,1,1,0.18366847781271725,-0.9794709883880021,0,0,1,0,0,0,0,0,0,0,0,0,0,0,0,0,0,0,0,0,1
0,1,1,0,1.5677776925507676,1,1,1.1460152024995227,2.1369612075580577,0,0,1,0,0,1,0,1,0,1,0,1,0,1,0,0,0,1,0,1,0
0,0,0,0,0.346605647392948,1,1,0.48232780616379484,0.4474668302686189,0,0,0,0,0,1,0,0,0,1,0,1,0,1,0,1,1,0,0,0,0
1,0,1,0,-0.5896262538947137,1,1,0.28322158726307645,-0.4372346172984861,0,1,1,0,0,0,0,0,0,0,0,0,0,0,0,0,0,0,0,1,0
1,0,1,1,1.3642490183577978,1,1,-1.3096281639426706,-0.2761004082378769,0,1,0,1,1,0,1,0,1,0,1,0,1,0,1,0,0,1,1,0,0
0,0,0,0,-1.2816237461508113,1,0,0.44914343634700843,-0.975958526065155,0,0,1,0,0,0,0,0,0,0,0,0,0,1,0,0,0,0,0,1,0
0,0,1,0,0.18378270803857208,1,1,1.1460152024995227,0.6415303736059194,0,1,1,0,0,0,0,0,0,1,0,0,0,1,0,1,0,0,0,1,0
0,0,0,0,-1.0780950719578415,1,0,-0.2809126996222923,-0.8394115532644753,0,0,0,0,0,1,0,1,0,0,0,0,0,0,0,0,0,0,0,1,0
0,0,1,1,-1.2816237461508113,1,0,-1.4755500130266026,-1.0014238779057962,0,0,0,1,1,0,1,0,1,0,1,0,1,0,1,0,0,0,0,0,1
0,0,1,0,0.020959768684196134,1,1,1.013277723232377,0.31048079967758324,0,1,1,0,0,0,0,0,0,1,0,1,0,0,0,1,0,0,1,0,0
1,0,1,0,0.5501343215859179,1,1,0.9800933534155908,0.8830121583016551,0,1,1,0,0,0,0,1,0,1,0,0,0,1,0,0,1,0,0,1,0
1,0,0,0,1.1607203441648277,1,1,1.5442276403009596,2.00875633277414,0,1,1,0,0,1,0,0,0,1,0,1,0,1,0,1,0,1,1,0,0
0,0,1,1,0.9164859351332638,1,0,-1.508734382843389,-0.5720253589377423,0,0,0,1,1,0,1,0,1,0,1,0,1,0,1,0,1,0,1,0,0
0,0,1,0,0.18378270803857208,1,1,0.44914343634700843,0.23628003310743897,0,1,1,0,0,0,0,0,0,1,0,0,0,0,0,0,0,0,1,0,0
0,0,1,1,-0.019745966154397852,0,1,-0.9777844657748066,-0.5487552960488805,1,0,0,0,0,1,0,1,0,0,0,0,0,0,0,0,0,0,0,1,0
1,0,1,1,-0.9966836022806536,1,0,-1.508734382843389,-0.9531275209666491,0,0,0,1,1,0,1,0,1,0,1,0,1,0,1,0,0,1,0,0,1
1,0,1,1,1.5270719577121736,1,1,1.2123839421330955,2.0605651520361343,0,0,1,0,0,1,0,1,0,1,0,1,0,1,0,0,0,1,1,0,0
1,1,1,0,-0.10115743583158582,1,1,-0.48001891852301065,-0.33976378783948,0,0,0,0,0,0,0,1,0,0,0,0,0,0,0,0,0,0,0,0,0
0,0,0,0,1.1200146093262338,1,1,0.48232780616379484,1.0819053373328704,0,1,1,0,0,0,0,0,0,1,0,0,0,0,0,0,1,0,0,0,0
0,0,0,0,-1.2816237461508113,1,0,-1.4755500130266026,-1.0014238779057962,0,0,0,1,1,0,1,0,1,0,1,0,1,0,1,0,0,0,0,0,1
1,1,1,0,0.020959768684196134,1,1,1.4778589006673868,0.6116744438617192,0,1,1,0,0,1,0,0,0,1,0,1,0,1,0,1,0,0,0,0,0
0,0,1,0,1.1607203441648277,1,1,1.3783057912170276,1.9538741089796545,0,1,1,0,0,0,0,0,0,1,0,1,0,1,0,1,0,0,0,1,0
0,0,0,0,-1.0780950719578415,1,1,1.1128308326827363,-0.7612592665811281,0,0,1,0,0,1,0,1,0,1,0,1,0,0,0,1,0,0,0,0,0
0,0,1,1,1.6084834273893616,1,0,-1.3096281639426706,-0.22560876234695035,0,1,0,1,1,0,1,0,1,0,1,0,1,0,1,0,0,1,0,0,0
1,0,1,1,-1.1595065416350294,1,0,-1.5419187526601754,-0.9733241793230197,0,0,0,1,1,0,1,0,1,0,1,0,1,0,1,0,0,0,0,0,1
0,0,0,0,1.0386031396490458,1,1,1.411490161033814,1.7699088948205395,0,1,1,0,0,1,0,1,0,1,0,0,0,1,0,1,1,0,0,1,0
1,0,0,0,-1.2816237461508113,1,0,-1.4755500130266026,-1.0014238779057962,0,0,0,1,1,0,1,0,1,0,1,0,1,0,1,0,0,0,0,0,1
1,0,0,0,-0.9966836022806536,1,0,1.1791995723163091,-0.6506167034114454,0,1,1,0,0,0,0,1,0,0,0,0,0,1,0,1,0,0,0,1,0
1,0,0,0,-1.1595065416350294,1,0,-1.508734382843389,-0.975958526065155,0,0,0,1,1,0,1,0,1,0,1,0,1,0,1,0,0,0,0,0,1
0,1,1,0,1.6084834273893616,1,1,1.5110432704841732,2.4504484698721587,0,1,1,0,0,0,0,1,0,1,0,1,0,1,0,1,0,1,1,0,0
0,0,1,1,-0.3453918448631497,0,1,-0.4136501788894379,-0.4798232229630068,1,0,0,0,0,1,0,1,0,1,0,1,0,0,0,1,0,1,0,0,1
0,0,1,1,-1.0373893371192475,1,1,0.15048410799593087,-0.788041791792837,0,0,1,0,0,0,0,0,0,0,0,0,0,0,0,0,0,0,0,1,0
1,1,1,0,-0.9152721326034655,1,0,0.34959032689664926,-0.6940834246566779,0,0,1,0,0,1,0,0,0,0,0,0,0,0,0,0,0,0,0,1,0
0,1,0,0,-1.2409180113122174,1,1,0.34959032689664926,-0.9408339028366843,0,1,1,0,0,0,0,0,0,0,0,0,0,0,0,0,0,0,0,0,1
0,0,0,1,-0.6303319887333076,1,1,0.913724613782018,-0.3270311119191594,0,1,1,0,0,0,0,1,0,1,0,1,0,0,0,0,0,0,1,0,0
1,0,1,0,1.0793088744876398,1,1,0.15048410799593087,0.7881756755847844,0,1,0,0,0,1,0,0,0,0,0,1,0,0,0,1,1,0,0,0,1
0,0,1,0,1.6084834273893616,1,1,1.6105963799345322,2.5821658069789235,0,1,1,0,0,1,0,1,0,1,0,1,0,1,0,1,0,1,0,0,0
0,1,1,0,1.4456604880349857,1,1,1.0464620930491635,1.8792342846191543,0,1,1,0,0,1,0,1,0,0,0,0,0,0,0,1,1,0,1,0,0
0,0,1,1,-0.1825689055087738,1,0,-1.508734382843389,-0.7717966535496692,0,0,0,1,1,0,1,0,1,0,1,0,1,0,1,0,1,0,0,0,1
1,0,1,1,0.18378270803857208,1,1,-0.2145439599887195,-0.042960721558902855,0,0,0,0,0,1,0,0,0,1,0,1,0,0,0,0,1,0,0,0,1
1,0,1,1,0.9164859351332638,1,0,-1.508734382843389,-0.5597317408077775,0,0,0,1,1,0,1,0,1,0,1,0,1,0,1,0,1,0,0,0,1
1,0,0,0,0.5094285867473239,1,1,1.4446745308506004,1.1692778376136912,0,1,1,0,0,1,0,0,0,1,0,1,0,1,0,1,0,0,1,0,0
1,1,1,0,1.4049547531963917,1,0,0.6150652854309404,1.4432498987957623,0,1,1,0,0,1,0,1,0,0,0,0,0,0,0,0,0,0,0,0,0
1,0,0,0,1.3235432835192036,1,0,1.3451214214002412,1.9011871741369486,0,1,1,0,0,0,0,1,0,1,0,0,0,1,0,1,0,1,1,0,0
0,0,1,1,1.5270719577121736,1,0,0.34959032689664926,1.376952172452024,0,0,0,0,0,1,0,0,0,0,0,1,0,1,0,1,0,1,1,0,0
0,0,1,1,1.4863662228735797,1,1,-1.3096281639426706,-0.27566135044752105,0,1,0,1,1,0,1,0,1,0,1,0,1,0,1,0,0,1,0,0,0
0,0,1,1,1.3235432835192036,1,1,-1.3096281639426706,-0.2427320161708298,0,1,0,1,1,0,1,0,1,0,1,0,1,0,1,0,0,1,0,0,0
1,0,1,1,1.5677776925507676,1,1,0.6482496552477268,1.6908784925564806,0,1,1,0,0,0,0,1,0,0,0,1,0,0,0,0,0,1,0,1,0
1,0,1,1,1.5270719577121736,0,0,-0.14817522035514671,0.8066161027797315,1,0,0,0,0,0,0,1,0,1,0,1,0,1,0,1,1,0,0,1,0
1,0,1,1,0.9571916699718578,1,1,-0.1813595901719331,0.5076177475473749,0,0,0,0,0,1,0,1,0,1,0,0,0,0,0,0,0,1,0,0,0
0,0,1,0,0.46872285190873,1,1,1.013277723232377,0.7723695951319726,0,1,1,0,0,1,0,1,0,1,0,1,0,0,0,0,0,0,1,0,0
1,0,0,0,-0.8338606629262776,1,1,-0.5132032883397971,-0.749843764031875,0,0,0,0,0,0,0,1,0,0,0,0,0,0,0,0,0,0,0,0,0
0,0,1,1,-1.2816237461508113,1,1,-0.6459407676069426,-0.9904474331468992,0,0,0,0,0,0,0,0,0,0,0,0,0,0,0,0,0,0,0,1,0
0,0,1,1,0.020959768684196134,1,0,0.7146183948812996,0.19500860081398594,0,1,1,0,0,0,0,0,0,0,0,0,0,0,0,1,0,0,1,0,0
0,0,0,0,-0.6710377235719016,1,1,1.013277723232377,-0.32747016970951526,0,1,1,0,0,0,0,1,0,1,0,0,0,0,0,1,0,0,1,0,0
1,1,0,0,0.428017117070136,1,1,0.6482496552477268,0.590160612134281,0,1,1,0,0,0,0,0,0,0,0,0,0,1,0,0,0,0,0,1,0
1,0,1,0,0.020959768684196134,1,1,0.25003721744629004,0.06416937928793269,0,1,0,0,0,1,0,1,0,1,0,0,0,1,0,0,0,0,0,0,0
0,0,0,0,-0.06045170099299184,1,1,0.8141715043316587,0.2217911260256948,0,1,1,0,0,0,0,0,0,1,0,0,0,0,0,1,0,0,0,1,0
1,1,0,0,-1.2002122764736234,1,0,0.8805402439652316,-0.8833173323000636,0,1,1,0,0,0,0,0,0,1,0,0,0,1,0,0,0,0,0,1,0
1,0,1,0,0.6722515261016999,1,0,0.6482496552477268,0.7719305373416167,0,1,0,0,0,1,0,0,0,1,0,1,0,1,0,1,1,0,0,1,0
1,1,0,0,-1.2409180113122174,1,1,-0.679125137423729,-0.9693726592098167,0,0,0,0,0,0,0,0,0,0,0,0,0,0,0,0,0,0,0,1,0
1,0,0,0,-0.9966836022806536,1,1,0.9800933534155908,-0.670813361767816,0,1,1,0,0,0,0,1,0,1,0,0,0,1,0,0,0,0,0,1,0
1,0,0,0,-0.2639803751859618,1,0,0.8141715043316587,0.014994906768073753,0,0,1,0,0,0,0,1,0,1,0,0,0,1,0,0,0,0,0,1,0
1,0,0,0,-1.2816237461508113,1,0,-1.508734382843389,-1.0018629356961521,0,0,0,1,1,0,1,0,1,0,1,0,1,0,1,0,0,0,0,0,1
0,0,1,1,1.5677776925507676,0,0,-0.2145439599887195,0.8096895073122227,1,0,0,0,0,1,0,1,0,0,0,1,0,1,0,1,0,1,0,0,1
0,0,1,1,1.6084834273893616,0,1,-0.14817522035514671,0.8619373843645728,1,0,0,0,0,0,0,1,0,1,0,1,0,1,0,1,0,1,0,1,0
0,0,1,0,1.4049547531963917,1,0,0.34959032689664926,1.2131836166492795,0,1,0,0,0,1,0,1,0,1,0,0,0,0,0,1,1,0,0,0,1
0,0,1,1,-0.5896262538947137,1,1,-0.3472814392558651,-0.5900267283423335,0,0,0,0,0,0,0,0,0,1,0,1,0,0,0,0,1,0,1,0,0
1,0,1,0,1.2014260790034217,1,0,1.0464620930491635,1.6245807662127423,0,1,1,0,0,1,0,1,0,0,0,0,0,0,0,1,1,0,0,1,0
1,1,0,0,-0.06045170099299184,1,1,1.0464620930491635,0.25296422914096256,0,1,1,0,0,0,0,0,0,1,0,1,0,1,0,0,0,0,0,0,0
1,0,1,0,-0.9966836022806536,1,0,-1.4755500130266026,-0.9408339028366843,0,0,0,1,1,0,1,0,1,0,1,0,1,0,1,0,0,0,0,0,1
0,0,0,0,1.5270719577121736,0,1,-0.679125137423729,0.3324336891953774,1,0,0,0,0,1,0,1,0,1,0,1,0,0,0,0,0,1,0,0,0
1,0,1,0,1.4863662228735797,0,1,-0.14817522035514671,0.8614983265742169,1,0,0,0,0,0,0,1,0,1,0,1,0,1,0,1,1,0,1,0,0
0,0,0,0,-1.2816237461508113,1,0,0.8473558741484452,-0.9706898325808844,0,0,1,0,0,0,0,0,0,0,0,0,0,1,0,1,0,0,0,1,0
0,0,0,0,-0.38609757970174374,1,1,0.44914343634700843,-0.20102152608702087,0,1,0,0,0,1,0,0,0,1,0,0,0,1,0,1,1,0,0,1,0
1,0,1,0,1.6084834273893616,1,0,0.7146183948812996,1.6654131407158392,0,1,0,0,0,1,0,0,0,1,0,1,0,1,0,1,0,1,1,0,0
0,0,1,1,0.7129572609402939,1,1,0.15048410799593087,0.5515235265829632,0,0,1,0,0,0,0,0,0,0,0,0,0,0,0,0,0,0,0,0,0
1,0,0,0,0.46872285190873,1,1,0.8473558741484452,0.7736867685030402,0,1,1,0,0,0,0,0,0,1,0,0,0,0,0,1,0,0,0,0,1
0,0,1,0,1.6084834273893616,1,0,-1.4755500130266026,-0.3854257980364919,0,0,0,1,1,0,1,0,1,0,1,0,1,0,1,0,0,1,0,0,0
0,0,0,0,-0.9966836022806536,0,1,-1.176890684675525,-0.9109779730924843,1,0,0,0,0,0,0,1,0,0,0,0,0,0,0,0,0,0,0,0,1
1,0,0,0,0.26519417771576004,0,0,-0.9777844657748066,-0.4354783861370626,1,0,0,0,0,0,0,0,0,1,0,1,0,0,0,0,1,0,0,0,1
0,0,0,0,-0.5896262538947137,1,1,-0.48001891852301065,-0.6185654847154659,0,0,0,0,0,0,0,0,0,1,0,0,0,0,0,0,0,0,0,0,1
1,1,1,1,-0.019745966154397852,1,1,0.9469089835988044,0.2459393044952684,0,0,1,0,0,0,0,1,0,0,0,0,0,1,0,1,0,0,0,0,1
1,0,1,0,1.5677776925507676,1,1,1.1128308326827363,2.046515302744746,0,1,1,0,0,0,0,0,0,1,0,0,0,1,0,1,1,0,1,0,0
0,0,1,0,-1.2409180113122174,1,1,0.18366847781271725,-0.9482978852727344,0,0,1,0,0,0,0,0,0,0,0,0,0,0,0,0,0,0,0,1,0
1,0,1,1,1.2421318138420157,1,0,-1.508734382843389,-0.4504063510091626,0,0,0,1,1,0,1,0,1,0,1,0,1,0,1,0,0,1,0,0,1
1,0,0,0,0.428017117070136,1,1,-0.14817522035514671,0.1085142161138769,0,0,0,0,0,0,0,1,0,0,0,0,0,0,0,1,0,1,0,1,0
0,0,1,0,0.387311382231542,1,1,0.6814340250645132,0.6270414665241751,0,1,1,0,0,0,0,0,0,1,0,1,0,0,0,0,0,0,1,0,0
0,0,0,0,-0.3453918448631497,1,0,-1.3096281639426706,-0.7674060756461104,0,1,0,1,1,0,1,0,1,0,1,0,1,0,1,0,0,1,1,0,0
1,0,1,1,1.2421318138420157,0,0,-0.1813595901719331,0.6173821951363457,1,0,0,0,0,1,0,1,0,1,0,0,0,1,0,1,0,1,0,1,0
1,0,1,1,-1.0373893371192475,1,0,-1.4755500130266026,-0.9469807119016667,0,0,0,1,1,0,1,0,1,0,1,0,1,0,1,0,0,0,0,0,1
1,0,0,1,-0.5082147842175256,1,1,-1.508734382843389,-0.8459974201198135,0,0,0,1,1,0,1,0,1,0,1,0,1,0,1,0,0,0,0,1,0
1,0,1,1,0.46872285190873,1,1,-1.4755500130266026,-0.6304200450550748,0,0,0,1,1,0,1,0,1,0,1,0,1,0,1,0,1,0,0,0,0
1,0,1,0,-0.1825689055087738,1,0,-0.14817522035514671,-0.2264868779276621,0,0,0,0,0,1,0,1,0,0,0,1,0,0,0,0,0,0,0,0,1
1,1,1,0,-0.9966836022806536,1,0,-0.14817522035514671,-0.7682841912268222,0,0,0,0,0,1,0,0,0,0,0,0,0,1,0,0,0,0,0,0,0
0,0,1,1,1.5270719577121736,1,1,1.5110432704841732,2.365710316333473,0,1,1,0,0,0,0,1,0,1,0,1,0,1,0,1,0,1,0,1,0
1,1,1,0,1.6084834273893616,1,0,0.31640595707986285,1.343144722594621,0,0,0,0,0,1,0,1,0,1,0,1,0,1,0,0,0,1,0,0,0
1,0,0,0,-1.2816237461508113,1,0,-0.1149908505383603,-0.983422508501205,0,1,0,0,0,1,0,1,0,0,0,0,0,0,0,0,0,0,0,1,0
1,0,1,0,1.4049547531963917,1,0,-1.3096281639426706,-0.22692593571801797,0,1,0,1,1,0,1,0,1,0,1,0,1,0,1,0,0,1,1,0,0
1,0,1,1,0.1023712383613841,1,1,0.8141715043316587,0.379412872763457,0,0,1,0,0,0,0,1,0,0,0,1,0,1,0,0,1,0,0,1,0
1,1,1,0,0.5094285867473239,1,0,0.34959032689664926,0.5177160767255602,0,1,0,0,0,1,0,0,0,1,0,1,0,0,0,1,0,1,1,0,0
0,0,0,1,-0.8745663977648716,1,0,-1.508734382843389,-0.9153685509960431,0,0,0,1,1,0,1,0,1,0,1,0,1,0,1,0,0,0,1,0,0
1,0,0,0,-1.1595065416350294,1,1,-0.1149908505383603,-0.900879643914299,0,0,0,0,0,0,0,0,0,0,0,1,0,1,0,0,0,0,0,1,0
0,0,0,0,-0.6710377235719016,1,0,-1.4755500130266026,-0.8802439277675724,0,0,0,1,1,0,1,0,1,0,1,0,1,0,1,0,1,0,0,0,1
0,0,0,0,-0.5896262538947137,1,1,-1.508734382843389,-0.8394115532644753,0,0,0,1,1,0,1,0,1,0,1,0,1,0,1,0,0,0,0,0,1
0,1,0,0,-1.1595065416350294,1,1,0.9800933534155908,-0.8240445306020193,0,1,1,0,0,0,0,0,0,0,0,0,0,1,0,1,0,0,0,1,0
0,0,1,0,-0.5082147842175256,1,0,-1.4755500130266026,-0.8376553221030517,0,0,0,1,1,0,1,0,1,0,1,0,1,0,1,0,1,0,0,0,1
1,0,0,0,1.4049547531963917,1,1,0.7809871345148723,1.5815531027578655,0,1,0,0,0,1,0,1,0,1,0,1,0,1,0,1,1,0,0,0,0
1,1,1,0,0.30589991255435406,1,1,1.1128308326827363,0.796956831391902,0,0,1,0,0,1,0,1,0,1,0,1,0,1,0,0,1,0,1,0,0
0,0,0,0,-1.0780950719578415,1,1,-1.4755500130266026,-0.9623477345641226,0,0,0,1,1,0,1,0,1,0,1,0,1,0,1,0,0,0,0,0,1
0,0,1,0,1.0793088744876398,1,0,0.9469089835988044,1.354560225143874,0,1,1,0,0,0,0,0,0,1,0,1,0,1,0,0,0,0,0,1,0
0,0,0,0,0.7129572609402939,0,0,-0.8450469865076611,-0.16194538274534725,1,0,0,0,0,0,0,1,0,1,0,1,0,0,0,0,0,1,1,0,0
1,0,1,0,-1.2816237461508113,1,1,0.6482496552477268,-0.9733241793230197,0,0,1,0,0,0,0,0,0,0,0,1,0,1,0,0,0,0,0,1,0
0,0,1,0,-0.7931549280876836,1,0,-0.7123095072405154,-0.7502828218222309,0,0,0,0,0,0,0,0,0,0,0,0,0,0,0,0,1,0,0,1,0
1,0,0,1,-0.4675090493789317,1,0,-1.342812533759457,-0.8051650456167164,0,1,0,1,1,0,1,0,1,0,1,0,1,0,1,0,0,0,0,0,1
0,0,0,0,0.346605647392948,1,1,1.3783057912170276,0.9405287288382759,0,1,1,0,0,0,0,1,0,1,0,0,0,1,0,1,0,0,0,1,0
0,0,0,1,0.06166550352279012,1,1,1.3451214214002412,0.609040097119584,0,0,1,0,0,1,0,1,0,1,0,0,0,1,0,1,0,0,0,0,0
1,0,0,0,-0.1418631706701798,1,1,1.1128308326827363,0.2222301838160507,0,0,1,0,0,0,0,0,0,1,0,1,0,1,0,1,0,0,1,0,0
0,0,0,0,0.30589991255435406,1,0,0.01774662872878528,0.1251984121474005,0,0,0,0,0,1,0,1,0,0,0,0,0,1,0,0,0,0,0,0,1
1,0,0,0,-1.2816237461508113,1,0,0.15048410799593087,-0.979910046178358,0,0,1,0,0,0,0,0,0,0,0,0,0,0,0,0,0,0,0,1,0
0,0,1,1,0.6722515261016999,1,1,1.1128308326827363,1.1363485033369998,0,1,1,0,0,0,0,1,0,0,0,0,0,1,0,1,0,0,0,1,0
1,0,0,0,0.1023712383613841,1,1,-0.1813595901719331,-0.09081802070769414,0,1,0,0,0,1,0,0,0,1,0,0,0,0,0,0,0,0,0,1,0
1,0,0,0,-0.9966836022806536,1,1,-0.3472814392558651,-0.817897721537037,0,0,0,0,0,0,0,0,0,0,0,0,0,0,0,1,0,0,1,0,0
1,0,0,0,-0.5896262538947137,1,1,0.11729973817914446,-0.4398689640406214,0,0,0,0,0,1,0,0,0,1,0,1,0,1,0,0,0,0,0,1,0
1,1,1,0,0.7129572609402939,1,1,1.3451214214002412,1.256650337894512,0,1,1,0,0,1,0,0,0,1,0,0,0,1,0,1,0,1,1,0,0
0,1,1,0,-0.019745966154397852,1,1,0.6814340250645132,0.14363883934234759,0,1,1,0,0,0,0,0,0,0,0,0,0,1,0,0,0,0,1,0,0
0,0,0,0,-0.38609757970174374,1,0,-0.5132032883397971,-0.535583562338204,0,0,0,0,0,0,0,0,0,1,0,0,0,0,0,0,0,0,1,0,0
1,0,0,0,-1.2002122764736234,1,1,0.44914343634700843,-0.9039530484467901,0,0,1,0,0,0,0,0,0,0,0,0,0,1,0,0,0,0,0,1,0
1,0,1,1,0.22448844287716607,1,0,0.44914343634700843,0.2463783622856243,0,1,0,0,0,0,0,1,0,1,0,0,0,1,0,1,1,0,1,0,0
1,0,1,0,0.7536629957788878,1,1,1.0464620930491635,1.1460077747248294,0,1,1,0,0,1,0,1,0,0,0,0,0,0,0,1,1,0,1,0,0
1,0,0,0,-1.1188008067964355,1,0,-0.2809126996222923,-0.8824392167193519,0,0,0,0,0,0,0,0,0,1,0,1,0,0,0,0,0,0,0,1,0
0,0,1,0,1.2421318138420157,1,1,1.0464620930491635,1.6719990075711777,0,0,1,0,0,0,0,1,0,0,0,0,0,1,0,1,1,0,0,1,0
1,1,0,0,-1.2816237461508113,1,1,0.21685284762950366,-0.9790319305976461,0,0,1,0,0,0,0,0,0,0,0,0,0,0,0,0,0,0,0,1,0
1,0,1,1,-1.1595065416350294,0,0,-0.8782313563244474,-0.9417120184173962,1,0,0,0,0,1,0,0,0,0,0,0,0,1,0,0,0,0,1,0,0
0,0,0,0,0.387311382231542,1,1,-0.14817522035514671,0.05275387673867972,0,1,0,0,0,1,0,1,0,0,0,0,0,0,0,0,1,0,0,0,0
0,0,1,1,1.5677776925507676,1,0,1.1791995723163091,2.076371232488946,0,1,1,0,0,1,0,1,0,1,0,0,0,1,0,0,0,1,0,0,0
1,0,0,0,-1.2816237461508113,1,1,-0.6459407676069426,-0.9904474331468992,0,0,0,0,0,0,0,0,0,0,0,0,0,0,0,0,0,0,0,0,1
1,1,1,0,-0.1418631706701798,1,0,0.8473558741484452,0.15593245747231232,0,0,1,0,0,1,0,0,0,1,0,0,0,0,0,1,1,0,0,0,0
1,0,0,0,-0.06045170099299184,1,1,0.9800933534155908,0.2977481237572626,0,0,1,0,0,0,0,1,0,0,0,0,0,1,0,1,0,0,0,1,0
1,0,0,0,-0.9559778674420595,1,0,-0.015437741088001118,-0.7700404223882457,0,0,0,0,0,1,0,0,0,0,0,1,0,0,0,1,0,0,0,0,1
0,1,0,0,-0.6710377235719016,1,0,-0.1813595901719331,-0.5610489141788453,0,0,0,0,0,0,0,0,0,0,0,1,0,1,0,0,0,0,0,1,0
1,0,0,0,-1.2816237461508113,1,0,-1.4755500130266026,-1.0014238779057962,0,0,0,1,1,0,1,0,1,0,1,0,1,0,1,0,0,0,0,0,1
0,0,1,0,-0.10115743583158582,1,1,0.9800933534155908,0.22091301044498304,0,1,1,0,0,0,0,1,0,0,0,1,0,1,0,0,0,0,1,0,0
0,0,1,0,0.6722515261016999,1,0,-1.508734382843389,-0.607149982166213,0,0,0,1,1,0,1,0,1,0,1,0,1,0,1,0,1,0,1,0,0
0,0,1,1,-0.38609757970174374,1,1,0.15048410799593087,-0.2848815640449946,0,1,0,0,0,0,0,1,0,0,0,1,0,1,0,0,0,0,1,0,0
0,0,0,0,-1.2816237461508113,1,1,0.31640595707986285,-0.9777147572265785,0,0,1,0,0,0,0,0,0,1,0,0,0,0,0,0,0,0,0,1,0
1,0,1,1,-0.9152721326034655,1,0,-0.5132032883397971,-0.8016525832938693,0,0,0,0,0,0,0,1,0,0,0,0,0,0,0,0,1,0,0,0,1
1,0,1,1,0.7129572609402939,1,0,-1.342812533759457,-0.456553160074145,0,1,0,1,1,0,1,0,1,0,1,0,1,0,1,0,0,1,0,0,1
0,0,1,0,1.1200146093262338,1,1,0.9800933534155908,1.3936363684855475,0,1,1,0,0,1,0,1,0,0,0,0,0,0,0,1,0,0,1,0,0
0,0,0,0,-1.2816237461508113,1,1,-1.4755500130266026,-1.0014238779057962,0,0,0,1,1,0,1,0,1,0,1,0,1,0,1,0,0,0,0,0,1
1,0,0,0,-1.2409180113122174,1,0,-0.08180648072157391,-0.9583962144509197,0,1,0,0,0,0,0,0,0,0,0,0,0,0,0,1,0,0,0,0,0
1,1,1,0,-0.019745966154397852,1,1,0.31640595707986285,0.0009450574766854846,0,1,1,0,0,0,0,0,0,0,0,0,0,0,0,0,0,0,0,1,0
0,0,1,0,0.020959768684196134,1,0,-1.4755500130266026,-0.7164753719648279,0,0,0,1,1,0,1,0,1,0,1,0,1,0,1,0,0,0,0,0,1
0,1,1,1,-0.3453918448631497,1,1,1.0464620930491635,-0.01661725413754985,0,0,1,0,0,0,0,0,0,1,0,0,0,1,0,1,0,1,0,1,0
1,1,1,1,0.346605647392948,1,1,1.5442276403009596,0.9804829877606612,0,1,1,0,0,0,0,1,0,1,0,1,0,1,0,1,1,0,0,1,0
0,1,1,0,0.30589991255435406,0,1,-0.8450469865076611,-0.29146743090033284,1,0,0,0,0,0,0,1,0,0,0,0,0,1,0,0,0,0,0,1,0
1,0,1,1,0.22448844287716607,1,0,-1.3096281639426706,-0.5873923816001982,0,1,0,1,1,0,1,0,1,0,1,0,1,0,1,0,0,1,1,0,0
1,1,1,1,1.2828375486806096,1,1,1.5442276403009596,2.106666220023502,0,1,1,0,0,1,0,0,0,1,0,1,0,1,0,1,0,1,0,0,0
0,1,1,0,1.4456604880349857,1,1,-0.14817522035514671,0.7350496829517225,0,0,0,0,0,0,0,1,0,1,0,1,0,0,0,0,1,0,0,0,0
1,0,1,0,1.5677776925507676,0,0,-0.5132032883397971,0.5330830993880161,1,0,0,0,0,0,0,1,0,0,0,0,0,1,0,1,0,1,0,1,0
1,0,0,1,0.06166550352279012,1,1,1.2787526817666683,0.5133254988220014,0,1,1,0,0,1,0,1,0,0,0,0,0,1,0,1,1,0,0,1,0
1,1,0,0,-0.5489205190561197,1,1,0.8473558741484452,-0.2813691017221475,0,1,1,0,0,1,0,0,0,0,0,0,0,1,0,0,0,0,0,1,0
1,0,0,0,-1.2816237461508113,1,0,-1.4755500130266026,-1.0014238779057962,0,0,0,1,1,0,1,0,1,0,1,0,1,0,1,0,0,0,0,0,1
1,0,1,0,-0.6303319887333076,1,1,1.245568311949882,-0.2453663629129651,0,1,1,0,0,0,0,1,0,1,0,0,0,1,0,1,0,0,0,1,0
0,0,1,1,0.8757802002946699,1,1,1.3119370515834547,1.4682761928460477,0,1,1,0,0,1,0,1,0,0,0,0,0,1,0,1,0,0,0,0,0
1,0,0,0,0.30589991255435406,0,0,-0.08180648072157391,0.09226907787070923,1,0,0,0,0,1,0,1,0,1,0,0,0,1,0,1,1,0,1,0,0
0,0,0,0,0.428017117070136,1,0,1.676965119568105,1.1389828500791352,0,1,1,0,0,1,0,1,0,1,0,1,0,1,0,1,0,1,1,0,0
0,0,0,0,-0.7931549280876836,1,1,0.34959032689664926,-0.5715863011473864,0,1,1,0,0,0,0,0,0,0,0,0,0,0,0,0,0,0,0,0,1
1,0,0,0,1.3642490183577978,1,0,-1.3096281639426706,-0.26424584789826805,0,1,0,1,1,0,1,0,1,0,1,0,1,0,1,0,1,0,0,0,0
1,0,0,0,-1.2816237461508113,1,0,-0.6127563977901562,-0.9900083753565433,0,0,0,0,0,0,0,0,0,0,0,0,0,0,0,0,0,0,1,0,0
0,0,0,0,-1.2409180113122174,1,1,-0.6459407676069426,-0.9750804104844433,0,0,0,0,0,0,0,0,0,0,0,0,0,0,0,0,0,0,0,1,0
1,0,0,0,-0.1418631706701798,0,1,-1.342812533759457,-0.6642274949124778,1,0,0,0,0,0,0,0,0,0,0,0,0,0,0,0,1,0,0,0,1
0,0,0,0,-0.30468611002455576,1,1,1.1791995723163091,0.03782591186657969,0,1,1,0,0,0,0,1,0,0,0,0,0,1,0,1,0,0,0,1,0
0,1,0,0,-0.4675090493789317,0,1,-0.7786782468740883,-0.6413964898139719,1,0,0,0,0,1,0,0,0,0,0,0,0,1,0,0,0,0,0,1,0
0,1,1,0,0.22448844287716607,1,1,0.6150652854309404,0.37150983253705105,0,0,1,0,0,1,0,0,0,0,0,0,0,0,0,1,0,0,0,1,0
0,0,1,1,-1.0780950719578415,1,0,-1.508734382843389,-0.9641039657255461,0,0,0,1,1,0,1,0,1,0,1,0,1,0,1,0,1,0,1,0,0
1,0,1,0,0.9164859351332638,1,1,1.3119370515834547,1.5113038563009242,0,1,1,0,0,0,0,0,0,1,0,1,0,1,0,1,1,0,0,1,0
1,0,1,1,1.0793088744876398,1,1,1.1460152024995227,1.5631126755629186,0,1,1,0,0,0,0,0,0,1,0,0,0,1,0,1,0,1,1,0,0
0,0,0,1,0.6722515261016999,1,0,-1.508734382843389,-0.6058328087951453,0,0,0,1,1,0,1,0,1,0,1,0,1,0,1,0,1,0,1,0,0
1,0,1,0,-0.9152721326034655,1,0,-1.508734382843389,-0.9272231113356519,0,0,0,1,1,0,1,0,1,0,1,0,1,0,1,0,1,0,0,0,0
1,0,0,0,-0.38609757970174374,1,1,0.5486965457973676,-0.1685312496006855,0,1,1,0,0,0,0,0,0,1,0,0,0,0,0,0,0,0,0,1,0
0,0,0,0,-1.2816237461508113,1,1,-1.4755500130266026,-1.0014238779057962,0,0,0,1,1,0,1,0,1,0,1,0,1,0,1,0,0,0,0,0,1
1,0,1,1,-0.06045170099299184,1,0,1.1128308326827363,0.34297107616391864,0,1,1,0,0,1,0,0,0,1,0,0,0,1,0,0,1,0,0,0,0
0,1,1,1,0.9571916699718578,1,1,0.25003721744629004,0.7829069821005138,0,0,0,0,0,1,0,0,0,0,0,1,0,1,0,1,0,1,1,0,0
0,0,1,0,1.5677776925507676,1,1,0.5155121759805812,1.4946196602674007,0,0,0,0,0,0,0,1,0,1,0,1,0,1,0,1,0,1,1,0,0
0,0,0,0,0.5501343215859179,1,0,0.48232780616379484,0.5673296070357751,0,1,0,0,0,1,0,0,0,1,0,0,0,1,0,1,0,1,0,0,1
1,1,0,0,-0.7117434584104956,1,1,0.31640595707986285,-0.5386569668706952,0,0,1,0,0,0,0,1,0,0,0,0,0,0,0,0,0,0,0,1,0
0,0,1,0,-1.2409180113122174,1,0,-1.508734382843389,-0.9873740286144079,0,0,0,1,1,0,1,0,1,0,1,0,1,0,1,0,0,0,0,0,0
0,0,1,0,1.5677776925507676,1,0,-1.3759969035762434,-0.2761004082378769,0,1,0,1,1,0,1,0,1,0,1,0,1,0,1,0,0,1,0,0,1
1,0,1,1,0.30589991255435406,1,0,-1.508734382843389,-0.6554463391053601,0,0,0,1,1,0,1,0,1,0,1,0,1,0,1,0,0,1,0,0,1
0,0,1,0,-0.9966836022806536,1,0,-1.4755500130266026,-0.9417120184173962,0,0,0,1,1,0,1,0,1,0,1,0,1,0,1,0,0,0,0,0,0
0,0,0,0,-0.8338606629262776,1,1,-0.6459407676069426,-0.7805778093567869,0,0,0,0,0,0,0,0,0,0,0,0,0,0,0,0,0,0,0,1,0
1,1,0,0,-1.2002122764736234,1,1,0.9800933534155908,-0.863120673943693,0,1,1,0,0,0,0,0,0,0,0,0,0,1,0,1,0,0,0,1,0
1,1,0,0,-0.5896262538947137,1,1,1.013277723232377,-0.24097578500940625,0,1,1,0,0,0,0,0,0,0,0,0,0,1,0,1,0,0,0,1,0
1,0,1,0,1.6084834273893616,1,1,1.4446745308506004,2.4320080426772117,0,1,1,0,0,0,0,1,0,1,0,1,0,1,0,1,0,1,0,1,0
0,0,1,0,1.5270719577121736,1,1,0.9800933534155908,2.00129235033809,0,1,0,0,0,1,0,1,0,1,0,1,0,1,0,1,0,1,1,0,0
0,0,0,0,0.590840056424512,1,0,0.31640595707986285,0.5308878104362367,0,0,0,0,0,0,0,0,0,1,0,1,0,1,0,1,0,1,0,0,1
0,1,0,0,-0.1418631706701798,1,1,-0.2145439599887195,-0.25590374988150627,0,1,0,0,0,1,0,1,0,0,0,0,0,0,0,0,0,0,0,0,0
1,0,1,1,1.6084834273893616,1,0,-1.4755500130266026,-0.3814742779232889,0,0,0,1,1,0,1,0,1,0,1,0,1,0,1,0,0,1,0,1,0
0,0,0,0,0.26519417771576004,0,0,-0.7786782468740883,-0.30902974251456816,1,0,0,0,0,0,0,1,0,1,0,1,0,0,0,0,0,0,0,0,0
0,0,1,1,-1.0373893371192475,1,0,-1.4755500130266026,-0.9443463651595314,0,0,0,1,1,0,1,0,1,0,1,0,1,0,1,0,0,0,0,0,1
0,0,1,0,1.5677776925507676,1,0,1.013277723232377,1.9999751769670222,0,1,1,0,0,1,0,1,0,0,0,0,0,1,0,0,1,0,0,0,1
0,0,0,0,0.7536629957788878,1,0,0.747802764698086,0.9545785781296642,0,0,1,0,0,0,0,0,0,0,0,0,0,1,0,1,1,0,1,0,0
0,0,1,1,0.7943687306174818,1,0,1.1791995723163091,1.2922140189133384,0,0,1,0,0,1,0,0,0,1,0,0,0,1,0,1,1,0,0,1,0
0,1,0,0,0.5501343215859179,1,0,1.013277723232377,0.9321866308215141,0,0,1,0,0,0,0,1,0,0,0,0,0,1,0,1,1,0,1,0,0
1,0,1,1,0.22448844287716607,1,1,0.9800933534155908,0.5809403985368075,0,1,1,0,0,0,0,1,0,1,0,0,0,1,0,0,0,0,0,1,0
1,1,1,1,-0.9152721326034655,0,1,-1.0109688355915931,-0.8512661136040841,1,0,0,0,0,0,0,0,0,0,0,0,0,0,0,1,0,0,0,0,0
0,1,1,0,1.6084834273893616,1,1,1.6437807497513186,2.648463533322662,0,1,1,0,0,1,0,1,0,1,0,1,0,1,0,1,0,1,0,0,0
1,0,0,0,-0.5489205190561197,1,1,0.44914343634700843,-0.3538136371308683,0,0,1,0,0,0,0,0,0,0,0,0,0,1,0,0,0,0,0,0,0
0,1,1,0,-1.2002122764736234,1,1,0.6150652854309404,-0.892976603687893,0,0,1,0,0,0,0,0,0,0,0,1,0,1,0,0,0,0,0,0,1
0,0,0,0,1.4863662228735797,1,1,0.581880915614154,1.4287609917140183,0,0,0,0,0,1,0,0,0,1,0,1,0,1,0,1,0,1,1,0,0
0,0,0,0,0.8757802002946699,1,0,-1.4755500130266026,-0.5364616779189157,0,0,0,1,1,0,1,0,1,0,1,0,1,0,1,0,0,1,0,0,1
1,1,0,0,-0.8338606629262776,0,1,-0.7123095072405154,-0.7792606359857193,1,0,0,0,0,0,0,0,0,1,0,1,0,0,0,1,0,0,0,1,0
0,0,1,1,-0.9966836022806536,1,0,-1.4423656432098162,-0.9491760008534461,0,0,0,1,1,0,1,0,1,0,1,0,1,0,1,0,0,0,1,0,0
1,1,1,0,-0.38609757970174374,1,1,0.8473558741484452,-0.12155206603260597,0,0,1,0,0,1,0,1,0,0,0,0,0,0,0,1,0,0,0,1,0
1,0,0,0,-1.0373893371192475,1,0,0.31640595707986285,-0.7761872314532281,0,0,1,0,0,1,0,0,0,0,0,0,0,0,0,0,0,0,0,0,1
0,0,0,0,-1.0780950719578415,1,1,0.15048410799593087,-0.8266788773441547,0,0,1,0,0,0,0,0,0,0,0,0,0,0,0,0,0,0,0,0,1
1,0,0,0,0.5094285867473239,1,0,-1.5419187526601754,-0.629541929474363,0,0,0,1,1,0,1,0,1,0,1,0,1,0,1,0,1,0,0,0,0
0,0,1,1,1.6084834273893616,1,0,0.5155121759805812,1.546867537319751,0,1,0,0,0,1,0,1,0,1,0,1,0,0,0,1,0,1,0,0,0
0,0,0,0,-1.2816237461508113,1,1,-1.4755500130266026,-1.0014238779057962,0,0,0,1,1,0,1,0,1,0,1,0,1,0,1,0,0,0,0,0,1
0,0,1,1,-0.38609757970174374,1,0,-1.3759969035762434,-0.7357939147404868,0,1,0,1,1,0,1,0,1,0,1,0,1,0,1,0,0,1,0,0,1
1,0,1,0,1.6084834273893616,1,1,0.9800933534155908,1.9521178778182309,0,0,1,0,0,0,0,0,0,1,0,0,0,1,0,1,0,0,0,1,0
0,0,1,1,1.4049547531963917,1,1,0.34959032689664926,1.2856281520580002,0,1,0,0,0,1,0,0,0,0,0,0,0,1,0,1,0,1,0,1,0
0,0,1,1,0.428017117070136,0,1,-0.44683454870622424,-0.06579172665740879,1,0,0,0,0,1,0,1,0,0,0,1,0,1,0,0,1,0,0,0,0
1,0,0,0,-1.2816237461508113,1,1,-0.6459407676069426,-0.9904474331468992,0,0,0,0,0,0,0,0,0,0,0,0,0,0,0,0,0,0,0,1,0
1,1,1,0,1.1200146093262338,1,1,1.3119370515834547,1.7729822993530309,0,1,1,0,0,0,0,1,0,1,0,0,0,1,0,1,1,0,0,1,0
1,0,0,0,-1.2409180113122174,1,1,0.48232780616379484,-0.9434682495788197,0,0,1,0,0,0,0,0,0,1,0,1,0,0,0,0,0,0,0,1,0
0,0,0,0,-1.2816237461508113,1,0,0.34959032689664926,-0.9772756994362226,0,0,1,0,0,0,0,0,0,1,0,0,0,0,0,0,0,0,0,1,0
1,0,1,0,1.6084834273893616,1,0,0.44914343634700843,1.520085012108042,0,1,0,0,0,1,0,1,0,1,0,1,0,0,0,1,0,1,0,0,0
0,0,1,1,-0.019745966154397852,1,0,0.8141715043316587,0.26350161610950373,0,1,1,0,0,1,0,0,0,0,0,0,0,1,0,0,0,0,0,1,0
0,0,0,0,1.1607203441648277,1,0,0.8141715043316587,1.320313717496115,0,1,0,0,0,1,0,1,0,1,0,1,0,1,0,1,0,1,0,1,0
0,0,1,1,1.2828375486806096,1,0,1.5110432704841732,2.061882325407202,0,1,1,0,0,1,0,1,0,0,0,1,0,1,0,1,0,1,0,0,0
0,0,1,1,-0.7524491932490895,1,0,-1.508734382843389,-0.8811220433482843,0,0,0,1,1,0,1,0,1,0,1,0,1,0,1,0,1,0,0,0,1
0,0,0,0,-0.7931549280876836,1,1,0.5155121759805812,-0.5663176076631158,0,0,1,0,0,0,0,0,0,0,0,0,0,0,0,1,0,0,0,1,0
1,0,1,0,-0.30468611002455576,1,1,-1.4755500130266026,-0.7928714274867517,0,0,0,1,1,0,1,0,1,0,1,0,1,0,1,0,1,0,0,0,0
0,0,0,0,0.5501343215859179,1,0,-0.3472814392558651,0.06987713056255918,0,0,0,0,0,0,0,0,0,1,0,1,0,0,0,0,0,1,1,0,0
1,0,0,0,-1.1595065416350294,1,1,-0.6459407676069426,-0.9228325334320931,0,0,0,0,0,0,0,0,0,0,0,0,0,0,0,0,0,0,0,1,0
1,0,0,0,0.590840056424512,1,0,-1.4755500130266026,-0.5961735374073159,0,0,0,1,1,0,1,0,1,0,1,0,1,0,1,0,0,1,0,0,0
1,0,1,1,0.8350744654560759,1,1,0.15048410799593087,0.6270414665241751,0,0,0,0,0,1,0,1,0,0,0,1,0,1,0,0,0,1,0,0,1
1,0,1,0,-0.9559778674420595,1,1,0.18366847781271725,-0.7625764399521957,0,0,0,0,0,0,0,0,0,1,0,0,0,1,0,1,0,0,0,0,1
0,0,1,1,1.5270719577121736,1,1,1.4446745308506004,2.471523243809241,0,1,1,0,0,1,0,1,0,1,0,0,0,1,0,1,1,0,1,0,0
1,0,0,0,0.7129572609402939,1,1,0.8473558741484452,0.9870688546159996,0,0,1,0,0,1,0,1,0,1,0,1,0,0,0,0,1,0,1,0,0
1,0,0,0,-0.9559778674420595,1,1,0.28322158726307645,-0.701108349302372,0,0,1,0,0,0,0,0,0,1,0,0,0,0,0,0,0,0,0,1,0
0,0,1,0,1.5270719577121736,1,0,-1.508734382843389,-0.39684130058574485,0,0,0,1,1,0,1,0,1,0,1,0,1,0,1,0,0,1,0,0,0
1,0,0,0,1.4049547531963917,1,1,1.7765182290184642,2.4162019622243998,0,1,1,0,0,1,0,1,0,1,0,1,0,1,0,1,1,0,0,0,0
1,0,0,0,-1.2816237461508113,1,1,-1.508734382843389,-1.0018629356961521,0,0,0,1,1,0,1,0,1,0,1,0,1,0,1,0,0,0,0,0,0
0,0,1,1,1.3642490183577978,1,1,0.31640595707986285,1.1231767696263233,0,1,1,0,0,0,0,0,0,0,0,0,0,0,0,0,1,0,0,0,0
0,0,1,1,1.0386031396490458,1,0,-1.4755500130266026,-0.5008979969000892,0,0,0,1,1,0,1,0,1,0,1,0,1,0,1,0,0,1,1,0,0
0,0,1,1,-1.3223294809894055,0,1,-0.4136501788894379,-0.39684130058574485,1,0,0,0,0,1,0,0,0,1,0,1,0,1,0,0,0,1,0,0,0
0,0,0,0,-1.2409180113122174,1,0,0.15048410799593087,-0.9465416541113109,0,0,1,0,0,0,0,0,0,0,0,0,0,0,0,0,0,0,0,1,0
0,0,0,0,0.346605647392948,1,1,-1.508734382843389,-0.6545682235246484,0,0,0,1,1,0,1,0,1,0,1,0,1,0,1,0,0,1,0,0,1
0,1,0,0,-1.1595065416350294,1,1,0.44914343634700843,-0.882000158928996,0,0,1,0,0,0,0,0,0,0,0,0,0,1,0,0,0,0,0,1,0
1,0,0,0,-0.38609757970174374,1,0,-1.4755500130266026,-0.8323866286187811,0,0,0,1,1,0,1,0,1,0,1,0,1,0,1,0,1,0,0,0,0
1,1,1,0,1.1607203441648277,1,0,-0.015437741088001118,0.702998464255743,0,1,0,0,0,0,0,1,0,0,0,0,0,0,0,1,1,0,0,0,0
0,0,0,1,-0.9966836022806536,1,0,-1.4755500130266026,-0.9386386138849049,0,0,0,1,1,0,1,0,1,0,1,0,1,0,1,0,0,0,0,0,1
1,0,0,1,-1.2816237461508113,1,1,0.34959032689664926,-0.9772756994362226,0,0,1,0,0,0,0,1,0,0,0,0,0,0,0,0,0,0,0,1,0
0,0,0,0,-0.4268033145403377,1,0,-1.2764437941258842,-0.7445750705476045,0,1,0,1,1,0,1,0,1,0,1,0,1,0,1,0,0,1,0,0,1
1,0,0,0,-1.2409180113122174,1,1,-0.5795720279733698,-0.9698117170001727,0,0,0,0,0,1,0,0,0,0,0,0,0,0,0,0,0,0,0,1,0
0,0,1,0,0.9164859351332638,1,1,0.415959066530222,0.9471145956936141,0,1,1,0,0,0,0,0,0,1,0,0,0,0,0,0,0,0,0,1,0
1,0,1,1,1.1200146093262338,1,0,0.31640595707986285,0.9449193067418348,0,1,1,0,0,0,0,0,0,0,0,0,0,0,0,0,0,0,0,0,0
0,0,1,1,0.7536629957788878,1,1,1.013277723232377,1.185083918066503,0,1,1,0,0,1,0,0,0,0,0,1,0,1,0,0,1,0,0,0,1
0,0,0,0,-1.0373893371192475,1,1,0.5155121759805812,-0.7792606359857193,0,0,1,0,0,0,0,0,0,0,0,0,0,1,0,0,0,0,0,0,1
0,1,0,0,-1.2409180113122174,1,1,0.15048410799593087,-0.9526884631762932,0,0,1,0,0,0,0,0,0,0,0,0,0,0,0,0,0,0,0,1,0
0,0,0,0,0.1023712383613841,1,0,0.6814340250645132,0.2705265407551979,0,1,1,0,0,0,0,1,0,0,0,1,0,0,0,0,0,0,1,0,0
0,0,0,0,1.5270719577121736,1,0,0.8141715043316587,1.7852759174829955,0,1,0,0,0,1,0,1,0,1,0,1,0,1,0,1,0,1,1,0,0
1,0,0,0,-1.2816237461508113,1,1,0.8141715043316587,-0.9711288903712403,0,0,1,0,0,0,0,0,0,0,0,0,0,1,0,1,0,0,0,1,0
0,0,1,1,-0.10115743583158582,1,1,-1.3096281639426706,-0.663788437122122,0,1,0,1,1,0,1,0,1,0,1,0,1,0,1,0,0,1,0,0,1
0,0,0,0,-0.9966836022806536,1,1,-0.5132032883397971,-0.8499489402330165,0,0,0,0,0,1,0,0,0,0,0,0,0,0,0,0,0,0,0,1,0
1,1,0,0,-1.1188008067964355,1,1,0.18366847781271725,-0.8648769051051165,0,0,1,0,0,0,0,0,0,0,0,0,0,0,0,0,0,0,0,0,1
0,0,0,0,-0.9559778674420595,1,0,0.050930998545571676,-0.7379892036922662,0,0,0,0,0,0,0,1,0,0,0,1,0,1,0,0,0,0,0,0,1
1,0,0,0,-0.8745663977648716,1,1,0.31640595707986285,-0.6484214144596661,0,0,1,0,0,0,0,1,0,0,0,0,0,0,0,0,0,0,0,1,0
1,0,1,1,1.2421318138420157,0,0,-0.8450469865076611,0.041338374189426756,1,0,0,0,0,0,0,1,0,1,0,1,0,0,0,0,0,1,0,0,0
1,0,1,1,0.26519417771576004,1,1,-1.3759969035762434,-0.6137358490215512,0,1,0,1,1,0,1,0,1,0,1,0,1,0,1,0,0,1,0,0,1
0,0,1,1,-0.6303319887333076,1,0,0.9800933534155908,-0.3046391646110093,0,1,1,0,0,1,0,0,0,1,0,0,0,1,0,0,0,0,0,1,0
0,0,0,0,-0.7524491932490895,1,1,-0.3472814392558651,-0.670813361767816,0,1,0,0,0,0,0,1,0,0,0,0,0,0,0,0,1,0,0,0,1
0,0,1,0,1.1607203441648277,1,0,0.9469089835988044,1.5626736177725626,0,0,1,0,0,1,0,1,0,0,0,1,0,0,0,1,1,0,0,0,0
0,0,1,1,1.6084834273893616,1,1,1.676965119568105,2.5988500030124473,0,1,1,0,0,1,0,1,0,1,0,1,0,1,0,1,0,1,0,0,0
1,1,1,0,0.30589991255435406,1,0,-0.31409706943907867,-0.007836098330432183,0,0,0,0,0,0,0,0,0,0,0,0,0,0,0,1,1,0,0,1,0
0,0,1,1,-1.2816237461508113,1,1,-1.4755500130266026,-1.0014238779057962,0,0,0,1,1,0,1,0,1,0,1,0,1,0,1,0,0,0,1,0,0
0,0,0,0,0.590840056424512,0,0,-0.8450469865076611,-0.22077912665303562,1,0,0,0,0,1,0,1,0,0,0,1,0,0,0,0,1,0,1,0,0
1,0,1,1,0.06166550352279012,1,0,0.44914343634700843,0.11553914075957104,0,0,1,0,0,0,0,0,0,0,0,0,0,1,0,0,0,0,0,1,0
0,0,0,0,-0.5896262538947137,0,1,-0.8118626166908747,-0.6980349447698808,1,0,0,0,0,1,0,1,0,0,0,1,0,0,0,0,1,0,0,0,1
0,0,0,0,-0.22327464034736777,1,1,-1.4755500130266026,-0.7739919425014486,0,0,0,1,1,0,1,0,1,0,1,0,1,0,1,0,0,1,0,0,0
0,0,1,1,0.5501343215859179,1,0,-1.4755500130266026,-0.6194436002961777,0,0,0,1,1,0,1,0,1,0,1,0,1,0,1,0,0,1,0,0,0
1,0,1,1,1.4456604880349857,1,0,1.013277723232377,1.9240181792354545,0,0,1,0,0,1,0,1,0,0,0,1,0,0,0,1,0,1,0,0,0
0,0,0,0,-1.2002122764736234,1,0,-1.508734382843389,-0.9825443929204932,0,0,0,1,1,0,1,0,1,0,1,0,1,0,1,0,0,0,0,0,1
1,0,0,0,-0.4268033145403377,1,1,0.9800933534155908,-0.08642744280413531,0,1,1,0,0,0,0,0,0,0,0,0,0,1,0,1,0,0,1,0,0
1,1,1,0,0.14307697319997809,1,1,1.0464620930491635,0.49839753394990133,0,1,1,0,0,0,0,1,0,0,0,0,0,1,0,1,0,0,0,1,0
1,0,1,1,-0.1825689055087738,0,1,-0.14817522035514671,-0.2717098303343181,1,0,0,0,0,0,0,1,0,1,0,1,0,1,0,1,1,0,1,0,0
0,0,0,0,0.7536629957788878,1,1,-1.508734382843389,-0.572903474518454,0,0,0,1,1,0,1,0,1,0,1,0,1,0,1,0,1,0,0,0,0
0,0,0,0,-1.1595065416350294,1,1,1.1791995723163091,-0.8350209753609165,0,1,1,0,0,0,0,0,0,0,0,1,0,1,0,1,0,0,0,0,1
1,0,0,0,-0.2639803751859618,1,1,1.1128308326827363,0.10368458041996219,0,0,1,0,0,0,0,0,0,1,0,1,0,1,0,1,0,0,0,1,0
1,0,1,1,0.18378270803857208,1,1,0.913724613782018,0.4891773203524278,0,1,1,0,0,0,0,1,0,1,0,0,0,1,0,0,0,0,0,1,0
0,0,0,0,-1.2816237461508113,1,1,-0.679125137423729,-0.990886490937255,0,0,0,0,0,0,0,0,0,0,0,0,0,0,0,0,0,0,1,0,0
0,0,0,0,-1.1188008067964355,1,0,-1.508734382843389,-0.9627867923544785,0,0,0,1,1,0,1,0,1,0,1,0,1,0,1,0,0,0,1,0,0
1,0,0,0,-0.4268033145403377,1,1,1.2123839421330955,0.007091866541667852,0,1,1,0,0,1,0,0,0,0,0,0,0,1,0,1,0,0,0,0,0
1,0,1,1,0.9571916699718578,1,1,-1.342812533759457,-0.38191333571364483,0,1,0,1,1,0,1,0,1,0,1,0,1,0,1,0,1,0,0,0,1
1,0,0,0,0.1023712383613841,1,0,-1.4755500130266026,-0.6791554597845778,0,0,0,1,1,0,1,0,1,0,1,0,1,0,1,0,1,0,0,0,0
1,0,0,0,-0.8745663977648716,1,1,0.28322158726307645,-0.6629103215414102,0,0,1,0,0,1,0,0,0,0,0,0,0,0,0,0,0,0,0,1,0
0,1,0,0,1.4049547531963917,1,0,-0.3472814392558651,0.6252852353627516,0,1,0,0,0,0,0,1,0,0,0,0,0,0,0,0,0,0,0,1,0
1,0,1,1,-0.7931549280876836,1,0,-0.1149908505383603,-0.6809116909460013,0,0,0,0,0,0,0,1,0,1,0,1,0,0,0,0,0,0,0,0,0
1,0,0,0,0.30589991255435406,0,0,-0.9446000959580202,-0.4034271674410831,1,0,0,0,0,0,0,1,0,0,0,1,0,0,0,0,1,0,1,0,0
1,1,0,0,-1.2816237461508113,1,0,-0.6127563977901562,-0.9900083753565433,0,0,0,0,0,0,0,0,0,0,0,0,0,0,0,0,0,0,0,1,0
0,0,1,1,1.4863662228735797,0,0,-0.6127563977901562,0.36009432998779806,1,0,0,0,0,1,0,1,0,1,0,1,0,0,0,0,0,1,0,0,0
1,0,0,0,-0.7117434584104956,0,1,-1.176890684675525,-0.817897721537037,1,0,0,0,0,0,0,0,0,0,0,1,0,0,0,0,0,0,0,1,0
1,0,0,0,-0.8745663977648716,1,0,-1.4755500130266026,-0.915807608786399,0,0,0,1,1,0,1,0,1,0,1,0,1,0,1,0,0,0,0,0,1
0,0,0,0,-1.2409180113122174,1,0,-1.4755500130266026,-0.9930817798890345,0,0,0,1,1,0,1,0,1,0,1,0,1,0,1,0,0,0,0,0,1
1,0,1,1,-1.2409180113122174,1,0,-1.4755500130266026,-0.9926427220986785,0,0,0,1,1,0,1,0,1,0,1,0,1,0,1,0,0,0,0,0,1
0,1,1,0,0.1023712383613841,1,0,1.245568311949882,0.5054224585955954,0,1,1,0,0,0,0,0,0,1,0,0,0,1,0,1,0,0,0,0,0
0,0,1,1,1.4456604880349857,1,1,0.6814340250645132,1.4515919968125242,0,0,0,0,0,1,0,1,0,1,0,1,0,1,0,1,0,1,1,0,0
1,0,1,0,1.5270719577121736,1,0,0.415959066530222,1.4037346976637328,0,1,0,0,0,1,0,0,0,1,0,1,0,0,0,1,0,1,1,0,0
1,0,0,0,0.7943687306174818,0,0,-1.1437063148587385,-0.2976142399653152,1,0,0,0,0,0,0,1,0,0,0,0,0,0,0,0,1,0,0,0,1
1,1,1,0,-0.6710377235719016,1,1,0.6814340250645132,-0.39947564732788016,0,1,1,0,0,0,0,0,0,0,0,0,0,1,0,0,0,0,1,0,0
1,0,0,0,-1.0780950719578415,1,0,-1.508734382843389,-0.9557618677087844,0,0,0,1,1,0,1,0,1,0,1,0,1,0,1,0,1,0,0,0,1
0,1,0,0,-0.6710377235719016,1,1,0.6482496552477268,-0.41747701673247134,0,1,1,0,0,0,0,0,0,0,0,0,0,1,0,0,0,0,0,1,0
0,0,1,1,1.4456604880349857,1,0,1.5442276403009596,2.2875580296501257,0,1,1,0,0,1,0,0,0,1,0,1,0,1,0,1,0,1,1,0,0
1,0,0,0,-0.8338606629262776,1,1,1.1460152024995227,-0.513191615030054,0,1,1,0,0,0,0,0,0,0,0,1,0,1,0,1,0,0,0,0,1
1,0,1,0,0.7129572609402939,1,1,0.9800933534155908,1.147324948095897,0,1,1,0,0,1,0,1,0,0,0,0,0,0,0,1,0,0,1,0,0
1,0,1,1,1.1607203441648277,1,0,-1.4755500130266026,-0.4372346172984861,0,0,0,1,1,0,1,0,1,0,1,0,1,0,1,0,0,1,1,0,0
1,0,0,0,-1.1595065416350294,1,0,-0.5132032883397971,-0.9188810133188902,0,0,0,0,0,0,0,1,0,0,0,0,0,0,0,0,0,0,0,0,1
1,1,1,0,-0.7931549280876836,1,1,1.013277723232377,-0.4688467782041097,0,1,1,0,0,0,0,0,0,0,0,0,0,1,0,1,0,0,0,1,0
0,0,0,0,-0.5489205190561197,1,1,1.013277723232377,-0.22473064676623858,0,1,1,0,0,1,0,1,0,0,0,0,0,0,0,1,0,0,0,1,0
0,0,1,0,0.5501343215859179,1,1,0.15048410799593087,0.3807300461345246,0,0,0,0,0,0,0,1,0,0,0,0,0,1,0,1,0,0,1,0,0
0,0,1,1,-0.019745966154397852,1,0,0.3827746967134356,0.0452898943026297,0,0,0,0,0,1,0,1,0,1,0,1,0,0,0,1,0,0,0,0,0
1,0,1,0,0.387311382231542,0,1,-0.8118626166908747,-0.29629706659424754,1,0,0,0,0,1,0,0,0,0,0,0,0,1,0,0,0,0,0,0,0
1,0,0,0,-1.1595065416350294,0,1,-0.8118626166908747,-0.9390776716752608,1,0,0,0,0,0,0,0,0,0,0,1,0,0,0,1,0,0,0,1,0
0,0,1,1,1.5270719577121736,1,1,0.8141715043316587,1.7527856409966602,0,1,0,0,0,1,0,1,0,1,0,1,0,1,0,1,0,1,0,0,0
1,1,0,0,0.590840056424512,1,0,-0.1813595901719331,0.19896012092718887,0,1,0,0,0,0,0,1,0,0,0,1,0,0,0,0,0,1,0,0,0
1,0,1,0,1.2828375486806096,1,0,0.8141715043316587,1.4889119089927743,0,1,1,0,0,1,0,1,0,1,0,0,0,0,0,0,1,0,0,0,0
0,0,0,0,-1.2816237461508113,1,1,-1.508734382843389,-1.0018629356961521,0,0,0,1,1,0,1,0,1,0,1,0,1,0,1,0,0,0,0,0,0
1,0,1,1,1.3235432835192036,1,0,1.4446745308506004,2.035538857985849,0,1,1,0,0,1,0,0,0,1,0,1,0,1,0,1,0,1,0,0,0
0,0,1,1,1.1607203441648277,0,0,-0.44683454870622424,0.4140984382015717,1,0,0,0,0,0,0,1,0,1,0,1,0,1,0,0,0,1,1,0,0
0,0,0,1,-1.2409180113122174,1,1,-0.1149908505383603,-0.9553228099184284,0,0,0,0,0,1,0,0,0,0,0,0,0,0,0,1,0,0,1,0,0
1,1,1,0,-0.4675090493789317,1,1,0.15048410799593087,-0.3630338507283418,0,0,1,0,0,0,0,0,0,0,0,0,0,0,0,0,0,0,0,1,0
0,0,0,0,-1.2409180113122174,1,1,0.7146183948812996,-0.9320527470295666,0,0,1,0,0,0,0,0,0,1,0,0,0,0,0,1,0,0,0,0,1
1,0,1,1,0.26519417771576004,1,1,0.7146183948812996,0.4237577095894012,0,0,1,0,0,0,0,1,0,0,0,0,0,1,0,0,0,0,0,0,1
0,0,1,0,0.18378270803857208,1,1,1.1460152024995227,0.6380179112830723,0,1,1,0,0,1,0,0,0,1,0,1,0,0,0,1,1,0,0,1,0
0,0,1,1,-0.9966836022806536,1,1,0.9800933534155908,-0.6690571306063925,0,0,1,0,0,0,0,0,0,1,0,0,0,1,0,1,0,0,0,1,0
1,1,1,0,0.8757802002946699,1,1,1.5110432704841732,1.6579491582797894,0,1,1,0,0,0,0,1,0,1,0,1,0,1,0,1,0,1,0,1,0
0,1,1,0,0.9571916699718578,1,0,1.013277723232377,1.391880137324124,0,1,1,0,0,1,0,1,0,1,0,1,0,0,0,0,1,0,0,1,0
1,0,1,1,1.1200146093262338,1,0,0.8473558741484452,1.383977097097718,0,0,1,0,0,0,0,1,0,1,0,0,0,1,0,0,1,0,0,1,0
1,0,1,1,1.4456604880349857,1,1,0.34959032689664926,1.3137278506407768,0,1,0,0,0,0,0,1,0,1,0,1,0,0,0,1,1,0,0,0,0
0,0,0,0,-1.2816237461508113,1,1,-0.3472814392558651,-0.9864959130336962,0,0,0,0,0,0,0,0,0,0,0,0,0,0,0,1,0,0,0,0,1
1,0,1,0,-0.019745966154397852,1,0,0.18366847781271725,-0.04383883713961462,0,0,0,0,0,1,0,1,0,0,0,1,0,0,0,1,1,0,0,0,1
1,0,1,1,1.5677776925507676,1,0,1.4778589006673868,2.40654269083657,0,0,1,0,0,1,0,1,0,1,0,1,0,1,0,1,0,1,1,0,0
0,0,1,1,-1.2002122764736234,1,1,0.6482496552477268,-0.8942937770589607,0,1,1,0,0,0,0,0,0,0,0,0,0,0,0,1,0,0,0,0,0
1,0,1,0,1.5677776925507676,1,1,1.7101494893848914,2.6383652041444767,0,1,1,0,0,1,0,1,0,1,0,1,0,1,0,1,0,1,0,0,0
1,0,1,1,-1.2816237461508113,1,0,-1.508734382843389,-1.0018629356961521,0,0,0,1,1,0,1,0,1,0,1,0,1,0,1,0,0,0,0,1,0
1,0,1,0,-0.5082147842175256,1,1,0.8141715043316587,-0.21111985526520619,0,0,1,0,0,0,0,0,0,0,0,0,0,1,0,1,0,0,0,0,1
0,0,0,1,-0.5896262538947137,0,1,-0.9777844657748066,-0.7674060756461104,1,0,0,0,0,0,0,0,0,0,0,0,0,0,0,1,0,0,0,1,0
1,0,0,0,-0.5082147842175256,1,0,-0.015437741088001118,-0.39640224279538894,0,0,0,0,0,1,0,0,0,1,0,0,0,0,0,1,0,0,1,0,0
0,0,0,0,-1.2409180113122174,1,1,0.18366847781271725,-0.9439073073691755,0,0,1,0,0,0,0,0,0,0,0,0,0,0,0,0,0,0,0,1,0
0,0,1,1,0.30589991255435406,1,1,1.0464620930491635,0.7087062155303695,0,1,1,0,0,0,0,1,0,1,0,0,0,1,0,0,0,0,1,0,0
0,0,0,0,0.1023712383613841,1,0,-1.4755500130266026,-0.7028645804637955,0,0,0,1,1,0,1,0,1,0,1,0,1,0,1,0,1,0,0,0,1
0,0,1,1,0.9571916699718578,1,0,0.11729973817914446,0.6648004364947812,0,1,0,0,0,1,0,1,0,0,0,0,0,0,0,1,1,0,0,0,0
1,0,0,0,-0.10115743583158582,1,1,1.1791995723163091,0.27886863877195966,0,1,1,0,0,1,0,0,0,0,0,0,0,1,0,1,0,0,0,0,0
1,0,1,1,1.6084834273893616,1,1,0.6150652854309404,1.6649740829254835,0,1,0,0,0,1,0,0,0,1,0,1,0,1,0,1,0,1,1,0,0
0,0,0,0,0.387311382231542,1,1,1.2787526817666683,0.8895980251569934,0,0,1,0,0,0,0,1,0,1,0,1,0,1,0,1,0,0,0,0,0
0,0,0,0,-0.4675090493789317,1,0,0.21685284762950366,-0.34108096121054765,0,0,0,0,0,1,0,1,0,0,0,1,0,1,0,0,0,1,1,0,0
1,0,1,1,-1.1188008067964355,1,0,-1.4755500130266026,-0.9728851215326638,0,0,0,1,1,0,1,0,1,0,1,0,1,0,1,0,1,0,0,0,1
1,0,0,0,0.7536629957788878,1,1,0.9800933534155908,1.1135174982384939,0,1,1,0,0,1,0,1,0,0,0,0,0,1,0,0,1,0,0,1,0
1,0,1,0,0.590840056424512,1,0,-1.508734382843389,-0.5966125951976717,0,0,0,1,1,0,1,0,1,0,1,0,1,0,1,0,1,0,0,0,0
1,0,1,1,0.5501343215859179,1,1,-1.4755500130266026,-0.6075890399565689,0,0,0,1,1,0,1,0,1,0,1,0,1,0,1,0,0,1,0,0,1
0,0,1,0,1.2014260790034217,1,1,0.25003721744629004,0.8707185401716905,0,0,0,0,0,1,0,1,0,1,0,0,0,1,0,0,0,1,1,0,0
1,0,0,0,-0.5489205190561197,1,1,0.747802764698086,-0.2528303453490151,0,0,1,0,0,0,0,0,0,0,0,1,0,0,0,1,1,0,1,0,0
0,0,0,0,-0.019745966154397852,1,0,0.6482496552477268,0.21081468126679773,0,1,1,0,0,0,0,0,0,0,0,0,0,1,0,0,1,0,0,1,0
1,0,0,0,0.7943687306174818,1,1,1.4778589006673868,1.5060351628166537,0,1,1,0,0,1,0,0,0,1,0,1,0,1,0,1,0,1,0,1,0
1,0,1,1,-1.1595065416350294,1,0,-1.508734382843389,-0.9680554858387491,0,0,0,1,1,0,1,0,1,0,1,0,1,0,1,0,0,1,1,0,0
0,0,1,1,1.2421318138420157,1,1,-0.48001891852301065,0.4040001090233864,0,0,0,0,0,1,0,0,0,0,0,0,0,0,0,0,0,1,0,0,0
1,0,0,0,-0.9152721326034655,1,1,-0.3472814392558651,-0.7608202087907722,0,1,0,0,0,1,0,0,0,0,0,0,0,0,0,0,0,0,1,0,0
1,0,0,1,-1.0780950719578415,1,0,-1.508734382843389,-0.9540056365473608,0,0,0,1,1,0,1,0,1,0,1,0,1,0,1,0,0,0,0,0,1
0,1,1,0,0.9571916699718578,1,1,1.1791995723163091,1.4871556778313506,0,1,1,0,0,0,0,0,0,1,0,0,0,1,0,1,0,0,0,0,0
1,0,0,0,0.8757802002946699,1,1,0.15048410799593087,0.6946563662389812,0,0,0,0,0,1,0,1,0,0,0,1,0,1,0,0,0,0,0,0,1
1,0,0,0,-0.7117434584104956,1,1,0.3827746967134356,-0.5140697306107657,0,1,1,0,0,0,0,0,0,0,0,0,0,0,0,0,0,0,0,0,1
0,0,1,0,-0.5082147842175256,1,1,0.5486965457973676,-0.2712707725439622,0,0,1,0,0,0,0,0,0,1,0,1,0,0,0,0,0,0,0,0,1
1,1,0,0,-0.4675090493789317,1,1,1.0464620930491635,-0.11891771929047068,0,0,1,0,0,0,0,0,0,1,0,0,0,1,0,1,0,0,0,0,0
1,0,1,1,-0.30468611002455576,1,0,-0.3472814392558651,-0.44118613741168905,0,0,0,0,0,1,0,0,0,0,0,1,0,0,0,0,0,0,0,1,0
1,1,1,0,1.2014260790034217,1,1,0.8141715043316587,1.4612512682003536,0,1,1,0,0,0,0,1,0,0,0,0,0,0,0,1,0,0,0,0,0
0,0,1,0,1.3642490183577978,1,1,1.3451214214002412,2.0350998001954927,0,1,1,0,0,0,0,1,0,1,0,0,0,1,0,1,0,0,0,1,0
1,0,1,0,1.0793088744876398,1,1,1.3783057912170276,1.734784271592069,0,1,1,0,0,1,0,1,0,1,0,1,0,1,0,0,0,0,0,1,0
1,0,1,1,1.5677776925507676,1,0,1.3451214214002412,2.241017903872402,0,1,1,0,0,1,0,0,0,1,0,0,0,1,0,1,0,1,0,1,0
0,0,1,1,-0.6710377235719016,1,1,1.577412010117746,-0.18389827226314143,0,1,1,0,0,1,0,0,0,1,0,1,0,1,0,1,0,0,0,1,0
0,0,1,0,-0.06045170099299184,1,1,-0.015437741088001118,-0.1716046541331767,0,0,0,0,0,1,0,0,0,0,0,1,0,0,0,1,1,0,0,1,0
1,0,0,1,-0.7524491932490895,1,0,0.3827746967134356,-0.5474381226778129,0,0,0,0,0,1,0,1,0,1,0,1,0,0,0,1,0,1,0,0,0
0,0,1,1,-0.8745663977648716,1,1,-1.4755500130266026,-0.9241497068031608,0,0,0,1,1,0,1,0,1,0,1,0,1,0,1,0,1,0,0,0,1
1,1,1,0,-1.1595065416350294,0,1,-1.176890684675525,-0.9583962144509197,1,0,0,0,0,0,0,0,0,1,0,0,0,0,0,0,0,0,0,1,0
1,0,0,0,-0.10115743583158582,1,1,0.8141715043316587,0.1853493294261565,0,1,1,0,0,0,0,0,0,0,0,1,0,0,0,1,0,0,1,0,0
1,0,0,0,-1.0373893371192475,1,1,-0.679125137423729,-0.8688284252183195,0,0,0,0,0,0,0,0,0,0,0,0,0,0,0,0,0,0,0,0,0
1,0,1,0,0.46872285190873,1,1,-0.1813595901719331,0.1326623945834505,0,0,0,0,0,1,0,1,0,0,0,1,0,0,0,0,1,0,0,0,0
1,0,1,1,0.387311382231542,1,0,-1.4755500130266026,-0.6466651832982425,0,0,0,1,1,0,1,0,1,0,1,0,1,0,1,0,0,1,0,0,1
1,0,0,0,-1.2816237461508113,1,1,-0.31409706943907867,-0.9860568552433403,0,0,0,0,0,0,0,0,0,0,0,0,0,0,0,1,0,0,0,1,0
1,0,1,0,1.4863662228735797,1,1,0.6482496552477268,1.5705766579989686,0,0,0,0,0,1,0,1,0,1,0,1,0,1,0,1,0,1,0,0,1
1,1,1,0,0.46872285190873,1,1,0.8141715043316587,0.7635884393248549,0,1,1,0,0,0,0,0,0,1,0,0,0,1,0,0,0,0,0,1,0
1,0,0,0,-0.7117434584104956,1,1,-0.2145439599887195,-0.5979297685687395,0,1,0,0,0,0,0,1,0,0,0,1,0,0,0,0,0,0,1,0,0
1,0,0,0,0.8757802002946699,1,0,-1.4755500130266026,-0.5057276325940039,0,0,0,1,1,0,1,0,1,0,1,0,1,0,1,0,0,1,0,0,1
1,0,0,1,-0.4675090493789317,1,0,-1.508734382843389,-0.8358990909416282,0,0,0,1,1,0,1,0,1,0,1,0,1,0,1,0,0,1,0,0,1
0,0,1,1,-0.38609757970174374,1,1,0.6150652854309404,-0.19838717934488556,0,1,1,0,0,0,0,0,0,0,0,0,0,1,0,0,0,0,0,1,0
0,0,0,0,-1.2409180113122174,0,0,-0.44683454870622424,-0.9680554858387491,1,0,0,0,0,0,0,1,0,0,0,0,0,1,0,1,0,0,0,1,0
1,0,0,0,-1.0373893371192475,1,1,0.15048410799593087,-0.7814559249374987,0,0,1,0,0,0,0,0,0,0,0,0,0,0,0,0,0,0,0,1,0
0,0,1,1,0.5501343215859179,1,1,-1.508734382843389,-0.6308591028454307,0,0,0,1,1,0,1,0,1,0,1,0,1,0,1,0,0,1,0,0,1
1,1,1,0,-1.0373893371192475,1,0,-0.015437741088001118,-0.8016525832938693,0,1,0,0,0,1,0,1,0,0,0,1,0,0,0,0,0,0,0,1,0
0,0,0,0,0.631545791263106,1,0,-0.31409706943907867,0.1431997815519917,0,0,0,0,0,1,0,1,0,0,0,0,0,0,0,0,0,1,1,0,0
0,0,1,0,0.9571916699718578,1,1,1.1128308326827363,1.4081252755672917,0,1,1,0,0,0,0,1,0,0,0,0,0,1,0,1,1,0,0,1,0
1,0,0,0,1.0386031396490458,1,0,-1.4755500130266026,-0.4780669918015833,0,0,0,1,1,0,1,0,1,0,1,0,1,0,1,0,0,1,0,0,1
1,1,1,0,-0.6710377235719016,1,1,1.1128308326827363,-0.313420320418127,0,1,1,0,0,0,0,0,0,1,0,0,0,1,0,1,0,0,0,1,0
1,0,0,1,-1.2816237461508113,1,1,-1.4423656432098162,-1.0009848201154403,0,0,0,1,1,0,1,0,1,0,1,0,1,0,1,0,0,0,0,0,1
1,0,1,0,1.0386031396490458,1,0,-0.14817522035514671,0.5541578733250986,0,0,0,0,0,1,0,1,0,1,0,0,0,0,0,0,1,0,1,0,0
0,0,1,0,-0.3453918448631497,1,0,-1.4755500130266026,-0.8099946813106311,0,0,0,1,1,0,1,0,1,0,1,0,1,0,1,0,1,0,0,0,1
0,0,1,0,-0.2639803751859618,1,0,0.48232780616379484,-0.12550358614580892,0,1,1,0,0,0,0,1,0,0,0,0,0,0,0,0,0,0,0,0,0
1,0,1,1,1.4863662228735797,1,0,-1.4755500130266026,-0.4060615141832184,0,0,0,1,1,0,1,0,1,0,1,0,1,0,1,0,0,1,0,0,0
0,0,1,0,-0.9966836022806536,1,1,0.6482496552477268,-0.674764881881019,0,1,1,0,0,0,0,0,0,0,0,0,0,0,0,1,0,0,0,1,0
0,0,1,0,1.0386031396490458,0,1,-0.6459407676069426,0.10500175379102984,1,0,0,0,0,1,0,1,0,0,0,0,0,1,0,0,1,0,0,1,0
0,0,0,1,-0.4268033145403377,1,1,-1.4755500130266026,-0.8042869300360046,0,0,0,1,1,0,1,0,1,0,1,0,1,0,1,0,0,0,0,1,0
1,0,1,0,1.5270719577121736,1,0,1.2123839421330955,2.1005194109585195,0,0,1,0,0,1,0,1,0,1,0,1,0,0,0,1,0,1,1,0,0
1,0,1,1,-0.8338606629262776,1,1,-1.3096281639426706,-0.8727799453315224,0,1,0,1,1,0,1,0,1,0,1,0,1,0,1,0,0,1,0,0,0
1,0,1,1,-1.1595065416350294,1,0,-1.508734382843389,-0.9768366416458668,0,0,0,1,1,0,1,0,1,0,1,0,1,0,1,0,0,1,0,0,1
1,0,1,0,-1.1188008067964355,0,1,-1.342812533759457,-0.9662992546773256,1,0,0,0,0,0,0,0,0,0,0,0,0,0,0,0,0,0,0,1,0
1,0,0,0,0.22448844287716607,1,0,1.013277723232377,0.5725983005200457,0,1,1,0,0,0,0,0,0,1,0,1,0,1,0,0,1,0,0,0,0
0,0,0,0,-1.2409180113122174,1,1,0.5155121759805812,-0.9500541164341579,0,0,1,0,0,1,0,0,0,1,0,0,0,0,0,0,0,0,0,1,0
0,0,1,1,1.0793088744876398,1,0,0.01774662872878528,0.6586536274297988,0,1,0,0,0,1,0,1,0,0,0,1,0,0,0,0,1,0,0,0,1
1,0,1,1,0.590840056424512,1,0,0.8473558741484452,0.8061770449893756,0,0,1,0,0,1,0,0,0,1,0,0,0,0,0,1,0,0,0,1,0
0,0,0,0,-0.4675090493789317,1,1,-0.14817522035514671,-0.45787033344521266,0,0,0,0,0,1,0,0,0,1,0,1,0,0,0,0,1,0,0,1,0
0,1,0,0,-0.7117434584104956,1,1,0.31640595707986285,-0.5074838637554274,0,1,1,0,0,0,0,0,0,0,0,0,0,0,0,0,0,0,0,0,1
0,0,1,1,-1.1188008067964355,0,1,-1.1437063148587385,-0.9368823827234813,1,0,0,0,0,0,0,1,0,0,0,0,0,0,0,0,0,0,0,1,0
0,0,0,0,-0.7117434584104956,1,1,-0.1813595901719331,-0.6185654847154659,0,0,0,0,0,0,0,0,0,1,0,0,0,0,0,1,0,0,0,1,0
1,0,1,1,1.6084834273893616,1,1,1.3119370515834547,2.26472702455162,0,1,1,0,0,0,0,1,0,1,0,0,0,1,0,1,1,0,1,0,0
0,0,1,0,0.5094285867473239,1,1,-0.48001891852301065,-0.035057681332496954,0,0,0,0,0,0,0,0,0,1,0,0,0,0,0,0,0,0,1,0,0
0,0,1,1,0.631545791263106,0,0,-0.8450469865076611,-0.14174872438897662,1,0,0,0,0,1,0,1,0,0,0,1,0,0,0,0,0,1,0,0,1
1,1,0,0,-0.6303319887333076,1,1,1.2123839421330955,-0.24097578500940625,0,0,1,0,0,0,0,1,0,1,0,0,0,1,0,1,0,0,0,1,0
1,0,0,0,-0.22327464034736777,1,0,-0.48001891852301065,-0.39069449152076247,0,0,0,0,0,1,0,0,0,0,0,0,0,0,0,0,0,0,0,0,1
1,0,1,1,0.5094285867473239,1,1,1.4778589006673868,1.1411781390309146,0,1,1,0,0,0,0,1,0,1,0,1,0,1,0,1,0,1,0,0,0
0,0,1,1,-0.9152721326034655,1,1,1.245568311949882,-0.5412913136128304,0,1,1,0,0,0,0,1,0,1,0,0,0,1,0,1,0,0,1,0,0
1,0,0,0,-1.2816237461508113,1,1,-0.5132032883397971,-0.9886912019854757,0,0,0,0,0,0,0,0,0,0,0,1,0,0,0,0,0,0,0,1,0
1,0,0,0,-0.4268033145403377,1,1,0.9800933534155908,-0.06974324677061174,0,0,1,0,0,0,0,1,0,1,0,1,0,0,0,1,0,0,0,0,0
1,0,0,0,-0.5082147842175256,1,0,0.18366847781271725,-0.35469175271158004,0,0,1,0,0,0,0,0,0,0,0,0,0,0,0,0,0,0,1,0,0
0,0,1,1,-1.0373893371192475,0,1,-1.342812533759457,-0.9447854229498873,1,0,0,0,0,0,0,0,0,0,0,0,0,0,0,0,0,0,0,1,0
1,0,0,0,-1.2816237461508113,1,1,-0.48001891852301065,-0.9882521441951198,0,0,0,0,0,1,0,0,0,0,0,0,0,0,0,0,0,0,0,0,1
1,0,1,0,-0.3453918448631497,1,0,-0.3804658090726515,-0.43284403939492727,0,0,0,0,0,1,0,0,0,0,0,1,0,0,0,0,0,0,0,0,1
1,0,1,1,1.4456604880349857,1,1,-1.342812533759457,-0.279612870560724,0,1,0,1,1,0,1,0,1,0,1,0,1,0,1,0,0,1,0,0,0
1,1,0,0,-0.5082147842175256,1,1,0.6482496552477268,-0.24404918954189744,0,1,1,0,0,0,0,0,0,0,0,0,0,1,0,0,0,0,0,1,0
1,0,1,0,-0.30468611002455576,0,1,-0.8782313563244474,-0.5843189770677071,1,0,0,0,0,0,0,0,0,1,0,0,0,1,0,0,1,0,1,0,0
1,1,0,0,-1.2816237461508113,0,1,-0.7123095072405154,-0.9913255487276109,1,0,0,0,0,0,0,1,0,1,0,0,0,0,0,1,0,0,0,1,0
0,1,0,0,1.2828375486806096,0,1,-0.7123095072405154,0.19764294755612125,1,0,0,0,0,0,0,1,0,0,0,1,0,1,0,0,0,0,0,1,0
0,0,1,0,1.2828375486806096,1,1,1.1460152024995227,1.7887883798058426,0,0,1,0,0,1,0,0,0,1,0,0,0,1,0,1,0,1,0,0,0
0,0,1,1,-0.5082147842175256,1,1,-1.3096281639426706,-0.787602734002481,0,1,0,1,1,0,1,0,1,0,1,0,1,0,1,0,0,0,0,0,0
0,0,0,0,0.1023712383613841,1,1,1.1460152024995227,0.5405470818240662,0,0,1,0,0,0,0,0,0,1,0,1,0,1,0,1,1,0,0,1,0
1,0,1,1,1.6084834273893616,1,1,1.6437807497513186,2.527722640974794,0,1,1,0,0,1,0,1,0,1,0,1,0,1,0,1,0,1,1,0,0
1,0,0,0,0.428017117070136,1,0,0.9800933534155908,0.7113405622725048,0,1,1,0,0,0,0,0,0,0,0,0,0,1,0,1,1,0,0,0,1
1,0,0,1,0.8350744654560759,1,0,1.013277723232377,1.2008899985193147,0,0,1,0,0,1,0,1,0,1,0,0,0,0,0,1,1,0,0,1,0
1,0,0,0,1.4863662228735797,1,0,-1.3759969035762434,-0.2580990388332857,0,1,0,1,1,0,1,0,1,0,1,0,1,0,1,0,0,1,0,0,0
1,0,0,0,-1.2816237461508113,1,1,-0.5132032883397971,-0.9886912019854757,0,0,0,0,0,0,0,0,0,1,0,0,0,0,0,0,0,0,0,0,1
1,0,0,0,-0.019745966154397852,1,1,0.9469089835988044,0.2977481237572626,0,0,1,0,0,1,0,1,0,1,0,0,0,0,0,1,0,0,1,0,0
0,0,1,0,1.5677776925507676,1,0,-1.508734382843389,-0.40781774534464194,0,0,0,1,1,0,1,0,1,0,1,0,1,0,1,0,0,1,1,0,0
1,0,0,0,0.020959768684196134,1,0,-1.4755500130266026,-0.7076942161577102,0,0,0,1,1,0,1,0,1,0,1,0,1,0,1,0,0,1,0,0,1
1,0,0,0,-0.9152721326034655,1,1,-1.508734382843389,-0.9254668801742284,0,0,0,1,1,0,1,0,1,0,1,0,1,0,1,0,0,0,0,0,1
0,0,1,1,0.18378270803857208,1,0,-1.2764437941258842,-0.6102233866987041,0,1,0,1,1,0,1,0,1,0,1,0,1,0,1,0,0,0,0,0,1
1,0,1,1,-1.0373893371192475,1,1,0.21685284762950366,-0.784090271679634,0,0,0,0,0,1,0,0,0,1,0,1,0,0,0,1,0,0,1,0,0
1,0,0,0,0.9978974048104517,0,1,-0.3804658090726515,0.3930236642644893,1,0,0,0,0,1,0,0,0,1,0,0,0,1,0,1,0,0,0,1,0
0,0,0,0,0.590840056424512,1,0,-1.4755500130266026,-0.5584145674367099,0,0,0,1,1,0,1,0,1,0,1,0,1,0,1,0,0,1,1,0,0
0,0,1,0,-1.1188008067964355,1,1,0.11729973817914446,-0.8560957492979988,0,0,1,0,0,0,0,0,0,0,0,0,0,0,0,0,0,0,0,1,0
1,0,1,0,1.1607203441648277,1,1,1.3451214214002412,1.7475169475123895,0,1,1,0,0,0,0,1,0,1,0,0,0,1,0,1,0,0,0,1,0
0,0,1,1,1.6084834273893616,1,1,0.6150652854309404,1.666291256296551,0,0,0,0,0,1,0,1,0,1,0,1,0,1,0,1,0,1,0,0,0
1,0,1,1,0.1023712383613841,1,0,-1.508734382843389,-0.709011389528778,0,0,0,1,1,0,1,0,1,0,1,0,1,0,1,0,0,1,0,0,1
1,1,0,0,0.9571916699718578,1,1,1.2123839421330955,1.4458842455378977,0,1,1,0,0,0,0,0,0,1,0,0,0,1,0,1,0,0,0,1,0
0,1,1,0,0.14307697319997809,1,1,0.8805402439652316,0.4391247322518571,0,1,1,0,0,0,0,1,0,0,0,0,0,1,0,0,0,0,1,0,0
1,0,0,0,-0.5082147842175256,1,1,1.1128308326827363,-0.1184786615001148,0,1,1,0,0,0,0,0,0,0,0,1,0,1,0,1,0,0,0,0,1
0,0,1,1,0.22448844287716607,1,0,-1.4755500130266026,-0.667300899444969,0,0,0,1,1,0,1,0,1,0,1,0,1,0,1,0,0,0,0,0,1
0,0,0,0,0.428017117070136,1,1,1.3119370515834547,1.079270990590735,0,1,1,0,0,0,0,1,0,1,0,0,0,1,0,1,0,1,0,1,0
0,1,0,0,-0.9966836022806536,1,1,0.747802764698086,-0.6971568291891691,0,0,1,0,0,0,0,1,0,0,0,0,0,1,0,0,0,0,0,1,0
1,0,0,0,-0.9559778674420595,1,1,-1.508734382843389,-0.9381995560945491,0,0,0,1,1,0,1,0,1,0,1,0,1,0,1,0,1,0,0,1,0
1,0,1,1,1.4049547531963917,1,0,0.8141715043316587,1.64082590445591,0,1,1,0,0,1,0,1,0,0,0,1,0,0,0,0,1,0,0,1,0
1,0,0,0,-1.2816237461508113,1,0,-0.679125137423729,-0.990886490937255,0,0,0,0,0,0,0,0,0,0,0,0,0,0,0,0,0,0,0,0,1
0,0,0,0,0.8757802002946699,1,1,1.2787526817666683,1.4656418461039125,0,1,1,0,0,1,0,0,0,1,0,0,0,1,0,1,1,0,0,0,0
1,1,0,0,-1.2816237461508113,1,0,-1.4755500130266026,-1.0014238779057962,0,0,0,1,1,0,1,0,1,0,1,0,1,0,1,0,0,0,0,0,1
0,0,1,1,-0.38609757970174374,1,0,0.6482496552477268,-0.16018915158392372,0,0,1,0,0,1,0,1,0,0,0,1,0,0,0,0,0,0,0,0,1
0,1,0,0,-0.5082147842175256,1,1,0.9800933534155908,-0.22780405129872974,0,1,1,0,0,0,0,1,0,1,0,0,0,0,0,1,0,0,0,1,0
0,0,1,1,-0.7524491932490895,1,1,0.6482496552477268,-0.48201851191478623,0,1,1,0,0,0,0,0,0,0,0,0,0,1,0,0,0,0,0,1,0
0,1,0,0,-0.5896262538947137,1,1,-0.5132032883397971,-0.6304200450550748,0,0,0,0,0,0,0,1,0,0,0,0,0,0,0,0,0,0,1,0,0
1,0,1,0,0.7943687306174818,1,0,0.6482496552477268,0.898818238754467,0,0,1,0,0,1,0,0,0,0,0,0,0,1,0,0,0,0,0,1,0
0,0,0,0,-1.2816237461508113,1,0,-1.4755500130266026,-1.0014238779057962,0,0,0,1,1,0,1,0,1,0,1,0,1,0,1,0,0,0,0,0,1
0,0,0,0,0.22448844287716607,1,0,-1.508734382843389,-0.678716401994222,0,0,0,1,1,0,1,0,1,0,1,0,1,0,1,0,1,0,0,0,1
0,0,0,0,-1.1188008067964355,1,0,0.34959032689664926,-0.8288741662959341,0,1,1,0,0,0,0,0,0,0,0,0,0,0,0,0,0,0,0,1,0
1,0,0,0,-1.2816237461508113,1,1,-1.508734382843389,-1.0018629356961521,0,0,0,1,1,0,1,0,1,0,1,0,1,0,1,0,0,0,0,0,1
1,1,0,0,-0.2639803751859618,1,1,0.9469089835988044,0.0452898943026297,0,1,1,0,0,0,0,0,0,0,0,0,0,1,0,1,0,0,0,1,0
0,1,1,0,1.3642490183577978,1,1,1.4446745308506004,2.1426689588326844,0,1,1,0,0,0,0,1,0,1,0,1,0,1,0,1,1,0,1,0,0
1,0,1,1,0.7536629957788878,1,0,-0.14817522035514671,0.36009432998779806,0,0,0,0,0,1,0,1,0,0,0,1,0,0,0,0,0,1,1,0,0
1,0,0,0,-0.9152721326034655,1,0,0.34959032689664926,-0.6651056104931896,0,1,1,0,0,0,0,0,0,0,0,0,0,0,0,0,0,0,0,1,0
1,0,0,0,-1.1188008067964355,1,0,-1.4423656432098162,-0.960591503402699,0,0,0,1,1,0,1,0,1,0,1,0,1,0,1,0,0,0,0,0,1
1,0,1,0,-1.1595065416350294,1,0,0.18366847781271725,-0.8811220433482843,0,0,1,0,0,0,0,0,0,0,0,0,0,0,0,0,0,0,0,1,0
0,0,1,0,1.0793088744876398,1,1,0.9800933534155908,1.4472014189089653,0,1,1,0,0,1,0,1,0,0,0,0,0,1,0,0,0,0,0,1,0
0,1,1,0,-1.1188008067964355,1,1,0.31640595707986285,-0.8635597317340489,0,1,1,0,0,0,0,0,0,0,0,0,0,0,0,0,0,0,0,1,0
0,0,0,0,-1.1188008067964355,1,1,-0.015437741088001118,-0.855656691507643,0,0,0,0,0,1,0,0,0,0,0,1,0,1,0,0,0,0,0,1,0
0,0,1,0,-1.2002122764736234,1,1,-0.6127563977901562,-0.9531275209666491,0,0,0,0,0,0,0,0,0,0,0,0,0,0,0,0,0,0,0,0,1
0,0,0,0,0.631545791263106,0,1,-0.679125137423729,-0.08642744280413531,1,0,0,0,0,1,0,1,0,0,0,0,0,1,0,0,0,0,0,1,0
0,0,1,0,1.6084834273893616,1,0,-1.342812533759457,-0.18872790795705613,0,1,0,1,1,0,1,0,1,0,1,0,1,0,1,0,0,1,1,0,0
0,0,0,0,-0.8338606629262776,1,1,0.48232780616379484,-0.5707081855666747,0,1,1,0,0,1,0,0,0,0,0,0,0,0,0,0,0,0,0,1,0
1,1,0,0,-1.2409180113122174,1,1,1.013277723232377,-0.9311746314488549,0,0,1,0,0,0,0,1,0,1,0,1,0,0,0,1,0,0,1,0,0
0,0,1,0,1.6084834273893616,1,0,1.4778589006673868,2.4096160953690613,0,1,1,0,0,0,0,1,0,1,0,1,0,1,0,1,1,0,1,0,0
1,0,1,0,-0.5896262538947137,1,1,-0.679125137423729,-0.6730086507195955,0,0,0,0,0,0,0,0,0,0,0,0,0,0,0,0,0,0,0,0,0
0,0,1,1,0.5094285867473239,1,1,0.5486965457973676,0.540986139614422,0,0,0,0,0,1,0,0,0,1,0,1,0,1,0,1,0,1,0,0,1
0,0,0,0,-0.06045170099299184,1,1,0.3827746967134356,-0.032423334590361653,0,1,1,0,0,0,0,0,0,0,0,0,0,0,0,0,0,0,0,1,0
1,0,0,0,-0.9152721326034655,1,0,-1.4755500130266026,-0.9232715912224491,0,0,0,1,1,0,1,0,1,0,1,0,1,0,1,0,0,0,1,0,0
1,1,1,0,0.346605647392948,1,1,0.6150652854309404,0.42683111412189234,0,1,1,0,0,1,0,0,0,1,0,0,0,0,0,0,0,0,0,0,0
0,0,0,0,-1.2409180113122174,1,1,-0.5132032883397971,-0.9636649079351903,0,1,0,0,0,0,0,0,0,0,0,0,0,0,0,0,0,0,0,1,0
0,0,0,0,-1.2409180113122174,1,0,0.11729973817914446,-0.9579571566605638,0,0,1,0,0,0,0,0,0,0,0,0,0,0,0,0,0,0,0,1,0
1,0,1,1,0.9571916699718578,1,1,0.6814340250645132,1.094198955462835,0,0,1,0,0,0,0,1,0,1,0,1,0,0,0,0,1,0,0,0,1
1,0,1,1,1.5677776925507676,1,0,1.1791995723163091,2.112813029088484,0,1,1,0,0,0,0,1,0,0,0,0,0,1,0,1,1,0,0,0,0
1,0,1,1,-0.30468611002455576,1,0,-1.508734382843389,-0.8297522818766458,0,0,0,1,1,0,1,0,1,0,1,0,1,0,1,0,1,0,0,1,0
1,0,0,0,-0.8745663977648716,1,0,-1.508734382843389,-0.9122951464635519,0,0,0,1,1,0,1,0,1,0,1,0,1,0,1,0,0,1,1,0,0
1,0,0,0,-0.8338606629262776,1,1,0.8141715043316587,-0.561927029759557,0,1,1,0,0,0,0,0,0,1,0,0,0,1,0,0,0,0,0,1,0
1,0,1,0,1.6084834273893616,1,0,0.581880915614154,1.5293052257055155,0,1,0,0,0,0,0,1,0,1,0,0,0,1,0,1,0,1,0,0,0
0,0,0,0,1.5677776925507676,1,1,1.6105963799345322,2.4991838846016616,0,1,1,0,0,1,0,1,0,1,0,1,0,1,0,1,0,1,1,0,0
1,1,1,0,-0.22327464034736777,0,0,-1.1437063148587385,-0.6567635124764278,1,0,0,0,0,1,0,0,0,0,0,0,0,0,0,0,0,0,1,0,0
1,0,0,0,-0.7524491932490895,0,1,-0.48001891852301065,-0.6975958869795249,1,0,0,0,0,0,0,0,0,1,0,0,0,1,0,1,0,0,0,1,0
1,0,0,1,-0.6303319887333076,1,0,0.5155121759805812,-0.37576652664866245,0,0,0,0,0,0,0,1,0,1,0,1,0,1,0,1,1,0,0,1,0
0,0,1,0,0.020959768684196134,1,1,1.2787526817666683,0.46546819967321007,0,0,1,0,0,1,0,0,0,1,0,1,0,1,0,1,1,0,0,1,0
1,1,1,0,-0.9152721326034655,1,0,0.6814340250645132,-0.6365668541200572,0,1,1,0,0,0,0,0,0,0,0,0,0,0,0,1,0,0,0,1,0
1,0,1,0,0.5094285867473239,1,1,0.6482496552477268,0.620016541878481,0,1,1,0,0,1,0,0,0,1,0,0,0,0,0,0,0,0,0,0,1
1,0,0,0,0.9978974048104517,1,0,-1.4755500130266026,-0.5193384240950363,0,0,0,1,1,0,1,0,1,0,1,0,1,0,1,0,0,1,0,0,1
1,0,1,1,0.387311382231542,0,1,-0.6459407676069426,-0.11057562127370889,1,0,0,0,0,0,0,1,0,1,0,0,0,0,0,1,1,0,1,0,0
0,0,0,0,-1.2816237461508113,1,1,-0.6459407676069426,-0.9904474331468992,0,0,0,0,0,0,0,0,0,0,0,0,0,0,0,0,0,0,0,0,1
1,0,1,0,-0.9966836022806536,1,1,-0.5132032883397971,-0.8376553221030517,0,0,0,0,0,0,0,1,0,0,0,0,0,0,0,0,0,0,0,0,0
0,1,0,0,-0.3453918448631497,1,1,-1.4755500130266026,-0.8086775079395635,0,0,0,1,1,0,1,0,1,0,1,0,1,0,1,0,0,0,0,0,1
1,0,1,1,-0.3453918448631497,1,0,0.5486965457973676,-0.1658969028585502,0,1,0,0,0,1,0,0,0,0,0,1,0,1,0,1,0,0,0,0,0
1,0,0,0,-0.019745966154397852,1,0,-1.508734382843389,-0.7436969549668927,0,0,0,1,1,0,1,0,1,0,1,0,1,0,1,0,1,0,0,0,1
0,0,0,0,-1.2002122764736234,1,1,0.34959032689664926,-0.9021968172853666,0,1,1,0,0,0,0,0,0,0,0,0,0,0,0,0,0,0,0,1,0
1,1,0,0,0.7129572609402939,1,1,1.013277723232377,1.1042972846410204,0,1,1,0,0,0,0,0,0,0,0,0,0,1,0,1,0,0,0,1,0
1,0,1,1,-0.8338606629262776,1,1,-0.5132032883397971,-0.7595030354197045,0,0,0,0,0,1,0,0,0,0,0,0,0,0,0,0,0,0,0,1,0
0,0,1,1,-0.9152721326034655,1,1,0.7809871345148723,-0.6023203464722983,0,0,1,0,0,0,0,0,0,0,0,0,0,1,0,1,0,0,0,1,0
1,0,0,0,-1.2409180113122174,1,0,-1.508734382843389,-0.9900083753565433,0,0,0,1,1,0,1,0,1,0,1,0,1,0,1,0,0,0,0,0,1
1,1,0,0,-0.9152721326034655,1,1,1.013277723232377,-0.6159311379733307,0,1,1,0,0,0,0,0,0,0,0,0,0,1,0,1,0,0,0,1,0
1,0,0,0,-0.9559778674420595,1,1,1.013277723232377,-0.6462261255078866,0,1,1,0,0,0,0,0,0,0,0,0,0,1,0,1,0,0,0,1,0
0,1,0,0,-0.9966836022806536,1,1,1.3451214214002412,-0.6462261255078866,0,1,1,0,0,0,0,1,0,1,0,0,0,1,0,1,0,0,0,1,0
1,0,0,1,0.6722515261016999,1,0,0.34959032689664926,0.6046495192160252,0,1,1,0,0,0,0,0,0,0,0,0,0,0,0,0,0,0,1,0,0
1,0,0,0,-1.0373893371192475,1,0,0.31640595707986285,-0.7713575957593134,0,0,1,0,0,0,0,0,0,1,0,0,0,0,0,0,0,0,0,0,1
1,0,0,0,-1.2002122764736234,1,1,-1.4755500130266026,-0.983422508501205,0,0,0,1,1,0,1,0,1,0,1,0,1,0,1,0,0,0,0,1,0
0,0,1,1,0.020959768684196134,1,1,0.9469089835988044,0.36141150335886574,0,0,1,0,0,0,0,0,0,1,0,0,0,1,0,1,1,0,0,1,0
0,0,1,0,0.631545791263106,1,1,1.3451214214002412,1.2215257146660412,0,1,1,0,0,0,0,1,0,0,0,1,0,1,0,1,0,0,1,0,0
1,0,0,0,-1.2002122764736234,1,0,0.31640595707986285,-0.9131732620442637,0,0,1,0,0,0,0,1,0,0,0,0,0,0,0,0,0,0,1,0,0
0,0,0,0,0.30589991255435406,0,1,-0.3472814392558651,-0.0284718144771587,1,0,0,0,0,1,0,0,0,0,0,1,0,1,0,1,1,0,0,0,0
1,0,0,0,-1.1188008067964355,1,1,0.15048410799593087,-0.8679503096376077,0,0,1,0,0,0,0,0,0,0,0,0,0,0,0,0,0,0,0,1,0
1,0,0,0,-1.1188008067964355,1,1,0.9800933534155908,-0.8073603345684958,0,1,1,0,0,0,0,0,0,0,0,0,0,1,0,1,0,0,0,0,0
1,0,0,0,-1.2002122764736234,1,0,1.411490161033814,-0.8727799453315224,0,1,1,0,0,0,0,1,0,1,0,0,0,1,0,1,0,0,0,0,1
0,0,1,1,0.590840056424512,1,0,-0.04862211090478751,0.3100417418872274,0,0,0,0,0,0,0,1,0,0,0,1,0,0,0,1,0,1,0,0,0
0,0,0,0,0.22448844287716607,1,1,-1.342812533759457,-0.6089062133276365,0,1,0,1,1,0,1,0,1,0,1,0,1,0,1,0,1,0,0,1,0
1,0,1,1,1.4049547531963917,0,0,-0.48001891852301065,0.4303435764447394,1,0,0,0,0,1,0,0,0,0,0,0,0,1,0,1,0,1,1,0,0
0,0,0,0,-0.5489205190561197,1,0,-1.4755500130266026,-0.8420459000066106,0,0,0,1,1,0,1,0,1,0,1,0,1,0,1,0,1,0,1,0,0
0,0,1,1,0.9164859351332638,1,0,-1.508734382843389,-0.5347054467574922,0,0,0,1,1,0,1,0,1,0,1,0,1,0,1,0,0,1,1,0,0
1,0,1,1,1.5270719577121736,1,1,1.3783057912170276,2.271751949197314,0,0,1,0,0,0,0,1,0,1,0,1,0,1,0,1,1,0,0,1,0
1,0,1,0,1.0386031396490458,1,0,-0.48001891852301065,0.2534032869313184,0,0,0,0,0,0,0,0,0,1,0,0,0,0,0,0,1,0,1,0,0
1,0,0,0,-0.9966836022806536,1,1,0.9800933534155908,-0.6853022688495602,0,0,1,0,0,0,0,0,0,1,0,0,0,1,0,1,0,0,0,1,0
0,0,1,1,-1.1595065416350294,1,0,0.5155121759805812,-0.8776095810254372,0,0,1,0,0,0,0,0,0,0,0,0,0,0,0,1,0,0,0,1,0
1,0,0,0,-1.2409180113122174,1,0,-0.5132032883397971,-0.9676164280483932,0,0,0,0,0,0,0,1,0,0,0,0,0,0,0,0,0,0,0,0,1
1,0,1,1,-0.7931549280876836,1,1,-0.5132032883397971,-0.7524781107740104,0,0,0,0,0,1,0,0,0,0,0,0,0,0,0,0,0,0,0,0,1
1,0,0,1,-1.2002122764736234,1,0,0.15048410799593087,-0.9136123198346195,0,0,1,0,0,0,0,0,0,0,0,0,0,0,0,0,0,0,0,1,0
0,0,0,0,-0.9152721326034655,0,1,-1.176890684675525,-0.8789267543965048,1,0,0,0,0,0,0,0,0,0,0,1,0,0,0,0,0,1,0,0,1
0,0,1,0,0.631545791263106,1,1,1.1791995723163091,1.1122003248674264,0,0,1,0,0,0,0,0,0,1,0,1,0,1,0,1,0,0,1,0,0
1,1,0,0,-0.9559778674420595,1,1,0.31640595707986285,-0.712523851851625,0,1,1,0,0,0,0,0,0,0,0,0,0,0,0,0,0,0,0,1,0
1,0,1,0,0.387311382231542,1,1,1.1460152024995227,0.8066161027797315,0,1,1,0,0,0,0,1,0,1,0,1,0,0,0,1,0,0,0,1,0
0,0,1,1,0.1023712383613841,1,1,-1.3096281639426706,-0.5935391906651806,0,1,0,1,1,0,1,0,1,0,1,0,1,0,1,0,0,1,1,0,0
0,1,0,0,-1.2409180113122174,1,0,-0.3472814392558651,-0.964543023515902,0,0,0,0,0,1,0,1,0,0,0,0,0,0,0,0,0,0,0,0,1
1,0,0,0,1.4863662228735797,0,1,-0.9777844657748066,0.08392697985394744,1,0,0,0,0,0,0,1,0,1,0,0,0,0,0,0,1,0,0,0,0
0,0,1,1,-1.2816237461508113,1,0,-1.508734382843389,-1.0018629356961521,0,0,0,1,1,0,1,0,1,0,1,0,1,0,1,0,0,0,0,0,1
1,0,0,0,-1.0780950719578415,1,0,-0.48001891852301065,-0.8837563900904195,0,0,0,0,0,0,0,0,0,0,0,1,0,0,0,0,0,0,0,0,1
0,0,0,0,-1.2816237461508113,1,0,-1.508734382843389,-1.0018629356961521,0,0,0,1,1,0,1,0,1,0,1,0,1,0,1,0,0,0,0,1,0
1,0,0,0,0.428017117070136,1,0,-1.2764437941258842,-0.5228508864178834,0,1,0,1,1,0,1,0,1,0,1,0,1,0,1,0,0,1,0,0,0
1,0,1,1,-0.3453918448631497,1,0,-1.342812533759457,-0.742818839386181,0,1,0,1,1,0,1,0,1,0,1,0,1,0,1,0,0,1,0,0,1
1,0,0,0,-0.9559778674420595,1,0,-1.4755500130266026,-0.930735573658499,0,0,0,1,1,0,1,0,1,0,1,0,1,0,1,0,0,0,0,0,1
1,0,0,0,-0.38609757970174374,1,1,1.0464620930491635,-0.09476954082089709,0,1,1,0,0,0,0,0,0,1,0,1,0,1,0,0,0,0,1,0,0
0,1,1,0,1.5270719577121736,1,1,-1.508734382843389,-0.36830254421261244,0,0,0,1,1,0,1,0,1,0,1,0,1,0,1,0,0,1,1,0,0
0,0,0,0,-0.8338606629262776,1,1,0.44914343634700843,-0.6031984620530101,0,1,1,0,0,1,0,0,0,0,0,0,0,0,0,0,0,0,0,1,0
1,0,0,0,0.5501343215859179,1,0,0.25003721744629004,0.41629372715335117,0,1,1,0,0,0,0,0,0,0,0,0,0,0,0,0,0,0,0,0,0
1,0,1,1,0.7943687306174818,1,0,-1.508734382843389,-0.5474381226778129,0,0,0,1,1,0,1,0,1,0,1,0,1,0,1,0,0,1,0,0,1
1,0,1,1,1.6084834273893616,1,0,-1.342812533759457,-0.28883308415819753,0,1,0,1,1,0,1,0,1,0,1,0,1,0,1,0,0,1,0,0,0
1,0,0,0,-0.5896262538947137,1,1,0.5155121759805812,-0.37313217990652714,0,1,1,0,0,0,0,1,0,0,0,0,0,0,0,0,0,0,0,1,0
0,0,1,1,-0.6710377235719016,1,0,0.11729973817914446,-0.5210946552564598,0,0,0,0,0,1,0,1,0,0,0,1,0,0,0,1,0,1,0,0,0
0,0,1,0,1.2828375486806096,1,1,0.11729973817914446,0.9119899724651435,0,0,0,0,0,0,0,1,0,1,0,1,0,0,0,1,0,1,0,0,1
1,0,0,0,-1.2409180113122174,1,1,-0.6127563977901562,-0.9720070059519521,0,0,0,0,0,0,0,0,0,0,0,0,0,0,0,0,0,0,0,0,0
1,0,1,1,1.6084834273893616,1,0,0.8473558741484452,1.8722093599734602,0,1,1,0,0,0,0,1,0,1,0,1,0,0,0,0,0,1,0,0,0
1,0,0,1,1.2421318138420157,0,1,-0.8118626166908747,0.12607652772811223,1,0,0,0,0,1,0,1,0,0,0,1,0,0,0,0,1,0,0,0,0
0,0,0,0,-1.2816237461508113,1,1,0.18366847781271725,-0.9794709883880021,0,0,1,0,0,0,0,0,0,0,0,0,0,0,0,0,0,0,0,1,0
1,0,0,0,-1.2816237461508113,1,0,-1.4755500130266026,-1.0014238779057962,0,0,0,1,1,0,1,0,1,0,1,0,1,0,1,0,0,0,0,0,1
1,0,1,1,1.0793088744876398,0,0,-1.0109688355915931,-0.14087060880826485,1,0,0,0,0,1,0,0,0,1,0,0,0,0,0,0,1,0,0,0,1
0,0,1,1,0.7536629957788878,1,1,0.5155121759805812,0.796956831391902,0,1,1,0,0,0,0,0,0,0,0,1,0,0,0,0,0,0,0,1,0
0,0,0,0,-1.0780950719578415,0,1,-0.04862211090478751,-0.8574129226690665,1,0,0,0,0,1,0,1,0,1,0,1,0,1,0,1,0,1,0,0,1
0,0,0,0,0.9978974048104517,1,0,0.15048410799593087,0.6994860019328959,0,0,0,0,0,0,0,1,0,1,0,1,0,1,0,0,0,1,0,0,1
0,1,1,0,0.5501343215859179,1,0,1.1791995723163091,1.0766366438485997,0,1,1,0,0,0,0,0,0,0,0,1,0,1,0,1,1,0,0,1,0
1,0,0,0,-0.7524491932490895,0,1,-0.31409706943907867,-0.6716914773485279,1,0,0,0,0,0,0,0,0,1,0,1,0,1,0,1,0,0,0,1,0
1,0,0,0,-0.8745663977648716,1,0,-0.3804658090726515,-0.7432578971765368,0,1,0,0,0,0,0,0,0,1,0,0,0,0,0,0,0,0,0,1,0
0,0,0,0,-1.2002122764736234,1,1,-1.4755500130266026,-0.983422508501205,0,0,0,1,1,0,1,0,1,0,1,0,1,0,1,0,0,0,0,0,1
0,0,1,0,0.30589991255435406,1,0,-0.04862211090478751,0.14671224387483878,0,1,0,0,0,0,0,1,0,0,0,0,0,1,0,0,1,0,0,0,0
1,0,0,0,0.020959768684196134,1,1,0.48232780616379484,0.12080783424384164,0,0,1,0,0,0,0,1,0,1,0,0,0,0,0,0,0,0,1,0,0
1,0,0,0,-0.9559778674420595,1,1,0.5486965457973676,-0.6659837260739013,0,1,1,0,0,1,0,0,0,0,0,0,0,0,0,0,0,0,0,1,0
0,0,1,1,-0.4268033145403377,1,0,-0.1149908505383603,-0.38586485582684776,0,0,0,0,0,1,0,1,0,1,0,0,0,0,0,0,0,0,0,0,1
0,0,0,0,-0.7117434584104956,1,0,-1.508734382843389,-0.8648769051051165,0,0,0,1,1,0,1,0,1,0,1,0,1,0,1,0,0,1,0,0,1
1,0,1,1,-1.3223294809894055,1,0,-1.3096281639426706,-0.39684130058574485,0,1,0,1,1,0,1,0,1,0,1,0,1,0,1,0,0,1,0,0,1
1,0,0,0,-1.2002122764736234,1,1,0.28322158726307645,-0.9083436263503489,0,0,1,0,0,0,0,0,0,1,0,0,0,0,0,0,0,0,1,0,0
1,0,0,0,-0.7931549280876836,1,1,0.6150652854309404,-0.5448037759356775,0,0,1,0,0,0,0,0,0,1,0,0,0,1,0,0,0,0,0,1,0
1,0,0,0,-0.4675090493789317,1,0,-1.4755500130266026,-0.8271179351345106,0,0,0,1,1,0,1,0,1,0,1,0,1,0,1,0,0,0,0,0,1
1,0,0,0,-1.0780950719578415,1,0,-0.1813595901719331,-0.8534614025558636,0,0,0,0,0,0,0,1,0,0,0,0,0,1,0,0,0,0,0,1,0
0,0,0,0,-0.9966836022806536,1,0,0.34959032689664926,-0.7753091158725163,0,0,1,0,0,0,0,1,0,0,0,0,0,0,0,0,0,0,0,1,0
1,0,0,0,-1.2002122764736234,1,1,-0.48001891852301065,-0.945663538530599,0,0,0,0,0,0,0,0,0,0,0,1,0,0,0,0,0,0,0,0,1
1,0,1,1,1.2421318138420157,1,0,-1.508734382843389,-0.46357808471983913,0,0,0,1,1,0,1,0,1,0,1,0,1,0,1,0,0,1,0,0,1
0,0,1,0,0.7129572609402939,1,1,-1.508734382843389,-0.5961735374073159,0,0,0,1,1,0,1,0,1,0,1,0,1,0,1,0,1,0,0,0,0
0,0,0,0,1.3235432835192036,1,1,1.5442276403009596,2.110178682346349,0,1,1,0,0,1,0,1,0,1,0,0,0,1,0,1,0,0,1,0,0
1,1,0,0,0.46872285190873,1,0,0.28322158726307645,0.36053338777815397,0,0,1,0,0,0,0,0,0,1,0,0,0,0,0,0,0,0,0,1,0
0,0,0,0,-1.2409180113122174,1,1,-0.5132032883397971,-0.9702507747905286,0,0,0,0,0,0,0,1,0,0,0,0,0,0,0,0,0,0,1,0,0
1,0,1,0,-0.9152721326034655,1,1,0.48232780616379484,-0.6339325073779218,0,0,1,0,0,0,0,0,0,0,0,0,0,1,0,0,0,0,0,1,0
1,1,1,0,0.590840056424512,1,1,1.1791995723163091,1.128445463110594,0,1,1,0,0,0,0,0,0,1,0,0,0,1,0,1,0,0,0,1,0
1,0,1,1,1.4863662228735797,1,0,1.013277723232377,1.8485002392942425,0,1,1,0,0,0,0,1,0,1,0,0,0,1,0,0,1,0,1,0,0
0,0,1,0,-0.30468611002455576,0,1,-1.0109688355915931,-0.6356887385393454,1,0,0,0,0,0,0,0,0,0,0,0,0,1,0,0,0,0,0,0,0
1,0,0,0,-0.8338606629262776,0,1,-0.48001891852301065,-0.7445750705476045,1,0,0,0,0,1,0,1,0,0,0,1,0,1,0,0,0,0,0,0,0
1,1,1,0,1.6084834273893616,1,1,-1.3096281639426706,-0.21902289549161208,0,1,0,1,1,0,1,0,1,0,1,0,1,0,1,0,0,1,0,0,0
1,0,0,1,-0.06045170099299184,0,0,-1.3096281639426706,-0.663788437122122,1,0,0,0,0,0,0,0,0,0,0,0,0,0,0,0,0,0,1,0,0
0,0,1,0,-1.2816237461508113,1,1,0.15048410799593087,-0.979910046178358,0,0,1,0,0,0,0,0,0,0,0,0,0,0,0,0,0,0,0,0,1
0,0,1,0,-0.2639803751859618,0,0,-0.5795720279733698,-0.4877262631894127,1,0,0,0,0,1,0,1,0,1,0,0,0,1,0,0,1,0,0,0,0
0,0,1,1,-0.9966836022806536,1,1,0.6150652854309404,-0.7116457362709132,0,0,1,0,0,0,0,1,0,0,0,0,0,1,0,0,0,0,0,1,0
1,1,1,0,0.1023712383613841,1,1,0.9800933534155908,0.4672244308346336,0,1,1,0,0,1,0,1,0,0,0,0,0,0,0,1,0,0,0,1,0
1,0,0,0,-0.1825689055087738,1,0,1.1791995723163091,0.16998230676370057,0,1,1,0,0,0,0,1,0,0,0,0,0,1,0,1,1,0,0,1,0
0,0,0,0,-0.4675090493789317,1,1,1.3119370515834547,-0.027154641106091053,0,0,1,0,0,0,0,1,0,1,0,1,0,1,0,1,1,0,0,0,1
1,0,0,1,-0.7931549280876836,1,0,0.050930998545571676,-0.6453480099271748,0,0,0,0,0,0,0,0,0,0,0,0,0,1,0,1,0,0,1,0,0
0,0,1,1,1.6084834273893616,1,1,1.1128308326827363,2.1198379537341783,0,1,1,0,0,0,0,1,0,1,0,1,0,0,0,1,0,1,0,0,0
0,0,0,0,-1.2816237461508113,1,0,-0.679125137423729,-0.990886490937255,0,0,0,0,0,0,0,0,0,0,0,0,0,0,0,0,0,0,0,0,1
1,0,1,0,1.5270719577121736,1,0,-1.508734382843389,-0.38103522013293306,0,0,0,1,1,0,1,0,1,0,1,0,1,0,1,0,0,1,1,0,0
0,0,0,0,-1.2002122764736234,1,1,-0.04862211090478751,-0.942151076207752,0,1,0,0,0,0,0,0,0,0,0,1,0,1,0,0,0,0,0,1,0
0,0,0,0,-0.7931549280876836,1,0,0.08411536836235807,-0.6405183742332601,0,0,0,0,0,1,0,1,0,0,0,1,0,0,0,1,0,0,0,0,0
1,1,0,0,1.4049547531963917,1,1,1.7101494893848914,2.4315689848868556,0,1,1,0,0,1,0,1,0,1,0,1,0,1,0,1,0,1,1,0,0
1,0,1,0,0.631545791263106,1,1,0.18366847781271725,0.49137260930420723,0,1,0,0,0,0,0,1,0,1,0,0,0,0,0,1,1,0,1,0,0
0,1,0,0,0.346605647392948,1,1,1.3119370515834547,0.804420813827952,0,1,1,0,0,0,0,1,0,1,0,0,0,1,0,1,0,0,0,1,0
0,0,0,0,0.9978974048104517,1,1,0.31640595707986285,0.8189097209096962,0,0,0,0,0,1,0,1,0,1,0,1,0,1,0,0,0,1,1,0,0
1,0,0,0,-1.2816237461508113,1,1,-0.679125137423729,-0.990886490937255,0,0,0,0,0,0,0,0,0,0,0,0,0,0,0,0,0,0,0,0,1
1,0,0,0,0.30589991255435406,1,1,-1.342812533759457,-0.5830018036966393,0,1,0,1,1,0,1,0,1,0,1,0,1,0,1,0,0,1,0,0,1
1,1,0,0,-1.2816237461508113,1,1,0.34959032689664926,-0.9772756994362226,0,1,1,0,0,0,0,0,0,0,0,0,0,0,0,0,0,0,0,1,0
1,0,1,1,-0.38609757970174374,1,0,-1.508734382843389,-0.8187758371177488,0,0,0,1,1,0,1,0,1,0,1,0,1,0,1,0,1,0,0,0,1
0,0,1,0,0.46872285190873,1,1,-0.1149908505383603,0.18491027163580062,0,0,0,0,0,1,0,1,0,1,0,0,0,0,0,0,1,0,0,0,1
1,0,1,1,-0.9559778674420595,1,1,0.48232780616379484,-0.719987834287675,0,1,1,0,0,0,0,0,0,1,0,0,0,0,0,0,0,0,0,0,0
1,0,1,0,-0.1418631706701798,1,1,0.5155121759805812,-0.015739138556838082,0,1,1,0,0,0,0,1,0,0,0,0,0,0,0,0,0,0,0,0,0
1,0,0,0,-0.6303319887333076,1,1,-0.31409706943907867,-0.6001250575205188,0,0,0,0,0,1,0,1,0,0,0,0,0,0,0,0,0,0,1,0,0
1,0,0,0,-0.2639803751859618,1,0,-0.1813595901719331,-0.34854494364659766,0,0,0,0,0,0,0,0,0,0,0,1,0,1,0,0,1,0,1,0,0
1,0,1,0,0.46872285190873,1,1,0.18366847781271725,0.416732784943707,0,0,0,0,0,0,0,1,0,1,0,1,0,1,0,0,1,0,0,1,0
0,0,1,0,0.14307697319997809,1,1,1.3783057912170276,0.6731425345115429,0,1,1,0,0,1,0,1,0,1,0,1,0,0,0,1,0,1,1,0,0
0,0,1,1,1.4456604880349857,1,1,0.6150652854309404,1.5069132783973656,0,1,1,0,0,0,0,1,0,0,0,1,0,0,0,0,1,0,0,0,0
0,0,1,1,-1.1188008067964355,0,0,-1.0109688355915931,-0.9386386138849049,1,0,0,0,0,0,0,1,0,0,0,1,0,0,0,0,0,0,0,1,0
1,1,0,0,0.7536629957788878,1,1,1.07964646286595,1.146885890305541,0,1,1,0,0,0,0,0,0,1,0,0,0,1,0,1,0,0,0,1,0
1,0,0,1,0.9978974048104517,1,0,0.8141715043316587,1.1903526115507734,0,1,0,0,0,1,0,1,0,1,0,1,0,1,0,1,0,1,0,0,1
1,0,0,1,1.6084834273893616,0,0,0.08411536836235807,1.0406339050394173,1,0,0,0,0,1,0,1,0,1,0,1,0,1,0,1,0,1,1,0,0
1,0,1,0,-0.8745663977648716,1,1,-0.6459407676069426,-0.7814559249374987,0,0,0,0,0,0,0,0,0,0,0,0,0,0,0,0,0,0,0,0,0
0,0,1,1,-1.2002122764736234,1,1,-0.2145439599887195,-0.9364433249331255,0,0,0,0,0,0,0,1,0,0,0,0,0,1,0,0,0,0,1,0,0
0,1,0,0,-0.4268033145403377,1,0,0.5486965457973676,-0.21111985526520619,0,0,1,0,0,1,0,1,0,0,0,0,0,0,0,0,0,0,0,1,0
0,0,1,1,1.0793088744876398,1,0,-1.4755500130266026,-0.4455767153152479,0,0,0,1,1,0,1,0,1,0,1,0,1,0,1,0,0,1,0,0,1
1,0,1,1,1.1607203441648277,1,0,1.2787526817666683,1.8212786562921777,0,0,1,0,0,0,0,1,0,1,0,1,0,1,0,1,1,0,1,0,0
1,1,1,0,1.0793088744876398,1,1,0.581880915614154,1.1424953124019823,0,0,1,0,0,1,0,1,0,1,0,0,0,0,0,0,1,0,1,0,0
0,0,0,0,0.14307697319997809,1,1,0.9800933534155908,0.5550359889058103,0,0,1,0,0,0,0,1,0,0,0,0,0,1,0,1,0,0,1,0,0
1,0,0,0,-1.1188008067964355,1,0,-1.4755500130266026,-0.9623477345641226,0,0,0,1,1,0,1,0,1,0,1,0,1,0,1,0,0,0,0,0,1
1,0,0,0,-1.2816237461508113,1,1,-0.48001891852301065,-0.9882521441951198,0,1,0,0,0,0,0,0,0,0,0,0,0,0,0,0,0,0,0,1,0
1,1,0,0,-0.8338606629262776,1,1,0.28322158726307645,-0.6466651832982425,0,1,1,0,0,0,0,0,0,0,0,0,0,0,0,0,0,0,1,0,0
1,0,0,0,-1.2816237461508113,1,0,-1.4755500130266026,-1.0014238779057962,0,0,0,1,1,0,1,0,1,0,1,0,1,0,1,0,0,0,0,1,0
1,0,1,0,0.30589991255435406,1,0,0.18366847781271725,0.2722827719166214,0,1,0,0,0,0,0,1,0,0,0,1,0,1,0,0,1,0,1,0,0
0,0,1,1,0.387311382231542,1,1,0.913724613782018,0.6911439039161341,0,0,1,0,0,0,0,0,0,1,0,0,0,1,0,1,0,0,0,1,0
0,0,1,1,1.4863662228735797,1,0,-1.508734382843389,-0.3972803583761007,0,0,0,1,1,0,1,0,1,0,1,0,1,0,1,0,0,1,0,0,0
1,0,1,1,-0.1825689055087738,1,0,-0.015437741088001118,-0.21902289549161208,0,1,0,0,0,0,0,1,0,0,0,0,0,0,0,1,0,0,0,1,0
1,0,0,0,1.0386031396490458,1,0,1.1460152024995227,1.501205527122739,0,0,1,0,0,1,0,1,0,0,0,0,0,1,0,1,1,0,0,0,0
1,0,1,0,1.5677776925507676,1,1,1.7101494893848914,2.749885882894871,0,1,1,0,0,1,0,1,0,1,0,1,0,1,0,1,0,1,0,1,0
0,0,1,1,1.5270719577121736,1,1,0.5155121759805812,1.3870505016302093,0,1,0,0,0,1,0,0,0,0,0,1,0,1,0,1,0,1,0,0,0
1,0,1,1,0.7943687306174818,1,0,-1.342812533759457,-0.47060300936553323,0,1,0,1,1,0,1,0,1,0,1,0,1,0,1,0,0,1,0,0,1
1,0,1,1,-0.5896262538947137,0,0,-1.3096281639426706,-0.8051650456167164,1,0,0,0,0,0,0,0,0,0,0,0,0,0,0,0,0,0,1,0,0
1,0,1,0,1.6084834273893616,1,1,0.581880915614154,1.6153605526152686,0,1,0,0,0,1,0,1,0,1,0,1,0,0,0,1,0,1,0,0,0
1,0,0,0,-0.5896262538947137,1,0,-0.5132032883397971,-0.6264685249418719,0,0,0,0,0,1,0,0,0,0,0,0,0,0,0,0,0,0,0,1,0
0,0,1,0,0.9978974048104517,1,1,0.18366847781271725,0.8004692937147491,0,0,0,0,0,1,0,1,0,0,0,1,0,1,0,0,0,1,1,0,0
0,0,0,0,-0.22327464034736777,1,1,-0.2809126996222923,-0.2848815640449946,0,0,0,0,0,1,0,1,0,0,0,0,0,0,0,0,0,0,0,0,1
1,0,1,0,-0.3453918448631497,1,1,1.3119370515834547,0.10587986937174161,0,1,1,0,0,0,0,1,0,1,0,0,0,1,0,1,0,0,0,1,0
1,0,1,1,-0.9152721326034655,1,0,-1.4755500130266026,-0.9039530484467901,0,0,0,1,1,0,1,0,1,0,1,0,1,0,1,0,1,0,0,0,1
0,0,1,1,1.6084834273893616,1,0,-1.342812533759457,-0.19399660144132674,0,1,0,1,1,0,1,0,1,0,1,0,1,0,1,0,0,1,0,0,1
1,0,0,0,-1.0373893371192475,1,1,-1.3096281639426706,-0.9434682495788197,0,1,0,1,1,0,1,0,1,0,1,0,1,0,1,0,0,0,0,0,0
1,0,1,1,0.8757802002946699,1,1,0.18366847781271725,0.6450428359287664,0,1,0,0,0,0,0,1,0,0,0,1,0,1,0,0,1,0,0,1,0
0,1,1,0,0.46872285190873,1,1,0.6814340250645132,0.6011370568931781,0,0,1,0,0,1,0,1,0,0,0,1,0,0,0,0,0,0,0,1,0
1,0,1,0,0.9571916699718578,1,1,0.5155121759805812,0.9905813169388465,0,0,1,0,0,0,0,0,0,0,0,0,0,0,0,1,1,0,0,1,0
1,0,0,0,-1.2816237461508113,1,0,-1.508734382843389,-1.0018629356961521,0,0,0,1,1,0,1,0,1,0,1,0,1,0,1,0,0,0,0,0,1
0,0,0,0,1.6084834273893616,1,1,1.5442276403009596,2.5075259826184233,0,1,1,0,0,0,0,1,0,1,0,1,0,1,0,1,0,1,0,0,0
0,0,0,1,-0.8338606629262776,1,1,0.44914343634700843,-0.611101502279416,0,1,1,0,0,1,0,0,0,0,0,0,0,0,0,0,0,0,0,1,0
1,0,1,0,-0.1825689055087738,1,0,-0.3472814392558651,-0.3841086246654242,0,0,0,0,0,1,0,0,0,0,0,1,0,0,0,0,1,0,0,0,1
0,0,1,1,1.6084834273893616,1,1,1.3119370515834547,2.196234009256102,0,1,1,0,0,1,0,1,0,0,0,0,0,1,0,1,1,0,0,1,0
1,1,0,0,-1.1188008067964355,1,0,-0.48001891852301065,-0.9061483373985696,0,0,0,0,0,0,0,0,0,1,0,0,0,0,0,0,0,0,0,1,0
1,0,0,0,-0.10115743583158582,1,1,1.013277723232377,0.24198778438206545,0,1,1,0,0,1,0,1,0,1,0,1,0,0,0,0,0,0,1,0,0
1,0,0,0,-0.4268033145403377,1,1,1.1791995723163091,0.05011952999654442,0,1,1,0,0,0,0,1,0,0,0,0,0,1,0,1,0,0,0,1,0
1,0,1,0,1.3235432835192036,1,1,1.3119370515834547,1.9806566341913634,0,1,1,0,0,1,0,0,0,1,0,0,0,1,0,1,0,0,0,1,0
0,0,0,0,0.6722515261016999,1,1,0.6482496552477268,0.7047546954171665,0,1,1,0,0,0,0,0,0,0,0,0,0,0,0,1,0,0,0,1,0
0,0,0,0,-0.7931549280876836,1,1,0.5486965457973676,-0.592222017294113,0,0,1,0,0,0,0,1,0,1,0,0,0,0,0,0,0,0,0,1,0
1,0,1,0,0.8757802002946699,1,0,1.4778589006673868,1.6724380653615334,0,0,1,0,0,1,0,1,0,1,0,1,0,1,0,1,0,1,0,0,0
1,0,1,1,0.9978974048104517,1,0,-1.4755500130266026,-0.5171431351432569,0,0,0,1,1,0,1,0,1,0,1,0,1,0,1,0,0,1,0,0,1
0,0,0,0,-1.2816237461508113,1,0,-0.679125137423729,-0.990886490937255,0,0,0,0,0,0,0,0,0,0,0,0,0,0,0,0,0,0,0,0,0
1,0,1,1,1.5677776925507676,1,0,0.8473558741484452,1.7501512942545248,0,1,0,0,0,1,0,1,0,1,0,1,0,1,0,1,0,1,1,0,0
0,0,0,0,-1.2816237461508113,1,1,-0.5463876581565834,-0.9891302597758315,0,0,0,0,0,1,0,0,0,0,0,0,0,0,0,0,0,0,0,0,0
1,0,1,0,1.5270719577121736,1,0,0.48232780616379484,1.4169064313744093,0,1,0,0,0,1,0,1,0,1,0,1,0,1,0,0,1,0,0,0,0
0,0,1,0,0.7943687306174818,0,0,0.050930998545571676,0.45185740817217773,1,0,0,0,0,1,0,1,0,1,0,1,0,1,0,1,0,1,1,0,0
0,0,1,0,0.9571916699718578,1,0,0.8473558741484452,1.2360146217477854,0,1,1,0,0,0,0,1,0,1,0,1,0,0,0,0,0,0,0,1,0
0,0,1,1,-0.8745663977648716,0,1,-1.176890684675525,-0.8582910382497783,1,0,0,0,0,1,0,0,0,0,0,0,0,0,0,0,0,0,0,1,0
1,0,0,0,-1.1188008067964355,1,0,-1.508734382843389,-0.9632258501448344,0,0,0,1,1,0,1,0,1,0,1,0,1,0,1,0,0,0,0,0,1
1,0,0,0,-0.8338606629262776,0,0,-1.0109688355915931,-0.8161414903756135,1,0,0,0,0,0,0,1,0,0,0,1,0,0,0,0,0,0,0,0,1
0,0,0,0,-1.0780950719578415,1,1,0.8805402439652316,-0.8104337391009869,0,0,1,0,0,0,0,0,0,0,0,0,0,1,0,1,0,0,0,1,0
0,1,0,0,-1.2409180113122174,1,1,0.48232780616379484,-0.9403948450463284,0,0,1,0,0,0,0,0,0,0,0,0,0,0,0,1,0,0,0,0,0
0,0,1,1,0.7129572609402939,1,0,1.2787526817666683,1.252259759990953,0,0,1,0,0,0,0,0,0,1,0,1,0,1,0,1,1,0,0,0,1
1,0,1,0,0.346605647392948,1,1,0.5155121759805812,0.499714707320969,0,1,1,0,0,0,0,1,0,0,0,0,0,0,0,0,0,0,0,1,0
1,0,0,1,1.4456604880349857,1,1,0.7146183948812996,1.572332889160392,0,1,0,0,0,1,0,1,0,0,0,1,0,1,0,1,0,1,0,0,0
0,0,1,0,-0.4268033145403377,1,1,0.5155121759805812,-0.2611724433657769,0,0,1,0,0,0,0,0,0,0,0,0,0,1,0,0,0,0,1,0,0
1,0,1,0,0.7536629957788878,1,1,1.3783057912170276,1.4037346976637328,0,1,1,0,0,0,0,1,0,1,0,0,0,1,0,1,1,0,0,0,0
0,0,0,0,-0.10115743583158582,1,1,0.11729973817914446,-0.1154052569676236,0,1,0,0,0,0,0,1,0,1,0,0,0,1,0,0,1,0,1,0,0
1,0,0,0,0.30589991255435406,1,1,0.8141715043316587,0.5212285390484073,0,0,1,0,0,0,0,1,0,0,0,1,0,0,0,1,1,0,1,0,0
1,0,1,0,1.3235432835192036,1,1,1.1460152024995227,1.7764947616758777,0,1,1,0,0,1,0,1,0,1,0,0,0,1,0,0,0,1,0,1,0
1,1,1,1,1.4456604880349857,1,0,-1.508734382843389,-0.4864090898183451,0,0,0,1,1,0,1,0,1,0,1,0,1,0,1,0,1,0,0,0,0
1,0,0,0,-0.9152721326034655,1,1,-0.1813595901719331,-0.7300861634658603,0,0,0,0,0,0,0,1,0,0,0,0,0,1,0,0,0,0,0,0,1
0,0,1,0,1.2828375486806096,1,1,0.9800933534155908,1.6013107033238803,0,1,1,0,0,1,0,0,0,1,0,0,0,1,0,0,0,1,1,0,0
0,0,0,0,1.0386031396490458,1,1,1.3783057912170276,1.6878050880239894,0,0,1,0,0,1,0,1,0,1,0,0,0,1,0,1,1,0,0,1,0
1,0,1,1,-0.7117434584104956,1,1,-1.508734382843389,-0.9052702218178578,0,0,0,1,1,0,1,0,1,0,1,0,1,0,1,0,1,0,0,0,1
0,0,0,0,1.5677776925507676,1,1,1.3783057912170276,2.1874528534489843,0,1,1,0,0,1,0,1,0,1,0,0,0,1,0,1,0,1,1,0,0
0,0,0,1,-1.1595065416350294,1,1,1.1128308326827363,-0.8363381487319841,0,0,1,0,0,0,0,0,0,1,0,1,0,1,0,1,0,0,0,0,0
0,0,0,0,1.6084834273893616,1,0,0.7146183948812996,1.7778119350469455,0,1,0,0,0,0,0,1,0,1,0,1,0,1,0,1,0,1,0,0,0
1,0,0,0,-0.30468611002455576,1,1,0.9800933534155908,0.026849467107682604,0,1,1,0,0,0,0,0,0,0,0,0,0,1,0,1,0,0,0,0,0
0,0,0,1,0.46872285190873,1,1,0.415959066530222,0.5137645566123573,0,1,0,0,0,0,0,1,0,0,0,0,0,1,0,1,1,0,0,0,1
1,0,0,0,-1.1188008067964355,1,0,0.34959032689664926,-0.8380943798934076,0,0,0,0,0,0,0,0,0,1,0,1,0,1,0,1,0,0,0,0,0
1,0,1,0,0.020959768684196134,1,1,-0.679125137423729,-0.36830254421261244,0,0,0,0,0,0,0,0,0,0,0,0,0,0,0,0,0,0,1,0,0
1,0,0,1,-1.2816237461508113,1,1,-0.5132032883397971,-0.9886912019854757,0,0,0,0,0,0,0,1,0,0,0,0,0,0,0,0,0,0,0,1,0
1,0,0,0,-0.7524491932490895,1,1,0.913724613782018,-0.42318476800709787,0,0,1,0,0,0,0,0,0,0,0,0,0,1,0,1,0,0,0,1,0
0,0,1,1,-0.5082147842175256,1,0,-1.4755500130266026,-0.8161414903756135,0,0,0,1,1,0,1,0,1,0,1,0,1,0,1,0,0,0,0,0,1
1,0,0,0,-0.9966836022806536,1,1,0.050930998545571676,-0.7559905730968575,0,0,0,0,0,1,0,0,0,1,0,0,0,0,0,1,0,0,0,1,0
1,0,1,0,-1.2002122764736234,0,0,-1.176890684675525,-0.9689336014194608,1,0,0,0,0,0,0,1,0,0,0,0,0,0,0,0,0,0,1,0,0
1,0,1,1,1.4049547531963917,1,1,-1.508734382843389,-0.44645483089595966,0,0,0,1,1,0,1,0,1,0,1,0,1,0,1,0,0,1,1,0,0
1,0,1,1,1.6084834273893616,1,1,0.747802764698086,1.82742546535716,0,1,0,0,0,1,0,1,0,1,0,1,0,1,0,1,0,1,0,0,0
0,1,0,0,-1.2816237461508113,1,1,0.21685284762950366,-0.9790319305976461,0,0,1,0,0,0,0,0,0,0,0,0,0,0,0,0,0,0,0,1,0
0,0,1,1,0.30589991255435406,1,1,0.21685284762950366,0.23979249543028605,0,0,0,0,0,1,0,1,0,0,0,1,0,0,0,1,0,0,0,0,1
1,0,1,1,1.1200146093262338,1,0,-1.3759969035762434,-0.3489840014369536,0,1,0,1,1,0,1,0,1,0,1,0,1,0,1,0,1,0,1,0,0
0,0,0,0,0.9571916699718578,0,1,-0.679125137423729,0.11553914075957104,1,0,0,0,0,0,0,0,0,0,0,0,0,1,0,1,0,0,1,0,0
0,0,1,1,-0.3453918448631497,1,0,0.6150652854309404,-0.11760054591940303,0,1,1,0,0,0,0,1,0,1,0,0,0,0,0,0,1,0,0,0,0
1,0,1,1,1.6084834273893616,1,0,0.11729973817914446,1.1214205384648999,0,0,0,0,0,1,0,1,0,0,0,1,0,1,0,0,0,1,0,0,0
1,0,1,0,-0.8338606629262776,1,0,-1.508734382843389,-0.9215153600610255,0,0,0,1,1,0,1,0,1,0,1,0,1,0,1,0,1,0,0,0,0
1,0,1,1,0.7943687306174818,0,0,-0.679125137423729,-0.010909502862923366,1,0,0,0,0,1,0,0,0,1,0,0,0,0,0,1,1,0,0,0,0
0,0,1,0,-1.1595065416350294,0,1,-1.3096281639426706,-0.9667383124676815,1,0,0,0,0,0,0,0,0,0,0,0,0,0,0,0,0,0,0,1,0
1,0,1,1,-1.0780950719578415,1,1,-0.5132032883397971,-0.8806829855579283,0,0,0,0,0,1,0,0,0,0,0,0,0,0,0,0,0,0,0,1,0
0,0,0,0,-1.0780950719578415,0,1,-0.5795720279733698,-0.8762924076543694,1,0,0,0,0,0,0,0,0,1,0,0,0,1,0,1,0,0,0,1,0
1,1,0,0,1.3642490183577978,1,0,1.5110432704841732,2.252872464212011,0,1,1,0,0,0,0,1,0,1,0,1,0,1,0,1,1,0,1,0,0
1,0,1,1,1.5677776925507676,1,0,-1.508734382843389,-0.40518339860250663,0,0,0,1,1,0,1,0,1,0,1,0,1,0,1,0,0,1,0,0,1
0,0,1,1,-0.8338606629262776,1,0,-1.508734382843389,-0.9096607997214167,0,0,0,1,1,0,1,0,1,0,1,0,1,0,1,0,1,0,0,0,0
1,0,0,0,-1.2002122764736234,1,1,0.31640595707986285,-0.9096607997214167,0,1,1,0,0,0,0,0,0,0,0,0,0,0,0,0,0,0,0,1,0
0,0,0,1,-0.7931549280876836,1,1,-0.2809126996222923,-0.674764881881019,0,0,0,0,0,1,0,1,0,0,0,0,0,0,0,0,0,0,0,1,0
0,0,1,1,0.8350744654560759,1,1,1.3119370515834547,1.4335906274079329,0,1,1,0,0,1,0,1,0,1,0,1,0,0,0,1,0,1,0,0,0
0,0,0,0,-0.8745663977648716,1,0,-1.4755500130266026,-0.9061483373985696,0,0,0,1,1,0,1,0,1,0,1,0,1,0,1,0,1,0,1,0,0
0,0,0,0,-0.7931549280876836,1,1,0.6814340250645132,-0.4767498184305156,0,1,1,0,0,0,0,0,0,0,0,0,0,0,0,1,0,0,0,1,0
0,0,0,0,-0.8745663977648716,1,0,-1.3096281639426706,-0.9026358750757225,0,1,0,1,1,0,1,0,1,0,1,0,1,0,1,0,1,0,0,1,0
0,0,0,0,-0.8338606629262776,1,1,1.1460152024995227,-0.4666514892523303,0,1,1,0,0,1,0,1,0,1,0,0,0,0,0,1,0,0,0,0,0
1,0,1,1,0.020959768684196134,1,0,-1.4755500130266026,-0.7379892036922662,0,0,0,1,1,0,1,0,1,0,1,0,1,0,1,0,1,0,1,0,0
0,0,1,1,1.2421318138420157,1,0,-1.508734382843389,-0.4556750444934332,0,0,0,1,1,0,1,0,1,0,1,0,1,0,1,0,0,1,0,1,0
1,0,0,0,-0.7931549280876836,1,1,0.28322158726307645,-0.5904657861326894,0,0,1,0,0,1,0,0,0,0,0,0,0,0,0,0,0,0,1,0,0
1,0,0,0,-0.5896262538947137,1,0,-0.31409706943907867,-0.5456818915163894,0,0,0,0,0,0,0,0,0,1,0,1,0,0,0,0,0,0,1,0,0
0,1,0,0,-1.0780950719578415,1,0,0.31640595707986285,-0.8196539526984605,0,0,1,0,0,0,0,0,0,1,0,0,0,0,0,0,0,0,0,1,0
1,1,1,0,0.5501343215859179,1,1,0.5155121759805812,0.5725983005200457,0,0,1,0,0,0,0,0,0,0,0,0,0,0,0,1,0,0,0,1,0
1,0,0,0,-0.9152721326034655,1,1,0.48232780616379484,-0.6207607736672454,0,0,1,0,0,1,0,0,0,1,0,0,0,0,0,0,0,0,0,0,1
0,0,0,0,0.06166550352279012,1,1,0.18366847781271725,0.050558587786900304,0,0,1,0,0,0,0,0,0,0,0,0,0,0,0,0,0,0,1,0,0
1,1,0,0,1.4049547531963917,1,0,-1.3096281639426706,-0.2761004082378769,0,1,0,1,1,0,1,0,1,0,1,0,1,0,1,0,0,1,1,0,0
1,0,0,0,-1.1595065416350294,1,1,0.31640595707986285,-0.8789267543965048,0,0,0,0,0,0,0,0,0,1,0,1,0,1,0,1,0,0,0,1,0
1,0,0,0,-0.5082147842175256,1,1,0.11729973817914446,-0.38849920256898307,0,1,0,0,0,0,0,1,0,0,0,1,0,1,0,0,1,0,0,1,0
1,0,1,0,-1.2816237461508113,1,0,0.18366847781271725,-0.9794709883880021,0,0,1,0,0,0,0,0,0,0,0,0,0,0,0,0,0,0,0,1,0
0,0,0,0,-1.2816237461508113,1,0,-1.4755500130266026,-1.0014238779057962,0,0,0,1,1,0,1,0,1,0,1,0,1,0,1,0,0,0,0,0,1
0,0,0,0,-0.7524491932490895,1,0,0.34959032689664926,-0.5601707985981335,0,0,1,0,0,0,0,0,0,1,0,0,0,0,0,0,0,0,0,1,0
0,0,0,1,0.5501343215859179,1,1,0.6482496552477268,0.7275857005156725,0,1,1,0,0,0,0,0,0,1,0,1,0,0,0,0,0,0,0,0,0
1,0,1,1,-0.7524491932490895,1,0,0.15048410799593087,-0.59573447961696,0,1,0,0,0,1,0,1,0,0,0,0,0,0,0,1,0,0,0,0,1
0,0,0,0,-0.9966836022806536,1,0,-1.508734382843389,-0.9417120184173962,0,0,0,1,1,0,1,0,1,0,1,0,1,0,1,0,0,0,0,0,1
1,0,0,0,-0.9966836022806536,1,1,-0.6459407676069426,-0.817897721537037,0,0,0,0,0,0,0,0,0,0,0,0,0,0,0,0,0,0,0,0,1
1,0,0,1,0.14307697319997809,1,1,0.9800933534155908,0.5317659260169485,0,0,1,0,0,0,0,1,0,0,0,0,0,1,0,1,0,0,0,1,0
1,1,1,0,-1.1188008067964355,1,1,0.48232780616379484,-0.8596082116208459,0,1,1,0,0,0,0,0,0,1,0,0,0,0,0,0,0,0,0,0,0
1,0,1,1,-0.4268033145403377,1,1,-0.44683454870622424,-0.4692858359944656,0,0,0,0,0,0,0,0,0,0,0,1,0,0,0,0,0,0,0,1,0
0,0,1,0,0.387311382231542,0,0,-1.0441532054083793,-0.37576652664866245,1,0,0,0,0,0,0,1,0,0,0,1,0,0,0,0,1,0,0,0,1
1,0,1,1,-1.0780950719578415,1,0,-1.508734382843389,-0.9566399832894962,0,0,0,1,1,0,1,0,1,0,1,0,1,0,1,0,0,0,0,0,1
0,1,0,0,-0.2639803751859618,1,1,0.6814340250645132,-0.047351299462461686,0,0,1,0,0,1,0,0,0,0,0,0,0,1,0,0,0,0,1,0,0
1,0,0,0,0.9978974048104517,0,1,-0.8450469865076611,-0.08335403827164413,1,0,0,0,0,0,0,1,0,0,0,0,0,1,0,0,0,0,0,1,0
1,0,1,0,0.387311382231542,1,0,0.5155121759805812,0.47161500873819245,0,1,0,0,0,1,0,0,0,0,0,1,0,1,0,1,1,0,1,0,0
0,0,0,0,-1.2816237461508113,1,1,0.48232780616379484,-0.9755194682747992,0,0,1,0,0,0,0,0,0,0,0,0,0,1,0,0,0,0,0,1,0
1,1,1,0,-0.6710377235719016,1,1,0.8805402439652316,-0.33405603656485355,0,0,1,0,0,0,0,0,0,1,0,1,0,0,0,1,0,0,0,1,0
0,0,0,0,-0.5896262538947137,1,1,1.013277723232377,-0.27302700370538574,0,1,1,0,0,0,0,0,0,1,0,1,0,0,0,1,0,0,0,0,0
0,1,0,0,-0.4268033145403377,1,1,0.15048410799593087,-0.3318607476130741,0,0,0,0,0,1,0,0,0,1,0,1,0,0,0,1,0,0,0,0,1
0,0,1,1,0.9571916699718578,1,1,-1.342812533759457,-0.40210999407001546,0,1,0,1,1,0,1,0,1,0,1,0,1,0,1,0,0,1,0,0,1
0,0,0,0,-1.1595065416350294,1,1,0.11729973817914446,-0.8956109504300284,0,0,0,0,0,0,0,1,0,0,0,0,0,1,0,1,0,0,0,0,0
1,1,0,0,-0.2639803751859618,1,0,-1.508734382843389,-0.7889199073735487,0,0,0,1,1,0,1,0,1,0,1,0,1,0,1,0,1,0,1,0,0
0,1,0,0,0.06166550352279012,0,1,-0.2809126996222923,-0.23526803373477978,1,0,0,0,0,0,0,1,0,1,0,0,0,1,0,1,0,0,0,1,0
1,0,0,0,-0.2639803751859618,1,0,-0.5132032883397971,-0.4670905470426862,0,0,0,0,0,0,0,0,0,0,0,1,0,0,0,0,0,0,0,0,0
0,0,0,0,-0.2639803751859618,1,1,0.15048410799593087,-0.2133151442169856,0,0,1,0,0,0,0,0,0,0,0,0,0,0,0,0,0,0,1,0,0
0,0,0,0,-0.019745966154397852,1,1,1.2123839421330955,0.4536136393336012,0,1,1,0,0,0,0,0,0,1,0,0,0,1,0,1,0,0,0,1,0
1,0,1,1,-1.1595065416350294,1,1,0.6482496552477268,-0.8473145934908812,0,1,1,0,0,0,0,1,0,1,0,0,0,0,0,0,0,0,0,0,0
1,0,0,0,-1.2816237461508113,1,0,0.31640595707986285,-0.9777147572265785,0,0,1,0,0,0,0,0,0,0,0,1,0,0,0,0,0,0,0,1,0
0,1,0,0,-1.0373893371192475,1,1,0.6482496552477268,-0.742818839386181,0,0,1,0,0,0,0,0,0,1,0,0,0,1,0,0,0,0,0,1,0
0,0,1,0,0.8350744654560759,1,0,-1.4755500130266026,-0.561927029759557,0,0,0,1,1,0,1,0,1,0,1,0,1,0,1,0,1,0,0,0,0
1,0,0,0,-1.2002122764736234,0,0,-1.1437063148587385,-0.9742022949037314,1,0,0,0,0,0,0,0,0,0,0,1,0,0,0,0,0,0,0,1,0
1,0,0,0,1.4049547531963917,1,0,-1.508734382843389,-0.4346002705563508,0,0,0,1,1,0,1,0,1,0,1,0,1,0,1,0,0,1,0,0,0
0,0,0,0,0.7129572609402939,1,1,1.013277723232377,1.0660992568800585,0,1,1,0,0,0,0,0,0,0,0,0,0,1,0,1,0,0,0,1,0
1,0,0,0,-1.2816237461508113,1,0,-1.508734382843389,-1.0018629356961521,0,0,0,1,1,0,1,0,1,0,1,0,1,0,1,0,0,0,0,0,1
0,0,0,0,-0.9559778674420595,1,0,-1.4755500130266026,-0.9285402847067196,0,0,0,1,1,0,1,0,1,0,1,0,1,0,1,0,0,0,0,0,1
0,0,1,0,-1.2409180113122174,1,1,-0.679125137423729,-0.9750804104844433,0,0,0,0,0,0,0,0,0,0,0,0,0,0,0,0,0,0,1,0,0
0,1,0,0,-1.2816237461508113,0,0,-1.3096281639426706,-0.9992285889540168,1,0,0,0,0,0,0,0,0,0,0,0,0,0,0,0,0,0,0,1,0
1,0,1,1,0.428017117070136,1,1,1.3119370515834547,0.944041191161123,0,1,1,0,0,0,0,0,0,1,0,1,0,1,0,1,1,0,1,0,0
1,0,0,0,1.5270719577121736,0,0,-0.5463876581565834,0.5010318806920366,1,0,0,0,0,1,0,0,0,1,0,1,0,0,0,1,0,1,0,0,0
1,1,1,1,1.5677776925507676,1,0,-1.508734382843389,-0.4007928206989478,0,0,0,1,1,0,1,0,1,0,1,0,1,0,1,0,0,1,1,0,0
1,0,1,1,0.46872285190873,1,1,0.913724613782018,0.7995911781340374,0,0,1,0,0,0,0,0,0,1,0,0,0,1,0,1,0,0,0,0,0
1,0,0,0,-1.2409180113122174,1,0,0.18366847781271725,-0.9487369430630902,0,0,1,0,0,0,0,0,0,0,0,0,0,0,0,0,0,0,1,0,0
0,0,0,0,-1.1595065416350294,1,0,0.415959066530222,-0.8762924076543694,0,1,1,0,0,0,0,1,0,0,0,0,0,0,0,0,0,0,0,0,0
0,0,0,1,-1.2002122764736234,1,1,-0.31409706943907867,-0.9425901339981079,0,0,0,0,0,1,0,0,0,0,0,1,0,0,0,0,0,0,0,0,1
0,1,0,0,-0.1825689055087738,1,0,-0.015437741088001118,-0.19048413911847967,0,1,0,0,0,0,0,1,0,1,0,1,0,0,0,0,0,0,0,0,0
1,0,1,0,-0.1418631706701798,1,1,0.34959032689664926,-0.01661725413754985,0,0,1,0,0,0,0,0,0,1,0,0,0,0,0,0,0,0,1,0,0
1,1,0,0,-1.2816237461508113,1,1,0.18366847781271725,-0.9794709883880021,0,0,1,0,0,0,0,0,0,0,0,0,0,0,0,0,0,0,0,1,0
1,1,0,0,-0.9559778674420595,1,1,1.1460152024995227,-0.606710924375857,0,1,1,0,0,0,0,1,0,0,0,0,0,1,0,1,0,0,1,0,0
1,0,0,0,1.5677776925507676,1,1,1.4446745308506004,2.2967782432475996,0,1,1,0,0,1,0,0,0,1,0,1,0,1,0,1,0,1,0,1,0
1,0,1,0,0.346605647392948,1,1,0.28322158726307645,0.3074073951450921,0,1,0,0,0,0,0,0,0,1,0,0,0,1,0,1,1,0,0,1,0
1,0,1,0,0.9571916699718578,1,0,1.1791995723163091,1.4546654013450153,0,1,1,0,0,0,0,1,0,0,0,0,0,1,0,1,1,0,1,0,0
0,1,0,0,-1.2816237461508113,0,1,-1.3096281639426706,-0.9992285889540168,1,0,0,0,0,0,0,0,0,0,0,0,0,0,0,0,0,0,0,0,1
0,0,0,0,0.7943687306174818,0,0,-0.8450469865076611,-0.13999249322755308,1,0,0,0,0,1,0,1,0,0,0,1,0,0,0,0,0,1,0,0,1
0,0,0,0,1.4049547531963917,1,1,1.245568311949882,2.013146910677699,0,1,1,0,0,1,0,1,0,1,0,0,0,1,0,0,0,0,1,0,0
0,0,0,0,-0.1418631706701798,1,0,-1.508734382843389,-0.7669670178557545,0,0,0,1,1,0,1,0,1,0,1,0,1,0,1,0,0,1,0,0,1
0,0,0,0,0.387311382231542,1,1,0.08411536836235807,0.25515951809274195,0,0,0,0,0,1,0,1,0,0,0,1,0,0,0,1,1,0,0,0,1
0,0,0,0,-0.6710377235719016,1,1,-0.48001891852301065,-0.6756429974617307,0,0,0,0,0,1,0,0,0,0,0,0,0,0,0,0,0,0,0,1,0
1,0,0,0,-0.7524491932490895,0,1,-1.1105219450419521,-0.8262398195537988,1,0,0,0,0,0,0,1,0,0,0,0,0,0,0,0,0,0,0,0,1
0,1,0,0,-0.5896262538947137,1,1,0.31640595707986285,-0.4420642529924008,0,0,1,0,0,0,0,1,0,0,0,0,0,0,0,0,0,0,0,1,0
1,1,0,0,-0.8338606629262776,1,1,1.1460152024995227,-0.48333568528585386,0,1,1,0,0,0,0,0,0,1,0,0,0,1,0,1,0,0,0,1,0
1,0,0,0,0.26519417771576004,1,0,-1.508734382843389,-0.6629103215414102,0,0,0,1,1,0,1,0,1,0,1,0,1,0,1,0,1,0,0,0,1
1,0,1,1,-0.019745966154397852,1,1,0.15048410799593087,0.020263600252344353,0,0,1,0,0,0,0,0,0,0,0,0,0,0,0,0,0,0,0,0,0
1,0,0,0,1.2014260790034217,0,1,-0.7123095072405154,0.13924826143878874,1,0,0,0,0,1,0,1,0,1,0,1,0,0,0,0,0,1,0,0,0
1,0,0,0,-1.2816237461508113,1,0,-1.4755500130266026,-1.0014238779057962,0,0,0,1,1,0,1,0,1,0,1,0,1,0,1,0,0,0,0,0,0
1,1,0,0,0.5094285867473239,1,0,-0.08180648072157391,0.21520525917035657,0,0,0,0,0,1,0,0,0,1,0,0,0,0,0,1,1,0,1,0,0
1,0,0,0,-0.6710377235719016,1,1,0.5155121759805812,-0.46226091134877145,0,1,1,0,0,0,0,1,0,0,0,0,0,0,0,0,0,0,0,0,1
1,0,0,0,-1.2816237461508113,1,1,-0.08180648072157391,-0.9829834507108491,0,0,0,0,0,0,0,0,0,0,0,0,0,1,0,1,0,0,0,0,1
1,0,1,0,1.6084834273893616,1,1,0.913724613782018,1.967484900480687,0,1,0,0,0,1,0,1,0,1,0,1,0,1,0,1,0,1,1,0,0
1,0,1,0,-1.2002122764736234,0,1,-0.9777844657748066,-0.9667383124676815,1,0,0,0,0,0,0,0,0,0,0,0,0,0,0,1,0,0,0,1,0
0,0,0,0,-0.1418631706701798,1,0,-0.2145439599887195,-0.24887882523581215,0,0,0,0,0,1,0,0,0,1,0,1,0,0,0,0,1,0,1,0,0
1,0,1,1,-0.7117434584104956,1,0,-1.508734382843389,-0.8644378473147606,0,0,0,1,1,0,1,0,1,0,1,0,1,0,1,0,1,0,0,0,1
1,1,1,1,1.4456604880349857,1,1,1.411490161033814,2.2296024013231492,0,1,1,0,0,0,0,0,0,1,0,1,0,1,0,1,1,0,1,0,0
0,0,1,1,-1.3223294809894055,0,0,-0.2809126996222923,-0.39684130058574485,1,0,0,0,0,1,0,1,0,1,0,1,0,1,0,0,0,1,1,0,0
0,1,1,1,-0.4268033145403377,1,0,0.6814340250645132,-0.14921270682502663,0,1,1,0,0,0,0,0,0,0,0,0,0,1,0,0,0,0,0,0,0
1,0,0,0,-1.2816237461508113,1,0,0.6482496552477268,-0.9733241793230197,0,1,1,0,0,0,0,0,0,0,0,0,0,1,0,0,0,0,0,1,0
0,0,0,0,0.5094285867473239,1,0,0.28322158726307645,0.4601995061889395,0,1,0,0,0,1,0,0,0,0,0,1,0,0,0,1,0,1,0,0,1
0,0,0,0,-0.2639803751859618,1,1,0.7809871345148723,-0.011787618443635134,0,0,1,0,0,0,0,0,0,0,0,0,0,1,0,1,0,0,0,0,0
1,0,1,1,1.6084834273893616,1,1,0.8805402439652316,1.8937231917008985,0,1,0,0,0,1,0,1,0,1,0,1,0,1,0,1,0,1,1,0,0
1,0,1,0,1.4049547531963917,1,1,1.5442276403009596,2.3121452659100554,0,1,1,0,0,0,0,1,0,1,0,1,0,1,0,1,0,1,0,0,0
1,0,0,0,-0.9152721326034655,1,1,1.013277723232377,-0.561927029759557,0,1,1,0,0,0,0,1,0,1,0,0,0,0,0,1,0,0,0,1,0
1,0,0,0,-1.2816237461508113,1,1,0.8141715043316587,-0.9711288903712403,0,0,1,0,0,0,0,0,0,0,0,0,0,1,0,1,0,0,0,1,0
1,0,1,0,0.7536629957788878,0,1,-1.1437063148587385,-0.33888567225876826,1,0,0,0,0,0,0,1,0,0,0,0,0,0,0,0,0,0,1,0,0
1,0,0,1,-1.2816237461508113,1,1,0.9469089835988044,-0.9693726592098167,0,1,1,0,0,0,0,0,0,0,0,0,0,1,0,1,0,0,0,1,0
1,0,1,0,0.9571916699718578,1,1,-1.3096281639426706,-0.42757534591065666,0,1,0,1,1,0,1,0,1,0,1,0,1,0,1,0,0,1,1,0,0
0,0,1,1,1.6084834273893616,1,1,1.013277723232377,2.0430028404218987,0,1,1,0,0,1,0,1,0,0,0,0,0,1,0,0,0,1,0,0,0
1,0,0,0,-0.9152721326034655,1,1,-1.342812533759457,-0.9109779730924843,0,1,0,1,1,0,1,0,1,0,1,0,1,0,1,0,0,0,0,1,0
1,0,0,0,-0.4268033145403377,1,0,-1.4755500130266026,-0.8016525832938693,0,0,0,1,1,0,1,0,1,0,1,0,1,0,1,0,1,0,0,0,1
0,0,0,0,-1.1188008067964355,1,0,-1.4755500130266026,-0.9680554858387491,0,0,0,1,1,0,1,0,1,0,1,0,1,0,1,0,0,0,1,0,0
1,1,1,0,-0.10115743583158582,1,0,0.415959066530222,0.022019831413767885,0,1,1,0,0,0,0,0,0,0,0,0,0,0,0,0,0,0,0,0,1
1,0,0,0,0.46872285190873,0,1,-0.3804658090726515,0.032557218382309086,1,0,0,0,0,0,0,1,0,1,0,0,0,1,0,1,1,0,0,0,1
1,0,0,0,-0.5896262538947137,1,0,1.2123839421330955,-0.22253535781445916,0,0,1,0,0,0,0,1,0,1,0,0,0,1,0,1,0,0,1,0,0
0,1,0,0,-1.2409180113122174,1,1,-0.679125137423729,-0.9711288903712403,0,0,0,0,0,0,0,0,0,0,0,0,0,0,0,0,0,0,0,1,0
0,0,0,0,0.8757802002946699,0,0,-0.679125137423729,0.029922871640173786,1,0,0,0,0,1,0,0,0,0,0,1,0,0,0,1,1,0,0,0,0
0,0,0,0,-1.2816237461508113,1,0,0.9800933534155908,-0.9689336014194608,0,0,1,0,0,0,0,0,0,1,0,0,0,1,0,1,0,0,0,1,0
1,0,1,1,1.5270719577121736,1,0,-1.4755500130266026,-0.370058775374036,0,0,0,1,1,0,1,0,1,0,1,0,1,0,1,0,0,1,1,0,0
0,1,0,0,-0.9152721326034655,1,1,0.6482496552477268,-0.6304200450550748,0,0,1,0,0,0,0,0,0,1,0,0,0,0,0,1,0,0,1,0,0
1,0,1,1,-0.1418631706701798,1,0,0.9800933534155908,0.15285905293982113,0,0,1,0,0,1,0,0,0,0,0,0,0,1,0,1,0,0,1,0,0
1,1,0,0,-0.9559778674420595,1,1,1.1791995723163091,-0.607149982166213,0,1,1,0,0,0,0,0,0,1,0,0,0,1,0,1,0,0,0,1,0
1,0,0,1,1.1200146093262338,1,1,0.6482496552477268,1.1780589934208088,0,1,0,0,0,1,0,0,0,1,0,1,0,1,0,1,0,1,0,1,0
0,0,0,0,-0.22327464034736777,1,1,0.8141715043316587,0.036069680705156155,0,0,1,0,0,0,0,0,0,1,0,1,0,0,0,1,0,0,0,1,0
1,0,1,1,0.387311382231542,1,0,-1.508734382843389,-0.629541929474363,0,0,0,1,1,0,1,0,1,0,1,0,1,0,1,0,0,1,0,0,1
1,0,1,1,1.2828375486806096,1,1,0.8805402439652316,1.606579396808151,0,1,1,0,0,1,0,1,0,1,0,0,0,0,0,0,0,0,0,1,0
1,0,1,1,1.3235432835192036,1,0,-1.342812533759457,-0.25722092325257395,0,1,0,1,1,0,1,0,1,0,1,0,1,0,1,0,0,1,1,0,0
0,0,0,0,-1.2409180113122174,1,1,0.18366847781271725,-0.9562009254991403,0,0,1,0,0,0,0,0,0,0,0,0,0,0,0,0,0,0,0,1,0
0,0,0,0,1.4456604880349857,0,0,-0.679125137423729,0.34428824953498627,1,0,0,0,0,0,0,1,0,0,0,1,0,0,0,1,0,0,0,1,0
0,1,1,0,1.5270719577121736,1,1,1.6105963799345322,2.496549537859526,0,1,1,0,0,1,0,1,0,1,0,1,0,1,0,1,0,1,1,0,0
1,1,0,0,0.7943687306174818,1,1,0.25003721744629004,0.6709472455597635,0,1,1,0,0,0,0,0,0,0,0,0,0,0,0,0,0,0,0,0,0
1,0,1,1,1.4456604880349857,1,0,0.18366847781271725,1.1231767696263233,0,1,0,0,0,0,0,1,0,0,0,1,0,0,0,1,0,1,1,0,0
0,0,1,0,1.5270719577121736,1,0,-1.508734382843389,-0.4381127328791979,0,0,0,1,1,0,1,0,1,0,1,0,1,0,1,0,0,1,0,0,0
0,0,0,0,1.4049547531963917,1,0,-0.14817522035514671,0.6889486149643548,0,0,0,0,0,1,0,1,0,0,0,1,0,0,0,0,1,0,1,0,0
1,0,1,1,-0.1825689055087738,1,0,0.6814340250645132,-0.005201751588296883,0,0,1,0,0,0,0,0,0,1,0,0,0,1,0,0,0,0,0,1,0
1,0,0,0,-0.3453918448631497,1,1,0.6482496552477268,-0.11101467906406477,0,1,1,0,0,0,0,1,0,1,0,0,0,0,0,0,0,0,0,0,0
0,0,1,0,-1.2409180113122174,1,1,0.5155121759805812,-0.9250278223838725,0,0,1,0,0,1,0,0,0,0,0,1,0,0,0,0,0,0,0,1,0
0,0,1,1,1.4456604880349857,1,1,0.44914343634700843,1.3312901622550122,0,1,0,0,0,1,0,1,0,1,0,1,0,0,0,1,1,0,0,1,0
1,0,1,0,1.0386031396490458,1,1,0.7146183948812996,1.1367875611273557,0,1,0,0,0,1,0,1,0,1,0,0,0,1,0,1,0,1,0,1,0
0,0,1,0,-0.30468611002455576,1,1,1.3119370515834547,0.11641725634028281,0,1,1,0,0,0,0,0,0,1,0,1,0,1,0,1,0,0,0,0,0
1,0,0,0,-0.9152721326034655,0,0,-0.9777844657748066,-0.8394115532644753,1,0,0,0,0,0,0,1,0,0,0,1,0,0,0,0,0,0,0,1,0
0,0,1,1,0.9571916699718578,1,1,1.1460152024995227,1.45203105460288,0,1,1,0,0,0,0,1,0,1,0,1,0,0,0,1,1,0,1,0,0
1,0,1,0,-0.06045170099299184,1,1,0.8473558741484452,0.2757952342394685,0,1,1,0,0,1,0,1,0,0,0,1,0,0,0,0,0,0,1,0,0
0,0,0,1,1.2421318138420157,1,0,-1.508734382843389,-0.4767498184305156,0,0,0,1,1,0,1,0,1,0,1,0,1,0,1,0,0,1,1,0,0
1,0,0,0,-0.4268033145403377,1,1,-0.31409706943907867,-0.4864090898183451,0,0,0,0,0,0,0,1,0,0,0,1,0,0,0,0,1,0,1,0,0
0,0,1,1,-1.0373893371192475,1,0,-1.4755500130266026,-0.9513712898052256,0,0,0,1,1,0,1,0,1,0,1,0,1,0,1,0,1,0,0,0,1
0,1,0,0,0.30589991255435406,0,1,-0.31409706943907867,-0.08423215385235588,1,0,0,0,0,1,0,1,0,0,0,0,0,1,0,1,0,0,0,1,0
1,0,0,0,0.8757802002946699,1,1,0.48232780616379484,0.8812559271402316,0,1,1,0,0,0,0,1,0,0,0,0,0,0,0,0,0,0,0,0,0
0,0,0,0,0.428017117070136,1,1,-1.3096281639426706,-0.48860437877012447,0,1,0,1,1,0,1,0,1,0,1,0,1,0,1,0,0,1,1,0,0
0,0,1,0,-1.2002122764736234,1,1,0.8805402439652316,-0.9039530484467901,0,1,1,0,0,0,0,1,0,0,0,0,0,0,0,1,0,0,1,0,0
0,1,0,0,-0.7524491932490895,1,0,0.44914343634700843,-0.5522677583717276,0,0,1,0,0,1,0,1,0,0,0,0,0,0,0,0,0,0,0,1,0
1,0,1,1,-1.2816237461508113,1,0,-1.508734382843389,-1.0018629356961521,0,0,0,1,1,0,1,0,1,0,1,0,1,0,1,0,1,0,0,0,1
1,1,1,1,1.4456604880349857,1,1,0.6482496552477268,1.4849603888795713,0,1,1,0,0,0,0,1,0,1,0,0,0,0,0,0,0,0,0,1,0
1,0,1,1,1.2014260790034217,1,0,-1.4755500130266026,-0.4407470796213332,0,0,0,1,1,0,1,0,1,0,1,0,1,0,1,0,0,1,0,0,0
1,0,0,0,1.2421318138420157,1,0,0.8473558741484452,1.5473065951101068,0,1,1,0,0,0,0,1,0,0,0,0,0,0,0,1,1,0,1,0,0
1,0,1,1,-0.1418631706701798,1,0,0.5155121759805812,-0.039448259236055785,0,1,0,0,0,0,0,1,0,1,0,0,0,1,0,1,0,0,1,0,0
0,0,1,1,-0.1418631706701798,1,1,0.747802764698086,0.1405654348098564,0,0,1,0,0,0,0,0,0,0,0,0,0,1,0,1,0,0,1,0,0
0,0,0,0,-0.38609757970174374,0,1,-0.679125137423729,-0.572903474518454,1,0,0,0,0,0,0,0,0,0,0,0,0,1,0,1,0,0,0,1,0
0,0,0,1,-1.2409180113122174,1,0,0.5155121759805812,-0.9276621691260079,0,1,1,0,0,1,0,0,0,0,0,0,0,0,0,0,0,0,1,0,0
0,0,0,0,-0.9966836022806536,1,1,0.5155121759805812,-0.7362329725308427,0,0,1,0,0,0,0,0,0,0,0,0,0,1,0,0,0,0,0,0,0
0,0,1,0,0.14307697319997809,1,0,0.5155121759805812,0.2793076965623155,0,0,1,0,0,0,0,0,0,0,0,0,0,0,0,1,0,0,0,1,0
0,1,1,1,1.3642490183577978,1,1,1.3119370515834547,2.0153421996294782,0,1,1,0,0,0,0,1,0,1,0,0,0,1,0,1,1,0,0,1,0
0,0,1,1,-0.6710377235719016,1,1,0.8141715043316587,-0.3823523935040007,0,0,1,0,0,0,0,1,0,1,0,0,0,1,0,0,0,0,1,0,0
1,0,0,1,-1.3223294809894055,1,1,-0.1149908505383603,-0.39684130058574485,0,1,0,0,0,1,0,1,0,0,0,1,0,0,0,0,0,1,0,0,0
1,1,1,1,1.3235432835192036,1,1,0.6814340250645132,1.4871556778313506,0,1,1,0,0,1,0,1,0,0,0,0,0,0,0,0,0,0,0,1,0
0,1,0,0,0.6722515261016999,1,0,1.2787526817666683,1.2579675112655795,0,1,1,0,0,1,0,1,0,1,0,1,0,0,0,1,1,0,0,0,0
0,0,1,0,-0.9559778674420595,1,0,0.8805402439652316,-0.6304200450550748,0,1,1,0,0,1,0,1,0,1,0,0,0,0,0,0,0,0,0,0,0
1,0,1,0,-0.1418631706701798,1,1,0.6814340250645132,0.061095974755441505,0,1,1,0,0,0,0,1,0,1,0,0,0,0,0,0,0,0,0,1,0
0,1,1,0,-1.2816237461508113,1,1,0.3827746967134356,-0.9768366416458668,0,0,1,0,0,0,0,1,0,0,0,0,0,0,0,0,0,0,0,0,1
0,1,0,0,-0.38609757970174374,1,1,0.9800933534155908,-0.0034455204268733493,0,0,1,0,0,0,0,1,0,0,0,0,0,1,0,1,0,0,0,1,0
0,0,1,0,1.6084834273893616,1,1,0.6482496552477268,1.6469727135208923,0,1,1,0,0,1,0,1,0,0,0,0,0,0,0,0,0,1,0,0,0
1,0,0,0,1.3235432835192036,1,1,-1.508734382843389,-0.475432645059448,0,0,0,1,1,0,1,0,1,0,1,0,1,0,1,0,0,1,1,0,0
1,0,1,1,-0.9559778674420595,1,1,1.245568311949882,-0.6163701957636866,0,1,1,0,0,0,0,1,0,1,0,0,0,1,0,1,0,0,1,0,0
0,1,1,0,-0.22327464034736777,1,1,1.3119370515834547,0.24857365123740371,0,1,1,0,0,1,0,0,0,0,0,1,0,1,0,1,0,0,0,0,0
1,1,0,0,1.5677776925507676,0,1,-0.2809126996222923,0.7394402608552814,1,0,0,0,0,1,0,1,0,0,0,0,0,1,0,1,1,0,0,1,0
0,0,1,1,-0.3453918448631497,1,1,-1.508734382843389,-0.7933104852771076,0,0,0,1,1,0,1,0,1,0,1,0,1,0,1,0,0,1,0,0,1
1,1,1,0,1.2828375486806096,1,0,-1.3096281639426706,-0.24624447849367687,0,1,0,1,1,0,1,0,1,0,1,0,1,0,1,0,0,1,1,0,0
1,0,0,0,1.6084834273893616,0,1,-0.1149908505383603,0.9172586659494141,1,0,0,0,0,1,0,0,0,1,0,1,0,1,0,1,0,1,1,0,0
1,0,1,1,1.0386031396490458,1,0,0.581880915614154,1.109565978125291,0,1,1,0,0,0,0,0,0,0,0,0,0,1,0,0,0,1,0,0,0
1,0,1,0,-0.6303319887333076,0,0,-0.3472814392558651,-0.6001250575205188,1,0,0,0,0,0,0,0,0,1,0,1,0,1,0,1,1,0,0,1,0
1,0,0,0,-1.1188008067964355,1,1,0.5155121759805812,-0.8354600331512724,0,0,1,0,0,0,0,0,0,0,0,0,0,1,0,0,0,0,0,0,1
1,0,1,1,1.1607203441648277,1,1,0.11729973817914446,0.8153972585868491,0,0,0,0,0,1,0,1,0,1,0,1,0,0,0,0,0,1,0,0,0
0,1,1,0,1.4863662228735797,1,0,0.747802764698086,1.64828988689196,0,0,1,0,0,1,0,1,0,0,0,0,0,0,0,1,1,0,1,0,0
1,0,0,0,0.7129572609402939,1,0,1.6437807497513186,1.5323786302380067,0,1,1,0,0,1,0,1,0,1,0,1,0,1,0,1,1,0,1,0,0
0,0,1,1,0.5094285867473239,1,1,-1.342812533759457,-0.4960683612061745,0,1,0,1,1,0,1,0,1,0,1,0,1,0,1,0,0,1,1,0,0
0,0,1,1,-0.9152721326034655,1,1,-1.508734382843389,-0.9241497068031608,0,0,0,1,1,0,1,0,1,0,1,0,1,0,1,0,0,0,0,0,0
1,0,1,0,-0.1418631706701798,1,1,0.6482496552477268,0.07295053509505035,0,1,1,0,0,1,0,1,0,0,0,0,0,0,0,0,0,0,0,1,0
0,1,1,0,1.3642490183577978,1,1,1.3451214214002412,2.052223054019372,0,1,1,0,0,0,0,0,0,1,0,1,0,1,0,1,1,0,1,0,0
0,0,1,0,-0.8338606629262776,1,1,-1.4755500130266026,-0.8942937770589607,0,0,0,1,1,0,1,0,1,0,1,0,1,0,1,0,0,1,0,1,0
0,0,0,0,1.0386031396490458,1,0,-1.342812533759457,-0.3854257980364919,0,1,0,1,1,0,1,0,1,0,1,0,1,0,1,0,0,1,1,0,0
1,0,0,0,-0.9966836022806536,1,1,0.050930998545571676,-0.7704794801786016,0,0,0,0,0,0,0,0,0,0,0,0,0,1,0,1,0,0,0,1,0
1,0,1,1,0.8757802002946699,1,1,-1.342812533759457,-0.4701639515751774,0,1,0,1,1,0,1,0,1,0,1,0,1,0,1,0,0,1,0,0,0
0,0,1,0,0.387311382231542,1,0,0.6482496552477268,0.5576703356479455,0,1,0,0,0,1,0,0,0,1,0,1,0,1,0,1,0,1,1,0,0
1,0,0,1,0.22448844287716607,1,1,1.1460152024995227,0.6481162404612576,0,1,1,0,0,0,0,0,0,1,0,0,0,1,0,1,0,0,0,0,0
1,0,0,0,-0.8338606629262776,1,1,0.6482496552477268,-0.5452428337260334,0,1,1,0,0,0,0,0,0,0,0,0,0,1,0,0,0,0,0,1,0
0,0,0,0,-0.7524491932490895,1,1,0.5155121759805812,-0.5219727708371716,0,0,1,0,0,0,0,1,0,0,0,1,0,0,0,0,0,0,1,0,0
0,0,1,1,1.4456604880349857,1,0,0.7809871345148723,1.6948300126696836,0,1,0,0,0,1,0,1,0,1,0,1,0,1,0,1,0,1,1,0,0
0,0,0,0,-0.9559778674420595,1,1,0.3827746967134356,-0.7191097187069633,0,1,1,0,0,0,0,0,0,0,0,0,0,0,0,0,0,0,0,1,0
1,0,1,1,-1.0780950719578415,1,1,0.6150652854309404,-0.8007744677131575,0,0,1,0,0,0,0,1,0,0,0,0,0,0,0,1,0,0,1,0,0
1,0,1,0,1.4049547531963917,1,1,0.8473558741484452,1.6487289446823157,0,0,1,0,0,1,0,1,0,0,0,0,0,0,0,1,1,0,1,0,0
0,1,1,0,0.7943687306174818,1,1,1.3783057912170276,1.4577388058775065,0,1,1,0,0,0,0,1,0,1,0,0,0,1,0,1,1,0,0,1,0
1,0,1,0,0.30589991255435406,1,1,0.5155121759805812,0.3807300461345246,0,0,1,0,0,0,0,1,0,1,0,0,0,0,0,0,0,0,0,1,0
0,0,0,0,-1.2816237461508113,1,1,0.15048410799593087,-0.979910046178358,0,0,1,0,0,0,0,0,0,0,0,0,0,0,0,0,0,0,0,0,1
1,0,0,0,-0.9152721326034655,1,1,1.013277723232377,-0.6304200450550748,0,0,1,0,0,0,0,0,0,0,0,1,0,1,0,1,0,0,1,0,0
0,0,1,0,0.387311382231542,1,0,-1.3096281639426706,-0.5237290019985952,0,1,0,1,1,0,1,0,1,0,1,0,1,0,1,0,0,1,0,1,0
1,1,0,0,-0.5082147842175256,1,0,0.21685284762950366,-0.4003537629085919,0,0,1,0,0,0,0,0,0,0,0,0,0,0,0,0,0,0,1,0,0
1,0,0,0,0.5501343215859179,1,0,-1.508734382843389,-0.6119796178601277,0,0,0,1,1,0,1,0,1,0,1,0,1,0,1,0,0,1,0,1,0
1,0,0,0,-1.0373893371192475,1,0,1.0464620930491635,-0.7296471056755044,0,1,1,0,0,0,0,0,0,0,0,0,0,1,0,1,0,0,0,1,0
1,0,1,1,1.5270719577121736,1,0,-1.3096281639426706,-0.2242915889758827,0,1,0,1,1,0,1,0,1,0,1,0,1,0,1,0,0,1,1,0,0
0,1,0,0,1.3642490183577978,1,1,1.245568311949882,1.830937927680007,0,1,1,0,0,1,0,0,0,0,0,0,0,1,0,1,0,1,0,0,0
1,0,1,1,-0.6710377235719016,1,1,0.8473558741484452,-0.3770837000197301,0,1,1,0,0,0,0,0,0,1,0,0,0,1,0,0,0,0,0,0,0
0,0,1,1,-0.4268033145403377,1,0,-1.3096281639426706,-0.7665279600653987,0,1,0,1,1,0,1,0,1,0,1,0,1,0,1,0,0,1,1,0,0
0,1,0,0,-1.2816237461508113,1,1,0.15048410799593087,-0.979910046178358,0,0,1,0,0,0,0,0,0,0,0,0,0,0,0,0,0,0,0,1,0
0,1,1,0,-1.2002122764736234,0,1,-1.1437063148587385,-0.9742022949037314,1,0,0,0,0,0,0,1,0,0,0,0,0,0,0,0,0,0,0,1,0
0,1,0,0,-0.8745663977648716,1,1,-0.31409706943907867,-0.7555515153065016,0,1,0,0,0,1,0,0,0,0,0,0,0,0,0,0,0,0,0,1,0
0,0,0,0,-1.2409180113122174,1,1,-1.4755500130266026,-0.9926427220986785,0,0,0,1,1,0,1,0,1,0,1,0,1,0,1,0,0,0,0,0,1
1,0,0,0,-0.6303319887333076,1,0,0.9469089835988044,-0.29673612438460345,0,0,1,0,0,1,0,0,0,0,0,0,0,1,0,1,0,0,0,1,0
0,0,0,0,-1.2816237461508113,1,1,0.18366847781271725,-0.9794709883880021,0,0,1,0,0,0,0,0,0,0,0,0,0,0,0,0,0,0,0,1,0
1,0,0,0,-1.2816237461508113,1,0,-1.4755500130266026,-1.0014238779057962,0,0,0,1,1,0,1,0,1,0,1,0,1,0,1,0,0,0,0,0,1
1,0,0,1,-1.2816237461508113,1,0,-0.679125137423729,-0.990886490937255,0,0,0,0,0,0,0,0,0,0,0,0,0,0,0,0,0,0,0,1,0
0,0,0,0,1.2828375486806096,1,0,-1.342812533759457,-0.28927214194855344,0,1,0,1,1,0,1,0,1,0,1,0,1,0,1,0,1,0,0,0,1
0,1,0,0,-1.2409180113122174,1,1,0.44914343634700843,-0.9447854229498873,0,1,1,0,0,0,0,0,0,1,0,0,0,0,0,0,0,0,0,1,0
1,1,1,0,-1.2816237461508113,1,1,0.5155121759805812,-0.9750804104844433,0,1,1,0,0,1,0,0,0,0,0,0,0,0,0,0,0,0,0,1,0
0,0,1,1,1.6084834273893616,0,1,-0.3804658090726515,0.7249513537735371,1,0,0,0,0,1,0,0,0,1,0,0,0,1,0,1,0,1,1,0,0
1,0,1,0,1.6084834273893616,1,1,1.7101494893848914,2.7630576166055474,0,1,1,0,0,1,0,1,0,1,0,1,0,1,0,1,0,1,1,0,0
1,0,1,1,1.4049547531963917,1,0,0.08411536836235807,1.0213153622637585,0,0,0,0,0,1,0,0,0,1,0,1,0,0,0,1,0,1,0,0,1
1,1,1,0,1.6084834273893616,1,1,0.28322158726307645,1.3295339310935885,0,1,0,0,0,0,0,0,0,1,0,0,0,1,0,1,0,1,1,0,0
0,1,1,0,1.3235432835192036,1,1,1.4446745308506004,2.099202237587452,0,1,1,0,0,0,0,1,0,1,0,0,0,1,0,1,0,0,0,0,0
0,0,0,1,1.6084834273893616,1,1,-1.508734382843389,-0.3222014762252447,0,0,0,1,1,0,1,0,1,0,1,0,1,0,1,0,0,1,0,0,1
0,0,0,0,-0.5082147842175256,1,1,0.8141715043316587,-0.18872790795705613,0,0,1,0,0,1,0,0,0,1,0,0,0,1,0,0,0,0,0,0,0
1,1,1,0,-1.2409180113122174,1,1,0.7146183948812996,-0.9417120184173962,0,1,1,0,0,0,0,0,0,0,0,0,0,1,0,0,0,0,0,0,1
1,0,1,0,1.5270719577121736,1,1,1.1460152024995227,2.03861226251834,0,1,1,0,0,1,0,1,0,1,0,0,0,1,0,0,0,1,1,0,0
1,0,1,1,1.4456604880349857,0,0,-0.679125137423729,0.29950435491868616,1,0,0,0,0,1,0,1,0,0,0,0,0,1,0,0,1,0,0,0,1
1,1,1,0,0.6722515261016999,1,1,0.7809871345148723,0.815836316377205,0,1,1,0,0,1,0,1,0,1,0,0,0,0,0,0,0,0,0,1,0
1,0,1,0,1.4456604880349857,0,1,-0.3472814392558651,0.6555802228973076,1,0,0,0,0,1,0,0,0,1,0,0,0,1,0,1,0,1,0,0,0
1,0,0,0,-0.10115743583158582,1,0,-1.508734382843389,-0.7357939147404868,0,0,0,1,1,0,1,0,1,0,1,0,1,0,1,0,1,0,0,0,1
0,0,0,0,0.06166550352279012,1,0,-0.015437741088001118,-0.10881939011228536,0,0,0,0,0,1,0,1,0,0,0,0,0,0,0,1,1,0,0,1,0
0,0,1,1,1.0386031396490458,1,0,1.1460152024995227,1.5565268087075803,0,0,1,0,0,1,0,1,0,0,0,0,0,1,0,1,1,0,1,0,0
1,0,0,1,-0.8338606629262776,1,0,-1.4423656432098162,-0.9070264529792813,0,0,0,1,1,0,1,0,1,0,1,0,1,0,1,0,0,0,1,0,0
1,0,0,0,-0.5489205190561197,1,1,-0.31409706943907867,-0.55095058500066,0,0,0,0,0,0,0,0,0,1,0,1,0,0,0,0,0,0,1,0,0
0,0,0,0,-0.3453918448631497,1,1,0.8141715043316587,-0.018373485298973383,0,1,1,0,0,0,0,0,0,0,0,1,0,0,0,1,0,0,0,1,0
1,0,1,0,-0.4268033145403377,1,1,0.9800933534155908,-0.16984842297175315,0,0,1,0,0,0,0,0,0,1,0,0,0,1,0,1,0,0,1,0,0
1,1,1,0,1.0793088744876398,1,1,0.9469089835988044,1.43710308973078,0,1,1,0,0,0,0,0,0,0,0,0,0,1,0,1,0,0,0,0,0
1,0,0,0,-0.4268033145403377,1,0,-1.3096281639426706,-0.7616983243714839,0,1,0,1,1,0,1,0,1,0,1,0,1,0,1,0,0,1,0,0,1
1,0,1,0,0.9571916699718578,0,1,-0.3472814392558651,0.288966967950145,1,0,0,0,0,0,0,0,0,1,0,1,0,1,0,1,1,0,0,0,0
0,1,0,0,-0.019745966154397852,1,0,0.8473558741484452,0.2617453849480802,0,0,1,0,0,0,0,0,0,0,0,0,0,1,0,1,0,0,0,1,0
1,0,0,0,-1.2816237461508113,1,0,-1.508734382843389,-1.0018629356961521,0,0,0,1,1,0,1,0,1,0,1,0,1,0,1,0,0,0,0,1,0
1,0,1,1,1.6084834273893616,1,1,1.3783057912170276,2.4355205050000586,0,1,1,0,0,1,0,0,0,1,0,0,0,1,0,1,1,0,0,0,0
1,0,1,0,1.5270719577121736,1,0,0.3827746967134356,1.3009951747204562,0,1,0,0,0,0,0,1,0,1,0,1,0,1,0,0,0,1,1,0,0
0,0,0,0,-0.5896262538947137,1,1,1.1460152024995227,-0.23043839804086505,0,1,1,0,0,0,0,0,0,0,0,1,0,1,0,1,0,0,0,0,0
1,0,1,0,1.5270719577121736,1,0,0.48232780616379484,1.4204188936972564,0,1,0,0,0,1,0,1,0,1,0,1,0,1,0,0,0,1,0,0,1
1,0,1,1,1.3642490183577978,1,1,0.34959032689664926,1.1907916693411293,0,0,0,0,0,1,0,1,0,1,0,1,0,1,0,0,1,0,0,1,0
0,0,1,1,0.7536629957788878,0,0,-1.0109688355915931,-0.22780405129872974,1,0,0,0,0,1,0,0,0,0,0,1,0,0,0,0,0,1,0,0,0
1,0,1,1,-1.0780950719578415,1,0,-1.508734382843389,-0.949615058643802,0,0,0,1,1,0,1,0,1,0,1,0,1,0,1,0,0,0,1,0,0
1,1,0,0,-1.2409180113122174,1,1,0.9469089835988044,-0.9241497068031608,0,1,1,0,0,0,0,0,0,0,0,0,0,1,0,1,0,0,0,1,0
1,0,0,0,1.4049547531963917,1,0,-0.48001891852301065,0.42112336284726587,0,0,0,0,0,0,0,0,0,0,0,1,0,0,0,0,0,1,0,0,0
0,0,0,0,-1.2002122764736234,1,0,-0.31409706943907867,-0.9377604983041932,0,0,0,0,0,1,0,1,0,0,0,0,0,0,0,0,0,0,0,1,0
1,0,0,0,1.5677776925507676,1,1,-1.508734382843389,-0.41528172778069194,0,0,0,1,1,0,1,0,1,0,1,0,1,0,1,0,0,1,1,0,0
1,0,0,0,-0.6303319887333076,1,0,-0.2809126996222923,-0.5948563640362482,0,0,0,0,0,1,0,1,0,0,0,0,0,0,0,0,1,0,0,0,1
1,0,0,0,0.5094285867473239,1,1,1.1791995723163091,1.0709288925739733,0,1,1,0,0,0,0,1,0,0,0,0,0,1,0,1,0,0,1,0,0
0,0,1,1,-0.9966836022806536,1,1,-1.508734382843389,-0.9465416541113109,0,0,0,1,1,0,1,0,1,0,1,0,1,0,1,0,1,0,0,0,1
0,0,1,0,1.5677776925507676,1,0,0.6814340250645132,1.7220515956717484,0,1,0,0,0,1,0,1,0,1,0,1,0,1,0,1,0,1,1,0,0
0,0,1,0,1.4456604880349857,1,0,0.7146183948812996,1.5196459543176861,0,1,1,0,0,0,0,1,0,1,0,0,0,0,0,0,1,0,1,0,0
0,0,0,0,-1.2409180113122174,1,1,0.5155121759805812,-0.9469807119016667,0,0,1,0,0,0,0,0,0,0,0,0,0,1,0,0,0,0,0,1,0
0,0,0,0,0.18378270803857208,1,0,-1.508734382843389,-0.6532510501535808,0,0,0,1,1,0,1,0,1,0,1,0,1,0,1,0,0,1,0,0,1
1,0,1,0,-0.06045170099299184,1,0,0.7809871345148723,0.16778701781192115,0,1,1,0,0,0,0,0,0,1,0,0,0,1,0,0,0,0,1,0,0
1,1,0,0,1.2828375486806096,1,1,1.2787526817666683,1.86474537753741,0,1,1,0,0,1,0,1,0,0,0,0,0,1,0,1,0,0,0,0,0
0,0,0,0,0.7943687306174818,1,1,0.5155121759805812,0.8483265928635404,0,1,0,0,0,0,0,0,0,1,0,1,0,1,0,1,0,1,0,0,0
1,1,0,0,0.8757802002946699,1,0,0.01774662872878528,0.5392299084529985,0,0,0,0,0,0,0,0,0,1,0,1,0,0,0,1,1,0,0,0,0
0,1,1,0,0.387311382231542,1,1,0.31640595707986285,0.4075125713462335,0,0,1,0,0,1,0,0,0,0,0,0,0,0,0,0,0,0,1,0,0
1,0,0,0,-0.22327464034736777,1,1,-1.508734382843389,-0.7779434626146516,0,0,0,1,1,0,1,0,1,0,1,0,1,0,1,0,0,0,0,1,0
0,1,0,0,-1.1188008067964355,1,0,0.5155121759805812,-0.8459974201198135,0,0,1,0,0,1,0,1,0,0,0,0,0,0,0,0,0,0,0,1,0
1,0,1,0,1.5677776925507676,1,0,0.6482496552477268,1.6048231656467273,0,1,0,0,0,0,0,1,0,1,0,1,0,1,0,1,0,1,1,0,0
1,0,0,0,-1.0373893371192475,1,1,0.8141715043316587,-0.7331595679983515,0,1,1,0,0,0,0,0,0,1,0,0,0,1,0,0,0,0,1,0,0
0,0,0,0,-1.1595065416350294,0,1,-1.176890684675525,-0.9619086767737668,1,0,0,0,0,1,0,0,0,0,0,0,0,0,0,0,0,0,0,0,1
1,0,0,0,-0.9559778674420595,1,0,-0.1813595901719331,-0.7722357113400251,0,1,0,0,0,0,0,0,0,0,0,0,0,0,0,1,0,0,0,0,1
0,0,1,1,1.6084834273893616,1,1,1.4446745308506004,2.381955454576641,0,0,1,0,0,1,0,1,0,1,0,1,0,1,0,1,0,1,0,0,0
0,0,1,0,1.2014260790034217,1,1,0.6482496552477268,1.2509425866198853,0,1,0,0,0,1,0,1,0,0,0,1,0,1,0,1,0,1,0,1,0
1,0,1,1,1.5677776925507676,1,0,-1.3759969035762434,-0.29629706659424754,0,1,0,1,1,0,1,0,1,0,1,0,1,0,1,0,0,1,1,0,0
1,0,0,0,-0.7524491932490895,1,1,0.8141715043316587,-0.4929949566736833,0,1,1,0,0,0,0,0,0,0,0,1,0,1,0,0,0,0,0,1,0
0,0,1,0,-1.2409180113122174,1,1,0.18366847781271725,-0.9575180988702079,0,0,1,0,0,0,0,0,0,0,0,0,0,0,0,0,0,0,0,1,0
0,0,0,0,0.631545791263106,1,1,1.2787526817666683,1.1613747973872852,0,1,1,0,0,0,0,0,0,1,0,1,0,1,0,1,0,0,0,1,0
0,0,0,0,1.6084834273893616,1,1,1.577412010117746,2.5865563848824826,0,1,1,0,0,1,0,1,0,1,0,1,0,1,0,1,0,1,1,0,0
1,0,1,1,-0.5489205190561197,0,1,-1.0109688355915931,-0.7423797815958251,1,0,0,0,0,1,0,1,0,0,0,0,0,0,0,0,0,0,0,0,1
0,0,1,0,-0.5896262538947137,1,1,-0.48001891852301065,-0.6115405600697719,0,0,0,0,0,0,0,0,0,0,0,1,0,0,0,0,0,0,0,0,1
0,0,0,0,0.8757802002946699,1,0,0.5155121759805812,0.8773044070270287,0,0,0,0,0,1,0,0,0,1,0,1,0,1,0,1,0,1,0,1,0
0,0,0,0,0.020959768684196134,1,0,1.411490161033814,0.590160612134281,0,1,1,0,0,0,0,1,0,1,0,0,0,1,0,1,0,0,0,1,0
1,0,0,0,-1.0780950719578415,1,0,0.44914343634700843,-0.7981401209710223,0,0,0,0,0,1,0,0,0,1,0,1,0,1,0,1,0,0,1,0,0
0,0,1,0,0.9978974048104517,0,1,-0.5132032883397971,0.2112537390571536,1,0,0,0,0,1,0,0,0,1,0,1,0,0,0,1,0,0,0,0,0
1,0,0,0,-0.6303319887333076,1,1,-1.4755500130266026,-0.8499489402330165,0,0,0,1,1,0,1,0,1,0,1,0,1,0,1,0,1,0,0,0,1
0,0,0,0,-1.2816237461508113,1,1,0.31640595707986285,-0.9777147572265785,0,0,1,0,0,0,0,1,0,0,0,0,0,0,0,0,0,0,1,0,0
0,0,1,1,-1.2816237461508113,1,0,-1.4755500130266026,-1.0014238779057962,0,0,0,1,1,0,1,0,1,0,1,0,1,0,1,0,0,1,0,0,1
1,0,0,1,0.9978974048104517,1,1,-1.508734382843389,-0.4965074189965304,0,0,0,1,1,0,1,0,1,0,1,0,1,0,1,0,0,1,0,0,1
1,0,0,0,-1.2816237461508113,1,0,-1.508734382843389,-1.0018629356961521,0,0,0,1,1,0,1,0,1,0,1,0,1,0,1,0,0,0,0,0,1
0,0,1,1,0.26519417771576004,1,1,0.8141715043316587,0.5150817299834249,0,1,1,0,0,0,0,1,0,1,0,1,0,0,0,0,1,0,0,1,0
1,0,0,0,0.020959768684196134,1,0,0.11729973817914446,-0.05701057085029112,0,0,1,0,0,0,0,0,0,0,0,0,0,0,0,0,0,0,0,1,0
1,0,1,1,1.1200146093262338,1,1,1.013277723232377,1.5415988438354802,0,1,1,0,0,1,0,0,0,1,0,0,0,1,0,0,1,0,0,0,0
1,1,1,0,-0.3453918448631497,1,1,0.9469089835988044,-0.03066710342893812,0,0,1,0,0,0,0,0,0,1,0,0,0,1,0,1,0,0,0,1,0
1,0,0,0,0.020959768684196134,1,0,0.5155121759805812,0.1326623945834505,0,1,1,0,0,1,0,0,0,0,0,0,0,0,0,0,1,0,0,0,0
0,1,1,0,1.5270719577121736,1,1,1.3451214214002412,2.1488157678976667,0,1,1,0,0,0,0,1,0,0,0,1,0,1,0,1,1,0,0,0,0
1,0,1,0,0.14307697319997809,1,1,1.013277723232377,0.5001537651113249,0,1,1,0,0,0,0,0,0,0,0,0,0,1,0,1,0,0,0,0,0
0,0,1,0,1.6084834273893616,1,1,1.4446745308506004,2.5035744625052203,0,1,1,0,0,0,0,1,0,1,0,1,0,1,0,1,1,0,0,0,0
0,1,0,0,-1.2816237461508113,1,1,0.48232780616379484,-0.9755194682747992,0,0,1,0,0,0,0,0,0,0,0,0,0,1,0,0,0,0,0,1,0
1,0,0,0,-1.2002122764736234,1,1,-0.48001891852301065,-0.9399557872559726,0,0,0,0,0,1,0,0,0,0,0,0,0,0,0,0,0,0,0,0,1
0,0,1,1,-1.2816237461508113,1,0,-1.4755500130266026,-1.0014238779057962,0,0,0,1,1,0,1,0,1,0,1,0,1,0,1,0,0,0,0,1,0
0,1,1,0,0.9571916699718578,1,1,0.3827746967134356,0.8667670200584875,0,1,1,0,0,0,0,0,0,0,0,1,0,0,0,0,0,0,0,0,0
1,0,1,0,1.3642490183577978,1,0,1.013277723232377,1.7440044851895424,0,1,1,0,0,0,0,1,0,1,0,0,0,0,0,1,1,0,0,1,0
1,1,0,0,0.9978974048104517,1,1,1.3119370515834547,1.5859436806614244,0,1,1,0,0,0,0,1,0,0,0,1,0,1,0,1,0,0,0,0,0
0,1,0,0,1.2014260790034217,1,0,0.6482496552477268,1.1670825486619116,0,1,1,0,0,0,0,0,0,0,0,0,0,1,0,0,1,0,0,1,0
1,0,0,0,-1.0373893371192475,1,1,-1.508734382843389,-0.9364433249331255,0,0,0,1,1,0,1,0,1,0,1,0,1,0,1,0,0,0,0,0,1
0,0,0,0,-0.3453918448631497,0,1,-0.3472814392558651,-0.46577337367161853,1,0,0,0,0,0,0,1,0,1,0,0,0,1,0,1,0,0,1,0,0
1,0,1,0,1.1200146093262338,1,0,-1.508734382843389,-0.45787033344521266,0,0,0,1,1,0,1,0,1,0,1,0,1,0,1,0,0,1,0,0,1
0,0,1,1,1.2421318138420157,1,0,-0.04862211090478751,0.7521729367756019,0,0,0,0,0,1,0,1,0,1,0,1,0,0,0,0,0,1,0,0,1
0,0,1,0,0.9164859351332638,1,1,1.2787526817666683,1.48188698434708,0,1,1,0,0,0,0,1,0,1,0,0,0,1,0,1,0,0,1,0,0
1,0,1,1,1.4456604880349857,1,1,1.5110432704841732,2.268239486874467,0,1,1,0,0,1,0,1,0,1,0,0,0,1,0,1,0,1,0,1,0
1,1,1,0,-0.38609757970174374,1,1,-1.4755500130266026,-0.7972620053903104,0,0,0,1,1,0,1,0,1,0,1,0,1,0,1,0,1,0,0,1,0
1,0,0,1,-0.1825689055087738,1,1,0.31640595707986285,-0.10223352325694711,0,0,1,0,0,1,0,0,0,0,0,0,0,0,0,0,0,0,0,0,0
0,0,1,0,1.5677776925507676,1,1,0.6482496552477268,1.610530916921354,0,0,0,0,0,1,0,1,0,1,0,1,0,1,0,1,0,1,1,0,0
1,1,0,0,1.2828375486806096,1,1,-1.4755500130266026,-0.4842138008665656,0,0,0,1,1,0,1,0,1,0,1,0,1,0,1,0,0,1,0,0,0
0,0,0,0,-0.5896262538947137,1,0,0.415959066530222,-0.4139645544096243,0,0,1,0,0,0,0,1,0,1,0,0,0,0,0,0,0,0,0,1,0
0,0,0,0,-1.0780950719578415,1,1,0.8141715043316587,-0.7678451334364663,0,1,1,0,0,0,0,1,0,0,0,0,0,1,0,0,0,0,0,1,0
1,1,0,0,-0.9559778674420595,1,1,0.6814340250645132,-0.6826679221074249,0,1,1,0,0,0,0,0,0,0,0,0,0,0,0,1,0,0,0,1,0
0,0,0,0,-0.5896262538947137,1,1,0.8473558741484452,-0.3024438756592299,0,1,1,0,0,0,0,0,0,0,0,1,0,0,0,1,0,0,0,1,0
0,0,0,0,1.0793088744876398,1,0,0.48232780616379484,1.091125550930344,0,1,0,0,0,1,0,1,0,1,0,1,0,0,0,1,1,0,1,0,0
1,0,0,0,-1.2816237461508113,1,1,-1.4755500130266026,-1.0014238779057962,0,0,0,1,1,0,1,0,1,0,1,0,1,0,1,0,0,0,0,0,1
0,0,1,1,1.5677776925507676,1,0,1.1791995723163091,2.1330096874448548,0,1,1,0,0,1,0,0,0,1,0,1,0,0,0,1,0,1,0,1,0
0,0,0,0,-0.8338606629262776,1,0,0.44914343634700843,-0.5944173062458924,0,0,1,0,0,0,0,0,0,0,0,0,0,0,0,1,0,0,0,0,0
1,0,1,0,-0.6303319887333076,1,1,1.0464620930491635,-0.31298126262777115,0,0,1,0,0,0,0,0,0,1,0,0,0,1,0,1,1,0,0,0,0
1,1,1,0,0.22448844287716607,0,1,-1.342812533759457,-0.5909048439230453,1,0,0,0,0,0,0,0,0,0,0,0,0,0,0,0,0,0,0,1,0
1,0,1,1,-0.4268033145403377,1,0,-1.4755500130266026,-0.8262398195537988,0,0,0,1,1,0,1,0,1,0,1,0,1,0,1,0,1,0,0,0,1
0,0,0,0,-1.0373893371192475,1,0,-1.508734382843389,-0.9469807119016667,0,0,0,1,1,0,1,0,1,0,1,0,1,0,1,0,0,0,0,0,1
0,0,1,1,1.5677776925507676,1,0,0.21685284762950366,1.2834328631062208,0,1,0,0,0,1,0,1,0,1,0,1,0,0,0,0,0,1,0,0,1
0,0,0,0,0.428017117070136,1,1,0.8805402439652316,0.725829469354249,0,0,1,0,0,0,0,1,0,1,0,0,0,1,0,0,0,0,0,1,0
1,0,0,0,-0.6303319887333076,0,0,-1.3096281639426706,-0.8424849577969664,1,0,0,0,0,0,0,0,0,0,0,0,0,0,0,0,0,0,1,0,0
0,1,1,0,-1.0780950719578415,1,1,0.6482496552477268,-0.8020916410842251,0,1,1,0,0,0,0,0,0,0,0,0,0,0,0,1,0,0,0,1,0
0,0,0,0,-0.9559778674420595,1,1,0.7809871345148723,-0.6642274949124778,0,0,1,0,0,0,0,0,0,0,0,0,0,1,0,1,0,0,0,0,1
1,0,0,0,1.2828375486806096,1,1,1.3451214214002412,2.0206108931137488,0,1,1,0,0,0,0,1,0,0,0,1,0,1,0,1,1,0,1,0,0
1,0,1,0,1.6084834273893616,1,1,0.48232780616379484,1.5156944342044831,0,0,0,0,0,1,0,1,0,0,0,1,0,1,0,1,0,1,0,0,0
0,0,1,0,-0.1825689055087738,1,0,0.8141715043316587,0.05802257022295032,0,0,1,0,0,0,0,1,0,1,0,0,0,0,0,1,0,0,1,0,0
1,0,0,0,-1.1188008067964355,1,1,0.5155121759805812,-0.8279960507152223,0,0,1,0,0,0,0,0,0,0,0,0,0,1,0,0,0,0,0,1,0
1,0,0,0,1.6084834273893616,1,0,0.6482496552477268,1.6228245350513186,0,1,0,0,0,1,0,0,0,1,0,1,0,1,0,1,0,1,1,0,0
0,0,0,0,-1.2816237461508113,1,0,-1.508734382843389,-1.0018629356961521,0,0,0,1,1,0,1,0,1,0,1,0,1,0,1,0,0,0,0,0,1
1,1,1,0,0.7536629957788878,0,1,-1.176890684675525,-0.36961971758368006,1,0,0,0,0,0,0,1,0,0,0,0,0,0,0,0,0,0,1,0,0
1,0,0,0,0.1023712383613841,1,0,1.013277723232377,0.49049449372349546,0,1,1,0,0,0,0,0,0,1,0,1,0,1,0,0,0,0,0,1,0
0,0,0,0,-1.2409180113122174,1,1,0.5155121759805812,-0.946102596320955,0,0,1,0,0,0,0,0,0,0,0,0,0,1,0,0,0,0,0,1,0
0,0,0,0,-0.9152721326034655,1,0,-0.6459407676069426,-0.8222882994405958,0,0,0,0,0,0,0,0,0,0,0,0,0,0,0,0,0,0,0,0,1
1,0,1,1,-0.10115743583158582,1,0,0.581880915614154,0.11817348750170635,0,0,1,0,0,0,0,1,0,1,0,0,0,0,0,0,0,0,0,0,0
0,0,1,1,0.428017117070136,1,0,-0.48001891852301065,-0.05788868643100289,0,0,0,0,0,0,0,1,0,0,0,0,0,0,0,0,0,0,0,0,1
0,0,0,0,0.1023712383613841,1,1,1.1791995723163091,0.5383517928722867,0,1,1,0,0,0,0,0,0,1,0,0,0,1,0,1,0,0,0,1,0
0,0,0,0,-0.22327464034736777,1,0,-1.508734382843389,-0.7902370807446163,0,0,0,1,1,0,1,0,1,0,1,0,1,0,1,0,1,0,0,0,1
0,0,0,0,0.8350744654560759,1,0,0.8473558741484452,1.150398352628388,0,1,1,0,0,1,0,1,0,1,0,0,0,0,0,0,0,0,0,1,0
1,1,1,0,-0.22327464034736777,1,1,0.18366847781271725,-0.15711574705143252,0,0,1,0,0,0,0,0,0,0,0,0,0,0,0,0,0,0,0,1,0
0,0,1,0,1.6084834273893616,1,1,1.4778589006673868,2.550114588282944,0,1,1,0,0,0,0,1,0,1,0,1,0,1,0,1,1,0,0,1,0
1,0,0,0,-1.2002122764736234,0,0,-1.342812533759457,-0.9812272195494256,1,0,0,0,0,0,0,0,0,0,0,0,0,0,0,0,0,0,0,1,0
0,0,0,0,0.5094285867473239,1,1,0.747802764698086,0.7201217180796224,0,1,1,0,0,0,0,0,0,1,0,1,0,0,0,0,0,0,0,1,0
0,0,1,1,1.4049547531963917,1,0,0.9800933534155908,1.756737161109863,0,1,1,0,0,0,0,1,0,0,0,1,0,1,0,0,0,1,1,0,0
0,0,1,0,0.6722515261016999,1,0,1.1460152024995227,1.1960603628254,0,0,1,0,0,0,0,1,0,1,0,0,0,1,0,1,0,0,0,1,0
1,0,0,0,-1.2409180113122174,1,1,-1.508734382843389,-0.9965942422118815,0,0,0,1,1,0,1,0,1,0,1,0,1,0,1,0,0,0,0,1,0
1,0,0,0,-1.2816237461508113,1,1,-0.6459407676069426,-0.9904474331468992,0,0,0,0,0,0,0,0,0,0,0,0,0,0,0,0,0,0,0,0,0
1,0,0,1,0.22448844287716607,1,1,0.5486965457973676,0.36887548579491575,0,1,1,0,0,0,0,1,0,0,0,0,0,0,0,0,0,0,0,0,1
0,0,0,0,-1.2002122764736234,1,1,1.013277723232377,-0.8754142920736577,0,0,1,0,0,0,0,1,0,0,0,0,0,1,0,1,0,0,0,1,0
1,0,0,0,-0.7931549280876836,0,1,-0.6459407676069426,-0.7480875328704515,1,0,0,0,0,1,0,0,0,0,0,1,0,1,0,0,0,0,1,0,0
0,0,1,0,-0.30468611002455576,1,1,1.013277723232377,0.041338374189426756,0,0,1,0,0,0,0,0,0,0,0,1,0,1,0,1,0,0,0,1,0
0,0,1,0,0.7129572609402939,1,1,1.3119370515834547,1.286945325429068,0,1,1,0,0,1,0,0,0,1,0,0,0,1,0,1,1,0,0,0,1
1,0,1,1,-1.2409180113122174,1,0,-0.1813595901719331,-0.9531275209666491,0,0,0,0,0,1,0,1,0,0,0,1,0,0,0,0,0,1,0,0,1
1,1,0,0,-0.6710377235719016,1,1,0.7146183948812996,-0.44777200426702735,0,1,1,0,0,0,0,0,0,0,0,0,0,1,0,0,0,0,0,1,0
0,1,1,0,1.1200146093262338,1,1,1.5110432704841732,1.9174323123801162,0,0,1,0,0,1,0,1,0,1,0,1,0,1,0,1,0,1,0,0,0
1,0,1,1,1.4456604880349857,1,0,1.3451214214002412,2.204576107272864,0,0,1,0,0,0,0,1,0,1,0,1,0,1,0,1,1,0,1,0,0
0,1,0,0,0.428017117070136,0,1,-1.0441532054083793,-0.3516183481790889,1,0,0,0,0,1,0,1,0,0,0,0,0,0,0,0,0,0,1,0,0
1,0,1,1,-0.6303319887333076,1,1,0.050930998545571676,-0.5373397934996276,0,1,0,0,0,0,0,1,0,1,0,1,0,0,0,0,0,0,0,0,1
0,0,1,0,0.9571916699718578,1,0,0.5155121759805812,0.9712627741631877,0,0,1,0,0,1,0,0,0,1,0,0,0,0,0,0,0,1,0,0,0
0,0,1,1,-1.2816237461508113,0,0,-0.8118626166908747,-0.9926427220986785,1,0,0,0,0,0,0,0,0,0,0,1,0,1,0,0,0,0,0,1,0
0,0,1,1,1.6084834273893616,1,1,1.7765182290184642,2.7973041242533063,0,1,1,0,0,1,0,1,0,1,0,1,0,1,0,1,0,1,0,0,0
0,0,0,0,-0.7117434584104956,1,0,-1.508734382843389,-0.8697065407990312,0,0,0,1,1,0,1,0,1,0,1,0,1,0,1,0,0,0,0,0,1
1,0,0,1,-0.10115743583158582,1,0,-1.3096281639426706,-0.6927662512856102,0,1,0,1,1,0,1,0,1,0,1,0,1,0,1,0,1,0,0,0,0
0,0,1,1,-0.4268033145403377,0,0,-0.8450469865076611,-0.6374449697007689,1,0,0,0,0,0,0,1,0,0,0,0,0,1,0,0,0,0,0,1,0
0,0,0,0,0.631545791263106,1,1,1.245568311949882,1.1429343701923382,0,0,1,0,0,1,0,0,0,1,0,1,0,1,0,1,0,1,1,0,0
0,1,1,0,-1.1188008067964355,1,1,0.15048410799593087,-0.8604863272015577,0,0,1,0,0,0,0,0,0,0,0,0,0,0,0,0,0,0,0,1,0
0,0,0,1,-0.5489205190561197,1,0,-1.4755500130266026,-0.8354600331512724,0,0,0,1,1,0,1,0,1,0,1,0,1,0,1,0,0,1,0,0,1
0,0,0,0,-0.1825689055087738,1,0,-0.3472814392558651,-0.33142168982271825,0,0,0,0,0,1,0,0,0,0,0,1,0,0,0,0,1,0,0,0,1
1,0,0,0,0.8757802002946699,1,1,0.01774662872878528,0.5317659260169485,0,0,0,0,0,1,0,1,0,0,0,0,0,1,0,0,0,1,0,0,0
1,1,0,0,-0.3453918448631497,1,0,0.18366847781271725,-0.24975694081652391,0,0,1,0,0,0,0,0,0,0,0,0,0,0,0,0,0,0,1,0,0
1,0,0,1,0.26519417771576004,1,0,-1.508734382843389,-0.6681790150256808,0,0,0,1,1,0,1,0,1,0,1,0,1,0,1,0,1,0,0,0,0
0,0,1,1,-0.1825689055087738,1,1,-1.508734382843389,-0.7717966535496692,0,0,0,1,1,0,1,0,1,0,1,0,1,0,1,0,0,0,0,0,0
0,1,0,0,-0.5896262538947137,1,1,0.28322158726307645,-0.4135254966192684,0,0,1,0,0,0,0,1,0,0,0,0,0,0,0,0,0,0,0,1,0
1,0,1,0,0.020959768684196134,1,1,0.9469089835988044,0.3473616540674775,0,1,1,0,0,0,0,1,0,1,0,0,0,0,0,1,0,0,0,1,0
0,0,0,0,0.428017117070136,1,0,0.6814340250645132,0.597624594570331,0,1,0,0,0,0,0,1,0,1,0,1,0,1,0,1,1,0,1,0,0
0,0,1,1,1.5677776925507676,1,0,0.415959066530222,1.43710308973078,0,0,0,0,0,1,0,0,0,1,0,0,0,1,0,1,0,1,1,0,0
0,0,1,0,-0.8745663977648716,1,1,-0.679125137423729,-0.7981401209710223,0,0,0,0,0,0,0,0,0,0,0,0,0,0,0,0,0,0,0,1,0
1,0,0,0,-0.6710377235719016,1,1,-0.5132032883397971,-0.6593978592185631,0,0,0,0,0,0,0,0,0,0,0,1,0,0,0,0,0,0,0,0,1
0,0,0,0,-1.2002122764736234,1,0,0.3827746967134356,-0.8973671815914519,0,1,1,0,0,0,0,0,0,0,0,0,0,0,0,0,0,0,0,1,0
1,0,1,0,1.2421318138420157,1,0,0.08411536836235807,0.8487656506538963,0,1,0,0,0,0,0,1,0,0,0,1,0,0,0,1,0,1,0,0,1
0,0,1,1,-0.5896262538947137,1,1,-1.4755500130266026,-0.8341428597802046,0,0,0,1,1,0,1,0,1,0,1,0,1,0,1,0,0,0,0,0,1
0,0,1,1,1.2828375486806096,1,1,1.5442276403009596,2.1799888710129345,0,1,1,0,0,0,0,1,0,1,0,1,0,1,0,1,1,0,0,1,0
1,0,0,0,0.8350744654560759,0,0,-0.3472814392558651,0.32672593792075094,1,0,0,0,0,0,0,0,0,1,0,1,0,1,0,1,1,0,1,0,0
0,0,0,0,0.590840056424512,1,0,-1.4755500130266026,-0.55095058500066,0,0,0,1,1,0,1,0,1,0,1,0,1,0,1,0,0,1,0,0,1
1,0,1,1,-0.3453918448631497,1,1,0.18366847781271725,-0.2611724433657769,0,0,0,0,0,1,0,1,0,0,0,1,0,0,0,1,0,0,1,0,0
1,1,1,1,-0.4268033145403377,0,0,-0.8118626166908747,-0.6238341781997365,1,0,0,0,0,1,0,0,0,0,0,0,0,0,0,1,0,0,0,0,1
1,0,1,1,-1.2816237461508113,1,0,-1.508734382843389,-1.0018629356961521,0,0,0,1,1,0,1,0,1,0,1,0,1,0,1,0,0,0,0,0,1
0,0,0,0,-0.8338606629262776,1,1,1.1128308326827363,-0.5184603085143246,0,0,1,0,0,1,0,0,0,0,0,1,0,1,0,1,0,0,0,0,0
1,0,0,0,0.428017117070136,1,1,0.34959032689664926,0.3939017798452011,0,0,1,0,0,1,0,0,0,0,0,0,0,0,0,0,0,0,0,1,0
1,0,0,0,-0.5082147842175256,1,1,0.7809871345148723,-0.2370242648962033,0,1,1,0,0,0,0,0,0,1,0,0,0,1,0,0,0,0,0,1,0
1,1,0,0,-0.3453918448631497,1,1,1.2123839421330955,0.061095974755441505,0,1,1,0,0,0,0,1,0,0,0,0,0,1,0,1,0,0,0,1,0
0,0,0,1,0.631545791263106,1,0,-1.508734382843389,-0.5992469419398071,0,0,0,1,1,0,1,0,1,0,1,0,1,0,1,0,1,0,0,0,1
0,0,1,1,1.2014260790034217,1,1,0.18366847781271725,0.8614983265742169,0,0,0,0,0,1,0,0,0,1,0,1,0,1,0,0,1,0,0,0,0
0,0,0,1,-0.6303319887333076,1,1,-0.31409706943907867,-0.5988078841494512,0,1,0,0,0,0,0,0,0,1,0,0,0,0,0,0,1,0,0,0,1
1,0,1,1,-0.38609757970174374,0,1,-1.1437063148587385,-0.712523851851625,1,0,0,0,0,0,0,0,0,0,0,1,0,0,0,0,0,0,0,0,0
0,0,0,0,1.3642490183577978,1,1,0.913724613782018,1.6487289446823157,0,1,1,0,0,0,0,0,0,1,0,0,0,1,0,0,1,0,0,0,0
0,0,1,1,0.9571916699718578,1,1,-1.342812533759457,-0.36566819747047713,0,1,0,1,1,0,1,0,1,0,1,0,1,0,1,0,0,1,1,0,0
0,0,1,0,-0.5082147842175256,1,0,0.581880915614154,-0.3112250314663476,0,1,1,0,0,1,0,0,0,0,0,0,0,0,0,0,0,0,0,1,0
1,0,1,1,-1.3223294809894055,1,0,-1.508734382843389,-0.39684130058574485,0,0,0,1,1,0,1,0,1,0,1,0,1,0,1,0,0,1,0,0,1
0,0,0,0,-1.0373893371192475,1,1,0.48232780616379484,-0.7805778093567869,0,0,1,0,0,0,0,0,0,0,0,0,0,0,0,1,0,0,0,1,0
1,0,0,0,-0.9152721326034655,1,1,-0.6459407676069426,-0.8187758371177488,0,0,0,0,0,0,0,0,0,0,0,0,0,0,0,0,0,0,1,0,0
1,0,0,0,-0.30468611002455576,1,1,0.48232780616379484,-0.17511711645602374,0,0,0,0,0,1,0,1,0,0,0,1,0,1,0,1,0,0,0,0,1
1,1,0,0,-0.5489205190561197,1,1,0.7809871345148723,-0.23087745583122093,0,1,1,0,0,0,0,1,0,0,0,0,0,1,0,0,0,0,0,1,0
1,0,0,0,-1.2816237461508113,1,0,-0.3472814392558651,-0.9864959130336962,0,1,0,0,0,0,0,1,0,0,0,0,0,0,0,0,0,0,0,1,0
0,0,1,1,0.06166550352279012,1,0,-1.342812533759457,-0.6176873691347542,0,1,0,1,1,0,1,0,1,0,1,0,1,0,1,0,0,1,1,0,0
0,0,0,0,-0.7117434584104956,1,1,0.48232780616379484,-0.5224118286275274,0,1,1,0,0,0,0,1,0,0,0,0,0,0,0,0,0,0,0,1,0
1,0,1,1,1.6084834273893616,1,0,1.6437807497513186,2.636608972983053,0,1,1,0,0,1,0,1,0,1,0,1,0,1,0,1,0,1,0,0,0
0,0,1,1,0.8757802002946699,1,0,-0.14817522035514671,0.42683111412189234,0,1,0,0,0,1,0,0,0,0,0,1,0,0,0,0,0,1,0,0,0
0,0,1,0,0.9164859351332638,1,0,-0.2809126996222923,0.3561428098745951,0,0,0,0,0,1,0,1,0,0,0,1,0,0,0,0,0,1,0,0,1
0,0,0,0,-0.38609757970174374,1,1,1.1128308326827363,-0.022764063202532218,0,1,1,0,0,0,0,1,0,0,0,0,0,1,0,1,0,0,1,0,0
0,1,1,0,1.4456604880349857,1,1,1.1791995723163091,1.9977798880152429,0,1,1,0,0,0,0,1,0,0,0,0,0,1,0,1,0,0,0,1,0
0,0,0,0,-0.1418631706701798,1,1,0.3827746967134356,-0.037692028074632254,0,1,1,0,0,0,0,0,0,0,0,0,0,0,0,0,0,0,1,0,0
0,0,1,1,0.30589991255435406,1,0,-1.4755500130266026,-0.6690571306063925,0,0,0,1,1,0,1,0,1,0,1,0,1,0,1,0,0,1,0,0,0
0,0,1,1,-0.8338606629262776,1,1,0.6482496552477268,-0.6080280977469248,0,1,1,0,0,0,0,1,0,1,0,0,0,0,0,0,0,0,0,1,0
1,0,0,0,-1.1188008067964355,1,0,1.0464620930491635,-0.7906761385349722,0,1,1,0,0,0,0,1,0,1,0,0,0,0,0,1,0,0,0,1,0
0,0,0,0,-0.9559778674420595,0,0,-0.2145439599887195,-0.7735528847110927,1,0,0,0,0,1,0,0,0,1,0,1,0,1,0,1,0,0,0,0,1
1,0,0,0,1.2421318138420157,1,0,1.3119370515834547,1.8831858047323573,0,1,1,0,0,1,0,1,0,1,0,1,0,1,0,0,1,0,1,0,0
1,0,0,0,-1.2816237461508113,1,0,-0.44683454870622424,-0.9878130864047638,0,0,0,0,0,1,0,0,0,0,0,0,0,0,0,0,0,0,0,0,1
0,1,1,0,0.428017117070136,0,0,-0.31409706943907867,0.018068311300564938,1,0,0,0,0,0,0,1,0,1,0,0,0,1,0,1,0,0,1,0,0
0,0,1,0,1.5677776925507676,1,0,1.4778589006673868,2.373613356559879,0,1,1,0,0,0,0,1,0,1,0,1,0,1,0,1,0,1,0,1,0
1,0,0,0,-1.2409180113122174,1,0,-0.6127563977901562,-0.9750804104844433,0,0,0,0,0,0,0,0,0,0,0,0,0,0,0,0,0,0,0,0,0
0,1,0,0,-0.30468611002455576,1,1,1.245568311949882,0.15768868863373584,0,1,1,0,0,1,0,1,0,0,0,0,0,1,0,1,0,0,0,0,1
0,0,1,0,-0.3453918448631497,1,0,-1.4755500130266026,-0.7985791787613782,0,0,0,1,1,0,1,0,1,0,1,0,1,0,1,0,1,0,1,0,0
1,0,0,0,-1.0780950719578415,1,0,-1.4755500130266026,-0.9623477345641226,0,0,0,1,1,0,1,0,1,0,1,0,1,0,1,0,0,0,0,0,1
